# OpenTelemetry Metrics report: .csv, 4 fields: 
# <metric name>, <period start, nanoseconds>, <period end, nanoseconds>, <metric value>
# See CsvMetricsExporter for details.
# 
# NAME, PERIOD_START_NANOS, PERIOD_END_NANOS, VALUE
writeAction.wait.ms,1788221746160000000,1788221806201000000,9
writeAction.count,1788221746160000000,1788221806201000000,13
writeAction.max.wait.ms,1788221746160000000,1788221806201000000,6
writeAction.median.wait.ms,1788221746160000000,1788221806201000000,0
FlushQueue.executionTimeMaxNs,1788221746160000000,1788221806201000000,0
FlushQueue.executionTimeAvgNs,1788221746160000000,1788221806201000000,0.0
FlushQueue.waitingTimeAvgNs,1788221746160000000,1788221806201000000,0.0
NonBlockingReadAction.finalizedExecutionsCount,1788221746160000000,1788221806201000000,21
AWTEventQueue.dispatchTimeTotalNS,1788221746160000000,1788221806201000000,7145281412
WriteAction.executionsCount,1788221746160000000,1788221806201000000,13
FlushQueue.queueSize90P,1788221746160000000,1788221806201000000,0
AWTEventQueue.dispatchTimeMaxNs,1788221746160000000,1788221806201000000,0
NonBlockingReadAction.failedExecutionsCount,1788221746160000000,1788221806201000000,0
FlushQueue.queueSizeAvg,1788221746160000000,1788221806201000000,0.0
AWTEventQueue.dispatchTime90PNs,1788221746160000000,1788221806201000000,0
AWTEventQueue.dispatchTimeAvgNs,1788221746160000000,1788221806201000000,0.0
FlushQueue.waitingTime90PNs,1788221746160000000,1788221806201000000,0
NonBlockingReadAction.finalizedExecutionTimeUs,1788221746160000000,1788221806201000000,463243
NonBlockingReadAction.failedExecutionTimeUs,1788221746160000000,1788221806201000000,0
FlushQueue.tasksExecuted,1788221746160000000,1788221806201000000,0
FlushQueue.queueSizeMax,1788221746160000000,1788221806201000000,0
ReadAction.executionsCount,1788221746160000000,1788221806201000000,10855
AWTEventQueue.eventsDispatched,1788221746160000000,1788221806201000000,0
FlushQueue.executionTime90PNs,1788221746160000000,1788221806201000000,0
FlushQueue.waitingTimeMaxNs,1788221746160000000,1788221806201000000,0
cacheStateStorage.set.counter,1788221746160000000,1788221806201000000,3
cacheStateStorage.set.duration,1788221746160000000,1788221806201000000,13
cacheStateStorage.get.counter,1788221746160000000,1788221806201000000,23
cacheStateStorage.get.duration,1788221746160000000,1788221806201000000,232
workspaceModel.cachedValueWithParameters.calculated.ms,1788221746160000000,1788221806201000000,0
workspaceModel.workspaceFileIndexData.init.ms,1788221746160000000,1788221806201000000,33
workspaceModel.cachedValue.from.cache.ms,1788221746160000000,1788221806201000000,0
workspaceModel.full.replace.project.model.ms,1788221746160000000,1788221806201000000,5
workspaceModel.loading.total.ms,1788221746160000000,1788221806201000000,186
workspaceModel.workspaceFileIndexData.markDirty.ms,1788221746160000000,1788221806201000000,0
workspaceModel.cachedValue.total.get.ms,1788221746160000000,1788221806201000000,13
workspaceModel.cachedValue.clear.ms,1788221746160000000,1788221806201000000,0
workspaceModel.cachedValue.calculated.ms,1788221746160000000,1788221806201000000,13
workspaceModel.cachedValueWithParameters.total.get.ms,1788221746160000000,1788221806201000000,0
workspaceModel.collect.changes.ms,1788221746160000000,1788221806201000000,0
workspaceModel.updates.precise.ms,1788221746160000000,1788221806201000000,8
workspaceModel.workspaceFileIndexData.instances.count,1788221746160000000,1788221806201000000,1
workspaceModel.cachedValueWithParameters.clear.ms,1788221746160000000,1788221806201000000,0
workspaceModel.loading.from.cache.ms,1788221746160000000,1788221806201000000,174
workspaceModel.pre.handlers.ms,1788221746160000000,1788221806201000000,0
workspaceModel.update.unloaded.entities.ms,1788221746160000000,1788221806201000000,0
workspaceModel.workspaceFileIndexData.updateDirtyEntities.ms,1788221746160000000,1788221806201000000,0
workspaceModel.entityStorageSnapshotImpl.instances.count,1788221746160000000,1788221806201000000,14
workspaceModel.replace.project.model.ms,1788221746160000000,1788221806201000000,0
workspaceModel.check.recursive.update.ms,1788221746160000000,1788221806201000000,0
workspaceModel.workspaceFileIndexData.getDirectoriesByPackageName.ms,1788221746160000000,1788221806201000000,8
workspaceModel.updates.count,1788221746160000000,1788221806201000000,2
workspaceModel.workspaceFileIndexData.getFileInfo.ms,1788221746160000000,1788221806201000000,41
workspaceModel.updates.ms,1788221746160000000,1788221806201000000,40
workspaceModel.workspaceFileIndexData.visitFileSets.ms,1788221746160000000,1788221806201000000,0
workspaceModel.cachedValueWithParameters.from.cache.ms,1788221746160000000,1788221806201000000,0
workspaceModel.workspaceFileIndexData.processFileSets.ms,1788221746160000000,1788221806201000000,0
workspaceModel.init.bridges.ms,1788221746160000000,1788221806201000000,1
workspaceModel.workspaceFileIndexData.onEntitiesChanged.ms,1788221746160000000,1788221806201000000,0
workspaceModel.to.snapshot.ms,1788221746160000000,1788221806201000000,1
workspaceModel.workspaceFileIndexData.getPackageName.ms,1788221746160000000,1788221806201000000,0
workspaceModel.workspaceFileIndexContributor.registerFileSets.ms,1788221746160000000,1788221806201000000,61
workspaceModel.initializing.ms,1788221746160000000,1788221806201000000,1
Indexes.stubs.lookupDuration90PMs,1788221746160000000,1788221806201000000,0.0
Indexes.stubs.lookupDurationAvgMs,1788221746160000000,1788221806201000000,0.0
Indexes.allKeys.lookups,1788221746160000000,1788221806201000000,0.0
Indexes.entries.lookupDurationMaxMs,1788221746160000000,1788221806201000000,0.0
Indexes.stubs.lookups,1788221746160000000,1788221806201000000,0.0
Indexes.entries.lookupDurationAvgMs,1788221746160000000,1788221806201000000,0.0
Indexes.entries.lookups,1788221746160000000,1788221806201000000,0.0
IndexesFlusher.totalContentionQuotaSpent,1788221746160000000,1788221806201000000,0
Indexes.stubs.lookupDurationMaxMs,1788221746160000000,1788221806201000000,0.0
Indexes.allKeys.lookupDuration90PMs,1788221746160000000,1788221806201000000,0.0
Indexes.allKeys.lookupDurationAvgMs,1788221746160000000,1788221806201000000,0.0
IndexesFlusher.totalFlushes,1788221746160000000,1788221806201000000,58
IndexesFlusher.totalFlushingTimeUs,1788221746160000000,1788221806201000000,385473
Indexes.entries.lookupDuration90PMs,1788221746160000000,1788221806201000000,0.0
Indexes.allKeys.lookupDurationMaxMs,1788221746160000000,1788221806201000000,0.0
IndexesFlusher.totalFlushesRetried,1788221746160000000,1788221806201000000,0
workspaceModel.global.apply.state.to.project.ms,1788221746160000000,1788221806201000000,34
workspaceModel.moduleManagerBridge.build.module.graph.ms,1788221746160000000,1788221806201000000,3
workspaceModel.moduleManagerBridge.load.module.ms,1788221746160000000,1788221806201000000,0
workspaceModel.moduleManagerBridge.set.unloadedModules.ms,1788221746160000000,1788221806201000000,0
workspaceModel.mutableEntityStorage.apply.changes.from.ms,1788221746160000000,1788221806201000000,8
workspaceModel.mutableEntityStorage.referrers.ms,1788221746160000000,1788221806201000000,0
workspaceModel.mutableEntityStorage.to.snapshot.ms,1788221746160000000,1788221806201000000,4
workspaceModel.mutableEntityStorage.entities.by.source.ms,1788221746160000000,1788221806201000000,0
jps.module.iml.entities.serializer.save.entities.ms,1788221746160000000,1788221806201000000,0
jps.library.entities.serializer.load.entities.ms,1788221746160000000,1788221806201000000,0
workspaceModel.orphan.listener.update.ms,1788221746160000000,1788221806201000000,3
workspaceModel.mutableEntityStorage.resolve.ms,1788221746160000000,1788221806201000000,0
workspaceModel.moduleManagerBridge.newModule.ms,1788221746160000000,1788221806201000000,0
jps.global.handle.before.change.events.ms,1788221746160000000,1788221806201000000,0
jps.storage.jps.conf.reader.load.component.ms,1788221746160000000,1788221806201000000,5
workspaceModel.moduleBridge.update.option.ms,1788221746160000000,1788221806201000000,0
workspaceModel.global.updates.ms,1788221746160000000,1788221806201000000,0
workspaceModel.moduleManagerBridge.get.modules.ms,1788221746160000000,1788221806201000000,2
workspaceModel.moduleBridgeLoader.loading.modules.ms,1788221746160000000,1788221806201000000,456
jps.save.changed.project.entities.ms,1788221746160000000,1788221806201000000,0
jps.library.entities.serializer.save.entities.ms,1788221746160000000,1788221806201000000,0
workspaceModel.mutableEntityStorage.replace.by.source.ms,1788221746160000000,1788221806201000000,10
jps.project.serializers.save.ms,1788221746160000000,1788221806201000000,0
jps.global.get.libraries.ms,1788221746160000000,1788221806201000000,0
jps.facet.change.listener.process.change.events.ms,1788221746160000000,1788221806201000000,1
workspaceModel.save.cache.to.file.ms,1788221746160000000,1788221806201000000,35
workspaceModel.delayed.project.synchronizer.sync.ms,1788221746160000000,1788221806201000000,90
jps.project.serializers.load.ms,1788221746160000000,1788221806201000000,35
jps.load.initial.state.ms,1788221746160000000,1788221806201000000,19
workspaceModel.mutableEntityStorage.has.same.entities.ms,1788221746160000000,1788221806201000000,0
jps.reload.project.entities.ms,1788221746160000000,1788221806201000000,0
workspaceModel.global.updates.count,1788221746160000000,1788221806201000000,0
jps.module.iml.entities.serializer.load.entities.ms,1788221746160000000,1788221806201000000,16
jps.app.storage.content.reader.load.component.ms,1788221746160000000,1788221806201000000,0
workspaceModel.mutableEntityStorage.put.entity.ms,1788221746160000000,1788221806201000000,4
workspaceModel.moduleManagerBridge.create.module.instance.ms,1788221746160000000,1788221806201000000,0
jps.global.get.library.ms,1788221746160000000,1788221806201000000,0
jps.facet.change.listener.before.change.events.ms,1788221746160000000,1788221806201000000,0
workspaceModel.moduleManagerBridge.new.nonPersistent.module.ms,1788221746160000000,1788221806201000000,0
workspaceModel.load.cache.from.file.ms,1788221746160000000,1788221806201000000,167
workspaceModel.mutableEntityStorage.mutable.vfurl.index.ms,1788221746160000000,1788221806201000000,0
jps.artifact.entities.serializer.save.entities.ms,1788221746160000000,1788221806201000000,0
jps.artifact.entities.serializer.load.entities.ms,1788221746160000000,1788221806201000000,0
jps.global.handle.changed.events.ms,1788221746160000000,1788221806201000000,0
jps.global.initialize.library.bridges.ms,1788221746160000000,1788221806201000000,0
jps.apply.loaded.storage.ms,1788221746160000000,1788221806201000000,22
workspaceModel.mutableEntityStorage.instances.count,1788221746160000000,1788221806201000000,21
jps.global.get.library.by.name.ms,1788221746160000000,1788221806201000000,0
workspaceModel.do.save.caches.ms,1788221746160000000,1788221806201000000,44
jps.facet.change.listener.init.bridge.ms,1788221746160000000,1788221806201000000,0
workspaceModel.moduleBridge.before.changed.ms,1788221746160000000,1788221806201000000,0
workspaceModel.mutableEntityStorage.mutable.ext.mapping.ms,1788221746160000000,1788221806201000000,2
jps.save.global.entities.ms,1788221746160000000,1788221806201000000,0
workspaceModel.sync.entities.ms,1788221746160000000,1788221806201000000,0
workspaceModel.moduleManagerBridge.load.all.modules.ms,1788221746160000000,1788221806201000000,129
workspaceModel.global.apply.state.to.project.builder.ms,1788221746160000000,1788221806201000000,0
workspaceModel.load.cache.metadata.from.file.ms,1788221746160000000,1788221806201000000,14
workspaceModel.moduleBridge.facet.initialization.ms,1788221746160000000,1788221806201000000,0
jps.global.initialize.library.bridges.after.loading.ms,1788221746160000000,1788221806201000000,1
workspaceModel.mutableEntityStorage.remove.entity.ms,1788221746160000000,1788221806201000000,0
workspaceModel.mutableEntityStorage.modify.entity.ms,1788221746160000000,1788221806201000000,1
jps.load.project.to.empty.storage.ms,1788221746160000000,1788221806201000000,65
workspaceModel.mutableEntityStorage.collect.changes.ms,1788221746160000000,1788221806201000000,0
workspaceModel.mutableEntityStorage.add.entity.ms,1788221746160000000,1788221806201000000,17
workspaceModel.mutableEntityStorage.entities.ms,1788221746160000000,1788221806201000000,0
compiler.ArtifactManagerBridge.commit.ms,1788221746160000000,1788221806201000000,0
compiler.ArtifactVirtualFileListener.propertyChanged.ms,1788221746160000000,1788221806201000000,0
compiler.ArtifactManagerBridge.findArtifact.ms,1788221746160000000,1788221806201000000,0
compiler.ArtifactManagerBridge.dropMappings.ms,1788221746160000000,1788221806201000000,0
compiler.ArtifactManagerBridge.initBridges.ms,1788221746160000000,1788221806201000000,1
compiler.ArtifactManagerBridge.getArtifactsByType.ms,1788221746160000000,1788221806201000000,1
compiler.ArtifactManagerBridge.getArtifacts.ms,1788221746160000000,1788221806201000000,0
compiler.ArtifactVirtualFileListener.filePathChanged.ms,1788221746160000000,1788221806201000000,0
compiler.ArtifactManagerBridge.addArtifact.ms,1788221746160000000,1788221806201000000,0
FileNameCache.totalMisses,1788221746160000000,1788221806201000000,0
VFS.fileChildByName,1788221746160000000,1788221806201000000,987
VFS.fileByIdCache.misses,1788221746160000000,1788221806201000000,22
FileNameCache.queries,1788221746160000000,1788221806201000000,0
VFS.fileByIdCache.hits,1788221746160000000,1788221806201000000,0
VFS.invertedFileNameIndex.requests,1788221746160000000,1788221806201000000,0
OS.loadAverage,1788221746160000000,1788221806201000000,3.4609375
JVM.totalDirectByteBuffersBytes,1788221746160000000,1788221806201000000,221995914
JVM.usedHeapBytes,1788221746160000000,1788221806201000000,245285536
JVM.newThreadsCount,1788221746160000000,1788221806201000000,211
JVM.usedNativeBytes,1788221746160000000,1788221806201000000,285116696
JVM.threadCount,1788221746160000000,1788221806201000000,186
JVM.GC.collectionTimesMs,1788221746160000000,1788221806201000000,149
JVM.totalBytesAllocated,1788221746160000000,1788221806201000000,1167758704
JVM.maxHeapBytes,1788221746160000000,1788221806201000000,2147483648
JVM.maxThreadCount,1788221746160000000,1788221806201000000,188
JVM.GC.collections,1788221746160000000,1788221806201000000,20
JVM.totalCpuTimeMs,1788221746160000000,1788221806201000000,55542
FilePageCacheLockFree.totalPagesWriteMs,1788221746160000000,1788221806201000000,0
StorageLockContext.competingThreads.90P,1788221746160000000,1788221806201000000,0
MappedFileStorage.totalBytesMapped,1788221746160000000,1788221806201000000,177471488
FilePageCache.maxRegisteredFiles,1788221746160000000,1788221806201000000,555
FilePageCacheLockFree.totalNativeBytesReclaimed,1788221746160000000,1788221806201000000,0
DirectByteBufferAllocator.totalSizeOfBuffersCachedInBytes,1788221746160000000,1788221806201000000,0
StorageLockContext.competingThreads.max,1788221746160000000,1788221806201000000,0
FilePageCacheLockFree.nativeBytesInUse,1788221746160000000,1788221806201000000,0
FilePageCacheLockFree.totalPagesRequestsMs,1788221746160000000,1788221806201000000,0
DirectByteBufferAllocator.hits,1788221746160000000,1788221806201000000,3
FilePageCache.uncachedFileAccess,1788221746160000000,1788221806201000000,120
DirectByteBufferAllocator.disposed,1788221746160000000,1788221806201000000,0
MappedFileStorage.totalPagesMapped,1788221746160000000,1788221806201000000,10
StreamlinedBlobStorage.recordsDeleted,1788221746160000000,1788221806201000000,19
StreamlinedBlobStorage.totalLiveRecordsPayloadBytes,1788221746160000000,1788221806201000000,69851
FilePageCacheLockFree.totalPageAllocationsWaited,1788221746160000000,1788221806201000000,0
FilePageCacheLockFree.totalBytesRead,1788221746160000000,1788221806201000000,0
FilePageCacheLockFree.housekeeperTurnsDone,1788221746160000000,1788221806201000000,0
FilePageCacheLockFree.housekeeperTimeSpentMs,1788221746160000000,1788221806201000000,0
FilePageCacheLockFree.totalClosedStoragesReclaimed,1788221746160000000,1788221806201000000,0
FilePageCacheLockFree.totalBytesRequested,1788221746160000000,1788221806201000000,0
DirectByteBufferAllocator.misses,1788221746160000000,1788221806201000000,211
FilePageCacheLockFree.totalBytesWritten,1788221746160000000,1788221806201000000,0
FilePageCacheLockFree.totalNativeBytesAllocated,1788221746160000000,1788221806201000000,0
FilePageCacheLockFree.totalHeapBytesReclaimed,1788221746160000000,1788221806201000000,0
FilePageCacheLockFree.totalPagesRequested,1788221746160000000,1788221806201000000,0
FilePageCache.pageFastCacheHits,1788221746160000000,1788221806201000000,4619
FilePageCacheLockFree.totalPagesWritten,1788221746160000000,1788221806201000000,0
FilePageCacheLockFree.totalHeapBytesAllocated,1788221746160000000,1788221806201000000,0
FilePageCacheLockFree.housekeeperTurnsSkipped,1788221746160000000,1788221806201000000,0
FilePageCache.pageLoadsAboveSizeThreshold,1788221746160000000,1788221806201000000,0
MappedFileStorage.storages,1788221746160000000,1788221806201000000,10
FilePageCacheLockFree.totalPagesHandedOver,1788221746160000000,1788221806201000000,0
FilePageCache.pageHits,1788221746160000000,1788221806201000000,0
StorageLockContext.competingThreads.avg,1788221746160000000,1788221806201000000,0.0
FilePageCache.capacityInBytes,1788221746160000000,1788221806201000000,503316478
MappedFileStorage.totalTimeSpentOnMappingUs,1788221746160000000,1788221806201000000,9250
StreamlinedBlobStorage.totalLiveRecordsCapacityBytes,1788221746160000000,1788221806201000000,213058
FilePageCache.maxCacheSizeInBytes,1788221746160000000,1788221806201000000,219168768
DirectByteBufferAllocator.totalSizeOfBuffersAllocatedInBytes,1788221746160000000,1788221806201000000,219168768
StreamlinedBlobStorage.recordsRelocated,1788221746160000000,1788221806201000000,0
DirectByteBufferAllocator.reclaimed,1788221746160000000,1788221806201000000,3
FilePageCache.disposedBuffers,1788221746160000000,1788221806201000000,3
FilePageCache.pageLoads,1788221746160000000,1788221806201000000,214
FilePageCacheLockFree.totalPagesReclaimed,1788221746160000000,1788221806201000000,0
FilePageCacheLockFree.totalPagesAllocated,1788221746160000000,1788221806201000000,0
FileChannelInterruptsRetryer.totalRetriedAttempts,1788221746160000000,1788221806201000000,0
FilePageCacheLockFree.totalPagesReadMs,1788221746160000000,1788221806201000000,0
FilePageCache.totalPageDisposalsUs,1788221746160000000,1788221806201000000,2296
StreamlinedBlobStorage.recordsAllocated,1788221746160000000,1788221806201000000,2665
FilePageCacheLockFree.heapBytesInUse,1788221746160000000,1788221806201000000,0
FilePageCache.totalPageLoadsUs,1788221746160000000,1788221806201000000,258015
writeAction.wait.ms,1788221806201000000,1788221866175000000,0
writeAction.count,1788221806201000000,1788221866175000000,0
writeAction.max.wait.ms,1788221806201000000,1788221866175000000,6
writeAction.median.wait.ms,1788221806201000000,1788221866175000000,0
FlushQueue.executionTimeMaxNs,1788221806201000000,1788221866175000000,0
FlushQueue.executionTimeAvgNs,1788221806201000000,1788221866175000000,0.0
FlushQueue.waitingTimeAvgNs,1788221806201000000,1788221866175000000,0.0
NonBlockingReadAction.finalizedExecutionsCount,1788221806201000000,1788221866175000000,44
AWTEventQueue.dispatchTimeTotalNS,1788221806201000000,1788221866175000000,3113023323
WriteAction.executionsCount,1788221806201000000,1788221866175000000,0
FlushQueue.queueSize90P,1788221806201000000,1788221866175000000,0
AWTEventQueue.dispatchTimeMaxNs,1788221806201000000,1788221866175000000,0
NonBlockingReadAction.failedExecutionsCount,1788221806201000000,1788221866175000000,0
FlushQueue.queueSizeAvg,1788221806201000000,1788221866175000000,0.0
AWTEventQueue.dispatchTime90PNs,1788221806201000000,1788221866175000000,0
AWTEventQueue.dispatchTimeAvgNs,1788221806201000000,1788221866175000000,0.0
FlushQueue.waitingTime90PNs,1788221806201000000,1788221866175000000,0
NonBlockingReadAction.finalizedExecutionTimeUs,1788221806201000000,1788221866175000000,4482
NonBlockingReadAction.failedExecutionTimeUs,1788221806201000000,1788221866175000000,0
FlushQueue.tasksExecuted,1788221806201000000,1788221866175000000,0
FlushQueue.queueSizeMax,1788221806201000000,1788221866175000000,0
ReadAction.executionsCount,1788221806201000000,1788221866175000000,11269
AWTEventQueue.eventsDispatched,1788221806201000000,1788221866175000000,0
FlushQueue.executionTime90PNs,1788221806201000000,1788221866175000000,0
FlushQueue.waitingTimeMaxNs,1788221806201000000,1788221866175000000,0
cacheStateStorage.set.counter,1788221806201000000,1788221866175000000,0
cacheStateStorage.set.duration,1788221806201000000,1788221866175000000,0
cacheStateStorage.get.counter,1788221806201000000,1788221866175000000,1
cacheStateStorage.get.duration,1788221806201000000,1788221866175000000,0
workspaceModel.cachedValueWithParameters.calculated.ms,1788221806201000000,1788221866175000000,0
workspaceModel.workspaceFileIndexData.init.ms,1788221806201000000,1788221866175000000,0
workspaceModel.cachedValue.from.cache.ms,1788221806201000000,1788221866175000000,0
workspaceModel.full.replace.project.model.ms,1788221806201000000,1788221866175000000,0
workspaceModel.loading.total.ms,1788221806201000000,1788221866175000000,0
workspaceModel.workspaceFileIndexData.markDirty.ms,1788221806201000000,1788221866175000000,0
workspaceModel.cachedValue.total.get.ms,1788221806201000000,1788221866175000000,0
workspaceModel.cachedValue.clear.ms,1788221806201000000,1788221866175000000,0
workspaceModel.cachedValue.calculated.ms,1788221806201000000,1788221866175000000,0
workspaceModel.cachedValueWithParameters.total.get.ms,1788221806201000000,1788221866175000000,0
workspaceModel.collect.changes.ms,1788221806201000000,1788221866175000000,0
workspaceModel.updates.precise.ms,1788221806201000000,1788221866175000000,0
workspaceModel.workspaceFileIndexData.instances.count,1788221806201000000,1788221866175000000,0
workspaceModel.cachedValueWithParameters.clear.ms,1788221806201000000,1788221866175000000,0
workspaceModel.loading.from.cache.ms,1788221806201000000,1788221866175000000,0
workspaceModel.pre.handlers.ms,1788221806201000000,1788221866175000000,0
workspaceModel.update.unloaded.entities.ms,1788221806201000000,1788221866175000000,0
workspaceModel.workspaceFileIndexData.updateDirtyEntities.ms,1788221806201000000,1788221866175000000,0
workspaceModel.entityStorageSnapshotImpl.instances.count,1788221806201000000,1788221866175000000,0
workspaceModel.replace.project.model.ms,1788221806201000000,1788221866175000000,0
workspaceModel.check.recursive.update.ms,1788221806201000000,1788221866175000000,0
workspaceModel.workspaceFileIndexData.getDirectoriesByPackageName.ms,1788221806201000000,1788221866175000000,0
workspaceModel.updates.count,1788221806201000000,1788221866175000000,0
workspaceModel.workspaceFileIndexData.getFileInfo.ms,1788221806201000000,1788221866175000000,0
workspaceModel.updates.ms,1788221806201000000,1788221866175000000,0
workspaceModel.workspaceFileIndexData.visitFileSets.ms,1788221806201000000,1788221866175000000,0
workspaceModel.cachedValueWithParameters.from.cache.ms,1788221806201000000,1788221866175000000,0
workspaceModel.workspaceFileIndexData.processFileSets.ms,1788221806201000000,1788221866175000000,0
workspaceModel.init.bridges.ms,1788221806201000000,1788221866175000000,0
workspaceModel.workspaceFileIndexData.onEntitiesChanged.ms,1788221806201000000,1788221866175000000,0
workspaceModel.to.snapshot.ms,1788221806201000000,1788221866175000000,0
workspaceModel.workspaceFileIndexData.getPackageName.ms,1788221806201000000,1788221866175000000,0
workspaceModel.workspaceFileIndexContributor.registerFileSets.ms,1788221806201000000,1788221866175000000,0
workspaceModel.initializing.ms,1788221806201000000,1788221866175000000,0
Indexes.stubs.lookupDuration90PMs,1788221806201000000,1788221866175000000,0.0
Indexes.stubs.lookupDurationAvgMs,1788221806201000000,1788221866175000000,0.0
Indexes.allKeys.lookups,1788221806201000000,1788221866175000000,0.0
Indexes.entries.lookupDurationMaxMs,1788221806201000000,1788221866175000000,0.0
Indexes.stubs.lookups,1788221806201000000,1788221866175000000,0.0
Indexes.entries.lookupDurationAvgMs,1788221806201000000,1788221866175000000,0.0
Indexes.entries.lookups,1788221806201000000,1788221866175000000,0.0
IndexesFlusher.totalContentionQuotaSpent,1788221806201000000,1788221866175000000,0
Indexes.stubs.lookupDurationMaxMs,1788221806201000000,1788221866175000000,0.0
Indexes.allKeys.lookupDuration90PMs,1788221806201000000,1788221866175000000,0.0
Indexes.allKeys.lookupDurationAvgMs,1788221806201000000,1788221866175000000,0.0
IndexesFlusher.totalFlushes,1788221806201000000,1788221866175000000,59
IndexesFlusher.totalFlushingTimeUs,1788221806201000000,1788221866175000000,250275
Indexes.entries.lookupDuration90PMs,1788221806201000000,1788221866175000000,0.0
Indexes.allKeys.lookupDurationMaxMs,1788221806201000000,1788221866175000000,0.0
IndexesFlusher.totalFlushesRetried,1788221806201000000,1788221866175000000,0
workspaceModel.global.apply.state.to.project.ms,1788221806201000000,1788221866175000000,0
workspaceModel.moduleManagerBridge.build.module.graph.ms,1788221806201000000,1788221866175000000,0
workspaceModel.moduleManagerBridge.load.module.ms,1788221806201000000,1788221866175000000,0
workspaceModel.moduleManagerBridge.set.unloadedModules.ms,1788221806201000000,1788221866175000000,0
workspaceModel.mutableEntityStorage.apply.changes.from.ms,1788221806201000000,1788221866175000000,0
workspaceModel.mutableEntityStorage.referrers.ms,1788221806201000000,1788221866175000000,0
workspaceModel.mutableEntityStorage.to.snapshot.ms,1788221806201000000,1788221866175000000,0
jps.app.storage.content.writer.save.component.ms,1788221806201000000,1788221866175000000,1
workspaceModel.mutableEntityStorage.entities.by.source.ms,1788221806201000000,1788221866175000000,0
jps.module.iml.entities.serializer.save.entities.ms,1788221806201000000,1788221866175000000,0
jps.library.entities.serializer.load.entities.ms,1788221806201000000,1788221866175000000,0
workspaceModel.orphan.listener.update.ms,1788221806201000000,1788221866175000000,0
workspaceModel.mutableEntityStorage.resolve.ms,1788221806201000000,1788221866175000000,0
workspaceModel.moduleManagerBridge.newModule.ms,1788221806201000000,1788221866175000000,0
jps.global.handle.before.change.events.ms,1788221806201000000,1788221866175000000,0
jps.storage.jps.conf.reader.load.component.ms,1788221806201000000,1788221866175000000,0
workspaceModel.moduleBridge.update.option.ms,1788221806201000000,1788221866175000000,0
workspaceModel.global.updates.ms,1788221806201000000,1788221866175000000,0
workspaceModel.moduleManagerBridge.get.modules.ms,1788221806201000000,1788221866175000000,0
workspaceModel.moduleBridgeLoader.loading.modules.ms,1788221806201000000,1788221866175000000,0
jps.save.changed.project.entities.ms,1788221806201000000,1788221866175000000,1
jps.library.entities.serializer.save.entities.ms,1788221806201000000,1788221866175000000,0
workspaceModel.mutableEntityStorage.replace.by.source.ms,1788221806201000000,1788221866175000000,0
jps.project.serializers.save.ms,1788221806201000000,1788221866175000000,1
jps.global.get.libraries.ms,1788221806201000000,1788221866175000000,0
jps.facet.change.listener.process.change.events.ms,1788221806201000000,1788221866175000000,0
workspaceModel.save.cache.to.file.ms,1788221806201000000,1788221866175000000,0
workspaceModel.delayed.project.synchronizer.sync.ms,1788221806201000000,1788221866175000000,0
jps.project.serializers.load.ms,1788221806201000000,1788221866175000000,0
jps.load.initial.state.ms,1788221806201000000,1788221866175000000,0
workspaceModel.mutableEntityStorage.has.same.entities.ms,1788221806201000000,1788221866175000000,0
jps.reload.project.entities.ms,1788221806201000000,1788221866175000000,0
workspaceModel.global.updates.count,1788221806201000000,1788221866175000000,0
jps.module.iml.entities.serializer.load.entities.ms,1788221806201000000,1788221866175000000,0
jps.app.storage.content.reader.load.component.ms,1788221806201000000,1788221866175000000,0
workspaceModel.mutableEntityStorage.put.entity.ms,1788221806201000000,1788221866175000000,0
workspaceModel.moduleManagerBridge.create.module.instance.ms,1788221806201000000,1788221866175000000,0
jps.global.get.library.ms,1788221806201000000,1788221866175000000,0
jps.facet.change.listener.before.change.events.ms,1788221806201000000,1788221866175000000,0
workspaceModel.moduleManagerBridge.new.nonPersistent.module.ms,1788221806201000000,1788221866175000000,0
workspaceModel.load.cache.from.file.ms,1788221806201000000,1788221866175000000,0
workspaceModel.mutableEntityStorage.mutable.vfurl.index.ms,1788221806201000000,1788221866175000000,0
jps.artifact.entities.serializer.save.entities.ms,1788221806201000000,1788221866175000000,0
jps.artifact.entities.serializer.load.entities.ms,1788221806201000000,1788221866175000000,0
jps.global.handle.changed.events.ms,1788221806201000000,1788221866175000000,0
jps.global.initialize.library.bridges.ms,1788221806201000000,1788221866175000000,0
jps.apply.loaded.storage.ms,1788221806201000000,1788221866175000000,0
workspaceModel.mutableEntityStorage.instances.count,1788221806201000000,1788221866175000000,0
jps.global.get.library.by.name.ms,1788221806201000000,1788221866175000000,0
workspaceModel.do.save.caches.ms,1788221806201000000,1788221866175000000,0
jps.facet.change.listener.init.bridge.ms,1788221806201000000,1788221866175000000,0
workspaceModel.moduleBridge.before.changed.ms,1788221806201000000,1788221866175000000,0
workspaceModel.mutableEntityStorage.mutable.ext.mapping.ms,1788221806201000000,1788221866175000000,0
jps.save.global.entities.ms,1788221806201000000,1788221866175000000,5
workspaceModel.sync.entities.ms,1788221806201000000,1788221866175000000,0
workspaceModel.moduleManagerBridge.load.all.modules.ms,1788221806201000000,1788221866175000000,0
workspaceModel.global.apply.state.to.project.builder.ms,1788221806201000000,1788221866175000000,0
workspaceModel.load.cache.metadata.from.file.ms,1788221806201000000,1788221866175000000,0
workspaceModel.moduleBridge.facet.initialization.ms,1788221806201000000,1788221866175000000,0
jps.global.initialize.library.bridges.after.loading.ms,1788221806201000000,1788221866175000000,0
workspaceModel.mutableEntityStorage.remove.entity.ms,1788221806201000000,1788221866175000000,0
workspaceModel.mutableEntityStorage.modify.entity.ms,1788221806201000000,1788221866175000000,0
jps.load.project.to.empty.storage.ms,1788221806201000000,1788221866175000000,0
workspaceModel.mutableEntityStorage.collect.changes.ms,1788221806201000000,1788221866175000000,0
workspaceModel.mutableEntityStorage.add.entity.ms,1788221806201000000,1788221866175000000,0
workspaceModel.mutableEntityStorage.entities.ms,1788221806201000000,1788221866175000000,0
compiler.ArtifactManagerBridge.commit.ms,1788221806201000000,1788221866175000000,0
compiler.ArtifactVirtualFileListener.propertyChanged.ms,1788221806201000000,1788221866175000000,0
compiler.ArtifactManagerBridge.findArtifact.ms,1788221806201000000,1788221866175000000,0
compiler.ArtifactManagerBridge.dropMappings.ms,1788221806201000000,1788221866175000000,0
compiler.ArtifactManagerBridge.initBridges.ms,1788221806201000000,1788221866175000000,0
compiler.ArtifactManagerBridge.getArtifactsByType.ms,1788221806201000000,1788221866175000000,0
compiler.ArtifactManagerBridge.getArtifacts.ms,1788221806201000000,1788221866175000000,0
compiler.ArtifactVirtualFileListener.filePathChanged.ms,1788221806201000000,1788221866175000000,0
compiler.ArtifactManagerBridge.addArtifact.ms,1788221806201000000,1788221866175000000,0
FileNameCache.totalMisses,1788221806201000000,1788221866175000000,0
VFS.fileChildByName,1788221806201000000,1788221866175000000,12
VFS.fileByIdCache.misses,1788221806201000000,1788221866175000000,0
FileNameCache.queries,1788221806201000000,1788221866175000000,0
VFS.fileByIdCache.hits,1788221806201000000,1788221866175000000,0
VFS.invertedFileNameIndex.requests,1788221806201000000,1788221866175000000,0
OS.loadAverage,1788221806201000000,1788221866175000000,3.279296875
JVM.totalDirectByteBuffersBytes,1788221806201000000,1788221866175000000,220706705
JVM.usedHeapBytes,1788221806201000000,1788221866175000000,286479760
JVM.newThreadsCount,1788221806201000000,1788221866175000000,4
JVM.usedNativeBytes,1788221806201000000,1788221866175000000,301980152
JVM.threadCount,1788221806201000000,1788221866175000000,62
JVM.GC.collectionTimesMs,1788221806201000000,1788221866175000000,6
JVM.totalBytesAllocated,1788221806201000000,1788221866175000000,140553608
JVM.maxHeapBytes,1788221806201000000,1788221866175000000,2147483648
JVM.maxThreadCount,1788221806201000000,1788221866175000000,188
JVM.GC.collections,1788221806201000000,1788221866175000000,1
JVM.totalCpuTimeMs,1788221806201000000,1788221866175000000,12407
FilePageCacheLockFree.totalPagesWriteMs,1788221806201000000,1788221866175000000,0
StorageLockContext.competingThreads.90P,1788221806201000000,1788221866175000000,0
MappedFileStorage.totalBytesMapped,1788221806201000000,1788221866175000000,177471488
FilePageCache.maxRegisteredFiles,1788221806201000000,1788221866175000000,555
FilePageCacheLockFree.totalNativeBytesReclaimed,1788221806201000000,1788221866175000000,0
DirectByteBufferAllocator.totalSizeOfBuffersCachedInBytes,1788221806201000000,1788221866175000000,0
StorageLockContext.competingThreads.max,1788221806201000000,1788221866175000000,0
FilePageCacheLockFree.nativeBytesInUse,1788221806201000000,1788221866175000000,0
FilePageCacheLockFree.totalPagesRequestsMs,1788221806201000000,1788221866175000000,0
DirectByteBufferAllocator.hits,1788221806201000000,1788221866175000000,0
FilePageCache.uncachedFileAccess,1788221806201000000,1788221866175000000,0
DirectByteBufferAllocator.disposed,1788221806201000000,1788221866175000000,0
MappedFileStorage.totalPagesMapped,1788221806201000000,1788221866175000000,10
StreamlinedBlobStorage.recordsDeleted,1788221806201000000,1788221866175000000,0
StreamlinedBlobStorage.totalLiveRecordsPayloadBytes,1788221806201000000,1788221866175000000,0
FilePageCacheLockFree.totalPageAllocationsWaited,1788221806201000000,1788221866175000000,0
FilePageCacheLockFree.totalBytesRead,1788221806201000000,1788221866175000000,0
FilePageCacheLockFree.housekeeperTurnsDone,1788221806201000000,1788221866175000000,0
FilePageCacheLockFree.housekeeperTimeSpentMs,1788221806201000000,1788221866175000000,0
FilePageCacheLockFree.totalClosedStoragesReclaimed,1788221806201000000,1788221866175000000,0
FilePageCacheLockFree.totalBytesRequested,1788221806201000000,1788221866175000000,0
DirectByteBufferAllocator.misses,1788221806201000000,1788221866175000000,0
FilePageCacheLockFree.totalBytesWritten,1788221806201000000,1788221866175000000,0
FilePageCacheLockFree.totalNativeBytesAllocated,1788221806201000000,1788221866175000000,0
FilePageCacheLockFree.totalHeapBytesReclaimed,1788221806201000000,1788221866175000000,0
FilePageCacheLockFree.totalPagesRequested,1788221806201000000,1788221866175000000,0
FilePageCache.pageFastCacheHits,1788221806201000000,1788221866175000000,8
FilePageCacheLockFree.totalPagesWritten,1788221806201000000,1788221866175000000,0
FilePageCacheLockFree.totalHeapBytesAllocated,1788221806201000000,1788221866175000000,0
FilePageCacheLockFree.housekeeperTurnsSkipped,1788221806201000000,1788221866175000000,0
FilePageCache.pageLoadsAboveSizeThreshold,1788221806201000000,1788221866175000000,0
MappedFileStorage.storages,1788221806201000000,1788221866175000000,10
FilePageCacheLockFree.totalPagesHandedOver,1788221806201000000,1788221866175000000,0
FilePageCache.pageHits,1788221806201000000,1788221866175000000,0
StorageLockContext.competingThreads.avg,1788221806201000000,1788221866175000000,0.0
FilePageCache.capacityInBytes,1788221806201000000,1788221866175000000,503316478
MappedFileStorage.totalTimeSpentOnMappingUs,1788221806201000000,1788221866175000000,9250
StreamlinedBlobStorage.totalLiveRecordsCapacityBytes,1788221806201000000,1788221866175000000,0
FilePageCache.maxCacheSizeInBytes,1788221806201000000,1788221866175000000,219168768
DirectByteBufferAllocator.totalSizeOfBuffersAllocatedInBytes,1788221806201000000,1788221866175000000,219168768
StreamlinedBlobStorage.recordsRelocated,1788221806201000000,1788221866175000000,0
DirectByteBufferAllocator.reclaimed,1788221806201000000,1788221866175000000,0
FilePageCache.disposedBuffers,1788221806201000000,1788221866175000000,0
FilePageCache.pageLoads,1788221806201000000,1788221866175000000,0
FilePageCacheLockFree.totalPagesReclaimed,1788221806201000000,1788221866175000000,0
FilePageCacheLockFree.totalPagesAllocated,1788221806201000000,1788221866175000000,0
FileChannelInterruptsRetryer.totalRetriedAttempts,1788221806201000000,1788221866175000000,0
FilePageCacheLockFree.totalPagesReadMs,1788221806201000000,1788221866175000000,0
FilePageCache.totalPageDisposalsUs,1788221806201000000,1788221866175000000,0
StreamlinedBlobStorage.recordsAllocated,1788221806201000000,1788221866175000000,0
FilePageCacheLockFree.heapBytesInUse,1788221806201000000,1788221866175000000,0
FilePageCache.totalPageLoadsUs,1788221806201000000,1788221866175000000,0
writeAction.wait.ms,1788221866175000000,1788221926172000000,0
writeAction.count,1788221866175000000,1788221926172000000,0
writeAction.max.wait.ms,1788221866175000000,1788221926172000000,6
writeAction.median.wait.ms,1788221866175000000,1788221926172000000,0
FlushQueue.executionTimeMaxNs,1788221866175000000,1788221926172000000,0
FlushQueue.executionTimeAvgNs,1788221866175000000,1788221926172000000,0.0
FlushQueue.waitingTimeAvgNs,1788221866175000000,1788221926172000000,0.0
NonBlockingReadAction.finalizedExecutionsCount,1788221866175000000,1788221926172000000,0
AWTEventQueue.dispatchTimeTotalNS,1788221866175000000,1788221926172000000,37812902
WriteAction.executionsCount,1788221866175000000,1788221926172000000,0
FlushQueue.queueSize90P,1788221866175000000,1788221926172000000,0
AWTEventQueue.dispatchTimeMaxNs,1788221866175000000,1788221926172000000,0
NonBlockingReadAction.failedExecutionsCount,1788221866175000000,1788221926172000000,0
FlushQueue.queueSizeAvg,1788221866175000000,1788221926172000000,0.0
AWTEventQueue.dispatchTime90PNs,1788221866175000000,1788221926172000000,0
AWTEventQueue.dispatchTimeAvgNs,1788221866175000000,1788221926172000000,0.0
FlushQueue.waitingTime90PNs,1788221866175000000,1788221926172000000,0
NonBlockingReadAction.finalizedExecutionTimeUs,1788221866175000000,1788221926172000000,0
NonBlockingReadAction.failedExecutionTimeUs,1788221866175000000,1788221926172000000,0
FlushQueue.tasksExecuted,1788221866175000000,1788221926172000000,0
FlushQueue.queueSizeMax,1788221866175000000,1788221926172000000,0
ReadAction.executionsCount,1788221866175000000,1788221926172000000,0
AWTEventQueue.eventsDispatched,1788221866175000000,1788221926172000000,0
FlushQueue.executionTime90PNs,1788221866175000000,1788221926172000000,0
FlushQueue.waitingTimeMaxNs,1788221866175000000,1788221926172000000,0
cacheStateStorage.set.counter,1788221866175000000,1788221926172000000,0
cacheStateStorage.set.duration,1788221866175000000,1788221926172000000,0
cacheStateStorage.get.counter,1788221866175000000,1788221926172000000,0
cacheStateStorage.get.duration,1788221866175000000,1788221926172000000,0
workspaceModel.cachedValueWithParameters.calculated.ms,1788221866175000000,1788221926172000000,0
workspaceModel.workspaceFileIndexData.init.ms,1788221866175000000,1788221926172000000,0
workspaceModel.cachedValue.from.cache.ms,1788221866175000000,1788221926172000000,0
workspaceModel.full.replace.project.model.ms,1788221866175000000,1788221926172000000,0
workspaceModel.loading.total.ms,1788221866175000000,1788221926172000000,0
workspaceModel.workspaceFileIndexData.markDirty.ms,1788221866175000000,1788221926172000000,0
workspaceModel.cachedValue.total.get.ms,1788221866175000000,1788221926172000000,0
workspaceModel.cachedValue.clear.ms,1788221866175000000,1788221926172000000,0
workspaceModel.cachedValue.calculated.ms,1788221866175000000,1788221926172000000,0
workspaceModel.cachedValueWithParameters.total.get.ms,1788221866175000000,1788221926172000000,0
workspaceModel.collect.changes.ms,1788221866175000000,1788221926172000000,0
workspaceModel.updates.precise.ms,1788221866175000000,1788221926172000000,0
workspaceModel.workspaceFileIndexData.instances.count,1788221866175000000,1788221926172000000,0
workspaceModel.cachedValueWithParameters.clear.ms,1788221866175000000,1788221926172000000,0
workspaceModel.loading.from.cache.ms,1788221866175000000,1788221926172000000,0
workspaceModel.pre.handlers.ms,1788221866175000000,1788221926172000000,0
workspaceModel.update.unloaded.entities.ms,1788221866175000000,1788221926172000000,0
workspaceModel.workspaceFileIndexData.updateDirtyEntities.ms,1788221866175000000,1788221926172000000,0
workspaceModel.entityStorageSnapshotImpl.instances.count,1788221866175000000,1788221926172000000,0
workspaceModel.replace.project.model.ms,1788221866175000000,1788221926172000000,0
workspaceModel.check.recursive.update.ms,1788221866175000000,1788221926172000000,0
workspaceModel.workspaceFileIndexData.getDirectoriesByPackageName.ms,1788221866175000000,1788221926172000000,0
workspaceModel.updates.count,1788221866175000000,1788221926172000000,0
workspaceModel.workspaceFileIndexData.getFileInfo.ms,1788221866175000000,1788221926172000000,0
workspaceModel.updates.ms,1788221866175000000,1788221926172000000,0
workspaceModel.workspaceFileIndexData.visitFileSets.ms,1788221866175000000,1788221926172000000,0
workspaceModel.cachedValueWithParameters.from.cache.ms,1788221866175000000,1788221926172000000,0
workspaceModel.workspaceFileIndexData.processFileSets.ms,1788221866175000000,1788221926172000000,0
workspaceModel.init.bridges.ms,1788221866175000000,1788221926172000000,0
workspaceModel.workspaceFileIndexData.onEntitiesChanged.ms,1788221866175000000,1788221926172000000,0
workspaceModel.to.snapshot.ms,1788221866175000000,1788221926172000000,0
workspaceModel.workspaceFileIndexData.getPackageName.ms,1788221866175000000,1788221926172000000,0
workspaceModel.workspaceFileIndexContributor.registerFileSets.ms,1788221866175000000,1788221926172000000,0
workspaceModel.initializing.ms,1788221866175000000,1788221926172000000,0
Indexes.stubs.lookupDuration90PMs,1788221866175000000,1788221926172000000,0.0
Indexes.stubs.lookupDurationAvgMs,1788221866175000000,1788221926172000000,0.0
Indexes.allKeys.lookups,1788221866175000000,1788221926172000000,0.0
Indexes.entries.lookupDurationMaxMs,1788221866175000000,1788221926172000000,0.0
Indexes.stubs.lookups,1788221866175000000,1788221926172000000,0.0
Indexes.entries.lookupDurationAvgMs,1788221866175000000,1788221926172000000,0.0
Indexes.entries.lookups,1788221866175000000,1788221926172000000,0.0
IndexesFlusher.totalContentionQuotaSpent,1788221866175000000,1788221926172000000,0
Indexes.stubs.lookupDurationMaxMs,1788221866175000000,1788221926172000000,0.0
Indexes.allKeys.lookupDuration90PMs,1788221866175000000,1788221926172000000,0.0
Indexes.allKeys.lookupDurationAvgMs,1788221866175000000,1788221926172000000,0.0
IndexesFlusher.totalFlushes,1788221866175000000,1788221926172000000,59
IndexesFlusher.totalFlushingTimeUs,1788221866175000000,1788221926172000000,284949
Indexes.entries.lookupDuration90PMs,1788221866175000000,1788221926172000000,0.0
Indexes.allKeys.lookupDurationMaxMs,1788221866175000000,1788221926172000000,0.0
IndexesFlusher.totalFlushesRetried,1788221866175000000,1788221926172000000,0
workspaceModel.global.apply.state.to.project.ms,1788221866175000000,1788221926172000000,0
workspaceModel.moduleManagerBridge.build.module.graph.ms,1788221866175000000,1788221926172000000,0
workspaceModel.moduleManagerBridge.load.module.ms,1788221866175000000,1788221926172000000,0
workspaceModel.moduleManagerBridge.set.unloadedModules.ms,1788221866175000000,1788221926172000000,0
workspaceModel.mutableEntityStorage.apply.changes.from.ms,1788221866175000000,1788221926172000000,0
workspaceModel.mutableEntityStorage.referrers.ms,1788221866175000000,1788221926172000000,0
workspaceModel.mutableEntityStorage.to.snapshot.ms,1788221866175000000,1788221926172000000,0
jps.app.storage.content.writer.save.component.ms,1788221866175000000,1788221926172000000,0
workspaceModel.mutableEntityStorage.entities.by.source.ms,1788221866175000000,1788221926172000000,0
jps.module.iml.entities.serializer.save.entities.ms,1788221866175000000,1788221926172000000,0
jps.library.entities.serializer.load.entities.ms,1788221866175000000,1788221926172000000,0
workspaceModel.orphan.listener.update.ms,1788221866175000000,1788221926172000000,0
workspaceModel.mutableEntityStorage.resolve.ms,1788221866175000000,1788221926172000000,0
workspaceModel.moduleManagerBridge.newModule.ms,1788221866175000000,1788221926172000000,0
jps.global.handle.before.change.events.ms,1788221866175000000,1788221926172000000,0
jps.storage.jps.conf.reader.load.component.ms,1788221866175000000,1788221926172000000,0
workspaceModel.moduleBridge.update.option.ms,1788221866175000000,1788221926172000000,0
workspaceModel.global.updates.ms,1788221866175000000,1788221926172000000,0
workspaceModel.moduleManagerBridge.get.modules.ms,1788221866175000000,1788221926172000000,0
workspaceModel.moduleBridgeLoader.loading.modules.ms,1788221866175000000,1788221926172000000,0
jps.save.changed.project.entities.ms,1788221866175000000,1788221926172000000,0
jps.library.entities.serializer.save.entities.ms,1788221866175000000,1788221926172000000,0
workspaceModel.mutableEntityStorage.replace.by.source.ms,1788221866175000000,1788221926172000000,0
jps.project.serializers.save.ms,1788221866175000000,1788221926172000000,0
jps.global.get.libraries.ms,1788221866175000000,1788221926172000000,0
jps.facet.change.listener.process.change.events.ms,1788221866175000000,1788221926172000000,0
workspaceModel.save.cache.to.file.ms,1788221866175000000,1788221926172000000,0
workspaceModel.delayed.project.synchronizer.sync.ms,1788221866175000000,1788221926172000000,0
jps.project.serializers.load.ms,1788221866175000000,1788221926172000000,0
jps.load.initial.state.ms,1788221866175000000,1788221926172000000,0
workspaceModel.mutableEntityStorage.has.same.entities.ms,1788221866175000000,1788221926172000000,0
jps.reload.project.entities.ms,1788221866175000000,1788221926172000000,0
workspaceModel.global.updates.count,1788221866175000000,1788221926172000000,0
jps.module.iml.entities.serializer.load.entities.ms,1788221866175000000,1788221926172000000,0
jps.app.storage.content.reader.load.component.ms,1788221866175000000,1788221926172000000,0
workspaceModel.mutableEntityStorage.put.entity.ms,1788221866175000000,1788221926172000000,0
workspaceModel.moduleManagerBridge.create.module.instance.ms,1788221866175000000,1788221926172000000,0
jps.global.get.library.ms,1788221866175000000,1788221926172000000,0
jps.facet.change.listener.before.change.events.ms,1788221866175000000,1788221926172000000,0
workspaceModel.moduleManagerBridge.new.nonPersistent.module.ms,1788221866175000000,1788221926172000000,0
workspaceModel.load.cache.from.file.ms,1788221866175000000,1788221926172000000,0
workspaceModel.mutableEntityStorage.mutable.vfurl.index.ms,1788221866175000000,1788221926172000000,0
jps.artifact.entities.serializer.save.entities.ms,1788221866175000000,1788221926172000000,0
jps.artifact.entities.serializer.load.entities.ms,1788221866175000000,1788221926172000000,0
jps.global.handle.changed.events.ms,1788221866175000000,1788221926172000000,0
jps.global.initialize.library.bridges.ms,1788221866175000000,1788221926172000000,0
jps.apply.loaded.storage.ms,1788221866175000000,1788221926172000000,0
workspaceModel.mutableEntityStorage.instances.count,1788221866175000000,1788221926172000000,0
jps.global.get.library.by.name.ms,1788221866175000000,1788221926172000000,0
workspaceModel.do.save.caches.ms,1788221866175000000,1788221926172000000,0
jps.facet.change.listener.init.bridge.ms,1788221866175000000,1788221926172000000,0
workspaceModel.moduleBridge.before.changed.ms,1788221866175000000,1788221926172000000,0
workspaceModel.mutableEntityStorage.mutable.ext.mapping.ms,1788221866175000000,1788221926172000000,0
jps.save.global.entities.ms,1788221866175000000,1788221926172000000,0
workspaceModel.sync.entities.ms,1788221866175000000,1788221926172000000,0
workspaceModel.moduleManagerBridge.load.all.modules.ms,1788221866175000000,1788221926172000000,0
workspaceModel.global.apply.state.to.project.builder.ms,1788221866175000000,1788221926172000000,0
workspaceModel.load.cache.metadata.from.file.ms,1788221866175000000,1788221926172000000,0
workspaceModel.moduleBridge.facet.initialization.ms,1788221866175000000,1788221926172000000,0
jps.global.initialize.library.bridges.after.loading.ms,1788221866175000000,1788221926172000000,0
workspaceModel.mutableEntityStorage.remove.entity.ms,1788221866175000000,1788221926172000000,0
workspaceModel.mutableEntityStorage.modify.entity.ms,1788221866175000000,1788221926172000000,0
jps.load.project.to.empty.storage.ms,1788221866175000000,1788221926172000000,0
workspaceModel.mutableEntityStorage.collect.changes.ms,1788221866175000000,1788221926172000000,0
workspaceModel.mutableEntityStorage.add.entity.ms,1788221866175000000,1788221926172000000,0
workspaceModel.mutableEntityStorage.entities.ms,1788221866175000000,1788221926172000000,0
compiler.ArtifactManagerBridge.commit.ms,1788221866175000000,1788221926172000000,0
compiler.ArtifactVirtualFileListener.propertyChanged.ms,1788221866175000000,1788221926172000000,0
compiler.ArtifactManagerBridge.findArtifact.ms,1788221866175000000,1788221926172000000,0
compiler.ArtifactManagerBridge.dropMappings.ms,1788221866175000000,1788221926172000000,0
compiler.ArtifactManagerBridge.initBridges.ms,1788221866175000000,1788221926172000000,0
compiler.ArtifactManagerBridge.getArtifactsByType.ms,1788221866175000000,1788221926172000000,0
compiler.ArtifactManagerBridge.getArtifacts.ms,1788221866175000000,1788221926172000000,0
compiler.ArtifactVirtualFileListener.filePathChanged.ms,1788221866175000000,1788221926172000000,0
compiler.ArtifactManagerBridge.addArtifact.ms,1788221866175000000,1788221926172000000,0
FileNameCache.totalMisses,1788221866175000000,1788221926172000000,0
VFS.fileChildByName,1788221866175000000,1788221926172000000,0
VFS.fileByIdCache.misses,1788221866175000000,1788221926172000000,0
FileNameCache.queries,1788221866175000000,1788221926172000000,0
VFS.fileByIdCache.hits,1788221866175000000,1788221926172000000,0
VFS.invertedFileNameIndex.requests,1788221866175000000,1788221926172000000,0
OS.loadAverage,1788221866175000000,1788221926172000000,3.021484375
JVM.totalDirectByteBuffersBytes,1788221866175000000,1788221926172000000,220706705
JVM.usedHeapBytes,1788221866175000000,1788221926172000000,295916944
JVM.newThreadsCount,1788221866175000000,1788221926172000000,0
JVM.usedNativeBytes,1788221866175000000,1788221926172000000,302583512
JVM.threadCount,1788221866175000000,1788221926172000000,60
JVM.GC.collectionTimesMs,1788221866175000000,1788221926172000000,0
JVM.totalBytesAllocated,1788221866175000000,1788221926172000000,9793976
JVM.maxHeapBytes,1788221866175000000,1788221926172000000,2147483648
JVM.maxThreadCount,1788221866175000000,1788221926172000000,188
JVM.GC.collections,1788221866175000000,1788221926172000000,0
JVM.totalCpuTimeMs,1788221866175000000,1788221926172000000,1293
FilePageCacheLockFree.totalPagesWriteMs,1788221866175000000,1788221926172000000,0
StorageLockContext.competingThreads.90P,1788221866175000000,1788221926172000000,0
MappedFileStorage.totalBytesMapped,1788221866175000000,1788221926172000000,177471488
FilePageCache.maxRegisteredFiles,1788221866175000000,1788221926172000000,555
FilePageCacheLockFree.totalNativeBytesReclaimed,1788221866175000000,1788221926172000000,0
DirectByteBufferAllocator.totalSizeOfBuffersCachedInBytes,1788221866175000000,1788221926172000000,0
StorageLockContext.competingThreads.max,1788221866175000000,1788221926172000000,0
FilePageCacheLockFree.nativeBytesInUse,1788221866175000000,1788221926172000000,0
FilePageCacheLockFree.totalPagesRequestsMs,1788221866175000000,1788221926172000000,0
DirectByteBufferAllocator.hits,1788221866175000000,1788221926172000000,0
FilePageCache.uncachedFileAccess,1788221866175000000,1788221926172000000,0
DirectByteBufferAllocator.disposed,1788221866175000000,1788221926172000000,0
MappedFileStorage.totalPagesMapped,1788221866175000000,1788221926172000000,10
StreamlinedBlobStorage.recordsDeleted,1788221866175000000,1788221926172000000,0
StreamlinedBlobStorage.totalLiveRecordsPayloadBytes,1788221866175000000,1788221926172000000,0
FilePageCacheLockFree.totalPageAllocationsWaited,1788221866175000000,1788221926172000000,0
FilePageCacheLockFree.totalBytesRead,1788221866175000000,1788221926172000000,0
FilePageCacheLockFree.housekeeperTurnsDone,1788221866175000000,1788221926172000000,0
FilePageCacheLockFree.housekeeperTimeSpentMs,1788221866175000000,1788221926172000000,0
FilePageCacheLockFree.totalClosedStoragesReclaimed,1788221866175000000,1788221926172000000,0
FilePageCacheLockFree.totalBytesRequested,1788221866175000000,1788221926172000000,0
DirectByteBufferAllocator.misses,1788221866175000000,1788221926172000000,0
FilePageCacheLockFree.totalBytesWritten,1788221866175000000,1788221926172000000,0
FilePageCacheLockFree.totalNativeBytesAllocated,1788221866175000000,1788221926172000000,0
FilePageCacheLockFree.totalHeapBytesReclaimed,1788221866175000000,1788221926172000000,0
FilePageCacheLockFree.totalPagesRequested,1788221866175000000,1788221926172000000,0
FilePageCache.pageFastCacheHits,1788221866175000000,1788221926172000000,0
FilePageCacheLockFree.totalPagesWritten,1788221866175000000,1788221926172000000,0
FilePageCacheLockFree.totalHeapBytesAllocated,1788221866175000000,1788221926172000000,0
FilePageCacheLockFree.housekeeperTurnsSkipped,1788221866175000000,1788221926172000000,0
FilePageCache.pageLoadsAboveSizeThreshold,1788221866175000000,1788221926172000000,0
MappedFileStorage.storages,1788221866175000000,1788221926172000000,10
FilePageCacheLockFree.totalPagesHandedOver,1788221866175000000,1788221926172000000,0
FilePageCache.pageHits,1788221866175000000,1788221926172000000,0
StorageLockContext.competingThreads.avg,1788221866175000000,1788221926172000000,0.0
FilePageCache.capacityInBytes,1788221866175000000,1788221926172000000,503316478
MappedFileStorage.totalTimeSpentOnMappingUs,1788221866175000000,1788221926172000000,9250
StreamlinedBlobStorage.totalLiveRecordsCapacityBytes,1788221866175000000,1788221926172000000,0
FilePageCache.maxCacheSizeInBytes,1788221866175000000,1788221926172000000,219168768
DirectByteBufferAllocator.totalSizeOfBuffersAllocatedInBytes,1788221866175000000,1788221926172000000,219168768
StreamlinedBlobStorage.recordsRelocated,1788221866175000000,1788221926172000000,0
DirectByteBufferAllocator.reclaimed,1788221866175000000,1788221926172000000,0
FilePageCache.disposedBuffers,1788221866175000000,1788221926172000000,0
FilePageCache.pageLoads,1788221866175000000,1788221926172000000,0
FilePageCacheLockFree.totalPagesReclaimed,1788221866175000000,1788221926172000000,0
FilePageCacheLockFree.totalPagesAllocated,1788221866175000000,1788221926172000000,0
FileChannelInterruptsRetryer.totalRetriedAttempts,1788221866175000000,1788221926172000000,0
FilePageCacheLockFree.totalPagesReadMs,1788221866175000000,1788221926172000000,0
FilePageCache.totalPageDisposalsUs,1788221866175000000,1788221926172000000,0
StreamlinedBlobStorage.recordsAllocated,1788221866175000000,1788221926172000000,0
FilePageCacheLockFree.heapBytesInUse,1788221866175000000,1788221926172000000,0
FilePageCache.totalPageLoadsUs,1788221866175000000,1788221926172000000,0
writeAction.wait.ms,1788221926172000000,1788221986173000000,0
writeAction.count,1788221926172000000,1788221986173000000,0
writeAction.max.wait.ms,1788221926172000000,1788221986173000000,6
writeAction.median.wait.ms,1788221926172000000,1788221986173000000,0
FlushQueue.executionTimeMaxNs,1788221926172000000,1788221986173000000,0
FlushQueue.executionTimeAvgNs,1788221926172000000,1788221986173000000,0.0
FlushQueue.waitingTimeAvgNs,1788221926172000000,1788221986173000000,0.0
NonBlockingReadAction.finalizedExecutionsCount,1788221926172000000,1788221986173000000,0
AWTEventQueue.dispatchTimeTotalNS,1788221926172000000,1788221986173000000,36315179
WriteAction.executionsCount,1788221926172000000,1788221986173000000,0
FlushQueue.queueSize90P,1788221926172000000,1788221986173000000,0
AWTEventQueue.dispatchTimeMaxNs,1788221926172000000,1788221986173000000,0
NonBlockingReadAction.failedExecutionsCount,1788221926172000000,1788221986173000000,0
FlushQueue.queueSizeAvg,1788221926172000000,1788221986173000000,0.0
AWTEventQueue.dispatchTime90PNs,1788221926172000000,1788221986173000000,0
AWTEventQueue.dispatchTimeAvgNs,1788221926172000000,1788221986173000000,0.0
FlushQueue.waitingTime90PNs,1788221926172000000,1788221986173000000,0
NonBlockingReadAction.finalizedExecutionTimeUs,1788221926172000000,1788221986173000000,0
NonBlockingReadAction.failedExecutionTimeUs,1788221926172000000,1788221986173000000,0
FlushQueue.tasksExecuted,1788221926172000000,1788221986173000000,0
FlushQueue.queueSizeMax,1788221926172000000,1788221986173000000,0
ReadAction.executionsCount,1788221926172000000,1788221986173000000,0
AWTEventQueue.eventsDispatched,1788221926172000000,1788221986173000000,0
FlushQueue.executionTime90PNs,1788221926172000000,1788221986173000000,0
FlushQueue.waitingTimeMaxNs,1788221926172000000,1788221986173000000,0
cacheStateStorage.set.counter,1788221926172000000,1788221986173000000,0
cacheStateStorage.set.duration,1788221926172000000,1788221986173000000,0
cacheStateStorage.get.counter,1788221926172000000,1788221986173000000,0
cacheStateStorage.get.duration,1788221926172000000,1788221986173000000,0
workspaceModel.cachedValueWithParameters.calculated.ms,1788221926172000000,1788221986173000000,0
workspaceModel.workspaceFileIndexData.init.ms,1788221926172000000,1788221986173000000,0
workspaceModel.cachedValue.from.cache.ms,1788221926172000000,1788221986173000000,0
workspaceModel.full.replace.project.model.ms,1788221926172000000,1788221986173000000,0
workspaceModel.loading.total.ms,1788221926172000000,1788221986173000000,0
workspaceModel.workspaceFileIndexData.markDirty.ms,1788221926172000000,1788221986173000000,0
workspaceModel.cachedValue.total.get.ms,1788221926172000000,1788221986173000000,0
workspaceModel.cachedValue.clear.ms,1788221926172000000,1788221986173000000,0
workspaceModel.cachedValue.calculated.ms,1788221926172000000,1788221986173000000,0
workspaceModel.cachedValueWithParameters.total.get.ms,1788221926172000000,1788221986173000000,0
workspaceModel.collect.changes.ms,1788221926172000000,1788221986173000000,0
workspaceModel.updates.precise.ms,1788221926172000000,1788221986173000000,0
workspaceModel.workspaceFileIndexData.instances.count,1788221926172000000,1788221986173000000,0
workspaceModel.cachedValueWithParameters.clear.ms,1788221926172000000,1788221986173000000,0
workspaceModel.loading.from.cache.ms,1788221926172000000,1788221986173000000,0
workspaceModel.pre.handlers.ms,1788221926172000000,1788221986173000000,0
workspaceModel.update.unloaded.entities.ms,1788221926172000000,1788221986173000000,0
workspaceModel.workspaceFileIndexData.updateDirtyEntities.ms,1788221926172000000,1788221986173000000,0
workspaceModel.entityStorageSnapshotImpl.instances.count,1788221926172000000,1788221986173000000,0
workspaceModel.replace.project.model.ms,1788221926172000000,1788221986173000000,0
workspaceModel.check.recursive.update.ms,1788221926172000000,1788221986173000000,0
workspaceModel.workspaceFileIndexData.getDirectoriesByPackageName.ms,1788221926172000000,1788221986173000000,0
workspaceModel.updates.count,1788221926172000000,1788221986173000000,0
workspaceModel.workspaceFileIndexData.getFileInfo.ms,1788221926172000000,1788221986173000000,0
workspaceModel.updates.ms,1788221926172000000,1788221986173000000,0
workspaceModel.workspaceFileIndexData.visitFileSets.ms,1788221926172000000,1788221986173000000,0
workspaceModel.cachedValueWithParameters.from.cache.ms,1788221926172000000,1788221986173000000,0
workspaceModel.workspaceFileIndexData.processFileSets.ms,1788221926172000000,1788221986173000000,0
workspaceModel.init.bridges.ms,1788221926172000000,1788221986173000000,0
workspaceModel.workspaceFileIndexData.onEntitiesChanged.ms,1788221926172000000,1788221986173000000,0
workspaceModel.to.snapshot.ms,1788221926172000000,1788221986173000000,0
workspaceModel.workspaceFileIndexData.getPackageName.ms,1788221926172000000,1788221986173000000,0
workspaceModel.workspaceFileIndexContributor.registerFileSets.ms,1788221926172000000,1788221986173000000,0
workspaceModel.initializing.ms,1788221926172000000,1788221986173000000,0
Indexes.stubs.lookupDuration90PMs,1788221926172000000,1788221986173000000,0.0
Indexes.stubs.lookupDurationAvgMs,1788221926172000000,1788221986173000000,0.0
Indexes.allKeys.lookups,1788221926172000000,1788221986173000000,0.0
Indexes.entries.lookupDurationMaxMs,1788221926172000000,1788221986173000000,0.0
Indexes.stubs.lookups,1788221926172000000,1788221986173000000,0.0
Indexes.entries.lookupDurationAvgMs,1788221926172000000,1788221986173000000,0.0
Indexes.entries.lookups,1788221926172000000,1788221986173000000,0.0
IndexesFlusher.totalContentionQuotaSpent,1788221926172000000,1788221986173000000,0
Indexes.stubs.lookupDurationMaxMs,1788221926172000000,1788221986173000000,0.0
Indexes.allKeys.lookupDuration90PMs,1788221926172000000,1788221986173000000,0.0
Indexes.allKeys.lookupDurationAvgMs,1788221926172000000,1788221986173000000,0.0
IndexesFlusher.totalFlushes,1788221926172000000,1788221986173000000,59
IndexesFlusher.totalFlushingTimeUs,1788221926172000000,1788221986173000000,204266
Indexes.entries.lookupDuration90PMs,1788221926172000000,1788221986173000000,0.0
Indexes.allKeys.lookupDurationMaxMs,1788221926172000000,1788221986173000000,0.0
IndexesFlusher.totalFlushesRetried,1788221926172000000,1788221986173000000,0
workspaceModel.global.apply.state.to.project.ms,1788221926172000000,1788221986173000000,0
workspaceModel.moduleManagerBridge.build.module.graph.ms,1788221926172000000,1788221986173000000,0
workspaceModel.moduleManagerBridge.load.module.ms,1788221926172000000,1788221986173000000,0
workspaceModel.moduleManagerBridge.set.unloadedModules.ms,1788221926172000000,1788221986173000000,0
workspaceModel.mutableEntityStorage.apply.changes.from.ms,1788221926172000000,1788221986173000000,0
workspaceModel.mutableEntityStorage.referrers.ms,1788221926172000000,1788221986173000000,0
workspaceModel.mutableEntityStorage.to.snapshot.ms,1788221926172000000,1788221986173000000,0
jps.app.storage.content.writer.save.component.ms,1788221926172000000,1788221986173000000,0
workspaceModel.mutableEntityStorage.entities.by.source.ms,1788221926172000000,1788221986173000000,0
jps.module.iml.entities.serializer.save.entities.ms,1788221926172000000,1788221986173000000,0
jps.library.entities.serializer.load.entities.ms,1788221926172000000,1788221986173000000,0
workspaceModel.orphan.listener.update.ms,1788221926172000000,1788221986173000000,0
workspaceModel.mutableEntityStorage.resolve.ms,1788221926172000000,1788221986173000000,0
workspaceModel.moduleManagerBridge.newModule.ms,1788221926172000000,1788221986173000000,0
jps.global.handle.before.change.events.ms,1788221926172000000,1788221986173000000,0
jps.storage.jps.conf.reader.load.component.ms,1788221926172000000,1788221986173000000,0
workspaceModel.moduleBridge.update.option.ms,1788221926172000000,1788221986173000000,0
workspaceModel.global.updates.ms,1788221926172000000,1788221986173000000,0
workspaceModel.moduleManagerBridge.get.modules.ms,1788221926172000000,1788221986173000000,0
workspaceModel.moduleBridgeLoader.loading.modules.ms,1788221926172000000,1788221986173000000,0
jps.save.changed.project.entities.ms,1788221926172000000,1788221986173000000,0
jps.library.entities.serializer.save.entities.ms,1788221926172000000,1788221986173000000,0
workspaceModel.mutableEntityStorage.replace.by.source.ms,1788221926172000000,1788221986173000000,0
jps.project.serializers.save.ms,1788221926172000000,1788221986173000000,0
jps.global.get.libraries.ms,1788221926172000000,1788221986173000000,0
jps.facet.change.listener.process.change.events.ms,1788221926172000000,1788221986173000000,0
workspaceModel.save.cache.to.file.ms,1788221926172000000,1788221986173000000,0
workspaceModel.delayed.project.synchronizer.sync.ms,1788221926172000000,1788221986173000000,0
jps.project.serializers.load.ms,1788221926172000000,1788221986173000000,0
jps.load.initial.state.ms,1788221926172000000,1788221986173000000,0
workspaceModel.mutableEntityStorage.has.same.entities.ms,1788221926172000000,1788221986173000000,0
jps.reload.project.entities.ms,1788221926172000000,1788221986173000000,0
workspaceModel.global.updates.count,1788221926172000000,1788221986173000000,0
jps.module.iml.entities.serializer.load.entities.ms,1788221926172000000,1788221986173000000,0
jps.app.storage.content.reader.load.component.ms,1788221926172000000,1788221986173000000,0
workspaceModel.mutableEntityStorage.put.entity.ms,1788221926172000000,1788221986173000000,0
workspaceModel.moduleManagerBridge.create.module.instance.ms,1788221926172000000,1788221986173000000,0
jps.global.get.library.ms,1788221926172000000,1788221986173000000,0
jps.facet.change.listener.before.change.events.ms,1788221926172000000,1788221986173000000,0
workspaceModel.moduleManagerBridge.new.nonPersistent.module.ms,1788221926172000000,1788221986173000000,0
workspaceModel.load.cache.from.file.ms,1788221926172000000,1788221986173000000,0
workspaceModel.mutableEntityStorage.mutable.vfurl.index.ms,1788221926172000000,1788221986173000000,0
jps.artifact.entities.serializer.save.entities.ms,1788221926172000000,1788221986173000000,0
jps.artifact.entities.serializer.load.entities.ms,1788221926172000000,1788221986173000000,0
jps.global.handle.changed.events.ms,1788221926172000000,1788221986173000000,0
jps.global.initialize.library.bridges.ms,1788221926172000000,1788221986173000000,0
jps.apply.loaded.storage.ms,1788221926172000000,1788221986173000000,0
workspaceModel.mutableEntityStorage.instances.count,1788221926172000000,1788221986173000000,0
jps.global.get.library.by.name.ms,1788221926172000000,1788221986173000000,0
workspaceModel.do.save.caches.ms,1788221926172000000,1788221986173000000,0
jps.facet.change.listener.init.bridge.ms,1788221926172000000,1788221986173000000,0
workspaceModel.moduleBridge.before.changed.ms,1788221926172000000,1788221986173000000,0
workspaceModel.mutableEntityStorage.mutable.ext.mapping.ms,1788221926172000000,1788221986173000000,0
jps.save.global.entities.ms,1788221926172000000,1788221986173000000,0
workspaceModel.sync.entities.ms,1788221926172000000,1788221986173000000,0
workspaceModel.moduleManagerBridge.load.all.modules.ms,1788221926172000000,1788221986173000000,0
workspaceModel.global.apply.state.to.project.builder.ms,1788221926172000000,1788221986173000000,0
workspaceModel.load.cache.metadata.from.file.ms,1788221926172000000,1788221986173000000,0
workspaceModel.moduleBridge.facet.initialization.ms,1788221926172000000,1788221986173000000,0
jps.global.initialize.library.bridges.after.loading.ms,1788221926172000000,1788221986173000000,0
workspaceModel.mutableEntityStorage.remove.entity.ms,1788221926172000000,1788221986173000000,0
workspaceModel.mutableEntityStorage.modify.entity.ms,1788221926172000000,1788221986173000000,0
jps.load.project.to.empty.storage.ms,1788221926172000000,1788221986173000000,0
workspaceModel.mutableEntityStorage.collect.changes.ms,1788221926172000000,1788221986173000000,0
workspaceModel.mutableEntityStorage.add.entity.ms,1788221926172000000,1788221986173000000,0
workspaceModel.mutableEntityStorage.entities.ms,1788221926172000000,1788221986173000000,0
compiler.ArtifactManagerBridge.commit.ms,1788221926172000000,1788221986173000000,0
compiler.ArtifactVirtualFileListener.propertyChanged.ms,1788221926172000000,1788221986173000000,0
compiler.ArtifactManagerBridge.findArtifact.ms,1788221926172000000,1788221986173000000,0
compiler.ArtifactManagerBridge.dropMappings.ms,1788221926172000000,1788221986173000000,0
compiler.ArtifactManagerBridge.initBridges.ms,1788221926172000000,1788221986173000000,0
compiler.ArtifactManagerBridge.getArtifactsByType.ms,1788221926172000000,1788221986173000000,0
compiler.ArtifactManagerBridge.getArtifacts.ms,1788221926172000000,1788221986173000000,0
compiler.ArtifactVirtualFileListener.filePathChanged.ms,1788221926172000000,1788221986173000000,0
compiler.ArtifactManagerBridge.addArtifact.ms,1788221926172000000,1788221986173000000,0
FileNameCache.totalMisses,1788221926172000000,1788221986173000000,0
VFS.fileChildByName,1788221926172000000,1788221986173000000,0
VFS.fileByIdCache.misses,1788221926172000000,1788221986173000000,0
FileNameCache.queries,1788221926172000000,1788221986173000000,0
VFS.fileByIdCache.hits,1788221926172000000,1788221986173000000,0
VFS.invertedFileNameIndex.requests,1788221926172000000,1788221986173000000,0
OS.loadAverage,1788221926172000000,1788221986173000000,2.64306640625
JVM.totalDirectByteBuffersBytes,1788221926172000000,1788221986173000000,220706705
JVM.usedHeapBytes,1788221926172000000,1788221986173000000,306402704
JVM.newThreadsCount,1788221926172000000,1788221986173000000,0
JVM.usedNativeBytes,1788221926172000000,1788221986173000000,303085408
JVM.threadCount,1788221926172000000,1788221986173000000,59
JVM.GC.collectionTimesMs,1788221926172000000,1788221986173000000,0
JVM.totalBytesAllocated,1788221926172000000,1788221986173000000,10105992
JVM.maxHeapBytes,1788221926172000000,1788221986173000000,2147483648
JVM.maxThreadCount,1788221926172000000,1788221986173000000,188
JVM.GC.collections,1788221926172000000,1788221986173000000,0
JVM.totalCpuTimeMs,1788221926172000000,1788221986173000000,1497
FilePageCacheLockFree.totalPagesWriteMs,1788221926172000000,1788221986173000000,0
StorageLockContext.competingThreads.90P,1788221926172000000,1788221986173000000,0
MappedFileStorage.totalBytesMapped,1788221926172000000,1788221986173000000,177471488
FilePageCache.maxRegisteredFiles,1788221926172000000,1788221986173000000,555
FilePageCacheLockFree.totalNativeBytesReclaimed,1788221926172000000,1788221986173000000,0
DirectByteBufferAllocator.totalSizeOfBuffersCachedInBytes,1788221926172000000,1788221986173000000,0
StorageLockContext.competingThreads.max,1788221926172000000,1788221986173000000,0
FilePageCacheLockFree.nativeBytesInUse,1788221926172000000,1788221986173000000,0
FilePageCacheLockFree.totalPagesRequestsMs,1788221926172000000,1788221986173000000,0
DirectByteBufferAllocator.hits,1788221926172000000,1788221986173000000,0
FilePageCache.uncachedFileAccess,1788221926172000000,1788221986173000000,0
DirectByteBufferAllocator.disposed,1788221926172000000,1788221986173000000,0
MappedFileStorage.totalPagesMapped,1788221926172000000,1788221986173000000,10
StreamlinedBlobStorage.recordsDeleted,1788221926172000000,1788221986173000000,0
StreamlinedBlobStorage.totalLiveRecordsPayloadBytes,1788221926172000000,1788221986173000000,0
FilePageCacheLockFree.totalPageAllocationsWaited,1788221926172000000,1788221986173000000,0
FilePageCacheLockFree.totalBytesRead,1788221926172000000,1788221986173000000,0
FilePageCacheLockFree.housekeeperTurnsDone,1788221926172000000,1788221986173000000,0
FilePageCacheLockFree.housekeeperTimeSpentMs,1788221926172000000,1788221986173000000,0
FilePageCacheLockFree.totalClosedStoragesReclaimed,1788221926172000000,1788221986173000000,0
FilePageCacheLockFree.totalBytesRequested,1788221926172000000,1788221986173000000,0
DirectByteBufferAllocator.misses,1788221926172000000,1788221986173000000,0
FilePageCacheLockFree.totalBytesWritten,1788221926172000000,1788221986173000000,0
FilePageCacheLockFree.totalNativeBytesAllocated,1788221926172000000,1788221986173000000,0
FilePageCacheLockFree.totalHeapBytesReclaimed,1788221926172000000,1788221986173000000,0
FilePageCacheLockFree.totalPagesRequested,1788221926172000000,1788221986173000000,0
FilePageCache.pageFastCacheHits,1788221926172000000,1788221986173000000,0
FilePageCacheLockFree.totalPagesWritten,1788221926172000000,1788221986173000000,0
FilePageCacheLockFree.totalHeapBytesAllocated,1788221926172000000,1788221986173000000,0
FilePageCacheLockFree.housekeeperTurnsSkipped,1788221926172000000,1788221986173000000,0
FilePageCache.pageLoadsAboveSizeThreshold,1788221926172000000,1788221986173000000,0
MappedFileStorage.storages,1788221926172000000,1788221986173000000,10
FilePageCacheLockFree.totalPagesHandedOver,1788221926172000000,1788221986173000000,0
FilePageCache.pageHits,1788221926172000000,1788221986173000000,0
StorageLockContext.competingThreads.avg,1788221926172000000,1788221986173000000,0.0
FilePageCache.capacityInBytes,1788221926172000000,1788221986173000000,503316478
MappedFileStorage.totalTimeSpentOnMappingUs,1788221926172000000,1788221986173000000,9250
StreamlinedBlobStorage.totalLiveRecordsCapacityBytes,1788221926172000000,1788221986173000000,0
FilePageCache.maxCacheSizeInBytes,1788221926172000000,1788221986173000000,219168768
DirectByteBufferAllocator.totalSizeOfBuffersAllocatedInBytes,1788221926172000000,1788221986173000000,219168768
StreamlinedBlobStorage.recordsRelocated,1788221926172000000,1788221986173000000,0
DirectByteBufferAllocator.reclaimed,1788221926172000000,1788221986173000000,0
FilePageCache.disposedBuffers,1788221926172000000,1788221986173000000,0
FilePageCache.pageLoads,1788221926172000000,1788221986173000000,0
FilePageCacheLockFree.totalPagesReclaimed,1788221926172000000,1788221986173000000,0
FilePageCacheLockFree.totalPagesAllocated,1788221926172000000,1788221986173000000,0
FileChannelInterruptsRetryer.totalRetriedAttempts,1788221926172000000,1788221986173000000,0
FilePageCacheLockFree.totalPagesReadMs,1788221926172000000,1788221986173000000,0
FilePageCache.totalPageDisposalsUs,1788221926172000000,1788221986173000000,0
StreamlinedBlobStorage.recordsAllocated,1788221926172000000,1788221986173000000,0
FilePageCacheLockFree.heapBytesInUse,1788221926172000000,1788221986173000000,0
FilePageCache.totalPageLoadsUs,1788221926172000000,1788221986173000000,0
writeAction.wait.ms,1788221986173000000,1788222046170000000,0
writeAction.count,1788221986173000000,1788222046170000000,0
writeAction.max.wait.ms,1788221986173000000,1788222046170000000,6
writeAction.median.wait.ms,1788221986173000000,1788222046170000000,0
FlushQueue.executionTimeMaxNs,1788221986173000000,1788222046170000000,0
FlushQueue.executionTimeAvgNs,1788221986173000000,1788222046170000000,0.0
FlushQueue.waitingTimeAvgNs,1788221986173000000,1788222046170000000,0.0
NonBlockingReadAction.finalizedExecutionsCount,1788221986173000000,1788222046170000000,0
AWTEventQueue.dispatchTimeTotalNS,1788221986173000000,1788222046170000000,35387805
WriteAction.executionsCount,1788221986173000000,1788222046170000000,0
FlushQueue.queueSize90P,1788221986173000000,1788222046170000000,0
AWTEventQueue.dispatchTimeMaxNs,1788221986173000000,1788222046170000000,0
NonBlockingReadAction.failedExecutionsCount,1788221986173000000,1788222046170000000,0
FlushQueue.queueSizeAvg,1788221986173000000,1788222046170000000,0.0
AWTEventQueue.dispatchTime90PNs,1788221986173000000,1788222046170000000,0
AWTEventQueue.dispatchTimeAvgNs,1788221986173000000,1788222046170000000,0.0
FlushQueue.waitingTime90PNs,1788221986173000000,1788222046170000000,0
NonBlockingReadAction.finalizedExecutionTimeUs,1788221986173000000,1788222046170000000,0
NonBlockingReadAction.failedExecutionTimeUs,1788221986173000000,1788222046170000000,0
FlushQueue.tasksExecuted,1788221986173000000,1788222046170000000,0
FlushQueue.queueSizeMax,1788221986173000000,1788222046170000000,0
ReadAction.executionsCount,1788221986173000000,1788222046170000000,0
AWTEventQueue.eventsDispatched,1788221986173000000,1788222046170000000,0
FlushQueue.executionTime90PNs,1788221986173000000,1788222046170000000,0
FlushQueue.waitingTimeMaxNs,1788221986173000000,1788222046170000000,0
cacheStateStorage.set.counter,1788221986173000000,1788222046170000000,0
cacheStateStorage.set.duration,1788221986173000000,1788222046170000000,0
cacheStateStorage.get.counter,1788221986173000000,1788222046170000000,0
cacheStateStorage.get.duration,1788221986173000000,1788222046170000000,0
workspaceModel.cachedValueWithParameters.calculated.ms,1788221986173000000,1788222046170000000,0
workspaceModel.workspaceFileIndexData.init.ms,1788221986173000000,1788222046170000000,0
workspaceModel.cachedValue.from.cache.ms,1788221986173000000,1788222046170000000,0
workspaceModel.full.replace.project.model.ms,1788221986173000000,1788222046170000000,0
workspaceModel.loading.total.ms,1788221986173000000,1788222046170000000,0
workspaceModel.workspaceFileIndexData.markDirty.ms,1788221986173000000,1788222046170000000,0
workspaceModel.cachedValue.total.get.ms,1788221986173000000,1788222046170000000,0
workspaceModel.cachedValue.clear.ms,1788221986173000000,1788222046170000000,0
workspaceModel.cachedValue.calculated.ms,1788221986173000000,1788222046170000000,0
workspaceModel.cachedValueWithParameters.total.get.ms,1788221986173000000,1788222046170000000,0
workspaceModel.collect.changes.ms,1788221986173000000,1788222046170000000,0
workspaceModel.updates.precise.ms,1788221986173000000,1788222046170000000,0
workspaceModel.workspaceFileIndexData.instances.count,1788221986173000000,1788222046170000000,0
workspaceModel.cachedValueWithParameters.clear.ms,1788221986173000000,1788222046170000000,0
workspaceModel.loading.from.cache.ms,1788221986173000000,1788222046170000000,0
workspaceModel.pre.handlers.ms,1788221986173000000,1788222046170000000,0
workspaceModel.update.unloaded.entities.ms,1788221986173000000,1788222046170000000,0
workspaceModel.workspaceFileIndexData.updateDirtyEntities.ms,1788221986173000000,1788222046170000000,0
workspaceModel.entityStorageSnapshotImpl.instances.count,1788221986173000000,1788222046170000000,0
workspaceModel.replace.project.model.ms,1788221986173000000,1788222046170000000,0
workspaceModel.check.recursive.update.ms,1788221986173000000,1788222046170000000,0
workspaceModel.workspaceFileIndexData.getDirectoriesByPackageName.ms,1788221986173000000,1788222046170000000,0
workspaceModel.updates.count,1788221986173000000,1788222046170000000,0
workspaceModel.workspaceFileIndexData.getFileInfo.ms,1788221986173000000,1788222046170000000,0
workspaceModel.updates.ms,1788221986173000000,1788222046170000000,0
workspaceModel.workspaceFileIndexData.visitFileSets.ms,1788221986173000000,1788222046170000000,0
workspaceModel.cachedValueWithParameters.from.cache.ms,1788221986173000000,1788222046170000000,0
workspaceModel.workspaceFileIndexData.processFileSets.ms,1788221986173000000,1788222046170000000,0
workspaceModel.init.bridges.ms,1788221986173000000,1788222046170000000,0
workspaceModel.workspaceFileIndexData.onEntitiesChanged.ms,1788221986173000000,1788222046170000000,0
workspaceModel.to.snapshot.ms,1788221986173000000,1788222046170000000,0
workspaceModel.workspaceFileIndexData.getPackageName.ms,1788221986173000000,1788222046170000000,0
workspaceModel.workspaceFileIndexContributor.registerFileSets.ms,1788221986173000000,1788222046170000000,0
workspaceModel.initializing.ms,1788221986173000000,1788222046170000000,0
Indexes.stubs.lookupDuration90PMs,1788221986173000000,1788222046170000000,0.0
Indexes.stubs.lookupDurationAvgMs,1788221986173000000,1788222046170000000,0.0
Indexes.allKeys.lookups,1788221986173000000,1788222046170000000,0.0
Indexes.entries.lookupDurationMaxMs,1788221986173000000,1788222046170000000,0.0
Indexes.stubs.lookups,1788221986173000000,1788222046170000000,0.0
Indexes.entries.lookupDurationAvgMs,1788221986173000000,1788222046170000000,0.0
Indexes.entries.lookups,1788221986173000000,1788222046170000000,0.0
IndexesFlusher.totalContentionQuotaSpent,1788221986173000000,1788222046170000000,0
Indexes.stubs.lookupDurationMaxMs,1788221986173000000,1788222046170000000,0.0
Indexes.allKeys.lookupDuration90PMs,1788221986173000000,1788222046170000000,0.0
Indexes.allKeys.lookupDurationAvgMs,1788221986173000000,1788222046170000000,0.0
IndexesFlusher.totalFlushes,1788221986173000000,1788222046170000000,59
IndexesFlusher.totalFlushingTimeUs,1788221986173000000,1788222046170000000,231536
Indexes.entries.lookupDuration90PMs,1788221986173000000,1788222046170000000,0.0
Indexes.allKeys.lookupDurationMaxMs,1788221986173000000,1788222046170000000,0.0
IndexesFlusher.totalFlushesRetried,1788221986173000000,1788222046170000000,0
workspaceModel.global.apply.state.to.project.ms,1788221986173000000,1788222046170000000,0
workspaceModel.moduleManagerBridge.build.module.graph.ms,1788221986173000000,1788222046170000000,0
workspaceModel.moduleManagerBridge.load.module.ms,1788221986173000000,1788222046170000000,0
workspaceModel.moduleManagerBridge.set.unloadedModules.ms,1788221986173000000,1788222046170000000,0
workspaceModel.mutableEntityStorage.apply.changes.from.ms,1788221986173000000,1788222046170000000,0
workspaceModel.mutableEntityStorage.referrers.ms,1788221986173000000,1788222046170000000,0
workspaceModel.mutableEntityStorage.to.snapshot.ms,1788221986173000000,1788222046170000000,0
jps.app.storage.content.writer.save.component.ms,1788221986173000000,1788222046170000000,0
workspaceModel.mutableEntityStorage.entities.by.source.ms,1788221986173000000,1788222046170000000,0
jps.module.iml.entities.serializer.save.entities.ms,1788221986173000000,1788222046170000000,0
jps.library.entities.serializer.load.entities.ms,1788221986173000000,1788222046170000000,0
workspaceModel.orphan.listener.update.ms,1788221986173000000,1788222046170000000,0
workspaceModel.mutableEntityStorage.resolve.ms,1788221986173000000,1788222046170000000,0
workspaceModel.moduleManagerBridge.newModule.ms,1788221986173000000,1788222046170000000,0
jps.global.handle.before.change.events.ms,1788221986173000000,1788222046170000000,0
jps.storage.jps.conf.reader.load.component.ms,1788221986173000000,1788222046170000000,0
workspaceModel.moduleBridge.update.option.ms,1788221986173000000,1788222046170000000,0
workspaceModel.global.updates.ms,1788221986173000000,1788222046170000000,0
workspaceModel.moduleManagerBridge.get.modules.ms,1788221986173000000,1788222046170000000,0
workspaceModel.moduleBridgeLoader.loading.modules.ms,1788221986173000000,1788222046170000000,0
jps.save.changed.project.entities.ms,1788221986173000000,1788222046170000000,0
jps.library.entities.serializer.save.entities.ms,1788221986173000000,1788222046170000000,0
workspaceModel.mutableEntityStorage.replace.by.source.ms,1788221986173000000,1788222046170000000,0
jps.project.serializers.save.ms,1788221986173000000,1788222046170000000,0
jps.global.get.libraries.ms,1788221986173000000,1788222046170000000,0
jps.facet.change.listener.process.change.events.ms,1788221986173000000,1788222046170000000,0
workspaceModel.save.cache.to.file.ms,1788221986173000000,1788222046170000000,0
workspaceModel.delayed.project.synchronizer.sync.ms,1788221986173000000,1788222046170000000,0
jps.project.serializers.load.ms,1788221986173000000,1788222046170000000,0
jps.load.initial.state.ms,1788221986173000000,1788222046170000000,0
workspaceModel.mutableEntityStorage.has.same.entities.ms,1788221986173000000,1788222046170000000,0
jps.reload.project.entities.ms,1788221986173000000,1788222046170000000,0
workspaceModel.global.updates.count,1788221986173000000,1788222046170000000,0
jps.module.iml.entities.serializer.load.entities.ms,1788221986173000000,1788222046170000000,0
jps.app.storage.content.reader.load.component.ms,1788221986173000000,1788222046170000000,0
workspaceModel.mutableEntityStorage.put.entity.ms,1788221986173000000,1788222046170000000,0
workspaceModel.moduleManagerBridge.create.module.instance.ms,1788221986173000000,1788222046170000000,0
jps.global.get.library.ms,1788221986173000000,1788222046170000000,0
jps.facet.change.listener.before.change.events.ms,1788221986173000000,1788222046170000000,0
workspaceModel.moduleManagerBridge.new.nonPersistent.module.ms,1788221986173000000,1788222046170000000,0
workspaceModel.load.cache.from.file.ms,1788221986173000000,1788222046170000000,0
workspaceModel.mutableEntityStorage.mutable.vfurl.index.ms,1788221986173000000,1788222046170000000,0
jps.artifact.entities.serializer.save.entities.ms,1788221986173000000,1788222046170000000,0
jps.artifact.entities.serializer.load.entities.ms,1788221986173000000,1788222046170000000,0
jps.global.handle.changed.events.ms,1788221986173000000,1788222046170000000,0
jps.global.initialize.library.bridges.ms,1788221986173000000,1788222046170000000,0
jps.apply.loaded.storage.ms,1788221986173000000,1788222046170000000,0
workspaceModel.mutableEntityStorage.instances.count,1788221986173000000,1788222046170000000,0
jps.global.get.library.by.name.ms,1788221986173000000,1788222046170000000,0
workspaceModel.do.save.caches.ms,1788221986173000000,1788222046170000000,0
jps.facet.change.listener.init.bridge.ms,1788221986173000000,1788222046170000000,0
workspaceModel.moduleBridge.before.changed.ms,1788221986173000000,1788222046170000000,0
workspaceModel.mutableEntityStorage.mutable.ext.mapping.ms,1788221986173000000,1788222046170000000,0
jps.save.global.entities.ms,1788221986173000000,1788222046170000000,0
workspaceModel.sync.entities.ms,1788221986173000000,1788222046170000000,0
workspaceModel.moduleManagerBridge.load.all.modules.ms,1788221986173000000,1788222046170000000,0
workspaceModel.global.apply.state.to.project.builder.ms,1788221986173000000,1788222046170000000,0
workspaceModel.load.cache.metadata.from.file.ms,1788221986173000000,1788222046170000000,0
workspaceModel.moduleBridge.facet.initialization.ms,1788221986173000000,1788222046170000000,0
jps.global.initialize.library.bridges.after.loading.ms,1788221986173000000,1788222046170000000,0
workspaceModel.mutableEntityStorage.remove.entity.ms,1788221986173000000,1788222046170000000,0
workspaceModel.mutableEntityStorage.modify.entity.ms,1788221986173000000,1788222046170000000,0
jps.load.project.to.empty.storage.ms,1788221986173000000,1788222046170000000,0
workspaceModel.mutableEntityStorage.collect.changes.ms,1788221986173000000,1788222046170000000,0
workspaceModel.mutableEntityStorage.add.entity.ms,1788221986173000000,1788222046170000000,0
workspaceModel.mutableEntityStorage.entities.ms,1788221986173000000,1788222046170000000,0
compiler.ArtifactManagerBridge.commit.ms,1788221986173000000,1788222046170000000,0
compiler.ArtifactVirtualFileListener.propertyChanged.ms,1788221986173000000,1788222046170000000,0
compiler.ArtifactManagerBridge.findArtifact.ms,1788221986173000000,1788222046170000000,0
compiler.ArtifactManagerBridge.dropMappings.ms,1788221986173000000,1788222046170000000,0
compiler.ArtifactManagerBridge.initBridges.ms,1788221986173000000,1788222046170000000,0
compiler.ArtifactManagerBridge.getArtifactsByType.ms,1788221986173000000,1788222046170000000,0
compiler.ArtifactManagerBridge.getArtifacts.ms,1788221986173000000,1788222046170000000,0
compiler.ArtifactVirtualFileListener.filePathChanged.ms,1788221986173000000,1788222046170000000,0
compiler.ArtifactManagerBridge.addArtifact.ms,1788221986173000000,1788222046170000000,0
FileNameCache.totalMisses,1788221986173000000,1788222046170000000,0
VFS.fileChildByName,1788221986173000000,1788222046170000000,0
VFS.fileByIdCache.misses,1788221986173000000,1788222046170000000,0
FileNameCache.queries,1788221986173000000,1788222046170000000,0
VFS.fileByIdCache.hits,1788221986173000000,1788222046170000000,0
VFS.invertedFileNameIndex.requests,1788221986173000000,1788222046170000000,0
OS.loadAverage,1788221986173000000,1788222046170000000,3.8603515625
JVM.totalDirectByteBuffersBytes,1788221986173000000,1788222046170000000,220706705
JVM.usedHeapBytes,1788221986173000000,1788222046170000000,315839888
JVM.newThreadsCount,1788221986173000000,1788222046170000000,0
JVM.usedNativeBytes,1788221986173000000,1788222046170000000,303441664
JVM.threadCount,1788221986173000000,1788222046170000000,58
JVM.GC.collectionTimesMs,1788221986173000000,1788222046170000000,0
JVM.totalBytesAllocated,1788221986173000000,1788222046170000000,9727832
JVM.maxHeapBytes,1788221986173000000,1788222046170000000,2147483648
JVM.maxThreadCount,1788221986173000000,1788222046170000000,188
JVM.GC.collections,1788221986173000000,1788222046170000000,0
JVM.totalCpuTimeMs,1788221986173000000,1788222046170000000,906
FilePageCacheLockFree.totalPagesWriteMs,1788221986173000000,1788222046170000000,0
StorageLockContext.competingThreads.90P,1788221986173000000,1788222046170000000,0
MappedFileStorage.totalBytesMapped,1788221986173000000,1788222046170000000,177471488
FilePageCache.maxRegisteredFiles,1788221986173000000,1788222046170000000,555
FilePageCacheLockFree.totalNativeBytesReclaimed,1788221986173000000,1788222046170000000,0
DirectByteBufferAllocator.totalSizeOfBuffersCachedInBytes,1788221986173000000,1788222046170000000,0
StorageLockContext.competingThreads.max,1788221986173000000,1788222046170000000,0
FilePageCacheLockFree.nativeBytesInUse,1788221986173000000,1788222046170000000,0
FilePageCacheLockFree.totalPagesRequestsMs,1788221986173000000,1788222046170000000,0
DirectByteBufferAllocator.hits,1788221986173000000,1788222046170000000,0
FilePageCache.uncachedFileAccess,1788221986173000000,1788222046170000000,0
DirectByteBufferAllocator.disposed,1788221986173000000,1788222046170000000,0
MappedFileStorage.totalPagesMapped,1788221986173000000,1788222046170000000,10
StreamlinedBlobStorage.recordsDeleted,1788221986173000000,1788222046170000000,0
StreamlinedBlobStorage.totalLiveRecordsPayloadBytes,1788221986173000000,1788222046170000000,0
FilePageCacheLockFree.totalPageAllocationsWaited,1788221986173000000,1788222046170000000,0
FilePageCacheLockFree.totalBytesRead,1788221986173000000,1788222046170000000,0
FilePageCacheLockFree.housekeeperTurnsDone,1788221986173000000,1788222046170000000,0
FilePageCacheLockFree.housekeeperTimeSpentMs,1788221986173000000,1788222046170000000,0
FilePageCacheLockFree.totalClosedStoragesReclaimed,1788221986173000000,1788222046170000000,0
FilePageCacheLockFree.totalBytesRequested,1788221986173000000,1788222046170000000,0
DirectByteBufferAllocator.misses,1788221986173000000,1788222046170000000,0
FilePageCacheLockFree.totalBytesWritten,1788221986173000000,1788222046170000000,0
FilePageCacheLockFree.totalNativeBytesAllocated,1788221986173000000,1788222046170000000,0
FilePageCacheLockFree.totalHeapBytesReclaimed,1788221986173000000,1788222046170000000,0
FilePageCacheLockFree.totalPagesRequested,1788221986173000000,1788222046170000000,0
FilePageCache.pageFastCacheHits,1788221986173000000,1788222046170000000,0
FilePageCacheLockFree.totalPagesWritten,1788221986173000000,1788222046170000000,0
FilePageCacheLockFree.totalHeapBytesAllocated,1788221986173000000,1788222046170000000,0
FilePageCacheLockFree.housekeeperTurnsSkipped,1788221986173000000,1788222046170000000,0
FilePageCache.pageLoadsAboveSizeThreshold,1788221986173000000,1788222046170000000,0
MappedFileStorage.storages,1788221986173000000,1788222046170000000,10
FilePageCacheLockFree.totalPagesHandedOver,1788221986173000000,1788222046170000000,0
FilePageCache.pageHits,1788221986173000000,1788222046170000000,0
StorageLockContext.competingThreads.avg,1788221986173000000,1788222046170000000,0.0
FilePageCache.capacityInBytes,1788221986173000000,1788222046170000000,503316478
MappedFileStorage.totalTimeSpentOnMappingUs,1788221986173000000,1788222046170000000,9250
StreamlinedBlobStorage.totalLiveRecordsCapacityBytes,1788221986173000000,1788222046170000000,0
FilePageCache.maxCacheSizeInBytes,1788221986173000000,1788222046170000000,219168768
DirectByteBufferAllocator.totalSizeOfBuffersAllocatedInBytes,1788221986173000000,1788222046170000000,219168768
StreamlinedBlobStorage.recordsRelocated,1788221986173000000,1788222046170000000,0
DirectByteBufferAllocator.reclaimed,1788221986173000000,1788222046170000000,0
FilePageCache.disposedBuffers,1788221986173000000,1788222046170000000,0
FilePageCache.pageLoads,1788221986173000000,1788222046170000000,0
FilePageCacheLockFree.totalPagesReclaimed,1788221986173000000,1788222046170000000,0
FilePageCacheLockFree.totalPagesAllocated,1788221986173000000,1788222046170000000,0
FileChannelInterruptsRetryer.totalRetriedAttempts,1788221986173000000,1788222046170000000,0
FilePageCacheLockFree.totalPagesReadMs,1788221986173000000,1788222046170000000,0
FilePageCache.totalPageDisposalsUs,1788221986173000000,1788222046170000000,0
StreamlinedBlobStorage.recordsAllocated,1788221986173000000,1788222046170000000,0
FilePageCacheLockFree.heapBytesInUse,1788221986173000000,1788222046170000000,0
FilePageCache.totalPageLoadsUs,1788221986173000000,1788222046170000000,0
writeAction.wait.ms,1788222046170000000,1788222052857000000,0
writeAction.count,1788222046170000000,1788222052857000000,0
writeAction.max.wait.ms,1788222046170000000,1788222052857000000,6
writeAction.median.wait.ms,1788222046170000000,1788222052857000000,0
FlushQueue.executionTimeMaxNs,1788222046170000000,1788222052857000000,0
FlushQueue.executionTimeAvgNs,1788222046170000000,1788222052857000000,0.0
FlushQueue.waitingTimeAvgNs,1788222046170000000,1788222052857000000,0.0
NonBlockingReadAction.finalizedExecutionsCount,1788222046170000000,1788222052857000000,6
AWTEventQueue.dispatchTimeTotalNS,1788222046170000000,1788222052857000000,3053944
WriteAction.executionsCount,1788222046170000000,1788222052857000000,0
FlushQueue.queueSize90P,1788222046170000000,1788222052857000000,0
AWTEventQueue.dispatchTimeMaxNs,1788222046170000000,1788222052857000000,0
NonBlockingReadAction.failedExecutionsCount,1788222046170000000,1788222052857000000,0
FlushQueue.queueSizeAvg,1788222046170000000,1788222052857000000,0.0
AWTEventQueue.dispatchTime90PNs,1788222046170000000,1788222052857000000,0
AWTEventQueue.dispatchTimeAvgNs,1788222046170000000,1788222052857000000,0.0
FlushQueue.waitingTime90PNs,1788222046170000000,1788222052857000000,0
NonBlockingReadAction.finalizedExecutionTimeUs,1788222046170000000,1788222052857000000,11360
NonBlockingReadAction.failedExecutionTimeUs,1788222046170000000,1788222052857000000,0
FlushQueue.tasksExecuted,1788222046170000000,1788222052857000000,0
FlushQueue.queueSizeMax,1788222046170000000,1788222052857000000,0
ReadAction.executionsCount,1788222046170000000,1788222052857000000,89
AWTEventQueue.eventsDispatched,1788222046170000000,1788222052857000000,0
FlushQueue.executionTime90PNs,1788222046170000000,1788222052857000000,0
FlushQueue.waitingTimeMaxNs,1788222046170000000,1788222052857000000,0
cacheStateStorage.set.counter,1788222046170000000,1788222052857000000,0
cacheStateStorage.set.duration,1788222046170000000,1788222052857000000,0
cacheStateStorage.get.counter,1788222046170000000,1788222052857000000,0
cacheStateStorage.get.duration,1788222046170000000,1788222052857000000,0
workspaceModel.cachedValueWithParameters.calculated.ms,1788222046170000000,1788222052857000000,0
workspaceModel.workspaceFileIndexData.init.ms,1788222046170000000,1788222052857000000,0
workspaceModel.cachedValue.from.cache.ms,1788222046170000000,1788222052857000000,0
workspaceModel.full.replace.project.model.ms,1788222046170000000,1788222052857000000,0
workspaceModel.loading.total.ms,1788222046170000000,1788222052857000000,0
workspaceModel.workspaceFileIndexData.markDirty.ms,1788222046170000000,1788222052857000000,0
workspaceModel.cachedValue.total.get.ms,1788222046170000000,1788222052857000000,1
workspaceModel.cachedValue.clear.ms,1788222046170000000,1788222052857000000,0
workspaceModel.cachedValue.calculated.ms,1788222046170000000,1788222052857000000,1
workspaceModel.cachedValueWithParameters.total.get.ms,1788222046170000000,1788222052857000000,0
workspaceModel.collect.changes.ms,1788222046170000000,1788222052857000000,0
workspaceModel.updates.precise.ms,1788222046170000000,1788222052857000000,0
workspaceModel.workspaceFileIndexData.instances.count,1788222046170000000,1788222052857000000,0
workspaceModel.cachedValueWithParameters.clear.ms,1788222046170000000,1788222052857000000,0
workspaceModel.loading.from.cache.ms,1788222046170000000,1788222052857000000,0
workspaceModel.pre.handlers.ms,1788222046170000000,1788222052857000000,0
workspaceModel.update.unloaded.entities.ms,1788222046170000000,1788222052857000000,0
workspaceModel.workspaceFileIndexData.updateDirtyEntities.ms,1788222046170000000,1788222052857000000,0
workspaceModel.entityStorageSnapshotImpl.instances.count,1788222046170000000,1788222052857000000,0
workspaceModel.replace.project.model.ms,1788222046170000000,1788222052857000000,0
workspaceModel.check.recursive.update.ms,1788222046170000000,1788222052857000000,0
workspaceModel.workspaceFileIndexData.getDirectoriesByPackageName.ms,1788222046170000000,1788222052857000000,0
workspaceModel.updates.count,1788222046170000000,1788222052857000000,0
workspaceModel.workspaceFileIndexData.getFileInfo.ms,1788222046170000000,1788222052857000000,2
workspaceModel.updates.ms,1788222046170000000,1788222052857000000,0
workspaceModel.workspaceFileIndexData.visitFileSets.ms,1788222046170000000,1788222052857000000,0
workspaceModel.cachedValueWithParameters.from.cache.ms,1788222046170000000,1788222052857000000,0
workspaceModel.workspaceFileIndexData.processFileSets.ms,1788222046170000000,1788222052857000000,0
workspaceModel.init.bridges.ms,1788222046170000000,1788222052857000000,0
workspaceModel.workspaceFileIndexData.onEntitiesChanged.ms,1788222046170000000,1788222052857000000,0
workspaceModel.to.snapshot.ms,1788222046170000000,1788222052857000000,0
workspaceModel.workspaceFileIndexData.getPackageName.ms,1788222046170000000,1788222052857000000,0
workspaceModel.workspaceFileIndexContributor.registerFileSets.ms,1788222046170000000,1788222052857000000,0
workspaceModel.initializing.ms,1788222046170000000,1788222052857000000,0
Indexes.stubs.lookupDuration90PMs,1788222046170000000,1788222052857000000,0.0
Indexes.stubs.lookupDurationAvgMs,1788222046170000000,1788222052857000000,0.0
Indexes.allKeys.lookups,1788222046170000000,1788222052857000000,0.0
Indexes.entries.lookupDurationMaxMs,1788222046170000000,1788222052857000000,0.0
Indexes.stubs.lookups,1788222046170000000,1788222052857000000,0.0
Indexes.entries.lookupDurationAvgMs,1788222046170000000,1788222052857000000,0.0
Indexes.entries.lookups,1788222046170000000,1788222052857000000,0.0
Indexes.stubs.lookupDurationMaxMs,1788222046170000000,1788222052857000000,0.0
Indexes.allKeys.lookupDuration90PMs,1788222046170000000,1788222052857000000,0.0
Indexes.allKeys.lookupDurationAvgMs,1788222046170000000,1788222052857000000,0.0
Indexes.entries.lookupDuration90PMs,1788222046170000000,1788222052857000000,0.0
Indexes.allKeys.lookupDurationMaxMs,1788222046170000000,1788222052857000000,0.0
workspaceModel.global.apply.state.to.project.ms,1788222046170000000,1788222052857000000,0
workspaceModel.moduleManagerBridge.build.module.graph.ms,1788222046170000000,1788222052857000000,0
workspaceModel.moduleManagerBridge.load.module.ms,1788222046170000000,1788222052857000000,0
workspaceModel.moduleManagerBridge.set.unloadedModules.ms,1788222046170000000,1788222052857000000,0
workspaceModel.mutableEntityStorage.apply.changes.from.ms,1788222046170000000,1788222052857000000,0
workspaceModel.mutableEntityStorage.referrers.ms,1788222046170000000,1788222052857000000,0
workspaceModel.mutableEntityStorage.to.snapshot.ms,1788222046170000000,1788222052857000000,0
jps.app.storage.content.writer.save.component.ms,1788222046170000000,1788222052857000000,0
workspaceModel.mutableEntityStorage.entities.by.source.ms,1788222046170000000,1788222052857000000,0
jps.module.iml.entities.serializer.save.entities.ms,1788222046170000000,1788222052857000000,0
jps.library.entities.serializer.load.entities.ms,1788222046170000000,1788222052857000000,0
workspaceModel.orphan.listener.update.ms,1788222046170000000,1788222052857000000,0
workspaceModel.mutableEntityStorage.resolve.ms,1788222046170000000,1788222052857000000,0
workspaceModel.moduleManagerBridge.newModule.ms,1788222046170000000,1788222052857000000,0
jps.global.handle.before.change.events.ms,1788222046170000000,1788222052857000000,0
jps.storage.jps.conf.reader.load.component.ms,1788222046170000000,1788222052857000000,0
workspaceModel.moduleBridge.update.option.ms,1788222046170000000,1788222052857000000,0
workspaceModel.global.updates.ms,1788222046170000000,1788222052857000000,0
workspaceModel.moduleManagerBridge.get.modules.ms,1788222046170000000,1788222052857000000,0
workspaceModel.moduleBridgeLoader.loading.modules.ms,1788222046170000000,1788222052857000000,0
jps.save.changed.project.entities.ms,1788222046170000000,1788222052857000000,0
jps.library.entities.serializer.save.entities.ms,1788222046170000000,1788222052857000000,0
workspaceModel.mutableEntityStorage.replace.by.source.ms,1788222046170000000,1788222052857000000,0
jps.project.serializers.save.ms,1788222046170000000,1788222052857000000,0
jps.global.get.libraries.ms,1788222046170000000,1788222052857000000,0
jps.facet.change.listener.process.change.events.ms,1788222046170000000,1788222052857000000,0
workspaceModel.save.cache.to.file.ms,1788222046170000000,1788222052857000000,0
workspaceModel.delayed.project.synchronizer.sync.ms,1788222046170000000,1788222052857000000,0
jps.project.serializers.load.ms,1788222046170000000,1788222052857000000,0
jps.load.initial.state.ms,1788222046170000000,1788222052857000000,0
workspaceModel.mutableEntityStorage.has.same.entities.ms,1788222046170000000,1788222052857000000,0
jps.reload.project.entities.ms,1788222046170000000,1788222052857000000,0
workspaceModel.global.updates.count,1788222046170000000,1788222052857000000,0
jps.module.iml.entities.serializer.load.entities.ms,1788222046170000000,1788222052857000000,0
jps.app.storage.content.reader.load.component.ms,1788222046170000000,1788222052857000000,0
workspaceModel.mutableEntityStorage.put.entity.ms,1788222046170000000,1788222052857000000,0
workspaceModel.moduleManagerBridge.create.module.instance.ms,1788222046170000000,1788222052857000000,0
jps.global.get.library.ms,1788222046170000000,1788222052857000000,0
jps.facet.change.listener.before.change.events.ms,1788222046170000000,1788222052857000000,0
workspaceModel.moduleManagerBridge.new.nonPersistent.module.ms,1788222046170000000,1788222052857000000,0
workspaceModel.load.cache.from.file.ms,1788222046170000000,1788222052857000000,0
workspaceModel.mutableEntityStorage.mutable.vfurl.index.ms,1788222046170000000,1788222052857000000,0
jps.artifact.entities.serializer.save.entities.ms,1788222046170000000,1788222052857000000,0
jps.artifact.entities.serializer.load.entities.ms,1788222046170000000,1788222052857000000,0
jps.global.handle.changed.events.ms,1788222046170000000,1788222052857000000,0
jps.global.initialize.library.bridges.ms,1788222046170000000,1788222052857000000,0
jps.apply.loaded.storage.ms,1788222046170000000,1788222052857000000,0
workspaceModel.mutableEntityStorage.instances.count,1788222046170000000,1788222052857000000,0
jps.global.get.library.by.name.ms,1788222046170000000,1788222052857000000,0
workspaceModel.do.save.caches.ms,1788222046170000000,1788222052857000000,0
jps.facet.change.listener.init.bridge.ms,1788222046170000000,1788222052857000000,0
workspaceModel.moduleBridge.before.changed.ms,1788222046170000000,1788222052857000000,0
workspaceModel.mutableEntityStorage.mutable.ext.mapping.ms,1788222046170000000,1788222052857000000,0
jps.save.global.entities.ms,1788222046170000000,1788222052857000000,0
workspaceModel.sync.entities.ms,1788222046170000000,1788222052857000000,0
workspaceModel.moduleManagerBridge.load.all.modules.ms,1788222046170000000,1788222052857000000,0
workspaceModel.global.apply.state.to.project.builder.ms,1788222046170000000,1788222052857000000,0
workspaceModel.load.cache.metadata.from.file.ms,1788222046170000000,1788222052857000000,0
workspaceModel.moduleBridge.facet.initialization.ms,1788222046170000000,1788222052857000000,0
jps.global.initialize.library.bridges.after.loading.ms,1788222046170000000,1788222052857000000,0
workspaceModel.mutableEntityStorage.remove.entity.ms,1788222046170000000,1788222052857000000,0
workspaceModel.mutableEntityStorage.modify.entity.ms,1788222046170000000,1788222052857000000,0
jps.load.project.to.empty.storage.ms,1788222046170000000,1788222052857000000,0
workspaceModel.mutableEntityStorage.collect.changes.ms,1788222046170000000,1788222052857000000,0
workspaceModel.mutableEntityStorage.add.entity.ms,1788222046170000000,1788222052857000000,0
workspaceModel.mutableEntityStorage.entities.ms,1788222046170000000,1788222052857000000,0
compiler.ArtifactManagerBridge.commit.ms,1788222046170000000,1788222052857000000,0
compiler.ArtifactVirtualFileListener.propertyChanged.ms,1788222046170000000,1788222052857000000,0
compiler.ArtifactManagerBridge.findArtifact.ms,1788222046170000000,1788222052857000000,0
compiler.ArtifactManagerBridge.dropMappings.ms,1788222046170000000,1788222052857000000,0
compiler.ArtifactManagerBridge.initBridges.ms,1788222046170000000,1788222052857000000,0
compiler.ArtifactManagerBridge.getArtifactsByType.ms,1788222046170000000,1788222052857000000,0
compiler.ArtifactManagerBridge.getArtifacts.ms,1788222046170000000,1788222052857000000,0
compiler.ArtifactVirtualFileListener.filePathChanged.ms,1788222046170000000,1788222052857000000,0
compiler.ArtifactManagerBridge.addArtifact.ms,1788222046170000000,1788222052857000000,0
VFS.fileChildByName,1788222046170000000,1788222052857000000,74
VFS.fileByIdCache.misses,1788222046170000000,1788222052857000000,0
VFS.fileByIdCache.hits,1788222046170000000,1788222052857000000,0
VFS.invertedFileNameIndex.requests,1788222046170000000,1788222052857000000,1
OS.loadAverage,1788222046170000000,1788222052857000000,3.630859375
JVM.totalDirectByteBuffersBytes,1788222046170000000,1788222052857000000,47687767
JVM.usedHeapBytes,1788222046170000000,1788222052857000000,347297168
JVM.newThreadsCount,1788222046170000000,1788222052857000000,17
JVM.usedNativeBytes,1788222046170000000,1788222052857000000,313588880
JVM.threadCount,1788222046170000000,1788222052857000000,73
JVM.GC.collectionTimesMs,1788222046170000000,1788222052857000000,0
JVM.totalBytesAllocated,1788222046170000000,1788222052857000000,29393488
JVM.maxHeapBytes,1788222046170000000,1788222052857000000,2147483648
JVM.maxThreadCount,1788222046170000000,1788222052857000000,188
JVM.GC.collections,1788222046170000000,1788222052857000000,0
JVM.totalCpuTimeMs,1788222046170000000,1788222052857000000,1331
FilePageCacheLockFree.totalPagesWriteMs,1788222046170000000,1788222052857000000,0
StorageLockContext.competingThreads.90P,1788222046170000000,1788222052857000000,0
MappedFileStorage.totalBytesMapped,1788222046170000000,1788222052857000000,0
FilePageCache.maxRegisteredFiles,1788222046170000000,1788222052857000000,555
FilePageCacheLockFree.totalNativeBytesReclaimed,1788222046170000000,1788222052857000000,0
DirectByteBufferAllocator.totalSizeOfBuffersCachedInBytes,1788222046170000000,1788222052857000000,41959424
StorageLockContext.competingThreads.max,1788222046170000000,1788222052857000000,0
FilePageCacheLockFree.nativeBytesInUse,1788222046170000000,1788222052857000000,0
FilePageCacheLockFree.totalPagesRequestsMs,1788222046170000000,1788222052857000000,0
DirectByteBufferAllocator.hits,1788222046170000000,1788222052857000000,0
FilePageCache.uncachedFileAccess,1788222046170000000,1788222052857000000,0
DirectByteBufferAllocator.disposed,1788222046170000000,1788222052857000000,165
MappedFileStorage.totalPagesMapped,1788222046170000000,1788222052857000000,0
FilePageCacheLockFree.totalPageAllocationsWaited,1788222046170000000,1788222052857000000,0
FilePageCacheLockFree.totalBytesRead,1788222046170000000,1788222052857000000,0
FilePageCacheLockFree.housekeeperTurnsDone,1788222046170000000,1788222052857000000,0
FilePageCacheLockFree.housekeeperTimeSpentMs,1788222046170000000,1788222052857000000,0
FilePageCacheLockFree.totalClosedStoragesReclaimed,1788222046170000000,1788222052857000000,0
FilePageCacheLockFree.totalBytesRequested,1788222046170000000,1788222052857000000,0
DirectByteBufferAllocator.misses,1788222046170000000,1788222052857000000,0
FilePageCacheLockFree.totalBytesWritten,1788222046170000000,1788222052857000000,0
FilePageCacheLockFree.totalNativeBytesAllocated,1788222046170000000,1788222052857000000,0
FilePageCacheLockFree.totalHeapBytesReclaimed,1788222046170000000,1788222052857000000,0
FilePageCacheLockFree.totalPagesRequested,1788222046170000000,1788222052857000000,0
FilePageCache.pageFastCacheHits,1788222046170000000,1788222052857000000,0
FilePageCacheLockFree.totalPagesWritten,1788222046170000000,1788222052857000000,0
FilePageCacheLockFree.totalHeapBytesAllocated,1788222046170000000,1788222052857000000,0
FilePageCacheLockFree.housekeeperTurnsSkipped,1788222046170000000,1788222052857000000,0
FilePageCache.pageLoadsAboveSizeThreshold,1788222046170000000,1788222052857000000,0
MappedFileStorage.storages,1788222046170000000,1788222052857000000,0
FilePageCacheLockFree.totalPagesHandedOver,1788222046170000000,1788222052857000000,0
FilePageCache.pageHits,1788222046170000000,1788222052857000000,0
StorageLockContext.competingThreads.avg,1788222046170000000,1788222052857000000,0.0
FilePageCache.capacityInBytes,1788222046170000000,1788222052857000000,503316478
MappedFileStorage.totalTimeSpentOnMappingUs,1788222046170000000,1788222052857000000,9250
FilePageCache.maxCacheSizeInBytes,1788222046170000000,1788222052857000000,219168768
DirectByteBufferAllocator.totalSizeOfBuffersAllocatedInBytes,1788222046170000000,1788222052857000000,46153728
DirectByteBufferAllocator.reclaimed,1788222046170000000,1788222052857000000,42
FilePageCache.disposedBuffers,1788222046170000000,1788222052857000000,207
FilePageCache.pageLoads,1788222046170000000,1788222052857000000,0
FilePageCacheLockFree.totalPagesReclaimed,1788222046170000000,1788222052857000000,0
FilePageCacheLockFree.totalPagesAllocated,1788222046170000000,1788222052857000000,0
FileChannelInterruptsRetryer.totalRetriedAttempts,1788222046170000000,1788222052857000000,0
FilePageCacheLockFree.totalPagesReadMs,1788222046170000000,1788222052857000000,0
FilePageCache.totalPageDisposalsUs,1788222046170000000,1788222052857000000,0
FilePageCacheLockFree.heapBytesInUse,1788222046170000000,1788222052857000000,0
FilePageCache.totalPageLoadsUs,1788222046170000000,1788222052857000000,0
