# OpenTelemetry Metrics report: .csv, 4 fields: 
# <metric name>, <period start, nanoseconds>, <period end, nanoseconds>, <metric value>
# See CsvMetricsExporter for details.
# 
# NAME, PERIOD_START_NANOS, PERIOD_END_NANOS, VALUE
DirectByteBufferAllocator.reclaimed,1788134523071000000,1788134583136000000,3
StreamlinedBlobStorage.totalLiveRecordsCapacityBytes,1788134523071000000,1788134583136000000,213058
FilePageCacheLockFree.totalClosedStoragesReclaimed,1788134523071000000,1788134583136000000,0
DirectByteBufferAllocator.totalSizeOfBuffersCachedInBytes,1788134523071000000,1788134583136000000,0
FilePageCacheLockFree.housekeeperTurnsSkipped,1788134523071000000,1788134583136000000,0
FilePageCacheLockFree.totalPagesAllocated,1788134523071000000,1788134583136000000,0
FilePageCacheLockFree.totalNativeBytesAllocated,1788134523071000000,1788134583136000000,0
FilePageCacheLockFree.totalPageAllocationsWaited,1788134523071000000,1788134583136000000,0
FilePageCacheLockFree.totalBytesWritten,1788134523071000000,1788134583136000000,0
FilePageCacheLockFree.totalPagesReadMs,1788134523071000000,1788134583136000000,0
FilePageCache.pageFastCacheHits,1788134523071000000,1788134583136000000,4386
FileChannelInterruptsRetryer.totalRetriedAttempts,1788134523071000000,1788134583136000000,0
FilePageCacheLockFree.totalNativeBytesReclaimed,1788134523071000000,1788134583136000000,0
FilePageCache.disposedBuffers,1788134523071000000,1788134583136000000,3
FilePageCache.totalPageLoadsUs,1788134523071000000,1788134583136000000,247214
FilePageCacheLockFree.totalPagesReclaimed,1788134523071000000,1788134583136000000,0
StreamlinedBlobStorage.recordsAllocated,1788134523071000000,1788134583136000000,2665
FilePageCache.maxCacheSizeInBytes,1788134523071000000,1788134583136000000,212877312
FilePageCache.maxRegisteredFiles,1788134523071000000,1788134583136000000,555
StreamlinedBlobStorage.recordsRelocated,1788134523071000000,1788134583136000000,0
FilePageCacheLockFree.heapBytesInUse,1788134523071000000,1788134583136000000,0
StreamlinedBlobStorage.totalLiveRecordsPayloadBytes,1788134523071000000,1788134583136000000,69851
FilePageCacheLockFree.totalPagesWriteMs,1788134523071000000,1788134583136000000,0
FilePageCacheLockFree.totalPagesRequestsMs,1788134523071000000,1788134583136000000,0
FilePageCacheLockFree.totalHeapBytesAllocated,1788134523071000000,1788134583136000000,0
FilePageCache.pageHits,1788134523071000000,1788134583136000000,0
FilePageCacheLockFree.totalPagesWritten,1788134523071000000,1788134583136000000,0
FilePageCacheLockFree.totalBytesRead,1788134523071000000,1788134583136000000,0
FilePageCacheLockFree.totalPagesRequested,1788134523071000000,1788134583136000000,0
DirectByteBufferAllocator.disposed,1788134523071000000,1788134583136000000,0
DirectByteBufferAllocator.totalSizeOfBuffersAllocatedInBytes,1788134523071000000,1788134583136000000,212877312
DirectByteBufferAllocator.hits,1788134523071000000,1788134583136000000,3
StorageLockContext.competingThreads.90P,1788134523071000000,1788134583136000000,0
StorageLockContext.competingThreads.avg,1788134523071000000,1788134583136000000,0.0
FilePageCache.pageLoads,1788134523071000000,1788134583136000000,208
StreamlinedBlobStorage.recordsDeleted,1788134523071000000,1788134583136000000,19
FilePageCacheLockFree.housekeeperTimeSpentMs,1788134523071000000,1788134583136000000,0
FilePageCacheLockFree.nativeBytesInUse,1788134523071000000,1788134583136000000,0
MappedFileStorage.totalTimeSpentOnMappingUs,1788134523071000000,1788134583136000000,6876
FilePageCacheLockFree.totalPagesHandedOver,1788134523071000000,1788134583136000000,0
DirectByteBufferAllocator.misses,1788134523071000000,1788134583136000000,205
FilePageCacheLockFree.totalHeapBytesReclaimed,1788134523071000000,1788134583136000000,0
MappedFileStorage.totalBytesMapped,1788134523071000000,1788134583136000000,177471488
FilePageCache.totalPageDisposalsUs,1788134523071000000,1788134583136000000,2089
FilePageCacheLockFree.housekeeperTurnsDone,1788134523071000000,1788134583136000000,0
MappedFileStorage.storages,1788134523071000000,1788134583136000000,10
FilePageCache.pageLoadsAboveSizeThreshold,1788134523071000000,1788134583136000000,0
FilePageCache.uncachedFileAccess,1788134523071000000,1788134583136000000,118
FilePageCache.capacityInBytes,1788134523071000000,1788134583136000000,503316478
MappedFileStorage.totalPagesMapped,1788134523071000000,1788134583136000000,10
FilePageCacheLockFree.totalBytesRequested,1788134523071000000,1788134583136000000,0
StorageLockContext.competingThreads.max,1788134523071000000,1788134583136000000,0
FileNameCache.queries,1788134523071000000,1788134583136000000,11520
VFS.fileByIdCache.hits,1788134523071000000,1788134583136000000,0
FileNameCache.totalMisses,1788134523071000000,1788134583136000000,512
VFS.invertedFileNameIndex.requests,1788134523071000000,1788134583136000000,1
VFS.fileChildByName,1788134523071000000,1788134583136000000,1349
VFS.fileByIdCache.misses,1788134523071000000,1788134583136000000,23
compiler.ArtifactManagerBridge.addArtifact.ms,1788134523071000000,1788134583136000000,0
compiler.ArtifactVirtualFileListener.propertyChanged.ms,1788134523071000000,1788134583136000000,0
compiler.ArtifactVirtualFileListener.filePathChanged.ms,1788134523071000000,1788134583136000000,0
compiler.ArtifactManagerBridge.dropMappings.ms,1788134523071000000,1788134583136000000,0
compiler.ArtifactManagerBridge.commit.ms,1788134523071000000,1788134583136000000,0
compiler.ArtifactManagerBridge.getArtifacts.ms,1788134523071000000,1788134583136000000,0
compiler.ArtifactManagerBridge.initBridges.ms,1788134523071000000,1788134583136000000,0
compiler.ArtifactManagerBridge.getArtifactsByType.ms,1788134523071000000,1788134583136000000,1
compiler.ArtifactManagerBridge.findArtifact.ms,1788134523071000000,1788134583136000000,0
jps.facet.change.listener.process.change.events.ms,1788134523071000000,1788134583136000000,1
workspaceModel.mutableEntityStorage.modify.entity.ms,1788134523071000000,1788134583136000000,1
jps.load.initial.state.ms,1788134523071000000,1788134583136000000,22
jps.artifact.entities.serializer.load.entities.ms,1788134523071000000,1788134583136000000,0
workspaceModel.mutableEntityStorage.mutable.vfurl.index.ms,1788134523071000000,1788134583136000000,0
workspaceModel.load.cache.from.file.ms,1788134523071000000,1788134583136000000,149
jps.global.get.libraries.ms,1788134523071000000,1788134583136000000,0
jps.save.changed.project.entities.ms,1788134523071000000,1788134583136000000,1
jps.facet.change.listener.init.bridge.ms,1788134523071000000,1788134583136000000,0
workspaceModel.mutableEntityStorage.remove.entity.ms,1788134523071000000,1788134583136000000,0
jps.save.global.entities.ms,1788134523071000000,1788134583136000000,3
workspaceModel.mutableEntityStorage.entities.by.source.ms,1788134523071000000,1788134583136000000,0
jps.app.storage.content.reader.load.component.ms,1788134523071000000,1788134583136000000,1
workspaceModel.global.updates.ms,1788134523071000000,1788134583136000000,0
workspaceModel.save.cache.to.file.ms,1788134523071000000,1788134583136000000,32
jps.artifact.entities.serializer.save.entities.ms,1788134523071000000,1788134583136000000,0
jps.facet.change.listener.before.change.events.ms,1788134523071000000,1788134583136000000,0
jps.project.serializers.save.ms,1788134523071000000,1788134583136000000,1
workspaceModel.moduleManagerBridge.new.nonPersistent.module.ms,1788134523071000000,1788134583136000000,0
workspaceModel.mutableEntityStorage.apply.changes.from.ms,1788134523071000000,1788134583136000000,7
jps.global.handle.before.change.events.ms,1788134523071000000,1788134583136000000,0
workspaceModel.sync.entities.ms,1788134523071000000,1788134583136000000,0
workspaceModel.moduleBridge.facet.initialization.ms,1788134523071000000,1788134583136000000,1
workspaceModel.global.apply.state.to.project.builder.ms,1788134523071000000,1788134583136000000,1
workspaceModel.orphan.listener.update.ms,1788134523071000000,1788134583136000000,4
workspaceModel.moduleManagerBridge.load.module.ms,1788134523071000000,1788134583136000000,0
workspaceModel.mutableEntityStorage.to.snapshot.ms,1788134523071000000,1788134583136000000,3
workspaceModel.moduleBridge.update.option.ms,1788134523071000000,1788134583136000000,0
jps.reload.project.entities.ms,1788134523071000000,1788134583136000000,0
workspaceModel.mutableEntityStorage.instances.count,1788134523071000000,1788134583136000000,21
workspaceModel.moduleManagerBridge.create.module.instance.ms,1788134523071000000,1788134583136000000,0
jps.module.iml.entities.serializer.load.entities.ms,1788134523071000000,1788134583136000000,23
jps.project.serializers.load.ms,1788134523071000000,1788134583136000000,43
jps.global.initialize.library.bridges.ms,1788134523071000000,1788134583136000000,0
jps.apply.loaded.storage.ms,1788134523071000000,1788134583136000000,21
jps.app.storage.content.writer.save.component.ms,1788134523071000000,1788134583136000000,1
workspaceModel.moduleManagerBridge.set.unloadedModules.ms,1788134523071000000,1788134583136000000,0
workspaceModel.moduleBridgeLoader.loading.modules.ms,1788134523071000000,1788134583136000000,429
workspaceModel.mutableEntityStorage.resolve.ms,1788134523071000000,1788134583136000000,0
jps.global.get.library.ms,1788134523071000000,1788134583136000000,0
jps.global.initialize.library.bridges.after.loading.ms,1788134523071000000,1788134583136000000,1
workspaceModel.mutableEntityStorage.collect.changes.ms,1788134523071000000,1788134583136000000,0
workspaceModel.moduleBridge.before.changed.ms,1788134523071000000,1788134583136000000,0
workspaceModel.mutableEntityStorage.add.entity.ms,1788134523071000000,1788134583136000000,18
workspaceModel.mutableEntityStorage.mutable.ext.mapping.ms,1788134523071000000,1788134583136000000,1
workspaceModel.moduleManagerBridge.load.all.modules.ms,1788134523071000000,1788134583136000000,116
workspaceModel.mutableEntityStorage.has.same.entities.ms,1788134523071000000,1788134583136000000,0
workspaceModel.mutableEntityStorage.put.entity.ms,1788134523071000000,1788134583136000000,3
workspaceModel.do.save.caches.ms,1788134523071000000,1788134583136000000,42
workspaceModel.load.cache.metadata.from.file.ms,1788134523071000000,1788134583136000000,13
workspaceModel.global.updates.count,1788134523071000000,1788134583136000000,0
workspaceModel.moduleManagerBridge.get.modules.ms,1788134523071000000,1788134583136000000,1
workspaceModel.mutableEntityStorage.replace.by.source.ms,1788134523071000000,1788134583136000000,9
jps.load.project.to.empty.storage.ms,1788134523071000000,1788134583136000000,87
jps.global.handle.changed.events.ms,1788134523071000000,1788134583136000000,0
workspaceModel.delayed.project.synchronizer.sync.ms,1788134523071000000,1788134583136000000,110
jps.global.get.library.by.name.ms,1788134523071000000,1788134583136000000,0
jps.storage.jps.conf.reader.load.component.ms,1788134523071000000,1788134583136000000,7
workspaceModel.mutableEntityStorage.referrers.ms,1788134523071000000,1788134583136000000,0
jps.library.entities.serializer.load.entities.ms,1788134523071000000,1788134583136000000,0
workspaceModel.mutableEntityStorage.entities.ms,1788134523071000000,1788134583136000000,0
workspaceModel.moduleManagerBridge.newModule.ms,1788134523071000000,1788134583136000000,0
workspaceModel.moduleManagerBridge.build.module.graph.ms,1788134523071000000,1788134583136000000,1
jps.module.iml.entities.serializer.save.entities.ms,1788134523071000000,1788134583136000000,0
workspaceModel.global.apply.state.to.project.ms,1788134523071000000,1788134583136000000,41
jps.library.entities.serializer.save.entities.ms,1788134523071000000,1788134583136000000,0
Indexes.stubs.lookupDurationMaxMs,1788134523071000000,1788134583136000000,0.0
Indexes.allKeys.lookupDurationMaxMs,1788134523071000000,1788134583136000000,0.0
Indexes.allKeys.lookupDurationAvgMs,1788134523071000000,1788134583136000000,0.0
IndexesFlusher.totalFlushesRetried,1788134523071000000,1788134583136000000,1
Indexes.entries.lookupDurationMaxMs,1788134523071000000,1788134583136000000,0.0
Indexes.stubs.lookupDurationAvgMs,1788134523071000000,1788134583136000000,0.0
IndexesFlusher.totalContentionQuotaSpent,1788134523071000000,1788134583136000000,24
Indexes.entries.lookupDurationAvgMs,1788134523071000000,1788134583136000000,0.0
Indexes.allKeys.lookups,1788134523071000000,1788134583136000000,0.0
Indexes.stubs.lookupDuration90PMs,1788134523071000000,1788134583136000000,0.0
IndexesFlusher.totalFlushes,1788134523071000000,1788134583136000000,59
Indexes.stubs.lookups,1788134523071000000,1788134583136000000,0.0
IndexesFlusher.totalFlushingTimeUs,1788134523071000000,1788134583136000000,343285
Indexes.entries.lookupDuration90PMs,1788134523071000000,1788134583136000000,0.0
Indexes.entries.lookups,1788134523071000000,1788134583136000000,0.0
Indexes.allKeys.lookupDuration90PMs,1788134523071000000,1788134583136000000,0.0
writeAction.wait.ms,1788134523071000000,1788134583136000000,11
writeAction.max.wait.ms,1788134523071000000,1788134583136000000,11
writeAction.median.wait.ms,1788134523071000000,1788134583136000000,0
writeAction.count,1788134523071000000,1788134583136000000,7
JVM.totalCpuTimeMs,1788134523071000000,1788134583136000000,58500
JVM.totalDirectByteBuffersBytes,1788134523071000000,1788134583136000000,215126768
JVM.usedHeapBytes,1788134523071000000,1788134583136000000,405208976
JVM.GC.collectionTimesMs,1788134523071000000,1788134583136000000,135
JVM.totalBytesAllocated,1788134523071000000,1788134583136000000,1231616512
JVM.GC.collections,1788134523071000000,1788134583136000000,19
JVM.maxThreadCount,1788134523071000000,1788134583136000000,157
JVM.threadCount,1788134523071000000,1788134583136000000,153
OS.loadAverage,1788134523071000000,1788134583136000000,2.751953125
JVM.newThreadsCount,1788134523071000000,1788134583136000000,175
JVM.usedNativeBytes,1788134523071000000,1788134583136000000,299342104
JVM.maxHeapBytes,1788134523071000000,1788134583136000000,2147483648
cacheStateStorage.set.duration,1788134523071000000,1788134583136000000,14
cacheStateStorage.get.counter,1788134523071000000,1788134583136000000,24
cacheStateStorage.get.duration,1788134523071000000,1788134583136000000,153
cacheStateStorage.set.counter,1788134523071000000,1788134583136000000,3
FlushQueue.tasksExecuted,1788134523071000000,1788134583136000000,0
AWTEventQueue.dispatchTime90PNs,1788134523071000000,1788134583136000000,0
FlushQueue.executionTime90PNs,1788134523071000000,1788134583136000000,0
NonBlockingReadAction.finalizedExecutionTimeUs,1788134523071000000,1788134583136000000,596304
FlushQueue.queueSizeMax,1788134523071000000,1788134583136000000,0
AWTEventQueue.dispatchTimeAvgNs,1788134523071000000,1788134583136000000,0.0
FlushQueue.queueSizeAvg,1788134523071000000,1788134583136000000,0.0
FlushQueue.waitingTime90PNs,1788134523071000000,1788134583136000000,0
NonBlockingReadAction.failedExecutionsCount,1788134523071000000,1788134583136000000,0
FlushQueue.executionTimeMaxNs,1788134523071000000,1788134583136000000,0
ReadAction.executionsCount,1788134523071000000,1788134583136000000,46021
AWTEventQueue.dispatchTimeMaxNs,1788134523071000000,1788134583136000000,0
NonBlockingReadAction.failedExecutionTimeUs,1788134523071000000,1788134583136000000,0
NonBlockingReadAction.finalizedExecutionsCount,1788134523071000000,1788134583136000000,140
AWTEventQueue.dispatchTimeTotalNS,1788134523071000000,1788134583136000000,8062683069
FlushQueue.queueSize90P,1788134523071000000,1788134583136000000,0
FlushQueue.waitingTimeAvgNs,1788134523071000000,1788134583136000000,0.0
AWTEventQueue.eventsDispatched,1788134523071000000,1788134583136000000,0
FlushQueue.waitingTimeMaxNs,1788134523071000000,1788134583136000000,0
FlushQueue.executionTimeAvgNs,1788134523071000000,1788134583136000000,0.0
WriteAction.executionsCount,1788134523071000000,1788134583136000000,7
workspaceModel.full.replace.project.model.ms,1788134523071000000,1788134583136000000,8
workspaceModel.cachedValue.clear.ms,1788134523071000000,1788134583136000000,0
workspaceModel.initializing.ms,1788134523071000000,1788134583136000000,2
workspaceModel.collect.changes.ms,1788134523071000000,1788134583136000000,0
workspaceModel.workspaceFileIndexData.getDirectoriesByPackageName.ms,1788134523071000000,1788134583136000000,1
workspaceModel.update.unloaded.entities.ms,1788134523071000000,1788134583136000000,0
workspaceModel.replace.project.model.ms,1788134523071000000,1788134583136000000,0
workspaceModel.workspaceFileIndexData.init.ms,1788134523071000000,1788134583136000000,40
workspaceModel.updates.ms,1788134523071000000,1788134583136000000,47
workspaceModel.init.bridges.ms,1788134523071000000,1788134583136000000,2
workspaceModel.cachedValueWithParameters.clear.ms,1788134523071000000,1788134583136000000,0
workspaceModel.cachedValueWithParameters.total.get.ms,1788134523071000000,1788134583136000000,0
workspaceModel.workspaceFileIndexData.visitFileSets.ms,1788134523071000000,1788134583136000000,0
workspaceModel.workspaceFileIndexData.updateDirtyEntities.ms,1788134523071000000,1788134583136000000,0
workspaceModel.workspaceFileIndexData.markDirty.ms,1788134523071000000,1788134583136000000,0
workspaceModel.cachedValueWithParameters.calculated.ms,1788134523071000000,1788134583136000000,0
workspaceModel.entityStorageSnapshotImpl.instances.count,1788134523071000000,1788134583136000000,14
workspaceModel.pre.handlers.ms,1788134523071000000,1788134583136000000,0
workspaceModel.cachedValueWithParameters.from.cache.ms,1788134523071000000,1788134583136000000,0
workspaceModel.workspaceFileIndexData.getPackageName.ms,1788134523071000000,1788134583136000000,0
workspaceModel.to.snapshot.ms,1788134523071000000,1788134583136000000,1
workspaceModel.workspaceFileIndexData.processFileSets.ms,1788134523071000000,1788134583136000000,0
workspaceModel.cachedValue.calculated.ms,1788134523071000000,1788134583136000000,6
workspaceModel.loading.from.cache.ms,1788134523071000000,1788134583136000000,163
workspaceModel.updates.count,1788134523071000000,1788134583136000000,2
workspaceModel.cachedValue.total.get.ms,1788134523071000000,1788134583136000000,6
workspaceModel.workspaceFileIndexData.getFileInfo.ms,1788134523071000000,1788134583136000000,44
workspaceModel.check.recursive.update.ms,1788134523071000000,1788134583136000000,0
workspaceModel.workspaceFileIndexData.onEntitiesChanged.ms,1788134523071000000,1788134583136000000,0
workspaceModel.cachedValue.from.cache.ms,1788134523071000000,1788134583136000000,0
workspaceModel.workspaceFileIndexData.instances.count,1788134523071000000,1788134583136000000,1
workspaceModel.updates.precise.ms,1788134523071000000,1788134583136000000,7
workspaceModel.workspaceFileIndexContributor.registerFileSets.ms,1788134523071000000,1788134583136000000,75
workspaceModel.loading.total.ms,1788134523071000000,1788134583136000000,178
DirectByteBufferAllocator.reclaimed,1788134583136000000,1788134643081000000,0
StreamlinedBlobStorage.totalLiveRecordsCapacityBytes,1788134583136000000,1788134643081000000,0
FilePageCacheLockFree.totalClosedStoragesReclaimed,1788134583136000000,1788134643081000000,0
DirectByteBufferAllocator.totalSizeOfBuffersCachedInBytes,1788134583136000000,1788134643081000000,0
FilePageCacheLockFree.housekeeperTurnsSkipped,1788134583136000000,1788134643081000000,0
FilePageCacheLockFree.totalPagesAllocated,1788134583136000000,1788134643081000000,0
FilePageCacheLockFree.totalNativeBytesAllocated,1788134583136000000,1788134643081000000,0
FilePageCacheLockFree.totalPageAllocationsWaited,1788134583136000000,1788134643081000000,0
FilePageCacheLockFree.totalBytesWritten,1788134583136000000,1788134643081000000,0
FilePageCacheLockFree.totalPagesReadMs,1788134583136000000,1788134643081000000,0
FilePageCache.pageFastCacheHits,1788134583136000000,1788134643081000000,6
FileChannelInterruptsRetryer.totalRetriedAttempts,1788134583136000000,1788134643081000000,0
FilePageCacheLockFree.totalNativeBytesReclaimed,1788134583136000000,1788134643081000000,0
FilePageCache.disposedBuffers,1788134583136000000,1788134643081000000,0
FilePageCache.totalPageLoadsUs,1788134583136000000,1788134643081000000,0
FilePageCacheLockFree.totalPagesReclaimed,1788134583136000000,1788134643081000000,0
StreamlinedBlobStorage.recordsAllocated,1788134583136000000,1788134643081000000,0
FilePageCache.maxCacheSizeInBytes,1788134583136000000,1788134643081000000,212877312
FilePageCache.maxRegisteredFiles,1788134583136000000,1788134643081000000,555
StreamlinedBlobStorage.recordsRelocated,1788134583136000000,1788134643081000000,0
FilePageCacheLockFree.heapBytesInUse,1788134583136000000,1788134643081000000,0
StreamlinedBlobStorage.totalLiveRecordsPayloadBytes,1788134583136000000,1788134643081000000,0
FilePageCacheLockFree.totalPagesWriteMs,1788134583136000000,1788134643081000000,0
FilePageCacheLockFree.totalPagesRequestsMs,1788134583136000000,1788134643081000000,0
FilePageCacheLockFree.totalHeapBytesAllocated,1788134583136000000,1788134643081000000,0
FilePageCache.pageHits,1788134583136000000,1788134643081000000,0
FilePageCacheLockFree.totalPagesWritten,1788134583136000000,1788134643081000000,0
FilePageCacheLockFree.totalBytesRead,1788134583136000000,1788134643081000000,0
FilePageCacheLockFree.totalPagesRequested,1788134583136000000,1788134643081000000,0
DirectByteBufferAllocator.disposed,1788134583136000000,1788134643081000000,0
DirectByteBufferAllocator.totalSizeOfBuffersAllocatedInBytes,1788134583136000000,1788134643081000000,212877312
DirectByteBufferAllocator.hits,1788134583136000000,1788134643081000000,0
StorageLockContext.competingThreads.90P,1788134583136000000,1788134643081000000,0
StorageLockContext.competingThreads.avg,1788134583136000000,1788134643081000000,0.0
FilePageCache.pageLoads,1788134583136000000,1788134643081000000,0
StreamlinedBlobStorage.recordsDeleted,1788134583136000000,1788134643081000000,0
FilePageCacheLockFree.housekeeperTimeSpentMs,1788134583136000000,1788134643081000000,0
FilePageCacheLockFree.nativeBytesInUse,1788134583136000000,1788134643081000000,0
MappedFileStorage.totalTimeSpentOnMappingUs,1788134583136000000,1788134643081000000,7209
FilePageCacheLockFree.totalPagesHandedOver,1788134583136000000,1788134643081000000,0
DirectByteBufferAllocator.misses,1788134583136000000,1788134643081000000,0
FilePageCacheLockFree.totalHeapBytesReclaimed,1788134583136000000,1788134643081000000,0
MappedFileStorage.totalBytesMapped,1788134583136000000,1788134643081000000,181665792
FilePageCache.totalPageDisposalsUs,1788134583136000000,1788134643081000000,0
FilePageCacheLockFree.housekeeperTurnsDone,1788134583136000000,1788134643081000000,0
MappedFileStorage.storages,1788134583136000000,1788134643081000000,11
FilePageCache.pageLoadsAboveSizeThreshold,1788134583136000000,1788134643081000000,0
FilePageCache.uncachedFileAccess,1788134583136000000,1788134643081000000,0
FilePageCache.capacityInBytes,1788134583136000000,1788134643081000000,503316478
MappedFileStorage.totalPagesMapped,1788134583136000000,1788134643081000000,11
FilePageCacheLockFree.totalBytesRequested,1788134583136000000,1788134643081000000,0
StorageLockContext.competingThreads.max,1788134583136000000,1788134643081000000,0
FileNameCache.queries,1788134583136000000,1788134643081000000,0
VFS.fileByIdCache.hits,1788134583136000000,1788134643081000000,0
FileNameCache.totalMisses,1788134583136000000,1788134643081000000,0
VFS.invertedFileNameIndex.requests,1788134583136000000,1788134643081000000,0
VFS.fileChildByName,1788134583136000000,1788134643081000000,74
VFS.fileByIdCache.misses,1788134583136000000,1788134643081000000,0
compiler.ArtifactManagerBridge.addArtifact.ms,1788134583136000000,1788134643081000000,0
compiler.ArtifactVirtualFileListener.propertyChanged.ms,1788134583136000000,1788134643081000000,0
compiler.ArtifactVirtualFileListener.filePathChanged.ms,1788134583136000000,1788134643081000000,0
compiler.ArtifactManagerBridge.dropMappings.ms,1788134583136000000,1788134643081000000,0
compiler.ArtifactManagerBridge.commit.ms,1788134583136000000,1788134643081000000,0
compiler.ArtifactManagerBridge.getArtifacts.ms,1788134583136000000,1788134643081000000,0
compiler.ArtifactManagerBridge.initBridges.ms,1788134583136000000,1788134643081000000,0
compiler.ArtifactManagerBridge.getArtifactsByType.ms,1788134583136000000,1788134643081000000,0
compiler.ArtifactManagerBridge.findArtifact.ms,1788134583136000000,1788134643081000000,0
jps.facet.change.listener.process.change.events.ms,1788134583136000000,1788134643081000000,0
workspaceModel.mutableEntityStorage.modify.entity.ms,1788134583136000000,1788134643081000000,0
jps.load.initial.state.ms,1788134583136000000,1788134643081000000,0
jps.artifact.entities.serializer.load.entities.ms,1788134583136000000,1788134643081000000,0
workspaceModel.mutableEntityStorage.mutable.vfurl.index.ms,1788134583136000000,1788134643081000000,0
workspaceModel.load.cache.from.file.ms,1788134583136000000,1788134643081000000,0
jps.global.get.libraries.ms,1788134583136000000,1788134643081000000,0
jps.save.changed.project.entities.ms,1788134583136000000,1788134643081000000,0
jps.facet.change.listener.init.bridge.ms,1788134583136000000,1788134643081000000,0
workspaceModel.mutableEntityStorage.remove.entity.ms,1788134583136000000,1788134643081000000,0
jps.save.global.entities.ms,1788134583136000000,1788134643081000000,0
workspaceModel.mutableEntityStorage.entities.by.source.ms,1788134583136000000,1788134643081000000,0
jps.app.storage.content.reader.load.component.ms,1788134583136000000,1788134643081000000,0
workspaceModel.global.updates.ms,1788134583136000000,1788134643081000000,0
workspaceModel.save.cache.to.file.ms,1788134583136000000,1788134643081000000,0
jps.artifact.entities.serializer.save.entities.ms,1788134583136000000,1788134643081000000,0
jps.facet.change.listener.before.change.events.ms,1788134583136000000,1788134643081000000,0
jps.project.serializers.save.ms,1788134583136000000,1788134643081000000,0
workspaceModel.moduleManagerBridge.new.nonPersistent.module.ms,1788134583136000000,1788134643081000000,0
workspaceModel.mutableEntityStorage.apply.changes.from.ms,1788134583136000000,1788134643081000000,0
jps.global.handle.before.change.events.ms,1788134583136000000,1788134643081000000,0
workspaceModel.sync.entities.ms,1788134583136000000,1788134643081000000,0
workspaceModel.moduleBridge.facet.initialization.ms,1788134583136000000,1788134643081000000,0
workspaceModel.global.apply.state.to.project.builder.ms,1788134583136000000,1788134643081000000,0
workspaceModel.orphan.listener.update.ms,1788134583136000000,1788134643081000000,0
workspaceModel.moduleManagerBridge.load.module.ms,1788134583136000000,1788134643081000000,0
workspaceModel.mutableEntityStorage.to.snapshot.ms,1788134583136000000,1788134643081000000,0
workspaceModel.moduleBridge.update.option.ms,1788134583136000000,1788134643081000000,0
jps.reload.project.entities.ms,1788134583136000000,1788134643081000000,0
workspaceModel.mutableEntityStorage.instances.count,1788134583136000000,1788134643081000000,0
workspaceModel.moduleManagerBridge.create.module.instance.ms,1788134583136000000,1788134643081000000,0
jps.module.iml.entities.serializer.load.entities.ms,1788134583136000000,1788134643081000000,0
jps.project.serializers.load.ms,1788134583136000000,1788134643081000000,0
jps.global.initialize.library.bridges.ms,1788134583136000000,1788134643081000000,0
jps.apply.loaded.storage.ms,1788134583136000000,1788134643081000000,0
jps.app.storage.content.writer.save.component.ms,1788134583136000000,1788134643081000000,0
workspaceModel.moduleManagerBridge.set.unloadedModules.ms,1788134583136000000,1788134643081000000,0
workspaceModel.moduleBridgeLoader.loading.modules.ms,1788134583136000000,1788134643081000000,0
workspaceModel.mutableEntityStorage.resolve.ms,1788134583136000000,1788134643081000000,0
jps.global.get.library.ms,1788134583136000000,1788134643081000000,0
jps.global.initialize.library.bridges.after.loading.ms,1788134583136000000,1788134643081000000,0
workspaceModel.mutableEntityStorage.collect.changes.ms,1788134583136000000,1788134643081000000,0
workspaceModel.moduleBridge.before.changed.ms,1788134583136000000,1788134643081000000,0
workspaceModel.mutableEntityStorage.add.entity.ms,1788134583136000000,1788134643081000000,0
workspaceModel.mutableEntityStorage.mutable.ext.mapping.ms,1788134583136000000,1788134643081000000,0
workspaceModel.moduleManagerBridge.load.all.modules.ms,1788134583136000000,1788134643081000000,0
workspaceModel.mutableEntityStorage.has.same.entities.ms,1788134583136000000,1788134643081000000,0
workspaceModel.mutableEntityStorage.put.entity.ms,1788134583136000000,1788134643081000000,0
workspaceModel.do.save.caches.ms,1788134583136000000,1788134643081000000,0
workspaceModel.load.cache.metadata.from.file.ms,1788134583136000000,1788134643081000000,0
workspaceModel.global.updates.count,1788134583136000000,1788134643081000000,0
workspaceModel.moduleManagerBridge.get.modules.ms,1788134583136000000,1788134643081000000,0
workspaceModel.mutableEntityStorage.replace.by.source.ms,1788134583136000000,1788134643081000000,0
jps.load.project.to.empty.storage.ms,1788134583136000000,1788134643081000000,0
jps.global.handle.changed.events.ms,1788134583136000000,1788134643081000000,0
workspaceModel.delayed.project.synchronizer.sync.ms,1788134583136000000,1788134643081000000,0
jps.global.get.library.by.name.ms,1788134583136000000,1788134643081000000,0
jps.storage.jps.conf.reader.load.component.ms,1788134583136000000,1788134643081000000,0
workspaceModel.mutableEntityStorage.referrers.ms,1788134583136000000,1788134643081000000,0
jps.library.entities.serializer.load.entities.ms,1788134583136000000,1788134643081000000,0
workspaceModel.mutableEntityStorage.entities.ms,1788134583136000000,1788134643081000000,0
workspaceModel.moduleManagerBridge.newModule.ms,1788134583136000000,1788134643081000000,0
workspaceModel.moduleManagerBridge.build.module.graph.ms,1788134583136000000,1788134643081000000,0
jps.module.iml.entities.serializer.save.entities.ms,1788134583136000000,1788134643081000000,0
workspaceModel.global.apply.state.to.project.ms,1788134583136000000,1788134643081000000,0
jps.library.entities.serializer.save.entities.ms,1788134583136000000,1788134643081000000,0
Indexes.stubs.lookupDurationMaxMs,1788134583136000000,1788134643081000000,0.0
Indexes.allKeys.lookupDurationMaxMs,1788134583136000000,1788134643081000000,0.0
Indexes.allKeys.lookupDurationAvgMs,1788134583136000000,1788134643081000000,0.0
IndexesFlusher.totalFlushesRetried,1788134583136000000,1788134643081000000,0
Indexes.entries.lookupDurationMaxMs,1788134583136000000,1788134643081000000,0.0
Indexes.stubs.lookupDurationAvgMs,1788134583136000000,1788134643081000000,0.0
IndexesFlusher.totalContentionQuotaSpent,1788134583136000000,1788134643081000000,0
Indexes.entries.lookupDurationAvgMs,1788134583136000000,1788134643081000000,0.0
Indexes.allKeys.lookups,1788134583136000000,1788134643081000000,0.0
Indexes.stubs.lookupDuration90PMs,1788134583136000000,1788134643081000000,0.0
IndexesFlusher.totalFlushes,1788134583136000000,1788134643081000000,59
Indexes.stubs.lookups,1788134583136000000,1788134643081000000,0.0
IndexesFlusher.totalFlushingTimeUs,1788134583136000000,1788134643081000000,298254
Indexes.entries.lookupDuration90PMs,1788134583136000000,1788134643081000000,0.0
Indexes.entries.lookups,1788134583136000000,1788134643081000000,0.0
Indexes.allKeys.lookupDuration90PMs,1788134583136000000,1788134643081000000,0.0
writeAction.wait.ms,1788134583136000000,1788134643081000000,0
writeAction.max.wait.ms,1788134583136000000,1788134643081000000,11
writeAction.median.wait.ms,1788134583136000000,1788134643081000000,0
writeAction.count,1788134583136000000,1788134643081000000,2
JVM.totalCpuTimeMs,1788134583136000000,1788134643081000000,14913
JVM.totalDirectByteBuffersBytes,1788134583136000000,1788134643081000000,214452259
JVM.usedHeapBytes,1788134583136000000,1788134643081000000,271095488
JVM.GC.collectionTimesMs,1788134583136000000,1788134643081000000,44
JVM.totalBytesAllocated,1788134583136000000,1788134643081000000,362164456
JVM.GC.collections,1788134583136000000,1788134643081000000,2
JVM.maxThreadCount,1788134583136000000,1788134643081000000,157
JVM.threadCount,1788134583136000000,1788134643081000000,65
OS.loadAverage,1788134583136000000,1788134643081000000,2.52392578125
JVM.newThreadsCount,1788134583136000000,1788134643081000000,5
JVM.usedNativeBytes,1788134583136000000,1788134643081000000,313492104
JVM.maxHeapBytes,1788134583136000000,1788134643081000000,2147483648
cacheStateStorage.set.duration,1788134583136000000,1788134643081000000,0
cacheStateStorage.get.counter,1788134583136000000,1788134643081000000,0
cacheStateStorage.get.duration,1788134583136000000,1788134643081000000,0
cacheStateStorage.set.counter,1788134583136000000,1788134643081000000,0
FlushQueue.tasksExecuted,1788134583136000000,1788134643081000000,0
AWTEventQueue.dispatchTime90PNs,1788134583136000000,1788134643081000000,0
FlushQueue.executionTime90PNs,1788134583136000000,1788134643081000000,0
NonBlockingReadAction.finalizedExecutionTimeUs,1788134583136000000,1788134643081000000,11962
FlushQueue.queueSizeMax,1788134583136000000,1788134643081000000,0
AWTEventQueue.dispatchTimeAvgNs,1788134583136000000,1788134643081000000,0.0
FlushQueue.queueSizeAvg,1788134583136000000,1788134643081000000,0.0
FlushQueue.waitingTime90PNs,1788134583136000000,1788134643081000000,0
NonBlockingReadAction.failedExecutionsCount,1788134583136000000,1788134643081000000,0
FlushQueue.executionTimeMaxNs,1788134583136000000,1788134643081000000,0
ReadAction.executionsCount,1788134583136000000,1788134643081000000,5020
AWTEventQueue.dispatchTimeMaxNs,1788134583136000000,1788134643081000000,0
NonBlockingReadAction.failedExecutionTimeUs,1788134583136000000,1788134643081000000,0
NonBlockingReadAction.finalizedExecutionsCount,1788134583136000000,1788134643081000000,9
AWTEventQueue.dispatchTimeTotalNS,1788134583136000000,1788134643081000000,2721099720
FlushQueue.queueSize90P,1788134583136000000,1788134643081000000,0
FlushQueue.waitingTimeAvgNs,1788134583136000000,1788134643081000000,0.0
AWTEventQueue.eventsDispatched,1788134583136000000,1788134643081000000,0
FlushQueue.waitingTimeMaxNs,1788134583136000000,1788134643081000000,0
FlushQueue.executionTimeAvgNs,1788134583136000000,1788134643081000000,0.0
WriteAction.executionsCount,1788134583136000000,1788134643081000000,2
workspaceModel.full.replace.project.model.ms,1788134583136000000,1788134643081000000,0
workspaceModel.cachedValue.clear.ms,1788134583136000000,1788134643081000000,0
workspaceModel.initializing.ms,1788134583136000000,1788134643081000000,0
workspaceModel.collect.changes.ms,1788134583136000000,1788134643081000000,0
workspaceModel.workspaceFileIndexData.getDirectoriesByPackageName.ms,1788134583136000000,1788134643081000000,0
workspaceModel.update.unloaded.entities.ms,1788134583136000000,1788134643081000000,0
workspaceModel.replace.project.model.ms,1788134583136000000,1788134643081000000,0
workspaceModel.workspaceFileIndexData.init.ms,1788134583136000000,1788134643081000000,0
workspaceModel.updates.ms,1788134583136000000,1788134643081000000,0
workspaceModel.init.bridges.ms,1788134583136000000,1788134643081000000,0
workspaceModel.cachedValueWithParameters.clear.ms,1788134583136000000,1788134643081000000,0
workspaceModel.cachedValueWithParameters.total.get.ms,1788134583136000000,1788134643081000000,0
workspaceModel.workspaceFileIndexData.visitFileSets.ms,1788134583136000000,1788134643081000000,0
workspaceModel.workspaceFileIndexData.updateDirtyEntities.ms,1788134583136000000,1788134643081000000,0
workspaceModel.workspaceFileIndexData.markDirty.ms,1788134583136000000,1788134643081000000,0
workspaceModel.cachedValueWithParameters.calculated.ms,1788134583136000000,1788134643081000000,0
workspaceModel.entityStorageSnapshotImpl.instances.count,1788134583136000000,1788134643081000000,0
workspaceModel.pre.handlers.ms,1788134583136000000,1788134643081000000,0
workspaceModel.cachedValueWithParameters.from.cache.ms,1788134583136000000,1788134643081000000,0
workspaceModel.workspaceFileIndexData.getPackageName.ms,1788134583136000000,1788134643081000000,0
workspaceModel.to.snapshot.ms,1788134583136000000,1788134643081000000,0
workspaceModel.workspaceFileIndexData.processFileSets.ms,1788134583136000000,1788134643081000000,0
workspaceModel.cachedValue.calculated.ms,1788134583136000000,1788134643081000000,0
workspaceModel.loading.from.cache.ms,1788134583136000000,1788134643081000000,0
workspaceModel.updates.count,1788134583136000000,1788134643081000000,0
workspaceModel.cachedValue.total.get.ms,1788134583136000000,1788134643081000000,0
workspaceModel.workspaceFileIndexData.getFileInfo.ms,1788134583136000000,1788134643081000000,0
workspaceModel.check.recursive.update.ms,1788134583136000000,1788134643081000000,0
workspaceModel.workspaceFileIndexData.onEntitiesChanged.ms,1788134583136000000,1788134643081000000,0
workspaceModel.cachedValue.from.cache.ms,1788134583136000000,1788134643081000000,0
workspaceModel.workspaceFileIndexData.instances.count,1788134583136000000,1788134643081000000,0
workspaceModel.updates.precise.ms,1788134583136000000,1788134643081000000,0
workspaceModel.workspaceFileIndexContributor.registerFileSets.ms,1788134583136000000,1788134643081000000,0
workspaceModel.loading.total.ms,1788134583136000000,1788134643081000000,0
DirectByteBufferAllocator.reclaimed,1788134643081000000,1788134703081000000,0
StreamlinedBlobStorage.totalLiveRecordsCapacityBytes,1788134643081000000,1788134703081000000,0
FilePageCacheLockFree.totalClosedStoragesReclaimed,1788134643081000000,1788134703081000000,0
DirectByteBufferAllocator.totalSizeOfBuffersCachedInBytes,1788134643081000000,1788134703081000000,0
FilePageCacheLockFree.housekeeperTurnsSkipped,1788134643081000000,1788134703081000000,0
FilePageCacheLockFree.totalPagesAllocated,1788134643081000000,1788134703081000000,0
FilePageCacheLockFree.totalNativeBytesAllocated,1788134643081000000,1788134703081000000,0
FilePageCacheLockFree.totalPageAllocationsWaited,1788134643081000000,1788134703081000000,0
FilePageCacheLockFree.totalBytesWritten,1788134643081000000,1788134703081000000,0
FilePageCacheLockFree.totalPagesReadMs,1788134643081000000,1788134703081000000,0
FilePageCache.pageFastCacheHits,1788134643081000000,1788134703081000000,41
FileChannelInterruptsRetryer.totalRetriedAttempts,1788134643081000000,1788134703081000000,0
FilePageCacheLockFree.totalNativeBytesReclaimed,1788134643081000000,1788134703081000000,0
FilePageCache.disposedBuffers,1788134643081000000,1788134703081000000,0
FilePageCache.totalPageLoadsUs,1788134643081000000,1788134703081000000,0
FilePageCacheLockFree.totalPagesReclaimed,1788134643081000000,1788134703081000000,0
StreamlinedBlobStorage.recordsAllocated,1788134643081000000,1788134703081000000,0
FilePageCache.maxCacheSizeInBytes,1788134643081000000,1788134703081000000,212877312
FilePageCache.maxRegisteredFiles,1788134643081000000,1788134703081000000,555
StreamlinedBlobStorage.recordsRelocated,1788134643081000000,1788134703081000000,0
FilePageCacheLockFree.heapBytesInUse,1788134643081000000,1788134703081000000,0
StreamlinedBlobStorage.totalLiveRecordsPayloadBytes,1788134643081000000,1788134703081000000,0
FilePageCacheLockFree.totalPagesWriteMs,1788134643081000000,1788134703081000000,0
FilePageCacheLockFree.totalPagesRequestsMs,1788134643081000000,1788134703081000000,0
FilePageCacheLockFree.totalHeapBytesAllocated,1788134643081000000,1788134703081000000,0
FilePageCache.pageHits,1788134643081000000,1788134703081000000,0
FilePageCacheLockFree.totalPagesWritten,1788134643081000000,1788134703081000000,0
FilePageCacheLockFree.totalBytesRead,1788134643081000000,1788134703081000000,0
FilePageCacheLockFree.totalPagesRequested,1788134643081000000,1788134703081000000,0
DirectByteBufferAllocator.disposed,1788134643081000000,1788134703081000000,0
DirectByteBufferAllocator.totalSizeOfBuffersAllocatedInBytes,1788134643081000000,1788134703081000000,212877312
DirectByteBufferAllocator.hits,1788134643081000000,1788134703081000000,0
StorageLockContext.competingThreads.90P,1788134643081000000,1788134703081000000,0
StorageLockContext.competingThreads.avg,1788134643081000000,1788134703081000000,0.0
FilePageCache.pageLoads,1788134643081000000,1788134703081000000,0
StreamlinedBlobStorage.recordsDeleted,1788134643081000000,1788134703081000000,0
FilePageCacheLockFree.housekeeperTimeSpentMs,1788134643081000000,1788134703081000000,0
FilePageCacheLockFree.nativeBytesInUse,1788134643081000000,1788134703081000000,0
MappedFileStorage.totalTimeSpentOnMappingUs,1788134643081000000,1788134703081000000,7209
FilePageCacheLockFree.totalPagesHandedOver,1788134643081000000,1788134703081000000,0
DirectByteBufferAllocator.misses,1788134643081000000,1788134703081000000,0
FilePageCacheLockFree.totalHeapBytesReclaimed,1788134643081000000,1788134703081000000,0
MappedFileStorage.totalBytesMapped,1788134643081000000,1788134703081000000,181665792
FilePageCache.totalPageDisposalsUs,1788134643081000000,1788134703081000000,0
FilePageCacheLockFree.housekeeperTurnsDone,1788134643081000000,1788134703081000000,0
MappedFileStorage.storages,1788134643081000000,1788134703081000000,11
FilePageCache.pageLoadsAboveSizeThreshold,1788134643081000000,1788134703081000000,0
FilePageCache.uncachedFileAccess,1788134643081000000,1788134703081000000,0
FilePageCache.capacityInBytes,1788134643081000000,1788134703081000000,503316478
MappedFileStorage.totalPagesMapped,1788134643081000000,1788134703081000000,11
FilePageCacheLockFree.totalBytesRequested,1788134643081000000,1788134703081000000,0
StorageLockContext.competingThreads.max,1788134643081000000,1788134703081000000,0
FileNameCache.queries,1788134643081000000,1788134703081000000,0
VFS.fileByIdCache.hits,1788134643081000000,1788134703081000000,0
FileNameCache.totalMisses,1788134643081000000,1788134703081000000,0
VFS.invertedFileNameIndex.requests,1788134643081000000,1788134703081000000,1
VFS.fileChildByName,1788134643081000000,1788134703081000000,582
VFS.fileByIdCache.misses,1788134643081000000,1788134703081000000,1
compiler.ArtifactManagerBridge.addArtifact.ms,1788134643081000000,1788134703081000000,0
compiler.ArtifactVirtualFileListener.propertyChanged.ms,1788134643081000000,1788134703081000000,0
compiler.ArtifactVirtualFileListener.filePathChanged.ms,1788134643081000000,1788134703081000000,0
compiler.ArtifactManagerBridge.dropMappings.ms,1788134643081000000,1788134703081000000,0
compiler.ArtifactManagerBridge.commit.ms,1788134643081000000,1788134703081000000,0
compiler.ArtifactManagerBridge.getArtifacts.ms,1788134643081000000,1788134703081000000,0
compiler.ArtifactManagerBridge.initBridges.ms,1788134643081000000,1788134703081000000,0
compiler.ArtifactManagerBridge.getArtifactsByType.ms,1788134643081000000,1788134703081000000,0
compiler.ArtifactManagerBridge.findArtifact.ms,1788134643081000000,1788134703081000000,0
jps.facet.change.listener.process.change.events.ms,1788134643081000000,1788134703081000000,0
workspaceModel.mutableEntityStorage.modify.entity.ms,1788134643081000000,1788134703081000000,0
jps.load.initial.state.ms,1788134643081000000,1788134703081000000,0
jps.artifact.entities.serializer.load.entities.ms,1788134643081000000,1788134703081000000,0
workspaceModel.mutableEntityStorage.mutable.vfurl.index.ms,1788134643081000000,1788134703081000000,0
workspaceModel.load.cache.from.file.ms,1788134643081000000,1788134703081000000,0
jps.global.get.libraries.ms,1788134643081000000,1788134703081000000,0
jps.save.changed.project.entities.ms,1788134643081000000,1788134703081000000,0
jps.facet.change.listener.init.bridge.ms,1788134643081000000,1788134703081000000,0
workspaceModel.mutableEntityStorage.remove.entity.ms,1788134643081000000,1788134703081000000,0
jps.save.global.entities.ms,1788134643081000000,1788134703081000000,0
workspaceModel.mutableEntityStorage.entities.by.source.ms,1788134643081000000,1788134703081000000,0
jps.app.storage.content.reader.load.component.ms,1788134643081000000,1788134703081000000,0
workspaceModel.global.updates.ms,1788134643081000000,1788134703081000000,0
workspaceModel.save.cache.to.file.ms,1788134643081000000,1788134703081000000,0
jps.artifact.entities.serializer.save.entities.ms,1788134643081000000,1788134703081000000,0
jps.facet.change.listener.before.change.events.ms,1788134643081000000,1788134703081000000,0
jps.project.serializers.save.ms,1788134643081000000,1788134703081000000,0
workspaceModel.moduleManagerBridge.new.nonPersistent.module.ms,1788134643081000000,1788134703081000000,0
workspaceModel.mutableEntityStorage.apply.changes.from.ms,1788134643081000000,1788134703081000000,0
jps.global.handle.before.change.events.ms,1788134643081000000,1788134703081000000,0
workspaceModel.sync.entities.ms,1788134643081000000,1788134703081000000,0
workspaceModel.moduleBridge.facet.initialization.ms,1788134643081000000,1788134703081000000,0
workspaceModel.global.apply.state.to.project.builder.ms,1788134643081000000,1788134703081000000,0
workspaceModel.orphan.listener.update.ms,1788134643081000000,1788134703081000000,0
workspaceModel.moduleManagerBridge.load.module.ms,1788134643081000000,1788134703081000000,0
workspaceModel.mutableEntityStorage.to.snapshot.ms,1788134643081000000,1788134703081000000,0
workspaceModel.moduleBridge.update.option.ms,1788134643081000000,1788134703081000000,0
jps.reload.project.entities.ms,1788134643081000000,1788134703081000000,0
workspaceModel.mutableEntityStorage.instances.count,1788134643081000000,1788134703081000000,0
workspaceModel.moduleManagerBridge.create.module.instance.ms,1788134643081000000,1788134703081000000,0
jps.module.iml.entities.serializer.load.entities.ms,1788134643081000000,1788134703081000000,0
jps.project.serializers.load.ms,1788134643081000000,1788134703081000000,0
jps.global.initialize.library.bridges.ms,1788134643081000000,1788134703081000000,0
jps.apply.loaded.storage.ms,1788134643081000000,1788134703081000000,0
jps.app.storage.content.writer.save.component.ms,1788134643081000000,1788134703081000000,0
workspaceModel.moduleManagerBridge.set.unloadedModules.ms,1788134643081000000,1788134703081000000,0
workspaceModel.moduleBridgeLoader.loading.modules.ms,1788134643081000000,1788134703081000000,0
workspaceModel.mutableEntityStorage.resolve.ms,1788134643081000000,1788134703081000000,0
jps.global.get.library.ms,1788134643081000000,1788134703081000000,0
jps.global.initialize.library.bridges.after.loading.ms,1788134643081000000,1788134703081000000,0
workspaceModel.mutableEntityStorage.collect.changes.ms,1788134643081000000,1788134703081000000,0
workspaceModel.moduleBridge.before.changed.ms,1788134643081000000,1788134703081000000,0
workspaceModel.mutableEntityStorage.add.entity.ms,1788134643081000000,1788134703081000000,0
workspaceModel.mutableEntityStorage.mutable.ext.mapping.ms,1788134643081000000,1788134703081000000,0
workspaceModel.moduleManagerBridge.load.all.modules.ms,1788134643081000000,1788134703081000000,0
workspaceModel.mutableEntityStorage.has.same.entities.ms,1788134643081000000,1788134703081000000,0
workspaceModel.mutableEntityStorage.put.entity.ms,1788134643081000000,1788134703081000000,0
workspaceModel.do.save.caches.ms,1788134643081000000,1788134703081000000,0
workspaceModel.load.cache.metadata.from.file.ms,1788134643081000000,1788134703081000000,0
workspaceModel.global.updates.count,1788134643081000000,1788134703081000000,0
workspaceModel.moduleManagerBridge.get.modules.ms,1788134643081000000,1788134703081000000,0
workspaceModel.mutableEntityStorage.replace.by.source.ms,1788134643081000000,1788134703081000000,0
jps.load.project.to.empty.storage.ms,1788134643081000000,1788134703081000000,0
jps.global.handle.changed.events.ms,1788134643081000000,1788134703081000000,0
workspaceModel.delayed.project.synchronizer.sync.ms,1788134643081000000,1788134703081000000,0
jps.global.get.library.by.name.ms,1788134643081000000,1788134703081000000,0
jps.storage.jps.conf.reader.load.component.ms,1788134643081000000,1788134703081000000,0
workspaceModel.mutableEntityStorage.referrers.ms,1788134643081000000,1788134703081000000,0
jps.library.entities.serializer.load.entities.ms,1788134643081000000,1788134703081000000,0
workspaceModel.mutableEntityStorage.entities.ms,1788134643081000000,1788134703081000000,0
workspaceModel.moduleManagerBridge.newModule.ms,1788134643081000000,1788134703081000000,0
workspaceModel.moduleManagerBridge.build.module.graph.ms,1788134643081000000,1788134703081000000,0
jps.module.iml.entities.serializer.save.entities.ms,1788134643081000000,1788134703081000000,0
workspaceModel.global.apply.state.to.project.ms,1788134643081000000,1788134703081000000,0
jps.library.entities.serializer.save.entities.ms,1788134643081000000,1788134703081000000,0
Indexes.stubs.lookupDurationMaxMs,1788134643081000000,1788134703081000000,0.0
Indexes.allKeys.lookupDurationMaxMs,1788134643081000000,1788134703081000000,0.0
Indexes.allKeys.lookupDurationAvgMs,1788134643081000000,1788134703081000000,0.0
IndexesFlusher.totalFlushesRetried,1788134643081000000,1788134703081000000,0
Indexes.entries.lookupDurationMaxMs,1788134643081000000,1788134703081000000,0.0
Indexes.stubs.lookupDurationAvgMs,1788134643081000000,1788134703081000000,0.0
IndexesFlusher.totalContentionQuotaSpent,1788134643081000000,1788134703081000000,0
Indexes.entries.lookupDurationAvgMs,1788134643081000000,1788134703081000000,0.0
Indexes.allKeys.lookups,1788134643081000000,1788134703081000000,0.0
Indexes.stubs.lookupDuration90PMs,1788134643081000000,1788134703081000000,0.0
IndexesFlusher.totalFlushes,1788134643081000000,1788134703081000000,59
Indexes.stubs.lookups,1788134643081000000,1788134703081000000,0.0
IndexesFlusher.totalFlushingTimeUs,1788134643081000000,1788134703081000000,262588
Indexes.entries.lookupDuration90PMs,1788134643081000000,1788134703081000000,0.0
Indexes.entries.lookups,1788134643081000000,1788134703081000000,0.0
Indexes.allKeys.lookupDuration90PMs,1788134643081000000,1788134703081000000,0.0
writeAction.wait.ms,1788134643081000000,1788134703081000000,0
writeAction.max.wait.ms,1788134643081000000,1788134703081000000,11
writeAction.median.wait.ms,1788134643081000000,1788134703081000000,0
writeAction.count,1788134643081000000,1788134703081000000,0
JVM.totalCpuTimeMs,1788134643081000000,1788134703081000000,21617
JVM.totalDirectByteBuffersBytes,1788134643081000000,1788134703081000000,214458757
JVM.usedHeapBytes,1788134643081000000,1788134703081000000,252458160
JVM.GC.collectionTimesMs,1788134643081000000,1788134703081000000,8
JVM.totalBytesAllocated,1788134643081000000,1788134703081000000,252902888
JVM.GC.collections,1788134643081000000,1788134703081000000,1
JVM.maxThreadCount,1788134643081000000,1788134703081000000,157
JVM.threadCount,1788134643081000000,1788134703081000000,61
OS.loadAverage,1788134643081000000,1788134703081000000,2.0849609375
JVM.newThreadsCount,1788134643081000000,1788134703081000000,0
JVM.usedNativeBytes,1788134643081000000,1788134703081000000,323840736
JVM.maxHeapBytes,1788134643081000000,1788134703081000000,2147483648
cacheStateStorage.set.duration,1788134643081000000,1788134703081000000,0
cacheStateStorage.get.counter,1788134643081000000,1788134703081000000,2
cacheStateStorage.get.duration,1788134643081000000,1788134703081000000,0
cacheStateStorage.set.counter,1788134643081000000,1788134703081000000,0
FlushQueue.tasksExecuted,1788134643081000000,1788134703081000000,0
AWTEventQueue.dispatchTime90PNs,1788134643081000000,1788134703081000000,0
FlushQueue.executionTime90PNs,1788134643081000000,1788134703081000000,0
NonBlockingReadAction.finalizedExecutionTimeUs,1788134643081000000,1788134703081000000,92696
FlushQueue.queueSizeMax,1788134643081000000,1788134703081000000,0
AWTEventQueue.dispatchTimeAvgNs,1788134643081000000,1788134703081000000,0.0
FlushQueue.queueSizeAvg,1788134643081000000,1788134703081000000,0.0
FlushQueue.waitingTime90PNs,1788134643081000000,1788134703081000000,0
NonBlockingReadAction.failedExecutionsCount,1788134643081000000,1788134703081000000,0
FlushQueue.executionTimeMaxNs,1788134643081000000,1788134703081000000,0
ReadAction.executionsCount,1788134643081000000,1788134703081000000,75959
AWTEventQueue.dispatchTimeMaxNs,1788134643081000000,1788134703081000000,0
NonBlockingReadAction.failedExecutionTimeUs,1788134643081000000,1788134703081000000,0
NonBlockingReadAction.finalizedExecutionsCount,1788134643081000000,1788134703081000000,305
AWTEventQueue.dispatchTimeTotalNS,1788134643081000000,1788134703081000000,4163554573
FlushQueue.queueSize90P,1788134643081000000,1788134703081000000,0
FlushQueue.waitingTimeAvgNs,1788134643081000000,1788134703081000000,0.0
AWTEventQueue.eventsDispatched,1788134643081000000,1788134703081000000,0
FlushQueue.waitingTimeMaxNs,1788134643081000000,1788134703081000000,0
FlushQueue.executionTimeAvgNs,1788134643081000000,1788134703081000000,0.0
WriteAction.executionsCount,1788134643081000000,1788134703081000000,0
workspaceModel.full.replace.project.model.ms,1788134643081000000,1788134703081000000,0
workspaceModel.cachedValue.clear.ms,1788134643081000000,1788134703081000000,0
workspaceModel.initializing.ms,1788134643081000000,1788134703081000000,0
workspaceModel.collect.changes.ms,1788134643081000000,1788134703081000000,0
workspaceModel.workspaceFileIndexData.getDirectoriesByPackageName.ms,1788134643081000000,1788134703081000000,0
workspaceModel.update.unloaded.entities.ms,1788134643081000000,1788134703081000000,0
workspaceModel.replace.project.model.ms,1788134643081000000,1788134703081000000,0
workspaceModel.workspaceFileIndexData.init.ms,1788134643081000000,1788134703081000000,0
workspaceModel.updates.ms,1788134643081000000,1788134703081000000,0
workspaceModel.init.bridges.ms,1788134643081000000,1788134703081000000,0
workspaceModel.cachedValueWithParameters.clear.ms,1788134643081000000,1788134703081000000,0
workspaceModel.cachedValueWithParameters.total.get.ms,1788134643081000000,1788134703081000000,0
workspaceModel.workspaceFileIndexData.visitFileSets.ms,1788134643081000000,1788134703081000000,0
workspaceModel.workspaceFileIndexData.updateDirtyEntities.ms,1788134643081000000,1788134703081000000,0
workspaceModel.workspaceFileIndexData.markDirty.ms,1788134643081000000,1788134703081000000,0
workspaceModel.cachedValueWithParameters.calculated.ms,1788134643081000000,1788134703081000000,0
workspaceModel.entityStorageSnapshotImpl.instances.count,1788134643081000000,1788134703081000000,0
workspaceModel.pre.handlers.ms,1788134643081000000,1788134703081000000,0
workspaceModel.cachedValueWithParameters.from.cache.ms,1788134643081000000,1788134703081000000,0
workspaceModel.workspaceFileIndexData.getPackageName.ms,1788134643081000000,1788134703081000000,0
workspaceModel.to.snapshot.ms,1788134643081000000,1788134703081000000,0
workspaceModel.workspaceFileIndexData.processFileSets.ms,1788134643081000000,1788134703081000000,0
workspaceModel.cachedValue.calculated.ms,1788134643081000000,1788134703081000000,0
workspaceModel.loading.from.cache.ms,1788134643081000000,1788134703081000000,0
workspaceModel.updates.count,1788134643081000000,1788134703081000000,0
workspaceModel.cachedValue.total.get.ms,1788134643081000000,1788134703081000000,0
workspaceModel.workspaceFileIndexData.getFileInfo.ms,1788134643081000000,1788134703081000000,1
workspaceModel.check.recursive.update.ms,1788134643081000000,1788134703081000000,0
workspaceModel.workspaceFileIndexData.onEntitiesChanged.ms,1788134643081000000,1788134703081000000,0
workspaceModel.cachedValue.from.cache.ms,1788134643081000000,1788134703081000000,0
workspaceModel.workspaceFileIndexData.instances.count,1788134643081000000,1788134703081000000,0
workspaceModel.updates.precise.ms,1788134643081000000,1788134703081000000,0
workspaceModel.workspaceFileIndexContributor.registerFileSets.ms,1788134643081000000,1788134703081000000,0
workspaceModel.loading.total.ms,1788134643081000000,1788134703081000000,0
DirectByteBufferAllocator.reclaimed,1788134703081000000,1788134763078000000,0
StreamlinedBlobStorage.totalLiveRecordsCapacityBytes,1788134703081000000,1788134763078000000,0
FilePageCacheLockFree.totalClosedStoragesReclaimed,1788134703081000000,1788134763078000000,0
DirectByteBufferAllocator.totalSizeOfBuffersCachedInBytes,1788134703081000000,1788134763078000000,0
FilePageCacheLockFree.housekeeperTurnsSkipped,1788134703081000000,1788134763078000000,0
FilePageCacheLockFree.totalPagesAllocated,1788134703081000000,1788134763078000000,0
FilePageCacheLockFree.totalNativeBytesAllocated,1788134703081000000,1788134763078000000,0
FilePageCacheLockFree.totalPageAllocationsWaited,1788134703081000000,1788134763078000000,0
FilePageCacheLockFree.totalBytesWritten,1788134703081000000,1788134763078000000,0
FilePageCacheLockFree.totalPagesReadMs,1788134703081000000,1788134763078000000,0
FilePageCache.pageFastCacheHits,1788134703081000000,1788134763078000000,6
FileChannelInterruptsRetryer.totalRetriedAttempts,1788134703081000000,1788134763078000000,0
FilePageCacheLockFree.totalNativeBytesReclaimed,1788134703081000000,1788134763078000000,0
FilePageCache.disposedBuffers,1788134703081000000,1788134763078000000,0
FilePageCache.totalPageLoadsUs,1788134703081000000,1788134763078000000,0
FilePageCacheLockFree.totalPagesReclaimed,1788134703081000000,1788134763078000000,0
StreamlinedBlobStorage.recordsAllocated,1788134703081000000,1788134763078000000,0
FilePageCache.maxCacheSizeInBytes,1788134703081000000,1788134763078000000,212877312
FilePageCache.maxRegisteredFiles,1788134703081000000,1788134763078000000,555
StreamlinedBlobStorage.recordsRelocated,1788134703081000000,1788134763078000000,0
FilePageCacheLockFree.heapBytesInUse,1788134703081000000,1788134763078000000,0
StreamlinedBlobStorage.totalLiveRecordsPayloadBytes,1788134703081000000,1788134763078000000,0
FilePageCacheLockFree.totalPagesWriteMs,1788134703081000000,1788134763078000000,0
FilePageCacheLockFree.totalPagesRequestsMs,1788134703081000000,1788134763078000000,0
FilePageCacheLockFree.totalHeapBytesAllocated,1788134703081000000,1788134763078000000,0
FilePageCache.pageHits,1788134703081000000,1788134763078000000,0
FilePageCacheLockFree.totalPagesWritten,1788134703081000000,1788134763078000000,0
FilePageCacheLockFree.totalBytesRead,1788134703081000000,1788134763078000000,0
FilePageCacheLockFree.totalPagesRequested,1788134703081000000,1788134763078000000,0
DirectByteBufferAllocator.disposed,1788134703081000000,1788134763078000000,0
DirectByteBufferAllocator.totalSizeOfBuffersAllocatedInBytes,1788134703081000000,1788134763078000000,212877312
DirectByteBufferAllocator.hits,1788134703081000000,1788134763078000000,0
StorageLockContext.competingThreads.90P,1788134703081000000,1788134763078000000,0
StorageLockContext.competingThreads.avg,1788134703081000000,1788134763078000000,0.0
FilePageCache.pageLoads,1788134703081000000,1788134763078000000,0
StreamlinedBlobStorage.recordsDeleted,1788134703081000000,1788134763078000000,0
FilePageCacheLockFree.housekeeperTimeSpentMs,1788134703081000000,1788134763078000000,0
FilePageCacheLockFree.nativeBytesInUse,1788134703081000000,1788134763078000000,0
MappedFileStorage.totalTimeSpentOnMappingUs,1788134703081000000,1788134763078000000,7209
FilePageCacheLockFree.totalPagesHandedOver,1788134703081000000,1788134763078000000,0
DirectByteBufferAllocator.misses,1788134703081000000,1788134763078000000,0
FilePageCacheLockFree.totalHeapBytesReclaimed,1788134703081000000,1788134763078000000,0
MappedFileStorage.totalBytesMapped,1788134703081000000,1788134763078000000,181665792
FilePageCache.totalPageDisposalsUs,1788134703081000000,1788134763078000000,0
FilePageCacheLockFree.housekeeperTurnsDone,1788134703081000000,1788134763078000000,0
MappedFileStorage.storages,1788134703081000000,1788134763078000000,11
FilePageCache.pageLoadsAboveSizeThreshold,1788134703081000000,1788134763078000000,0
FilePageCache.uncachedFileAccess,1788134703081000000,1788134763078000000,0
FilePageCache.capacityInBytes,1788134703081000000,1788134763078000000,503316478
MappedFileStorage.totalPagesMapped,1788134703081000000,1788134763078000000,11
FilePageCacheLockFree.totalBytesRequested,1788134703081000000,1788134763078000000,0
StorageLockContext.competingThreads.max,1788134703081000000,1788134763078000000,0
FileNameCache.queries,1788134703081000000,1788134763078000000,0
VFS.fileByIdCache.hits,1788134703081000000,1788134763078000000,0
FileNameCache.totalMisses,1788134703081000000,1788134763078000000,0
VFS.invertedFileNameIndex.requests,1788134703081000000,1788134763078000000,0
VFS.fileChildByName,1788134703081000000,1788134763078000000,591
VFS.fileByIdCache.misses,1788134703081000000,1788134763078000000,0
compiler.ArtifactManagerBridge.addArtifact.ms,1788134703081000000,1788134763078000000,0
compiler.ArtifactVirtualFileListener.propertyChanged.ms,1788134703081000000,1788134763078000000,0
compiler.ArtifactVirtualFileListener.filePathChanged.ms,1788134703081000000,1788134763078000000,0
compiler.ArtifactManagerBridge.dropMappings.ms,1788134703081000000,1788134763078000000,0
compiler.ArtifactManagerBridge.commit.ms,1788134703081000000,1788134763078000000,0
compiler.ArtifactManagerBridge.getArtifacts.ms,1788134703081000000,1788134763078000000,0
compiler.ArtifactManagerBridge.initBridges.ms,1788134703081000000,1788134763078000000,0
compiler.ArtifactManagerBridge.getArtifactsByType.ms,1788134703081000000,1788134763078000000,0
compiler.ArtifactManagerBridge.findArtifact.ms,1788134703081000000,1788134763078000000,0
jps.facet.change.listener.process.change.events.ms,1788134703081000000,1788134763078000000,0
workspaceModel.mutableEntityStorage.modify.entity.ms,1788134703081000000,1788134763078000000,0
jps.load.initial.state.ms,1788134703081000000,1788134763078000000,0
jps.artifact.entities.serializer.load.entities.ms,1788134703081000000,1788134763078000000,0
workspaceModel.mutableEntityStorage.mutable.vfurl.index.ms,1788134703081000000,1788134763078000000,0
workspaceModel.load.cache.from.file.ms,1788134703081000000,1788134763078000000,0
jps.global.get.libraries.ms,1788134703081000000,1788134763078000000,0
jps.save.changed.project.entities.ms,1788134703081000000,1788134763078000000,0
jps.facet.change.listener.init.bridge.ms,1788134703081000000,1788134763078000000,0
workspaceModel.mutableEntityStorage.remove.entity.ms,1788134703081000000,1788134763078000000,0
jps.save.global.entities.ms,1788134703081000000,1788134763078000000,0
workspaceModel.mutableEntityStorage.entities.by.source.ms,1788134703081000000,1788134763078000000,0
jps.app.storage.content.reader.load.component.ms,1788134703081000000,1788134763078000000,0
workspaceModel.global.updates.ms,1788134703081000000,1788134763078000000,0
workspaceModel.save.cache.to.file.ms,1788134703081000000,1788134763078000000,0
jps.artifact.entities.serializer.save.entities.ms,1788134703081000000,1788134763078000000,0
jps.facet.change.listener.before.change.events.ms,1788134703081000000,1788134763078000000,0
jps.project.serializers.save.ms,1788134703081000000,1788134763078000000,0
workspaceModel.moduleManagerBridge.new.nonPersistent.module.ms,1788134703081000000,1788134763078000000,0
workspaceModel.mutableEntityStorage.apply.changes.from.ms,1788134703081000000,1788134763078000000,0
jps.global.handle.before.change.events.ms,1788134703081000000,1788134763078000000,0
workspaceModel.sync.entities.ms,1788134703081000000,1788134763078000000,0
workspaceModel.moduleBridge.facet.initialization.ms,1788134703081000000,1788134763078000000,0
workspaceModel.global.apply.state.to.project.builder.ms,1788134703081000000,1788134763078000000,0
workspaceModel.orphan.listener.update.ms,1788134703081000000,1788134763078000000,0
workspaceModel.moduleManagerBridge.load.module.ms,1788134703081000000,1788134763078000000,0
workspaceModel.mutableEntityStorage.to.snapshot.ms,1788134703081000000,1788134763078000000,0
workspaceModel.moduleBridge.update.option.ms,1788134703081000000,1788134763078000000,0
jps.reload.project.entities.ms,1788134703081000000,1788134763078000000,0
workspaceModel.mutableEntityStorage.instances.count,1788134703081000000,1788134763078000000,0
workspaceModel.moduleManagerBridge.create.module.instance.ms,1788134703081000000,1788134763078000000,0
jps.module.iml.entities.serializer.load.entities.ms,1788134703081000000,1788134763078000000,0
jps.project.serializers.load.ms,1788134703081000000,1788134763078000000,0
jps.global.initialize.library.bridges.ms,1788134703081000000,1788134763078000000,0
jps.apply.loaded.storage.ms,1788134703081000000,1788134763078000000,0
jps.app.storage.content.writer.save.component.ms,1788134703081000000,1788134763078000000,0
workspaceModel.moduleManagerBridge.set.unloadedModules.ms,1788134703081000000,1788134763078000000,0
workspaceModel.moduleBridgeLoader.loading.modules.ms,1788134703081000000,1788134763078000000,0
workspaceModel.mutableEntityStorage.resolve.ms,1788134703081000000,1788134763078000000,0
jps.global.get.library.ms,1788134703081000000,1788134763078000000,0
jps.global.initialize.library.bridges.after.loading.ms,1788134703081000000,1788134763078000000,0
workspaceModel.mutableEntityStorage.collect.changes.ms,1788134703081000000,1788134763078000000,0
workspaceModel.moduleBridge.before.changed.ms,1788134703081000000,1788134763078000000,0
workspaceModel.mutableEntityStorage.add.entity.ms,1788134703081000000,1788134763078000000,0
workspaceModel.mutableEntityStorage.mutable.ext.mapping.ms,1788134703081000000,1788134763078000000,0
workspaceModel.moduleManagerBridge.load.all.modules.ms,1788134703081000000,1788134763078000000,0
workspaceModel.mutableEntityStorage.has.same.entities.ms,1788134703081000000,1788134763078000000,0
workspaceModel.mutableEntityStorage.put.entity.ms,1788134703081000000,1788134763078000000,0
workspaceModel.do.save.caches.ms,1788134703081000000,1788134763078000000,0
workspaceModel.load.cache.metadata.from.file.ms,1788134703081000000,1788134763078000000,0
workspaceModel.global.updates.count,1788134703081000000,1788134763078000000,0
workspaceModel.moduleManagerBridge.get.modules.ms,1788134703081000000,1788134763078000000,0
workspaceModel.mutableEntityStorage.replace.by.source.ms,1788134703081000000,1788134763078000000,0
jps.load.project.to.empty.storage.ms,1788134703081000000,1788134763078000000,0
jps.global.handle.changed.events.ms,1788134703081000000,1788134763078000000,0
workspaceModel.delayed.project.synchronizer.sync.ms,1788134703081000000,1788134763078000000,0
jps.global.get.library.by.name.ms,1788134703081000000,1788134763078000000,0
jps.storage.jps.conf.reader.load.component.ms,1788134703081000000,1788134763078000000,0
workspaceModel.mutableEntityStorage.referrers.ms,1788134703081000000,1788134763078000000,0
jps.library.entities.serializer.load.entities.ms,1788134703081000000,1788134763078000000,0
workspaceModel.mutableEntityStorage.entities.ms,1788134703081000000,1788134763078000000,0
workspaceModel.moduleManagerBridge.newModule.ms,1788134703081000000,1788134763078000000,0
workspaceModel.moduleManagerBridge.build.module.graph.ms,1788134703081000000,1788134763078000000,0
jps.module.iml.entities.serializer.save.entities.ms,1788134703081000000,1788134763078000000,0
workspaceModel.global.apply.state.to.project.ms,1788134703081000000,1788134763078000000,0
jps.library.entities.serializer.save.entities.ms,1788134703081000000,1788134763078000000,0
Indexes.stubs.lookupDurationMaxMs,1788134703081000000,1788134763078000000,0.0
Indexes.allKeys.lookupDurationMaxMs,1788134703081000000,1788134763078000000,0.0
Indexes.allKeys.lookupDurationAvgMs,1788134703081000000,1788134763078000000,0.0
IndexesFlusher.totalFlushesRetried,1788134703081000000,1788134763078000000,0
Indexes.entries.lookupDurationMaxMs,1788134703081000000,1788134763078000000,0.0
Indexes.stubs.lookupDurationAvgMs,1788134703081000000,1788134763078000000,0.0
IndexesFlusher.totalContentionQuotaSpent,1788134703081000000,1788134763078000000,0
Indexes.entries.lookupDurationAvgMs,1788134703081000000,1788134763078000000,0.0
Indexes.allKeys.lookups,1788134703081000000,1788134763078000000,0.0
Indexes.stubs.lookupDuration90PMs,1788134703081000000,1788134763078000000,0.0
IndexesFlusher.totalFlushes,1788134703081000000,1788134763078000000,59
Indexes.stubs.lookups,1788134703081000000,1788134763078000000,0.0
IndexesFlusher.totalFlushingTimeUs,1788134703081000000,1788134763078000000,274770
Indexes.entries.lookupDuration90PMs,1788134703081000000,1788134763078000000,0.0
Indexes.entries.lookups,1788134703081000000,1788134763078000000,0.0
Indexes.allKeys.lookupDuration90PMs,1788134703081000000,1788134763078000000,0.0
writeAction.wait.ms,1788134703081000000,1788134763078000000,0
writeAction.max.wait.ms,1788134703081000000,1788134763078000000,11
writeAction.median.wait.ms,1788134703081000000,1788134763078000000,0
writeAction.count,1788134703081000000,1788134763078000000,4
JVM.totalCpuTimeMs,1788134703081000000,1788134763078000000,16817
JVM.totalDirectByteBuffersBytes,1788134703081000000,1788134763078000000,214502378
JVM.usedHeapBytes,1788134703081000000,1788134763078000000,190834560
JVM.GC.collectionTimesMs,1788134703081000000,1788134763078000000,40
JVM.totalBytesAllocated,1788134703081000000,1788134763078000000,1184726120
JVM.GC.collections,1788134703081000000,1788134763078000000,5
JVM.maxThreadCount,1788134703081000000,1788134763078000000,157
JVM.threadCount,1788134703081000000,1788134763078000000,65
OS.loadAverage,1788134703081000000,1788134763078000000,1.90380859375
JVM.newThreadsCount,1788134703081000000,1788134763078000000,4
JVM.usedNativeBytes,1788134703081000000,1788134763078000000,328198520
JVM.maxHeapBytes,1788134703081000000,1788134763078000000,2147483648
cacheStateStorage.set.duration,1788134703081000000,1788134763078000000,0
cacheStateStorage.get.counter,1788134703081000000,1788134763078000000,0
cacheStateStorage.get.duration,1788134703081000000,1788134763078000000,0
cacheStateStorage.set.counter,1788134703081000000,1788134763078000000,0
FlushQueue.tasksExecuted,1788134703081000000,1788134763078000000,0
AWTEventQueue.dispatchTime90PNs,1788134703081000000,1788134763078000000,0
FlushQueue.executionTime90PNs,1788134703081000000,1788134763078000000,0
NonBlockingReadAction.finalizedExecutionTimeUs,1788134703081000000,1788134763078000000,23949
FlushQueue.queueSizeMax,1788134703081000000,1788134763078000000,0
AWTEventQueue.dispatchTimeAvgNs,1788134703081000000,1788134763078000000,0.0
FlushQueue.queueSizeAvg,1788134703081000000,1788134763078000000,0.0
FlushQueue.waitingTime90PNs,1788134703081000000,1788134763078000000,0
NonBlockingReadAction.failedExecutionsCount,1788134703081000000,1788134763078000000,0
FlushQueue.executionTimeMaxNs,1788134703081000000,1788134763078000000,0
ReadAction.executionsCount,1788134703081000000,1788134763078000000,35790
AWTEventQueue.dispatchTimeMaxNs,1788134703081000000,1788134763078000000,0
NonBlockingReadAction.failedExecutionTimeUs,1788134703081000000,1788134763078000000,0
NonBlockingReadAction.finalizedExecutionsCount,1788134703081000000,1788134763078000000,338
AWTEventQueue.dispatchTimeTotalNS,1788134703081000000,1788134763078000000,4162103909
FlushQueue.queueSize90P,1788134703081000000,1788134763078000000,0
FlushQueue.waitingTimeAvgNs,1788134703081000000,1788134763078000000,0.0
AWTEventQueue.eventsDispatched,1788134703081000000,1788134763078000000,0
FlushQueue.waitingTimeMaxNs,1788134703081000000,1788134763078000000,0
FlushQueue.executionTimeAvgNs,1788134703081000000,1788134763078000000,0.0
WriteAction.executionsCount,1788134703081000000,1788134763078000000,4
workspaceModel.full.replace.project.model.ms,1788134703081000000,1788134763078000000,0
workspaceModel.cachedValue.clear.ms,1788134703081000000,1788134763078000000,0
workspaceModel.initializing.ms,1788134703081000000,1788134763078000000,0
workspaceModel.collect.changes.ms,1788134703081000000,1788134763078000000,0
workspaceModel.workspaceFileIndexData.getDirectoriesByPackageName.ms,1788134703081000000,1788134763078000000,0
workspaceModel.update.unloaded.entities.ms,1788134703081000000,1788134763078000000,0
workspaceModel.replace.project.model.ms,1788134703081000000,1788134763078000000,0
workspaceModel.workspaceFileIndexData.init.ms,1788134703081000000,1788134763078000000,0
workspaceModel.updates.ms,1788134703081000000,1788134763078000000,0
workspaceModel.init.bridges.ms,1788134703081000000,1788134763078000000,0
workspaceModel.cachedValueWithParameters.clear.ms,1788134703081000000,1788134763078000000,0
workspaceModel.cachedValueWithParameters.total.get.ms,1788134703081000000,1788134763078000000,0
workspaceModel.workspaceFileIndexData.visitFileSets.ms,1788134703081000000,1788134763078000000,0
workspaceModel.workspaceFileIndexData.updateDirtyEntities.ms,1788134703081000000,1788134763078000000,0
workspaceModel.workspaceFileIndexData.markDirty.ms,1788134703081000000,1788134763078000000,0
workspaceModel.cachedValueWithParameters.calculated.ms,1788134703081000000,1788134763078000000,0
workspaceModel.entityStorageSnapshotImpl.instances.count,1788134703081000000,1788134763078000000,0
workspaceModel.pre.handlers.ms,1788134703081000000,1788134763078000000,0
workspaceModel.cachedValueWithParameters.from.cache.ms,1788134703081000000,1788134763078000000,0
workspaceModel.workspaceFileIndexData.getPackageName.ms,1788134703081000000,1788134763078000000,0
workspaceModel.to.snapshot.ms,1788134703081000000,1788134763078000000,0
workspaceModel.workspaceFileIndexData.processFileSets.ms,1788134703081000000,1788134763078000000,0
workspaceModel.cachedValue.calculated.ms,1788134703081000000,1788134763078000000,0
workspaceModel.loading.from.cache.ms,1788134703081000000,1788134763078000000,0
workspaceModel.updates.count,1788134703081000000,1788134763078000000,0
workspaceModel.cachedValue.total.get.ms,1788134703081000000,1788134763078000000,0
workspaceModel.workspaceFileIndexData.getFileInfo.ms,1788134703081000000,1788134763078000000,1
workspaceModel.check.recursive.update.ms,1788134703081000000,1788134763078000000,0
workspaceModel.workspaceFileIndexData.onEntitiesChanged.ms,1788134703081000000,1788134763078000000,0
workspaceModel.cachedValue.from.cache.ms,1788134703081000000,1788134763078000000,0
workspaceModel.workspaceFileIndexData.instances.count,1788134703081000000,1788134763078000000,0
workspaceModel.updates.precise.ms,1788134703081000000,1788134763078000000,0
workspaceModel.workspaceFileIndexContributor.registerFileSets.ms,1788134703081000000,1788134763078000000,0
workspaceModel.loading.total.ms,1788134703081000000,1788134763078000000,0
DirectByteBufferAllocator.reclaimed,1788134763078000000,1788134823074000000,0
StreamlinedBlobStorage.totalLiveRecordsCapacityBytes,1788134763078000000,1788134823074000000,0
FilePageCacheLockFree.totalClosedStoragesReclaimed,1788134763078000000,1788134823074000000,0
DirectByteBufferAllocator.totalSizeOfBuffersCachedInBytes,1788134763078000000,1788134823074000000,0
FilePageCacheLockFree.housekeeperTurnsSkipped,1788134763078000000,1788134823074000000,0
FilePageCacheLockFree.totalPagesAllocated,1788134763078000000,1788134823074000000,0
FilePageCacheLockFree.totalNativeBytesAllocated,1788134763078000000,1788134823074000000,0
FilePageCacheLockFree.totalPageAllocationsWaited,1788134763078000000,1788134823074000000,0
FilePageCacheLockFree.totalBytesWritten,1788134763078000000,1788134823074000000,0
FilePageCacheLockFree.totalPagesReadMs,1788134763078000000,1788134823074000000,0
FilePageCache.pageFastCacheHits,1788134763078000000,1788134823074000000,95
FileChannelInterruptsRetryer.totalRetriedAttempts,1788134763078000000,1788134823074000000,0
FilePageCacheLockFree.totalNativeBytesReclaimed,1788134763078000000,1788134823074000000,0
FilePageCache.disposedBuffers,1788134763078000000,1788134823074000000,0
FilePageCache.totalPageLoadsUs,1788134763078000000,1788134823074000000,0
FilePageCacheLockFree.totalPagesReclaimed,1788134763078000000,1788134823074000000,0
StreamlinedBlobStorage.recordsAllocated,1788134763078000000,1788134823074000000,0
FilePageCache.maxCacheSizeInBytes,1788134763078000000,1788134823074000000,212877312
FilePageCache.maxRegisteredFiles,1788134763078000000,1788134823074000000,555
StreamlinedBlobStorage.recordsRelocated,1788134763078000000,1788134823074000000,0
FilePageCacheLockFree.heapBytesInUse,1788134763078000000,1788134823074000000,0
StreamlinedBlobStorage.totalLiveRecordsPayloadBytes,1788134763078000000,1788134823074000000,0
FilePageCacheLockFree.totalPagesWriteMs,1788134763078000000,1788134823074000000,0
FilePageCacheLockFree.totalPagesRequestsMs,1788134763078000000,1788134823074000000,0
FilePageCacheLockFree.totalHeapBytesAllocated,1788134763078000000,1788134823074000000,0
FilePageCache.pageHits,1788134763078000000,1788134823074000000,0
FilePageCacheLockFree.totalPagesWritten,1788134763078000000,1788134823074000000,0
FilePageCacheLockFree.totalBytesRead,1788134763078000000,1788134823074000000,0
FilePageCacheLockFree.totalPagesRequested,1788134763078000000,1788134823074000000,0
DirectByteBufferAllocator.disposed,1788134763078000000,1788134823074000000,0
DirectByteBufferAllocator.totalSizeOfBuffersAllocatedInBytes,1788134763078000000,1788134823074000000,212877312
DirectByteBufferAllocator.hits,1788134763078000000,1788134823074000000,0
StorageLockContext.competingThreads.90P,1788134763078000000,1788134823074000000,0
StorageLockContext.competingThreads.avg,1788134763078000000,1788134823074000000,0.0
FilePageCache.pageLoads,1788134763078000000,1788134823074000000,0
StreamlinedBlobStorage.recordsDeleted,1788134763078000000,1788134823074000000,0
FilePageCacheLockFree.housekeeperTimeSpentMs,1788134763078000000,1788134823074000000,0
FilePageCacheLockFree.nativeBytesInUse,1788134763078000000,1788134823074000000,0
MappedFileStorage.totalTimeSpentOnMappingUs,1788134763078000000,1788134823074000000,7209
FilePageCacheLockFree.totalPagesHandedOver,1788134763078000000,1788134823074000000,0
DirectByteBufferAllocator.misses,1788134763078000000,1788134823074000000,0
FilePageCacheLockFree.totalHeapBytesReclaimed,1788134763078000000,1788134823074000000,0
MappedFileStorage.totalBytesMapped,1788134763078000000,1788134823074000000,181665792
FilePageCache.totalPageDisposalsUs,1788134763078000000,1788134823074000000,0
FilePageCacheLockFree.housekeeperTurnsDone,1788134763078000000,1788134823074000000,0
MappedFileStorage.storages,1788134763078000000,1788134823074000000,11
FilePageCache.pageLoadsAboveSizeThreshold,1788134763078000000,1788134823074000000,0
FilePageCache.uncachedFileAccess,1788134763078000000,1788134823074000000,0
FilePageCache.capacityInBytes,1788134763078000000,1788134823074000000,503316478
MappedFileStorage.totalPagesMapped,1788134763078000000,1788134823074000000,11
FilePageCacheLockFree.totalBytesRequested,1788134763078000000,1788134823074000000,0
StorageLockContext.competingThreads.max,1788134763078000000,1788134823074000000,0
FileNameCache.queries,1788134763078000000,1788134823074000000,0
VFS.fileByIdCache.hits,1788134763078000000,1788134823074000000,0
FileNameCache.totalMisses,1788134763078000000,1788134823074000000,0
VFS.invertedFileNameIndex.requests,1788134763078000000,1788134823074000000,0
VFS.fileChildByName,1788134763078000000,1788134823074000000,366
VFS.fileByIdCache.misses,1788134763078000000,1788134823074000000,0
compiler.ArtifactManagerBridge.addArtifact.ms,1788134763078000000,1788134823074000000,0
compiler.ArtifactVirtualFileListener.propertyChanged.ms,1788134763078000000,1788134823074000000,0
compiler.ArtifactVirtualFileListener.filePathChanged.ms,1788134763078000000,1788134823074000000,0
compiler.ArtifactManagerBridge.dropMappings.ms,1788134763078000000,1788134823074000000,0
compiler.ArtifactManagerBridge.commit.ms,1788134763078000000,1788134823074000000,0
compiler.ArtifactManagerBridge.getArtifacts.ms,1788134763078000000,1788134823074000000,0
compiler.ArtifactManagerBridge.initBridges.ms,1788134763078000000,1788134823074000000,0
compiler.ArtifactManagerBridge.getArtifactsByType.ms,1788134763078000000,1788134823074000000,0
compiler.ArtifactManagerBridge.findArtifact.ms,1788134763078000000,1788134823074000000,0
jps.facet.change.listener.process.change.events.ms,1788134763078000000,1788134823074000000,0
workspaceModel.mutableEntityStorage.modify.entity.ms,1788134763078000000,1788134823074000000,0
jps.load.initial.state.ms,1788134763078000000,1788134823074000000,0
jps.artifact.entities.serializer.load.entities.ms,1788134763078000000,1788134823074000000,0
workspaceModel.mutableEntityStorage.mutable.vfurl.index.ms,1788134763078000000,1788134823074000000,0
workspaceModel.load.cache.from.file.ms,1788134763078000000,1788134823074000000,0
jps.global.get.libraries.ms,1788134763078000000,1788134823074000000,0
jps.save.changed.project.entities.ms,1788134763078000000,1788134823074000000,0
jps.facet.change.listener.init.bridge.ms,1788134763078000000,1788134823074000000,0
workspaceModel.mutableEntityStorage.remove.entity.ms,1788134763078000000,1788134823074000000,0
jps.save.global.entities.ms,1788134763078000000,1788134823074000000,2
workspaceModel.mutableEntityStorage.entities.by.source.ms,1788134763078000000,1788134823074000000,0
jps.app.storage.content.reader.load.component.ms,1788134763078000000,1788134823074000000,0
workspaceModel.global.updates.ms,1788134763078000000,1788134823074000000,0
workspaceModel.save.cache.to.file.ms,1788134763078000000,1788134823074000000,0
jps.artifact.entities.serializer.save.entities.ms,1788134763078000000,1788134823074000000,0
jps.facet.change.listener.before.change.events.ms,1788134763078000000,1788134823074000000,0
jps.project.serializers.save.ms,1788134763078000000,1788134823074000000,0
workspaceModel.moduleManagerBridge.new.nonPersistent.module.ms,1788134763078000000,1788134823074000000,0
workspaceModel.mutableEntityStorage.apply.changes.from.ms,1788134763078000000,1788134823074000000,0
jps.global.handle.before.change.events.ms,1788134763078000000,1788134823074000000,0
workspaceModel.sync.entities.ms,1788134763078000000,1788134823074000000,0
workspaceModel.moduleBridge.facet.initialization.ms,1788134763078000000,1788134823074000000,0
workspaceModel.global.apply.state.to.project.builder.ms,1788134763078000000,1788134823074000000,0
workspaceModel.orphan.listener.update.ms,1788134763078000000,1788134823074000000,0
workspaceModel.moduleManagerBridge.load.module.ms,1788134763078000000,1788134823074000000,0
workspaceModel.mutableEntityStorage.to.snapshot.ms,1788134763078000000,1788134823074000000,0
workspaceModel.moduleBridge.update.option.ms,1788134763078000000,1788134823074000000,0
jps.reload.project.entities.ms,1788134763078000000,1788134823074000000,0
workspaceModel.mutableEntityStorage.instances.count,1788134763078000000,1788134823074000000,0
workspaceModel.moduleManagerBridge.create.module.instance.ms,1788134763078000000,1788134823074000000,0
jps.module.iml.entities.serializer.load.entities.ms,1788134763078000000,1788134823074000000,0
jps.project.serializers.load.ms,1788134763078000000,1788134823074000000,0
jps.global.initialize.library.bridges.ms,1788134763078000000,1788134823074000000,0
jps.apply.loaded.storage.ms,1788134763078000000,1788134823074000000,0
jps.app.storage.content.writer.save.component.ms,1788134763078000000,1788134823074000000,0
workspaceModel.moduleManagerBridge.set.unloadedModules.ms,1788134763078000000,1788134823074000000,0
workspaceModel.moduleBridgeLoader.loading.modules.ms,1788134763078000000,1788134823074000000,0
workspaceModel.mutableEntityStorage.resolve.ms,1788134763078000000,1788134823074000000,0
jps.global.get.library.ms,1788134763078000000,1788134823074000000,0
jps.global.initialize.library.bridges.after.loading.ms,1788134763078000000,1788134823074000000,0
workspaceModel.mutableEntityStorage.collect.changes.ms,1788134763078000000,1788134823074000000,0
workspaceModel.moduleBridge.before.changed.ms,1788134763078000000,1788134823074000000,0
workspaceModel.mutableEntityStorage.add.entity.ms,1788134763078000000,1788134823074000000,0
workspaceModel.mutableEntityStorage.mutable.ext.mapping.ms,1788134763078000000,1788134823074000000,0
workspaceModel.moduleManagerBridge.load.all.modules.ms,1788134763078000000,1788134823074000000,0
workspaceModel.mutableEntityStorage.has.same.entities.ms,1788134763078000000,1788134823074000000,0
workspaceModel.mutableEntityStorage.put.entity.ms,1788134763078000000,1788134823074000000,0
workspaceModel.do.save.caches.ms,1788134763078000000,1788134823074000000,0
workspaceModel.load.cache.metadata.from.file.ms,1788134763078000000,1788134823074000000,0
workspaceModel.global.updates.count,1788134763078000000,1788134823074000000,0
workspaceModel.moduleManagerBridge.get.modules.ms,1788134763078000000,1788134823074000000,0
workspaceModel.mutableEntityStorage.replace.by.source.ms,1788134763078000000,1788134823074000000,0
jps.load.project.to.empty.storage.ms,1788134763078000000,1788134823074000000,0
jps.global.handle.changed.events.ms,1788134763078000000,1788134823074000000,0
workspaceModel.delayed.project.synchronizer.sync.ms,1788134763078000000,1788134823074000000,0
jps.global.get.library.by.name.ms,1788134763078000000,1788134823074000000,0
jps.storage.jps.conf.reader.load.component.ms,1788134763078000000,1788134823074000000,0
workspaceModel.mutableEntityStorage.referrers.ms,1788134763078000000,1788134823074000000,0
jps.library.entities.serializer.load.entities.ms,1788134763078000000,1788134823074000000,0
workspaceModel.mutableEntityStorage.entities.ms,1788134763078000000,1788134823074000000,0
workspaceModel.moduleManagerBridge.newModule.ms,1788134763078000000,1788134823074000000,0
workspaceModel.moduleManagerBridge.build.module.graph.ms,1788134763078000000,1788134823074000000,0
jps.module.iml.entities.serializer.save.entities.ms,1788134763078000000,1788134823074000000,0
workspaceModel.global.apply.state.to.project.ms,1788134763078000000,1788134823074000000,0
jps.library.entities.serializer.save.entities.ms,1788134763078000000,1788134823074000000,0
Indexes.stubs.lookupDurationMaxMs,1788134763078000000,1788134823074000000,0.0
Indexes.allKeys.lookupDurationMaxMs,1788134763078000000,1788134823074000000,0.0
Indexes.allKeys.lookupDurationAvgMs,1788134763078000000,1788134823074000000,0.0
IndexesFlusher.totalFlushesRetried,1788134763078000000,1788134823074000000,0
Indexes.entries.lookupDurationMaxMs,1788134763078000000,1788134823074000000,0.0
Indexes.stubs.lookupDurationAvgMs,1788134763078000000,1788134823074000000,0.0
IndexesFlusher.totalContentionQuotaSpent,1788134763078000000,1788134823074000000,0
Indexes.entries.lookupDurationAvgMs,1788134763078000000,1788134823074000000,0.0
Indexes.allKeys.lookups,1788134763078000000,1788134823074000000,0.0
Indexes.stubs.lookupDuration90PMs,1788134763078000000,1788134823074000000,0.0
IndexesFlusher.totalFlushes,1788134763078000000,1788134823074000000,59
Indexes.stubs.lookups,1788134763078000000,1788134823074000000,0.0
IndexesFlusher.totalFlushingTimeUs,1788134763078000000,1788134823074000000,256692
Indexes.entries.lookupDuration90PMs,1788134763078000000,1788134823074000000,0.0
Indexes.entries.lookups,1788134763078000000,1788134823074000000,0.0
Indexes.allKeys.lookupDuration90PMs,1788134763078000000,1788134823074000000,0.0
writeAction.wait.ms,1788134763078000000,1788134823074000000,0
writeAction.max.wait.ms,1788134763078000000,1788134823074000000,11
writeAction.median.wait.ms,1788134763078000000,1788134823074000000,0
writeAction.count,1788134763078000000,1788134823074000000,1
JVM.totalCpuTimeMs,1788134763078000000,1788134823074000000,9402
JVM.totalDirectByteBuffersBytes,1788134763078000000,1788134823074000000,213966800
JVM.usedHeapBytes,1788134763078000000,1788134823074000000,300140568
JVM.GC.collectionTimesMs,1788134763078000000,1788134823074000000,15
JVM.totalBytesAllocated,1788134763078000000,1788134823074000000,137501112
JVM.GC.collections,1788134763078000000,1788134823074000000,1
JVM.maxThreadCount,1788134763078000000,1788134823074000000,157
JVM.threadCount,1788134763078000000,1788134823074000000,61
OS.loadAverage,1788134763078000000,1788134823074000000,1.95556640625
JVM.newThreadsCount,1788134763078000000,1788134823074000000,0
JVM.usedNativeBytes,1788134763078000000,1788134823074000000,331003592
JVM.maxHeapBytes,1788134763078000000,1788134823074000000,2147483648
cacheStateStorage.set.duration,1788134763078000000,1788134823074000000,0
cacheStateStorage.get.counter,1788134763078000000,1788134823074000000,2
cacheStateStorage.get.duration,1788134763078000000,1788134823074000000,0
cacheStateStorage.set.counter,1788134763078000000,1788134823074000000,0
FlushQueue.tasksExecuted,1788134763078000000,1788134823074000000,0
AWTEventQueue.dispatchTime90PNs,1788134763078000000,1788134823074000000,0
FlushQueue.executionTime90PNs,1788134763078000000,1788134823074000000,0
NonBlockingReadAction.finalizedExecutionTimeUs,1788134763078000000,1788134823074000000,14226
FlushQueue.queueSizeMax,1788134763078000000,1788134823074000000,0
AWTEventQueue.dispatchTimeAvgNs,1788134763078000000,1788134823074000000,0.0
FlushQueue.queueSizeAvg,1788134763078000000,1788134823074000000,0.0
FlushQueue.waitingTime90PNs,1788134763078000000,1788134823074000000,0
NonBlockingReadAction.failedExecutionsCount,1788134763078000000,1788134823074000000,0
FlushQueue.executionTimeMaxNs,1788134763078000000,1788134823074000000,0
ReadAction.executionsCount,1788134763078000000,1788134823074000000,67615
AWTEventQueue.dispatchTimeMaxNs,1788134763078000000,1788134823074000000,0
NonBlockingReadAction.failedExecutionTimeUs,1788134763078000000,1788134823074000000,0
NonBlockingReadAction.finalizedExecutionsCount,1788134763078000000,1788134823074000000,119
AWTEventQueue.dispatchTimeTotalNS,1788134763078000000,1788134823074000000,3040497023
FlushQueue.queueSize90P,1788134763078000000,1788134823074000000,0
FlushQueue.waitingTimeAvgNs,1788134763078000000,1788134823074000000,0.0
AWTEventQueue.eventsDispatched,1788134763078000000,1788134823074000000,0
FlushQueue.waitingTimeMaxNs,1788134763078000000,1788134823074000000,0
FlushQueue.executionTimeAvgNs,1788134763078000000,1788134823074000000,0.0
WriteAction.executionsCount,1788134763078000000,1788134823074000000,1
workspaceModel.full.replace.project.model.ms,1788134763078000000,1788134823074000000,0
workspaceModel.cachedValue.clear.ms,1788134763078000000,1788134823074000000,0
workspaceModel.initializing.ms,1788134763078000000,1788134823074000000,0
workspaceModel.collect.changes.ms,1788134763078000000,1788134823074000000,0
workspaceModel.workspaceFileIndexData.getDirectoriesByPackageName.ms,1788134763078000000,1788134823074000000,0
workspaceModel.update.unloaded.entities.ms,1788134763078000000,1788134823074000000,0
workspaceModel.replace.project.model.ms,1788134763078000000,1788134823074000000,0
workspaceModel.workspaceFileIndexData.init.ms,1788134763078000000,1788134823074000000,0
workspaceModel.updates.ms,1788134763078000000,1788134823074000000,0
workspaceModel.init.bridges.ms,1788134763078000000,1788134823074000000,0
workspaceModel.cachedValueWithParameters.clear.ms,1788134763078000000,1788134823074000000,0
workspaceModel.cachedValueWithParameters.total.get.ms,1788134763078000000,1788134823074000000,0
workspaceModel.workspaceFileIndexData.visitFileSets.ms,1788134763078000000,1788134823074000000,0
workspaceModel.workspaceFileIndexData.updateDirtyEntities.ms,1788134763078000000,1788134823074000000,0
workspaceModel.workspaceFileIndexData.markDirty.ms,1788134763078000000,1788134823074000000,0
workspaceModel.cachedValueWithParameters.calculated.ms,1788134763078000000,1788134823074000000,0
workspaceModel.entityStorageSnapshotImpl.instances.count,1788134763078000000,1788134823074000000,0
workspaceModel.pre.handlers.ms,1788134763078000000,1788134823074000000,0
workspaceModel.cachedValueWithParameters.from.cache.ms,1788134763078000000,1788134823074000000,0
workspaceModel.workspaceFileIndexData.getPackageName.ms,1788134763078000000,1788134823074000000,0
workspaceModel.to.snapshot.ms,1788134763078000000,1788134823074000000,0
workspaceModel.workspaceFileIndexData.processFileSets.ms,1788134763078000000,1788134823074000000,0
workspaceModel.cachedValue.calculated.ms,1788134763078000000,1788134823074000000,0
workspaceModel.loading.from.cache.ms,1788134763078000000,1788134823074000000,0
workspaceModel.updates.count,1788134763078000000,1788134823074000000,0
workspaceModel.cachedValue.total.get.ms,1788134763078000000,1788134823074000000,0
workspaceModel.workspaceFileIndexData.getFileInfo.ms,1788134763078000000,1788134823074000000,0
workspaceModel.check.recursive.update.ms,1788134763078000000,1788134823074000000,0
workspaceModel.workspaceFileIndexData.onEntitiesChanged.ms,1788134763078000000,1788134823074000000,0
workspaceModel.cachedValue.from.cache.ms,1788134763078000000,1788134823074000000,0
workspaceModel.workspaceFileIndexData.instances.count,1788134763078000000,1788134823074000000,0
workspaceModel.updates.precise.ms,1788134763078000000,1788134823074000000,0
workspaceModel.workspaceFileIndexContributor.registerFileSets.ms,1788134763078000000,1788134823074000000,0
workspaceModel.loading.total.ms,1788134763078000000,1788134823074000000,0
DirectByteBufferAllocator.reclaimed,1788134823074000000,1788134883072000000,0
StreamlinedBlobStorage.totalLiveRecordsCapacityBytes,1788134823074000000,1788134883072000000,0
FilePageCacheLockFree.totalClosedStoragesReclaimed,1788134823074000000,1788134883072000000,0
DirectByteBufferAllocator.totalSizeOfBuffersCachedInBytes,1788134823074000000,1788134883072000000,0
FilePageCacheLockFree.housekeeperTurnsSkipped,1788134823074000000,1788134883072000000,0
FilePageCacheLockFree.totalPagesAllocated,1788134823074000000,1788134883072000000,0
FilePageCacheLockFree.totalNativeBytesAllocated,1788134823074000000,1788134883072000000,0
FilePageCacheLockFree.totalPageAllocationsWaited,1788134823074000000,1788134883072000000,0
FilePageCacheLockFree.totalBytesWritten,1788134823074000000,1788134883072000000,0
FilePageCacheLockFree.totalPagesReadMs,1788134823074000000,1788134883072000000,0
FilePageCache.pageFastCacheHits,1788134823074000000,1788134883072000000,0
FileChannelInterruptsRetryer.totalRetriedAttempts,1788134823074000000,1788134883072000000,0
FilePageCacheLockFree.totalNativeBytesReclaimed,1788134823074000000,1788134883072000000,0
FilePageCache.disposedBuffers,1788134823074000000,1788134883072000000,0
FilePageCache.totalPageLoadsUs,1788134823074000000,1788134883072000000,0
FilePageCacheLockFree.totalPagesReclaimed,1788134823074000000,1788134883072000000,0
StreamlinedBlobStorage.recordsAllocated,1788134823074000000,1788134883072000000,0
FilePageCache.maxCacheSizeInBytes,1788134823074000000,1788134883072000000,212877312
FilePageCache.maxRegisteredFiles,1788134823074000000,1788134883072000000,555
StreamlinedBlobStorage.recordsRelocated,1788134823074000000,1788134883072000000,0
FilePageCacheLockFree.heapBytesInUse,1788134823074000000,1788134883072000000,0
StreamlinedBlobStorage.totalLiveRecordsPayloadBytes,1788134823074000000,1788134883072000000,0
FilePageCacheLockFree.totalPagesWriteMs,1788134823074000000,1788134883072000000,0
FilePageCacheLockFree.totalPagesRequestsMs,1788134823074000000,1788134883072000000,0
FilePageCacheLockFree.totalHeapBytesAllocated,1788134823074000000,1788134883072000000,0
FilePageCache.pageHits,1788134823074000000,1788134883072000000,0
FilePageCacheLockFree.totalPagesWritten,1788134823074000000,1788134883072000000,0
FilePageCacheLockFree.totalBytesRead,1788134823074000000,1788134883072000000,0
FilePageCacheLockFree.totalPagesRequested,1788134823074000000,1788134883072000000,0
DirectByteBufferAllocator.disposed,1788134823074000000,1788134883072000000,0
DirectByteBufferAllocator.totalSizeOfBuffersAllocatedInBytes,1788134823074000000,1788134883072000000,212877312
DirectByteBufferAllocator.hits,1788134823074000000,1788134883072000000,0
StorageLockContext.competingThreads.90P,1788134823074000000,1788134883072000000,0
StorageLockContext.competingThreads.avg,1788134823074000000,1788134883072000000,0.0
FilePageCache.pageLoads,1788134823074000000,1788134883072000000,0
StreamlinedBlobStorage.recordsDeleted,1788134823074000000,1788134883072000000,0
FilePageCacheLockFree.housekeeperTimeSpentMs,1788134823074000000,1788134883072000000,0
FilePageCacheLockFree.nativeBytesInUse,1788134823074000000,1788134883072000000,0
MappedFileStorage.totalTimeSpentOnMappingUs,1788134823074000000,1788134883072000000,7209
FilePageCacheLockFree.totalPagesHandedOver,1788134823074000000,1788134883072000000,0
DirectByteBufferAllocator.misses,1788134823074000000,1788134883072000000,0
FilePageCacheLockFree.totalHeapBytesReclaimed,1788134823074000000,1788134883072000000,0
MappedFileStorage.totalBytesMapped,1788134823074000000,1788134883072000000,181665792
FilePageCache.totalPageDisposalsUs,1788134823074000000,1788134883072000000,0
FilePageCacheLockFree.housekeeperTurnsDone,1788134823074000000,1788134883072000000,0
MappedFileStorage.storages,1788134823074000000,1788134883072000000,11
FilePageCache.pageLoadsAboveSizeThreshold,1788134823074000000,1788134883072000000,0
FilePageCache.uncachedFileAccess,1788134823074000000,1788134883072000000,0
FilePageCache.capacityInBytes,1788134823074000000,1788134883072000000,503316478
MappedFileStorage.totalPagesMapped,1788134823074000000,1788134883072000000,11
FilePageCacheLockFree.totalBytesRequested,1788134823074000000,1788134883072000000,0
StorageLockContext.competingThreads.max,1788134823074000000,1788134883072000000,0
FileNameCache.queries,1788134823074000000,1788134883072000000,3072
VFS.fileByIdCache.hits,1788134823074000000,1788134883072000000,0
FileNameCache.totalMisses,1788134823074000000,1788134883072000000,0
VFS.invertedFileNameIndex.requests,1788134823074000000,1788134883072000000,1
VFS.fileChildByName,1788134823074000000,1788134883072000000,90
VFS.fileByIdCache.misses,1788134823074000000,1788134883072000000,0
compiler.ArtifactManagerBridge.addArtifact.ms,1788134823074000000,1788134883072000000,0
compiler.ArtifactVirtualFileListener.propertyChanged.ms,1788134823074000000,1788134883072000000,0
compiler.ArtifactVirtualFileListener.filePathChanged.ms,1788134823074000000,1788134883072000000,0
compiler.ArtifactManagerBridge.dropMappings.ms,1788134823074000000,1788134883072000000,0
compiler.ArtifactManagerBridge.commit.ms,1788134823074000000,1788134883072000000,0
compiler.ArtifactManagerBridge.getArtifacts.ms,1788134823074000000,1788134883072000000,0
compiler.ArtifactManagerBridge.initBridges.ms,1788134823074000000,1788134883072000000,0
compiler.ArtifactManagerBridge.getArtifactsByType.ms,1788134823074000000,1788134883072000000,0
compiler.ArtifactManagerBridge.findArtifact.ms,1788134823074000000,1788134883072000000,0
jps.facet.change.listener.process.change.events.ms,1788134823074000000,1788134883072000000,0
workspaceModel.mutableEntityStorage.modify.entity.ms,1788134823074000000,1788134883072000000,0
jps.load.initial.state.ms,1788134823074000000,1788134883072000000,0
jps.artifact.entities.serializer.load.entities.ms,1788134823074000000,1788134883072000000,0
workspaceModel.mutableEntityStorage.mutable.vfurl.index.ms,1788134823074000000,1788134883072000000,0
workspaceModel.load.cache.from.file.ms,1788134823074000000,1788134883072000000,0
jps.global.get.libraries.ms,1788134823074000000,1788134883072000000,0
jps.save.changed.project.entities.ms,1788134823074000000,1788134883072000000,0
jps.facet.change.listener.init.bridge.ms,1788134823074000000,1788134883072000000,0
workspaceModel.mutableEntityStorage.remove.entity.ms,1788134823074000000,1788134883072000000,0
jps.save.global.entities.ms,1788134823074000000,1788134883072000000,0
workspaceModel.mutableEntityStorage.entities.by.source.ms,1788134823074000000,1788134883072000000,0
jps.app.storage.content.reader.load.component.ms,1788134823074000000,1788134883072000000,0
workspaceModel.global.updates.ms,1788134823074000000,1788134883072000000,0
workspaceModel.save.cache.to.file.ms,1788134823074000000,1788134883072000000,0
jps.artifact.entities.serializer.save.entities.ms,1788134823074000000,1788134883072000000,0
jps.facet.change.listener.before.change.events.ms,1788134823074000000,1788134883072000000,0
jps.project.serializers.save.ms,1788134823074000000,1788134883072000000,0
workspaceModel.moduleManagerBridge.new.nonPersistent.module.ms,1788134823074000000,1788134883072000000,0
workspaceModel.mutableEntityStorage.apply.changes.from.ms,1788134823074000000,1788134883072000000,0
jps.global.handle.before.change.events.ms,1788134823074000000,1788134883072000000,0
workspaceModel.sync.entities.ms,1788134823074000000,1788134883072000000,0
workspaceModel.moduleBridge.facet.initialization.ms,1788134823074000000,1788134883072000000,0
workspaceModel.global.apply.state.to.project.builder.ms,1788134823074000000,1788134883072000000,0
workspaceModel.orphan.listener.update.ms,1788134823074000000,1788134883072000000,0
workspaceModel.moduleManagerBridge.load.module.ms,1788134823074000000,1788134883072000000,0
workspaceModel.mutableEntityStorage.to.snapshot.ms,1788134823074000000,1788134883072000000,0
workspaceModel.moduleBridge.update.option.ms,1788134823074000000,1788134883072000000,0
jps.reload.project.entities.ms,1788134823074000000,1788134883072000000,0
workspaceModel.mutableEntityStorage.instances.count,1788134823074000000,1788134883072000000,0
workspaceModel.moduleManagerBridge.create.module.instance.ms,1788134823074000000,1788134883072000000,0
jps.module.iml.entities.serializer.load.entities.ms,1788134823074000000,1788134883072000000,0
jps.project.serializers.load.ms,1788134823074000000,1788134883072000000,0
jps.global.initialize.library.bridges.ms,1788134823074000000,1788134883072000000,0
jps.apply.loaded.storage.ms,1788134823074000000,1788134883072000000,0
jps.app.storage.content.writer.save.component.ms,1788134823074000000,1788134883072000000,0
workspaceModel.moduleManagerBridge.set.unloadedModules.ms,1788134823074000000,1788134883072000000,0
workspaceModel.moduleBridgeLoader.loading.modules.ms,1788134823074000000,1788134883072000000,0
workspaceModel.mutableEntityStorage.resolve.ms,1788134823074000000,1788134883072000000,0
jps.global.get.library.ms,1788134823074000000,1788134883072000000,0
jps.global.initialize.library.bridges.after.loading.ms,1788134823074000000,1788134883072000000,0
workspaceModel.mutableEntityStorage.collect.changes.ms,1788134823074000000,1788134883072000000,0
workspaceModel.moduleBridge.before.changed.ms,1788134823074000000,1788134883072000000,0
workspaceModel.mutableEntityStorage.add.entity.ms,1788134823074000000,1788134883072000000,0
workspaceModel.mutableEntityStorage.mutable.ext.mapping.ms,1788134823074000000,1788134883072000000,0
workspaceModel.moduleManagerBridge.load.all.modules.ms,1788134823074000000,1788134883072000000,0
workspaceModel.mutableEntityStorage.has.same.entities.ms,1788134823074000000,1788134883072000000,0
workspaceModel.mutableEntityStorage.put.entity.ms,1788134823074000000,1788134883072000000,0
workspaceModel.do.save.caches.ms,1788134823074000000,1788134883072000000,0
workspaceModel.load.cache.metadata.from.file.ms,1788134823074000000,1788134883072000000,0
workspaceModel.global.updates.count,1788134823074000000,1788134883072000000,0
workspaceModel.moduleManagerBridge.get.modules.ms,1788134823074000000,1788134883072000000,0
workspaceModel.mutableEntityStorage.replace.by.source.ms,1788134823074000000,1788134883072000000,0
jps.load.project.to.empty.storage.ms,1788134823074000000,1788134883072000000,0
jps.global.handle.changed.events.ms,1788134823074000000,1788134883072000000,0
workspaceModel.delayed.project.synchronizer.sync.ms,1788134823074000000,1788134883072000000,0
jps.global.get.library.by.name.ms,1788134823074000000,1788134883072000000,0
jps.storage.jps.conf.reader.load.component.ms,1788134823074000000,1788134883072000000,0
workspaceModel.mutableEntityStorage.referrers.ms,1788134823074000000,1788134883072000000,0
jps.library.entities.serializer.load.entities.ms,1788134823074000000,1788134883072000000,0
workspaceModel.mutableEntityStorage.entities.ms,1788134823074000000,1788134883072000000,0
workspaceModel.moduleManagerBridge.newModule.ms,1788134823074000000,1788134883072000000,0
workspaceModel.moduleManagerBridge.build.module.graph.ms,1788134823074000000,1788134883072000000,0
jps.module.iml.entities.serializer.save.entities.ms,1788134823074000000,1788134883072000000,0
workspaceModel.global.apply.state.to.project.ms,1788134823074000000,1788134883072000000,0
jps.library.entities.serializer.save.entities.ms,1788134823074000000,1788134883072000000,0
Indexes.stubs.lookupDurationMaxMs,1788134823074000000,1788134883072000000,0.0
Indexes.allKeys.lookupDurationMaxMs,1788134823074000000,1788134883072000000,0.0
Indexes.allKeys.lookupDurationAvgMs,1788134823074000000,1788134883072000000,0.0
IndexesFlusher.totalFlushesRetried,1788134823074000000,1788134883072000000,0
Indexes.entries.lookupDurationMaxMs,1788134823074000000,1788134883072000000,0.0
Indexes.stubs.lookupDurationAvgMs,1788134823074000000,1788134883072000000,0.0
IndexesFlusher.totalContentionQuotaSpent,1788134823074000000,1788134883072000000,0
Indexes.entries.lookupDurationAvgMs,1788134823074000000,1788134883072000000,0.0
Indexes.allKeys.lookups,1788134823074000000,1788134883072000000,0.0
Indexes.stubs.lookupDuration90PMs,1788134823074000000,1788134883072000000,0.0
IndexesFlusher.totalFlushes,1788134823074000000,1788134883072000000,59
Indexes.stubs.lookups,1788134823074000000,1788134883072000000,0.0
IndexesFlusher.totalFlushingTimeUs,1788134823074000000,1788134883072000000,254649
Indexes.entries.lookupDuration90PMs,1788134823074000000,1788134883072000000,0.0
Indexes.entries.lookups,1788134823074000000,1788134883072000000,0.0
Indexes.allKeys.lookupDuration90PMs,1788134823074000000,1788134883072000000,0.0
writeAction.wait.ms,1788134823074000000,1788134883072000000,0
writeAction.max.wait.ms,1788134823074000000,1788134883072000000,11
writeAction.median.wait.ms,1788134823074000000,1788134883072000000,0
writeAction.count,1788134823074000000,1788134883072000000,0
JVM.totalCpuTimeMs,1788134823074000000,1788134883072000000,2167
JVM.totalDirectByteBuffersBytes,1788134823074000000,1788134883072000000,213999951
JVM.usedHeapBytes,1788134823074000000,1788134883072000000,186563760
JVM.GC.collectionTimesMs,1788134823074000000,1788134883072000000,4
JVM.totalBytesAllocated,1788134823074000000,1788134883072000000,34537888
JVM.GC.collections,1788134823074000000,1788134883072000000,1
JVM.maxThreadCount,1788134823074000000,1788134883072000000,157
JVM.threadCount,1788134823074000000,1788134883072000000,66
OS.loadAverage,1788134823074000000,1788134883072000000,2.1513671875
JVM.newThreadsCount,1788134823074000000,1788134883072000000,5
JVM.usedNativeBytes,1788134823074000000,1788134883072000000,340921160
JVM.maxHeapBytes,1788134823074000000,1788134883072000000,2147483648
cacheStateStorage.set.duration,1788134823074000000,1788134883072000000,0
cacheStateStorage.get.counter,1788134823074000000,1788134883072000000,0
cacheStateStorage.get.duration,1788134823074000000,1788134883072000000,0
cacheStateStorage.set.counter,1788134823074000000,1788134883072000000,0
FlushQueue.tasksExecuted,1788134823074000000,1788134883072000000,0
AWTEventQueue.dispatchTime90PNs,1788134823074000000,1788134883072000000,0
FlushQueue.executionTime90PNs,1788134823074000000,1788134883072000000,0
NonBlockingReadAction.finalizedExecutionTimeUs,1788134823074000000,1788134883072000000,11513
FlushQueue.queueSizeMax,1788134823074000000,1788134883072000000,0
AWTEventQueue.dispatchTimeAvgNs,1788134823074000000,1788134883072000000,0.0
FlushQueue.queueSizeAvg,1788134823074000000,1788134883072000000,0.0
FlushQueue.waitingTime90PNs,1788134823074000000,1788134883072000000,0
NonBlockingReadAction.failedExecutionsCount,1788134823074000000,1788134883072000000,0
FlushQueue.executionTimeMaxNs,1788134823074000000,1788134883072000000,0
ReadAction.executionsCount,1788134823074000000,1788134883072000000,209
AWTEventQueue.dispatchTimeMaxNs,1788134823074000000,1788134883072000000,0
NonBlockingReadAction.failedExecutionTimeUs,1788134823074000000,1788134883072000000,0
NonBlockingReadAction.finalizedExecutionsCount,1788134823074000000,1788134883072000000,6
AWTEventQueue.dispatchTimeTotalNS,1788134823074000000,1788134883072000000,40532616
FlushQueue.queueSize90P,1788134823074000000,1788134883072000000,0
FlushQueue.waitingTimeAvgNs,1788134823074000000,1788134883072000000,0.0
AWTEventQueue.eventsDispatched,1788134823074000000,1788134883072000000,0
FlushQueue.waitingTimeMaxNs,1788134823074000000,1788134883072000000,0
FlushQueue.executionTimeAvgNs,1788134823074000000,1788134883072000000,0.0
WriteAction.executionsCount,1788134823074000000,1788134883072000000,0
workspaceModel.full.replace.project.model.ms,1788134823074000000,1788134883072000000,0
workspaceModel.cachedValue.clear.ms,1788134823074000000,1788134883072000000,0
workspaceModel.initializing.ms,1788134823074000000,1788134883072000000,0
workspaceModel.collect.changes.ms,1788134823074000000,1788134883072000000,0
workspaceModel.workspaceFileIndexData.getDirectoriesByPackageName.ms,1788134823074000000,1788134883072000000,0
workspaceModel.update.unloaded.entities.ms,1788134823074000000,1788134883072000000,0
workspaceModel.replace.project.model.ms,1788134823074000000,1788134883072000000,0
workspaceModel.workspaceFileIndexData.init.ms,1788134823074000000,1788134883072000000,0
workspaceModel.updates.ms,1788134823074000000,1788134883072000000,0
workspaceModel.init.bridges.ms,1788134823074000000,1788134883072000000,0
workspaceModel.cachedValueWithParameters.clear.ms,1788134823074000000,1788134883072000000,0
workspaceModel.cachedValueWithParameters.total.get.ms,1788134823074000000,1788134883072000000,0
workspaceModel.workspaceFileIndexData.visitFileSets.ms,1788134823074000000,1788134883072000000,0
workspaceModel.workspaceFileIndexData.updateDirtyEntities.ms,1788134823074000000,1788134883072000000,0
workspaceModel.workspaceFileIndexData.markDirty.ms,1788134823074000000,1788134883072000000,0
workspaceModel.cachedValueWithParameters.calculated.ms,1788134823074000000,1788134883072000000,0
workspaceModel.entityStorageSnapshotImpl.instances.count,1788134823074000000,1788134883072000000,0
workspaceModel.pre.handlers.ms,1788134823074000000,1788134883072000000,0
workspaceModel.cachedValueWithParameters.from.cache.ms,1788134823074000000,1788134883072000000,0
workspaceModel.workspaceFileIndexData.getPackageName.ms,1788134823074000000,1788134883072000000,0
workspaceModel.to.snapshot.ms,1788134823074000000,1788134883072000000,0
workspaceModel.workspaceFileIndexData.processFileSets.ms,1788134823074000000,1788134883072000000,0
workspaceModel.cachedValue.calculated.ms,1788134823074000000,1788134883072000000,1
workspaceModel.loading.from.cache.ms,1788134823074000000,1788134883072000000,0
workspaceModel.updates.count,1788134823074000000,1788134883072000000,0
workspaceModel.cachedValue.total.get.ms,1788134823074000000,1788134883072000000,1
workspaceModel.workspaceFileIndexData.getFileInfo.ms,1788134823074000000,1788134883072000000,2
workspaceModel.check.recursive.update.ms,1788134823074000000,1788134883072000000,0
workspaceModel.workspaceFileIndexData.onEntitiesChanged.ms,1788134823074000000,1788134883072000000,0
workspaceModel.cachedValue.from.cache.ms,1788134823074000000,1788134883072000000,0
workspaceModel.workspaceFileIndexData.instances.count,1788134823074000000,1788134883072000000,0
workspaceModel.updates.precise.ms,1788134823074000000,1788134883072000000,0
workspaceModel.workspaceFileIndexContributor.registerFileSets.ms,1788134823074000000,1788134883072000000,0
workspaceModel.loading.total.ms,1788134823074000000,1788134883072000000,0
DirectByteBufferAllocator.reclaimed,1788134883072000000,1788134943075000000,0
StreamlinedBlobStorage.totalLiveRecordsCapacityBytes,1788134883072000000,1788134943075000000,0
FilePageCacheLockFree.totalClosedStoragesReclaimed,1788134883072000000,1788134943075000000,0
DirectByteBufferAllocator.totalSizeOfBuffersCachedInBytes,1788134883072000000,1788134943075000000,0
FilePageCacheLockFree.housekeeperTurnsSkipped,1788134883072000000,1788134943075000000,0
FilePageCacheLockFree.totalPagesAllocated,1788134883072000000,1788134943075000000,0
FilePageCacheLockFree.totalNativeBytesAllocated,1788134883072000000,1788134943075000000,0
FilePageCacheLockFree.totalPageAllocationsWaited,1788134883072000000,1788134943075000000,0
FilePageCacheLockFree.totalBytesWritten,1788134883072000000,1788134943075000000,0
FilePageCacheLockFree.totalPagesReadMs,1788134883072000000,1788134943075000000,0
FilePageCache.pageFastCacheHits,1788134883072000000,1788134943075000000,0
FileChannelInterruptsRetryer.totalRetriedAttempts,1788134883072000000,1788134943075000000,0
FilePageCacheLockFree.totalNativeBytesReclaimed,1788134883072000000,1788134943075000000,0
FilePageCache.disposedBuffers,1788134883072000000,1788134943075000000,0
FilePageCache.totalPageLoadsUs,1788134883072000000,1788134943075000000,0
FilePageCacheLockFree.totalPagesReclaimed,1788134883072000000,1788134943075000000,0
StreamlinedBlobStorage.recordsAllocated,1788134883072000000,1788134943075000000,0
FilePageCache.maxCacheSizeInBytes,1788134883072000000,1788134943075000000,212877312
FilePageCache.maxRegisteredFiles,1788134883072000000,1788134943075000000,555
StreamlinedBlobStorage.recordsRelocated,1788134883072000000,1788134943075000000,0
FilePageCacheLockFree.heapBytesInUse,1788134883072000000,1788134943075000000,0
StreamlinedBlobStorage.totalLiveRecordsPayloadBytes,1788134883072000000,1788134943075000000,0
FilePageCacheLockFree.totalPagesWriteMs,1788134883072000000,1788134943075000000,0
FilePageCacheLockFree.totalPagesRequestsMs,1788134883072000000,1788134943075000000,0
FilePageCacheLockFree.totalHeapBytesAllocated,1788134883072000000,1788134943075000000,0
FilePageCache.pageHits,1788134883072000000,1788134943075000000,0
FilePageCacheLockFree.totalPagesWritten,1788134883072000000,1788134943075000000,0
FilePageCacheLockFree.totalBytesRead,1788134883072000000,1788134943075000000,0
FilePageCacheLockFree.totalPagesRequested,1788134883072000000,1788134943075000000,0
DirectByteBufferAllocator.disposed,1788134883072000000,1788134943075000000,0
DirectByteBufferAllocator.totalSizeOfBuffersAllocatedInBytes,1788134883072000000,1788134943075000000,212877312
DirectByteBufferAllocator.hits,1788134883072000000,1788134943075000000,0
StorageLockContext.competingThreads.90P,1788134883072000000,1788134943075000000,0
StorageLockContext.competingThreads.avg,1788134883072000000,1788134943075000000,0.0
FilePageCache.pageLoads,1788134883072000000,1788134943075000000,0
StreamlinedBlobStorage.recordsDeleted,1788134883072000000,1788134943075000000,0
FilePageCacheLockFree.housekeeperTimeSpentMs,1788134883072000000,1788134943075000000,0
FilePageCacheLockFree.nativeBytesInUse,1788134883072000000,1788134943075000000,0
MappedFileStorage.totalTimeSpentOnMappingUs,1788134883072000000,1788134943075000000,7209
FilePageCacheLockFree.totalPagesHandedOver,1788134883072000000,1788134943075000000,0
DirectByteBufferAllocator.misses,1788134883072000000,1788134943075000000,0
FilePageCacheLockFree.totalHeapBytesReclaimed,1788134883072000000,1788134943075000000,0
MappedFileStorage.totalBytesMapped,1788134883072000000,1788134943075000000,181665792
FilePageCache.totalPageDisposalsUs,1788134883072000000,1788134943075000000,0
FilePageCacheLockFree.housekeeperTurnsDone,1788134883072000000,1788134943075000000,0
MappedFileStorage.storages,1788134883072000000,1788134943075000000,11
FilePageCache.pageLoadsAboveSizeThreshold,1788134883072000000,1788134943075000000,0
FilePageCache.uncachedFileAccess,1788134883072000000,1788134943075000000,0
FilePageCache.capacityInBytes,1788134883072000000,1788134943075000000,503316478
MappedFileStorage.totalPagesMapped,1788134883072000000,1788134943075000000,11
FilePageCacheLockFree.totalBytesRequested,1788134883072000000,1788134943075000000,0
StorageLockContext.competingThreads.max,1788134883072000000,1788134943075000000,0
FileNameCache.queries,1788134883072000000,1788134943075000000,0
VFS.fileByIdCache.hits,1788134883072000000,1788134943075000000,0
FileNameCache.totalMisses,1788134883072000000,1788134943075000000,0
VFS.invertedFileNameIndex.requests,1788134883072000000,1788134943075000000,0
VFS.fileChildByName,1788134883072000000,1788134943075000000,0
VFS.fileByIdCache.misses,1788134883072000000,1788134943075000000,0
compiler.ArtifactManagerBridge.addArtifact.ms,1788134883072000000,1788134943075000000,0
compiler.ArtifactVirtualFileListener.propertyChanged.ms,1788134883072000000,1788134943075000000,0
compiler.ArtifactVirtualFileListener.filePathChanged.ms,1788134883072000000,1788134943075000000,0
compiler.ArtifactManagerBridge.dropMappings.ms,1788134883072000000,1788134943075000000,0
compiler.ArtifactManagerBridge.commit.ms,1788134883072000000,1788134943075000000,0
compiler.ArtifactManagerBridge.getArtifacts.ms,1788134883072000000,1788134943075000000,0
compiler.ArtifactManagerBridge.initBridges.ms,1788134883072000000,1788134943075000000,0
compiler.ArtifactManagerBridge.getArtifactsByType.ms,1788134883072000000,1788134943075000000,0
compiler.ArtifactManagerBridge.findArtifact.ms,1788134883072000000,1788134943075000000,0
jps.facet.change.listener.process.change.events.ms,1788134883072000000,1788134943075000000,0
workspaceModel.mutableEntityStorage.modify.entity.ms,1788134883072000000,1788134943075000000,0
jps.load.initial.state.ms,1788134883072000000,1788134943075000000,0
jps.artifact.entities.serializer.load.entities.ms,1788134883072000000,1788134943075000000,0
workspaceModel.mutableEntityStorage.mutable.vfurl.index.ms,1788134883072000000,1788134943075000000,0
workspaceModel.load.cache.from.file.ms,1788134883072000000,1788134943075000000,0
jps.global.get.libraries.ms,1788134883072000000,1788134943075000000,0
jps.save.changed.project.entities.ms,1788134883072000000,1788134943075000000,0
jps.facet.change.listener.init.bridge.ms,1788134883072000000,1788134943075000000,0
workspaceModel.mutableEntityStorage.remove.entity.ms,1788134883072000000,1788134943075000000,0
jps.save.global.entities.ms,1788134883072000000,1788134943075000000,0
workspaceModel.mutableEntityStorage.entities.by.source.ms,1788134883072000000,1788134943075000000,0
jps.app.storage.content.reader.load.component.ms,1788134883072000000,1788134943075000000,0
workspaceModel.global.updates.ms,1788134883072000000,1788134943075000000,0
workspaceModel.save.cache.to.file.ms,1788134883072000000,1788134943075000000,0
jps.artifact.entities.serializer.save.entities.ms,1788134883072000000,1788134943075000000,0
jps.facet.change.listener.before.change.events.ms,1788134883072000000,1788134943075000000,0
jps.project.serializers.save.ms,1788134883072000000,1788134943075000000,0
workspaceModel.moduleManagerBridge.new.nonPersistent.module.ms,1788134883072000000,1788134943075000000,0
workspaceModel.mutableEntityStorage.apply.changes.from.ms,1788134883072000000,1788134943075000000,0
jps.global.handle.before.change.events.ms,1788134883072000000,1788134943075000000,0
workspaceModel.sync.entities.ms,1788134883072000000,1788134943075000000,0
workspaceModel.moduleBridge.facet.initialization.ms,1788134883072000000,1788134943075000000,0
workspaceModel.global.apply.state.to.project.builder.ms,1788134883072000000,1788134943075000000,0
workspaceModel.orphan.listener.update.ms,1788134883072000000,1788134943075000000,0
workspaceModel.moduleManagerBridge.load.module.ms,1788134883072000000,1788134943075000000,0
workspaceModel.mutableEntityStorage.to.snapshot.ms,1788134883072000000,1788134943075000000,0
workspaceModel.moduleBridge.update.option.ms,1788134883072000000,1788134943075000000,0
jps.reload.project.entities.ms,1788134883072000000,1788134943075000000,0
workspaceModel.mutableEntityStorage.instances.count,1788134883072000000,1788134943075000000,0
workspaceModel.moduleManagerBridge.create.module.instance.ms,1788134883072000000,1788134943075000000,0
jps.module.iml.entities.serializer.load.entities.ms,1788134883072000000,1788134943075000000,0
jps.project.serializers.load.ms,1788134883072000000,1788134943075000000,0
jps.global.initialize.library.bridges.ms,1788134883072000000,1788134943075000000,0
jps.apply.loaded.storage.ms,1788134883072000000,1788134943075000000,0
jps.app.storage.content.writer.save.component.ms,1788134883072000000,1788134943075000000,0
workspaceModel.moduleManagerBridge.set.unloadedModules.ms,1788134883072000000,1788134943075000000,0
workspaceModel.moduleBridgeLoader.loading.modules.ms,1788134883072000000,1788134943075000000,0
workspaceModel.mutableEntityStorage.resolve.ms,1788134883072000000,1788134943075000000,0
jps.global.get.library.ms,1788134883072000000,1788134943075000000,0
jps.global.initialize.library.bridges.after.loading.ms,1788134883072000000,1788134943075000000,0
workspaceModel.mutableEntityStorage.collect.changes.ms,1788134883072000000,1788134943075000000,0
workspaceModel.moduleBridge.before.changed.ms,1788134883072000000,1788134943075000000,0
workspaceModel.mutableEntityStorage.add.entity.ms,1788134883072000000,1788134943075000000,0
workspaceModel.mutableEntityStorage.mutable.ext.mapping.ms,1788134883072000000,1788134943075000000,0
workspaceModel.moduleManagerBridge.load.all.modules.ms,1788134883072000000,1788134943075000000,0
workspaceModel.mutableEntityStorage.has.same.entities.ms,1788134883072000000,1788134943075000000,0
workspaceModel.mutableEntityStorage.put.entity.ms,1788134883072000000,1788134943075000000,0
workspaceModel.do.save.caches.ms,1788134883072000000,1788134943075000000,0
workspaceModel.load.cache.metadata.from.file.ms,1788134883072000000,1788134943075000000,0
workspaceModel.global.updates.count,1788134883072000000,1788134943075000000,0
workspaceModel.moduleManagerBridge.get.modules.ms,1788134883072000000,1788134943075000000,0
workspaceModel.mutableEntityStorage.replace.by.source.ms,1788134883072000000,1788134943075000000,0
jps.load.project.to.empty.storage.ms,1788134883072000000,1788134943075000000,0
jps.global.handle.changed.events.ms,1788134883072000000,1788134943075000000,0
workspaceModel.delayed.project.synchronizer.sync.ms,1788134883072000000,1788134943075000000,0
jps.global.get.library.by.name.ms,1788134883072000000,1788134943075000000,0
jps.storage.jps.conf.reader.load.component.ms,1788134883072000000,1788134943075000000,0
workspaceModel.mutableEntityStorage.referrers.ms,1788134883072000000,1788134943075000000,0
jps.library.entities.serializer.load.entities.ms,1788134883072000000,1788134943075000000,0
workspaceModel.mutableEntityStorage.entities.ms,1788134883072000000,1788134943075000000,0
workspaceModel.moduleManagerBridge.newModule.ms,1788134883072000000,1788134943075000000,0
workspaceModel.moduleManagerBridge.build.module.graph.ms,1788134883072000000,1788134943075000000,0
jps.module.iml.entities.serializer.save.entities.ms,1788134883072000000,1788134943075000000,0
workspaceModel.global.apply.state.to.project.ms,1788134883072000000,1788134943075000000,0
jps.library.entities.serializer.save.entities.ms,1788134883072000000,1788134943075000000,0
Indexes.stubs.lookupDurationMaxMs,1788134883072000000,1788134943075000000,0.0
Indexes.allKeys.lookupDurationMaxMs,1788134883072000000,1788134943075000000,0.0
Indexes.allKeys.lookupDurationAvgMs,1788134883072000000,1788134943075000000,0.0
IndexesFlusher.totalFlushesRetried,1788134883072000000,1788134943075000000,0
Indexes.entries.lookupDurationMaxMs,1788134883072000000,1788134943075000000,0.0
Indexes.stubs.lookupDurationAvgMs,1788134883072000000,1788134943075000000,0.0
IndexesFlusher.totalContentionQuotaSpent,1788134883072000000,1788134943075000000,0
Indexes.entries.lookupDurationAvgMs,1788134883072000000,1788134943075000000,0.0
Indexes.allKeys.lookups,1788134883072000000,1788134943075000000,0.0
Indexes.stubs.lookupDuration90PMs,1788134883072000000,1788134943075000000,0.0
IndexesFlusher.totalFlushes,1788134883072000000,1788134943075000000,59
Indexes.stubs.lookups,1788134883072000000,1788134943075000000,0.0
IndexesFlusher.totalFlushingTimeUs,1788134883072000000,1788134943075000000,212617
Indexes.entries.lookupDuration90PMs,1788134883072000000,1788134943075000000,0.0
Indexes.entries.lookups,1788134883072000000,1788134943075000000,0.0
Indexes.allKeys.lookupDuration90PMs,1788134883072000000,1788134943075000000,0.0
writeAction.wait.ms,1788134883072000000,1788134943075000000,0
writeAction.max.wait.ms,1788134883072000000,1788134943075000000,11
writeAction.median.wait.ms,1788134883072000000,1788134943075000000,0
writeAction.count,1788134883072000000,1788134943075000000,0
JVM.totalCpuTimeMs,1788134883072000000,1788134943075000000,980
JVM.totalDirectByteBuffersBytes,1788134883072000000,1788134943075000000,213319336
JVM.usedHeapBytes,1788134883072000000,1788134943075000000,197049520
JVM.GC.collectionTimesMs,1788134883072000000,1788134943075000000,0
JVM.totalBytesAllocated,1788134883072000000,1788134943075000000,9545200
JVM.GC.collections,1788134883072000000,1788134943075000000,0
JVM.maxThreadCount,1788134883072000000,1788134943075000000,157
JVM.threadCount,1788134883072000000,1788134943075000000,60
OS.loadAverage,1788134883072000000,1788134943075000000,2.044921875
JVM.newThreadsCount,1788134883072000000,1788134943075000000,0
JVM.usedNativeBytes,1788134883072000000,1788134943075000000,341307248
JVM.maxHeapBytes,1788134883072000000,1788134943075000000,2147483648
cacheStateStorage.set.duration,1788134883072000000,1788134943075000000,0
cacheStateStorage.get.counter,1788134883072000000,1788134943075000000,0
cacheStateStorage.get.duration,1788134883072000000,1788134943075000000,0
cacheStateStorage.set.counter,1788134883072000000,1788134943075000000,0
FlushQueue.tasksExecuted,1788134883072000000,1788134943075000000,0
AWTEventQueue.dispatchTime90PNs,1788134883072000000,1788134943075000000,0
FlushQueue.executionTime90PNs,1788134883072000000,1788134943075000000,0
NonBlockingReadAction.finalizedExecutionTimeUs,1788134883072000000,1788134943075000000,0
FlushQueue.queueSizeMax,1788134883072000000,1788134943075000000,0
AWTEventQueue.dispatchTimeAvgNs,1788134883072000000,1788134943075000000,0.0
FlushQueue.queueSizeAvg,1788134883072000000,1788134943075000000,0.0
FlushQueue.waitingTime90PNs,1788134883072000000,1788134943075000000,0
NonBlockingReadAction.failedExecutionsCount,1788134883072000000,1788134943075000000,0
FlushQueue.executionTimeMaxNs,1788134883072000000,1788134943075000000,0
ReadAction.executionsCount,1788134883072000000,1788134943075000000,0
AWTEventQueue.dispatchTimeMaxNs,1788134883072000000,1788134943075000000,0
NonBlockingReadAction.failedExecutionTimeUs,1788134883072000000,1788134943075000000,0
NonBlockingReadAction.finalizedExecutionsCount,1788134883072000000,1788134943075000000,0
AWTEventQueue.dispatchTimeTotalNS,1788134883072000000,1788134943075000000,38020511
FlushQueue.queueSize90P,1788134883072000000,1788134943075000000,0
FlushQueue.waitingTimeAvgNs,1788134883072000000,1788134943075000000,0.0
AWTEventQueue.eventsDispatched,1788134883072000000,1788134943075000000,0
FlushQueue.waitingTimeMaxNs,1788134883072000000,1788134943075000000,0
FlushQueue.executionTimeAvgNs,1788134883072000000,1788134943075000000,0.0
WriteAction.executionsCount,1788134883072000000,1788134943075000000,0
workspaceModel.full.replace.project.model.ms,1788134883072000000,1788134943075000000,0
workspaceModel.cachedValue.clear.ms,1788134883072000000,1788134943075000000,0
workspaceModel.initializing.ms,1788134883072000000,1788134943075000000,0
workspaceModel.collect.changes.ms,1788134883072000000,1788134943075000000,0
workspaceModel.workspaceFileIndexData.getDirectoriesByPackageName.ms,1788134883072000000,1788134943075000000,0
workspaceModel.update.unloaded.entities.ms,1788134883072000000,1788134943075000000,0
workspaceModel.replace.project.model.ms,1788134883072000000,1788134943075000000,0
workspaceModel.workspaceFileIndexData.init.ms,1788134883072000000,1788134943075000000,0
workspaceModel.updates.ms,1788134883072000000,1788134943075000000,0
workspaceModel.init.bridges.ms,1788134883072000000,1788134943075000000,0
workspaceModel.cachedValueWithParameters.clear.ms,1788134883072000000,1788134943075000000,0
workspaceModel.cachedValueWithParameters.total.get.ms,1788134883072000000,1788134943075000000,0
workspaceModel.workspaceFileIndexData.visitFileSets.ms,1788134883072000000,1788134943075000000,0
workspaceModel.workspaceFileIndexData.updateDirtyEntities.ms,1788134883072000000,1788134943075000000,0
workspaceModel.workspaceFileIndexData.markDirty.ms,1788134883072000000,1788134943075000000,0
workspaceModel.cachedValueWithParameters.calculated.ms,1788134883072000000,1788134943075000000,0
workspaceModel.entityStorageSnapshotImpl.instances.count,1788134883072000000,1788134943075000000,0
workspaceModel.pre.handlers.ms,1788134883072000000,1788134943075000000,0
workspaceModel.cachedValueWithParameters.from.cache.ms,1788134883072000000,1788134943075000000,0
workspaceModel.workspaceFileIndexData.getPackageName.ms,1788134883072000000,1788134943075000000,0
workspaceModel.to.snapshot.ms,1788134883072000000,1788134943075000000,0
workspaceModel.workspaceFileIndexData.processFileSets.ms,1788134883072000000,1788134943075000000,0
workspaceModel.cachedValue.calculated.ms,1788134883072000000,1788134943075000000,0
workspaceModel.loading.from.cache.ms,1788134883072000000,1788134943075000000,0
workspaceModel.updates.count,1788134883072000000,1788134943075000000,0
workspaceModel.cachedValue.total.get.ms,1788134883072000000,1788134943075000000,0
workspaceModel.workspaceFileIndexData.getFileInfo.ms,1788134883072000000,1788134943075000000,0
workspaceModel.check.recursive.update.ms,1788134883072000000,1788134943075000000,0
workspaceModel.workspaceFileIndexData.onEntitiesChanged.ms,1788134883072000000,1788134943075000000,0
workspaceModel.cachedValue.from.cache.ms,1788134883072000000,1788134943075000000,0
workspaceModel.workspaceFileIndexData.instances.count,1788134883072000000,1788134943075000000,0
workspaceModel.updates.precise.ms,1788134883072000000,1788134943075000000,0
workspaceModel.workspaceFileIndexContributor.registerFileSets.ms,1788134883072000000,1788134943075000000,0
workspaceModel.loading.total.ms,1788134883072000000,1788134943075000000,0
DirectByteBufferAllocator.reclaimed,1788134943075000000,1788134951585000000,42
FilePageCacheLockFree.totalClosedStoragesReclaimed,1788134943075000000,1788134951585000000,0
DirectByteBufferAllocator.totalSizeOfBuffersCachedInBytes,1788134943075000000,1788134951585000000,41959424
FilePageCacheLockFree.housekeeperTurnsSkipped,1788134943075000000,1788134951585000000,0
FilePageCacheLockFree.totalPagesAllocated,1788134943075000000,1788134951585000000,0
FilePageCacheLockFree.totalNativeBytesAllocated,1788134943075000000,1788134951585000000,0
FilePageCacheLockFree.totalPageAllocationsWaited,1788134943075000000,1788134951585000000,0
FilePageCacheLockFree.totalBytesWritten,1788134943075000000,1788134951585000000,0
FilePageCacheLockFree.totalPagesReadMs,1788134943075000000,1788134951585000000,0
FilePageCache.pageFastCacheHits,1788134943075000000,1788134951585000000,0
FileChannelInterruptsRetryer.totalRetriedAttempts,1788134943075000000,1788134951585000000,0
FilePageCacheLockFree.totalNativeBytesReclaimed,1788134943075000000,1788134951585000000,0
FilePageCache.disposedBuffers,1788134943075000000,1788134951585000000,201
FilePageCache.totalPageLoadsUs,1788134943075000000,1788134951585000000,0
FilePageCacheLockFree.totalPagesReclaimed,1788134943075000000,1788134951585000000,0
FilePageCache.maxCacheSizeInBytes,1788134943075000000,1788134951585000000,212877312
FilePageCache.maxRegisteredFiles,1788134943075000000,1788134951585000000,555
FilePageCacheLockFree.heapBytesInUse,1788134943075000000,1788134951585000000,0
FilePageCacheLockFree.totalPagesWriteMs,1788134943075000000,1788134951585000000,0
FilePageCacheLockFree.totalPagesRequestsMs,1788134943075000000,1788134951585000000,0
FilePageCacheLockFree.totalHeapBytesAllocated,1788134943075000000,1788134951585000000,0
FilePageCache.pageHits,1788134943075000000,1788134951585000000,0
FilePageCacheLockFree.totalPagesWritten,1788134943075000000,1788134951585000000,0
FilePageCacheLockFree.totalBytesRead,1788134943075000000,1788134951585000000,0
FilePageCacheLockFree.totalPagesRequested,1788134943075000000,1788134951585000000,0
DirectByteBufferAllocator.disposed,1788134943075000000,1788134951585000000,159
DirectByteBufferAllocator.totalSizeOfBuffersAllocatedInBytes,1788134943075000000,1788134951585000000,46153728
DirectByteBufferAllocator.hits,1788134943075000000,1788134951585000000,0
StorageLockContext.competingThreads.90P,1788134943075000000,1788134951585000000,0
StorageLockContext.competingThreads.avg,1788134943075000000,1788134951585000000,0.0
FilePageCache.pageLoads,1788134943075000000,1788134951585000000,0
FilePageCacheLockFree.housekeeperTimeSpentMs,1788134943075000000,1788134951585000000,0
FilePageCacheLockFree.nativeBytesInUse,1788134943075000000,1788134951585000000,0
MappedFileStorage.totalTimeSpentOnMappingUs,1788134943075000000,1788134951585000000,7209
FilePageCacheLockFree.totalPagesHandedOver,1788134943075000000,1788134951585000000,0
DirectByteBufferAllocator.misses,1788134943075000000,1788134951585000000,0
FilePageCacheLockFree.totalHeapBytesReclaimed,1788134943075000000,1788134951585000000,0
MappedFileStorage.totalBytesMapped,1788134943075000000,1788134951585000000,0
FilePageCache.totalPageDisposalsUs,1788134943075000000,1788134951585000000,0
FilePageCacheLockFree.housekeeperTurnsDone,1788134943075000000,1788134951585000000,0
MappedFileStorage.storages,1788134943075000000,1788134951585000000,0
FilePageCache.pageLoadsAboveSizeThreshold,1788134943075000000,1788134951585000000,0
FilePageCache.uncachedFileAccess,1788134943075000000,1788134951585000000,0
FilePageCache.capacityInBytes,1788134943075000000,1788134951585000000,503316478
MappedFileStorage.totalPagesMapped,1788134943075000000,1788134951585000000,0
FilePageCacheLockFree.totalBytesRequested,1788134943075000000,1788134951585000000,0
StorageLockContext.competingThreads.max,1788134943075000000,1788134951585000000,0
VFS.fileByIdCache.hits,1788134943075000000,1788134951585000000,0
VFS.invertedFileNameIndex.requests,1788134943075000000,1788134951585000000,0
VFS.fileChildByName,1788134943075000000,1788134951585000000,0
VFS.fileByIdCache.misses,1788134943075000000,1788134951585000000,0
compiler.ArtifactManagerBridge.addArtifact.ms,1788134943075000000,1788134951585000000,0
compiler.ArtifactVirtualFileListener.propertyChanged.ms,1788134943075000000,1788134951585000000,0
compiler.ArtifactVirtualFileListener.filePathChanged.ms,1788134943075000000,1788134951585000000,0
compiler.ArtifactManagerBridge.dropMappings.ms,1788134943075000000,1788134951585000000,0
compiler.ArtifactManagerBridge.commit.ms,1788134943075000000,1788134951585000000,0
compiler.ArtifactManagerBridge.getArtifacts.ms,1788134943075000000,1788134951585000000,0
compiler.ArtifactManagerBridge.initBridges.ms,1788134943075000000,1788134951585000000,0
compiler.ArtifactManagerBridge.getArtifactsByType.ms,1788134943075000000,1788134951585000000,0
compiler.ArtifactManagerBridge.findArtifact.ms,1788134943075000000,1788134951585000000,0
jps.facet.change.listener.process.change.events.ms,1788134943075000000,1788134951585000000,0
workspaceModel.mutableEntityStorage.modify.entity.ms,1788134943075000000,1788134951585000000,0
jps.load.initial.state.ms,1788134943075000000,1788134951585000000,0
jps.artifact.entities.serializer.load.entities.ms,1788134943075000000,1788134951585000000,0
workspaceModel.mutableEntityStorage.mutable.vfurl.index.ms,1788134943075000000,1788134951585000000,0
workspaceModel.load.cache.from.file.ms,1788134943075000000,1788134951585000000,0
jps.global.get.libraries.ms,1788134943075000000,1788134951585000000,0
jps.save.changed.project.entities.ms,1788134943075000000,1788134951585000000,0
jps.facet.change.listener.init.bridge.ms,1788134943075000000,1788134951585000000,0
workspaceModel.mutableEntityStorage.remove.entity.ms,1788134943075000000,1788134951585000000,0
jps.save.global.entities.ms,1788134943075000000,1788134951585000000,0
workspaceModel.mutableEntityStorage.entities.by.source.ms,1788134943075000000,1788134951585000000,0
jps.app.storage.content.reader.load.component.ms,1788134943075000000,1788134951585000000,0
workspaceModel.global.updates.ms,1788134943075000000,1788134951585000000,0
workspaceModel.save.cache.to.file.ms,1788134943075000000,1788134951585000000,0
jps.artifact.entities.serializer.save.entities.ms,1788134943075000000,1788134951585000000,0
jps.facet.change.listener.before.change.events.ms,1788134943075000000,1788134951585000000,0
jps.project.serializers.save.ms,1788134943075000000,1788134951585000000,0
workspaceModel.moduleManagerBridge.new.nonPersistent.module.ms,1788134943075000000,1788134951585000000,0
workspaceModel.mutableEntityStorage.apply.changes.from.ms,1788134943075000000,1788134951585000000,0
jps.global.handle.before.change.events.ms,1788134943075000000,1788134951585000000,0
workspaceModel.sync.entities.ms,1788134943075000000,1788134951585000000,0
workspaceModel.moduleBridge.facet.initialization.ms,1788134943075000000,1788134951585000000,0
workspaceModel.global.apply.state.to.project.builder.ms,1788134943075000000,1788134951585000000,0
workspaceModel.orphan.listener.update.ms,1788134943075000000,1788134951585000000,0
workspaceModel.moduleManagerBridge.load.module.ms,1788134943075000000,1788134951585000000,0
workspaceModel.mutableEntityStorage.to.snapshot.ms,1788134943075000000,1788134951585000000,0
workspaceModel.moduleBridge.update.option.ms,1788134943075000000,1788134951585000000,0
jps.reload.project.entities.ms,1788134943075000000,1788134951585000000,0
workspaceModel.mutableEntityStorage.instances.count,1788134943075000000,1788134951585000000,0
workspaceModel.moduleManagerBridge.create.module.instance.ms,1788134943075000000,1788134951585000000,0
jps.module.iml.entities.serializer.load.entities.ms,1788134943075000000,1788134951585000000,0
jps.project.serializers.load.ms,1788134943075000000,1788134951585000000,0
jps.global.initialize.library.bridges.ms,1788134943075000000,1788134951585000000,0
jps.apply.loaded.storage.ms,1788134943075000000,1788134951585000000,0
jps.app.storage.content.writer.save.component.ms,1788134943075000000,1788134951585000000,0
workspaceModel.moduleManagerBridge.set.unloadedModules.ms,1788134943075000000,1788134951585000000,0
workspaceModel.moduleBridgeLoader.loading.modules.ms,1788134943075000000,1788134951585000000,0
workspaceModel.mutableEntityStorage.resolve.ms,1788134943075000000,1788134951585000000,0
jps.global.get.library.ms,1788134943075000000,1788134951585000000,0
jps.global.initialize.library.bridges.after.loading.ms,1788134943075000000,1788134951585000000,0
workspaceModel.mutableEntityStorage.collect.changes.ms,1788134943075000000,1788134951585000000,0
workspaceModel.moduleBridge.before.changed.ms,1788134943075000000,1788134951585000000,0
workspaceModel.mutableEntityStorage.add.entity.ms,1788134943075000000,1788134951585000000,0
workspaceModel.mutableEntityStorage.mutable.ext.mapping.ms,1788134943075000000,1788134951585000000,0
workspaceModel.moduleManagerBridge.load.all.modules.ms,1788134943075000000,1788134951585000000,0
workspaceModel.mutableEntityStorage.has.same.entities.ms,1788134943075000000,1788134951585000000,0
workspaceModel.mutableEntityStorage.put.entity.ms,1788134943075000000,1788134951585000000,0
workspaceModel.do.save.caches.ms,1788134943075000000,1788134951585000000,0
workspaceModel.load.cache.metadata.from.file.ms,1788134943075000000,1788134951585000000,0
workspaceModel.global.updates.count,1788134943075000000,1788134951585000000,0
workspaceModel.moduleManagerBridge.get.modules.ms,1788134943075000000,1788134951585000000,0
workspaceModel.mutableEntityStorage.replace.by.source.ms,1788134943075000000,1788134951585000000,0
jps.load.project.to.empty.storage.ms,1788134943075000000,1788134951585000000,0
jps.global.handle.changed.events.ms,1788134943075000000,1788134951585000000,0
workspaceModel.delayed.project.synchronizer.sync.ms,1788134943075000000,1788134951585000000,0
jps.global.get.library.by.name.ms,1788134943075000000,1788134951585000000,0
jps.storage.jps.conf.reader.load.component.ms,1788134943075000000,1788134951585000000,0
workspaceModel.mutableEntityStorage.referrers.ms,1788134943075000000,1788134951585000000,0
jps.library.entities.serializer.load.entities.ms,1788134943075000000,1788134951585000000,0
workspaceModel.mutableEntityStorage.entities.ms,1788134943075000000,1788134951585000000,0
workspaceModel.moduleManagerBridge.newModule.ms,1788134943075000000,1788134951585000000,0
workspaceModel.moduleManagerBridge.build.module.graph.ms,1788134943075000000,1788134951585000000,0
jps.module.iml.entities.serializer.save.entities.ms,1788134943075000000,1788134951585000000,0
workspaceModel.global.apply.state.to.project.ms,1788134943075000000,1788134951585000000,0
jps.library.entities.serializer.save.entities.ms,1788134943075000000,1788134951585000000,0
Indexes.stubs.lookupDurationMaxMs,1788134943075000000,1788134951585000000,0.0
Indexes.allKeys.lookupDurationMaxMs,1788134943075000000,1788134951585000000,0.0
Indexes.allKeys.lookupDurationAvgMs,1788134943075000000,1788134951585000000,0.0
Indexes.entries.lookupDurationMaxMs,1788134943075000000,1788134951585000000,0.0
Indexes.stubs.lookupDurationAvgMs,1788134943075000000,1788134951585000000,0.0
Indexes.entries.lookupDurationAvgMs,1788134943075000000,1788134951585000000,0.0
Indexes.allKeys.lookups,1788134943075000000,1788134951585000000,0.0
Indexes.stubs.lookupDuration90PMs,1788134943075000000,1788134951585000000,0.0
Indexes.stubs.lookups,1788134943075000000,1788134951585000000,0.0
Indexes.entries.lookupDuration90PMs,1788134943075000000,1788134951585000000,0.0
Indexes.entries.lookups,1788134943075000000,1788134951585000000,0.0
Indexes.allKeys.lookupDuration90PMs,1788134943075000000,1788134951585000000,0.0
writeAction.wait.ms,1788134943075000000,1788134951585000000,0
writeAction.max.wait.ms,1788134943075000000,1788134951585000000,11
writeAction.median.wait.ms,1788134943075000000,1788134951585000000,0
writeAction.count,1788134943075000000,1788134951585000000,0
JVM.totalCpuTimeMs,1788134943075000000,1788134951585000000,316
JVM.totalDirectByteBuffersBytes,1788134943075000000,1788134951585000000,46587666
JVM.usedHeapBytes,1788134943075000000,1788134951585000000,204389552
JVM.GC.collectionTimesMs,1788134943075000000,1788134951585000000,0
JVM.totalBytesAllocated,1788134943075000000,1788134951585000000,5115608
JVM.GC.collections,1788134943075000000,1788134951585000000,0
JVM.maxThreadCount,1788134943075000000,1788134951585000000,157
JVM.threadCount,1788134943075000000,1788134951585000000,75
OS.loadAverage,1788134943075000000,1788134951585000000,2.6845703125
JVM.newThreadsCount,1788134943075000000,1788134951585000000,17
JVM.usedNativeBytes,1788134943075000000,1788134951585000000,341759440
JVM.maxHeapBytes,1788134943075000000,1788134951585000000,2147483648
cacheStateStorage.set.duration,1788134943075000000,1788134951585000000,0
cacheStateStorage.get.counter,1788134943075000000,1788134951585000000,0
cacheStateStorage.get.duration,1788134943075000000,1788134951585000000,0
cacheStateStorage.set.counter,1788134943075000000,1788134951585000000,0
FlushQueue.tasksExecuted,1788134943075000000,1788134951585000000,0
AWTEventQueue.dispatchTime90PNs,1788134943075000000,1788134951585000000,0
FlushQueue.executionTime90PNs,1788134943075000000,1788134951585000000,0
NonBlockingReadAction.finalizedExecutionTimeUs,1788134943075000000,1788134951585000000,0
FlushQueue.queueSizeMax,1788134943075000000,1788134951585000000,0
AWTEventQueue.dispatchTimeAvgNs,1788134943075000000,1788134951585000000,0.0
FlushQueue.queueSizeAvg,1788134943075000000,1788134951585000000,0.0
FlushQueue.waitingTime90PNs,1788134943075000000,1788134951585000000,0
NonBlockingReadAction.failedExecutionsCount,1788134943075000000,1788134951585000000,0
FlushQueue.executionTimeMaxNs,1788134943075000000,1788134951585000000,0
ReadAction.executionsCount,1788134943075000000,1788134951585000000,1
AWTEventQueue.dispatchTimeMaxNs,1788134943075000000,1788134951585000000,0
NonBlockingReadAction.failedExecutionTimeUs,1788134943075000000,1788134951585000000,0
NonBlockingReadAction.finalizedExecutionsCount,1788134943075000000,1788134951585000000,0
AWTEventQueue.dispatchTimeTotalNS,1788134943075000000,1788134951585000000,3236679
FlushQueue.queueSize90P,1788134943075000000,1788134951585000000,0
FlushQueue.waitingTimeAvgNs,1788134943075000000,1788134951585000000,0.0
AWTEventQueue.eventsDispatched,1788134943075000000,1788134951585000000,0
FlushQueue.waitingTimeMaxNs,1788134943075000000,1788134951585000000,0
FlushQueue.executionTimeAvgNs,1788134943075000000,1788134951585000000,0.0
WriteAction.executionsCount,1788134943075000000,1788134951585000000,0
workspaceModel.full.replace.project.model.ms,1788134943075000000,1788134951585000000,0
workspaceModel.cachedValue.clear.ms,1788134943075000000,1788134951585000000,0
workspaceModel.initializing.ms,1788134943075000000,1788134951585000000,0
workspaceModel.collect.changes.ms,1788134943075000000,1788134951585000000,0
workspaceModel.workspaceFileIndexData.getDirectoriesByPackageName.ms,1788134943075000000,1788134951585000000,0
workspaceModel.update.unloaded.entities.ms,1788134943075000000,1788134951585000000,0
workspaceModel.replace.project.model.ms,1788134943075000000,1788134951585000000,0
workspaceModel.workspaceFileIndexData.init.ms,1788134943075000000,1788134951585000000,0
workspaceModel.updates.ms,1788134943075000000,1788134951585000000,0
workspaceModel.init.bridges.ms,1788134943075000000,1788134951585000000,0
workspaceModel.cachedValueWithParameters.clear.ms,1788134943075000000,1788134951585000000,0
workspaceModel.cachedValueWithParameters.total.get.ms,1788134943075000000,1788134951585000000,0
workspaceModel.workspaceFileIndexData.visitFileSets.ms,1788134943075000000,1788134951585000000,0
workspaceModel.workspaceFileIndexData.updateDirtyEntities.ms,1788134943075000000,1788134951585000000,0
workspaceModel.workspaceFileIndexData.markDirty.ms,1788134943075000000,1788134951585000000,0
workspaceModel.cachedValueWithParameters.calculated.ms,1788134943075000000,1788134951585000000,0
workspaceModel.entityStorageSnapshotImpl.instances.count,1788134943075000000,1788134951585000000,0
workspaceModel.pre.handlers.ms,1788134943075000000,1788134951585000000,0
workspaceModel.cachedValueWithParameters.from.cache.ms,1788134943075000000,1788134951585000000,0
workspaceModel.workspaceFileIndexData.getPackageName.ms,1788134943075000000,1788134951585000000,0
workspaceModel.to.snapshot.ms,1788134943075000000,1788134951585000000,0
workspaceModel.workspaceFileIndexData.processFileSets.ms,1788134943075000000,1788134951585000000,0
workspaceModel.cachedValue.calculated.ms,1788134943075000000,1788134951585000000,0
workspaceModel.loading.from.cache.ms,1788134943075000000,1788134951585000000,0
workspaceModel.updates.count,1788134943075000000,1788134951585000000,0
workspaceModel.cachedValue.total.get.ms,1788134943075000000,1788134951585000000,0
workspaceModel.workspaceFileIndexData.getFileInfo.ms,1788134943075000000,1788134951585000000,0
workspaceModel.check.recursive.update.ms,1788134943075000000,1788134951585000000,0
workspaceModel.workspaceFileIndexData.onEntitiesChanged.ms,1788134943075000000,1788134951585000000,0
workspaceModel.cachedValue.from.cache.ms,1788134943075000000,1788134951585000000,0
workspaceModel.workspaceFileIndexData.instances.count,1788134943075000000,1788134951585000000,0
workspaceModel.updates.precise.ms,1788134943075000000,1788134951585000000,0
workspaceModel.workspaceFileIndexContributor.registerFileSets.ms,1788134943075000000,1788134951585000000,0
workspaceModel.loading.total.ms,1788134943075000000,1788134951585000000,0
