# OpenTelemetry Metrics report: .csv, 4 fields: 
# <metric name>, <period start, nanoseconds>, <period end, nanoseconds>, <metric value>
# See CsvMetricsExporter for details.
# 
# NAME, PERIOD_START_NANOS, PERIOD_END_NANOS, VALUE
writeAction.count,1788305020758000000,1788305080768000000,7
writeAction.median.wait.ms,1788305020758000000,1788305080768000000,0
writeAction.max.wait.ms,1788305020758000000,1788305080768000000,6
writeAction.wait.ms,1788305020758000000,1788305080768000000,12
AWTEventQueue.dispatchTime90PNs,1788305020758000000,1788305080768000000,12648447
FlushQueue.executionTimeAvgNs,1788305020758000000,1788305080768000000,2640143.614358974
AWTEventQueue.dispatchTimeTotalNS,1788305020758000000,1788305080768000000,4344797757
FlushQueue.waitingTime90PNs,1788305020758000000,1788305080768000000,515899391
AWTEventQueue.dispatchTimeAvgNs,1788305020758000000,1788305080768000000,7131122.968801314
FlushQueue.queueSizeAvg,1788305020758000000,1788305080768000000,29.526153846153846
ReadAction.executionsCount,1788305020758000000,1788305080768000000,6145
FlushQueue.queueSizeMax,1788305020758000000,1788305080768000000,82
NonBlockingReadAction.failedExecutionsCount,1788305020758000000,1788305080768000000,0
AWTEventQueue.eventsDispatched,1788305020758000000,1788305080768000000,609
NonBlockingReadAction.finalizedExecutionTimeUs,1788305020758000000,1788305080768000000,374621
FlushQueue.queueSize90P,1788305020758000000,1788305080768000000,67
FlushQueue.waitingTimeAvgNs,1788305020758000000,1788305080768000000,1.705799142728205E8
NonBlockingReadAction.failedExecutionTimeUs,1788305020758000000,1788305080768000000,0
AWTEventQueue.dispatchTimeMaxNs,1788305020758000000,1788305080768000000,440401919
NonBlockingReadAction.finalizedExecutionsCount,1788305020758000000,1788305080768000000,17
WriteAction.executionsCount,1788305020758000000,1788305080768000000,7
FlushQueue.executionTime90PNs,1788305020758000000,1788305080768000000,1327103
FlushQueue.tasksExecuted,1788305020758000000,1788305080768000000,975
FlushQueue.waitingTimeMaxNs,1788305020758000000,1788305080768000000,1082130431
FlushQueue.executionTimeMaxNs,1788305020758000000,1788305080768000000,440401919
workspaceModel.global.updates.count,1788305020758000000,1788305080768000000,0
jps.library.entities.serializer.load.entities.ms,1788305020758000000,1788305080768000000,0
workspaceModel.global.apply.state.to.project.builder.ms,1788305020758000000,1788305080768000000,0
workspaceModel.moduleBridge.facet.initialization.ms,1788305020758000000,1788305080768000000,0
workspaceModel.orphan.listener.update.ms,1788305020758000000,1788305080768000000,2
workspaceModel.mutableEntityStorage.put.entity.ms,1788305020758000000,1788305080768000000,3
workspaceModel.mutableEntityStorage.mutable.vfurl.index.ms,1788305020758000000,1788305080768000000,0
jps.app.storage.content.reader.load.component.ms,1788305020758000000,1788305080768000000,1
workspaceModel.moduleManagerBridge.load.module.ms,1788305020758000000,1788305080768000000,0
workspaceModel.moduleManagerBridge.new.nonPersistent.module.ms,1788305020758000000,1788305080768000000,0
workspaceModel.mutableEntityStorage.apply.changes.from.ms,1788305020758000000,1788305080768000000,7
workspaceModel.do.save.caches.ms,1788305020758000000,1788305080768000000,39
workspaceModel.mutableEntityStorage.entities.by.source.ms,1788305020758000000,1788305080768000000,1
jps.load.initial.state.ms,1788305020758000000,1788305080768000000,33
jps.module.iml.entities.serializer.save.entities.ms,1788305020758000000,1788305080768000000,0
workspaceModel.mutableEntityStorage.instances.count,1788305020758000000,1788305080768000000,21
jps.artifact.entities.serializer.save.entities.ms,1788305020758000000,1788305080768000000,0
workspaceModel.moduleBridge.update.option.ms,1788305020758000000,1788305080768000000,0
jps.global.handle.before.change.events.ms,1788305020758000000,1788305080768000000,0
workspaceModel.delayed.project.synchronizer.sync.ms,1788305020758000000,1788305080768000000,74
workspaceModel.moduleManagerBridge.set.unloadedModules.ms,1788305020758000000,1788305080768000000,0
jps.facet.change.listener.init.bridge.ms,1788305020758000000,1788305080768000000,0
jps.project.serializers.load.ms,1788305020758000000,1788305080768000000,29
jps.global.initialize.library.bridges.after.loading.ms,1788305020758000000,1788305080768000000,2
jps.reload.project.entities.ms,1788305020758000000,1788305080768000000,0
workspaceModel.mutableEntityStorage.resolve.ms,1788305020758000000,1788305080768000000,0
jps.save.changed.project.entities.ms,1788305020758000000,1788305080768000000,0
workspaceModel.global.apply.state.to.project.ms,1788305020758000000,1788305080768000000,41
jps.facet.change.listener.before.change.events.ms,1788305020758000000,1788305080768000000,0
jps.global.get.libraries.ms,1788305020758000000,1788305080768000000,0
workspaceModel.moduleBridgeLoader.loading.modules.ms,1788305020758000000,1788305080768000000,532
workspaceModel.mutableEntityStorage.has.same.entities.ms,1788305020758000000,1788305080768000000,0
workspaceModel.mutableEntityStorage.replace.by.source.ms,1788305020758000000,1788305080768000000,8
jps.global.initialize.library.bridges.ms,1788305020758000000,1788305080768000000,0
workspaceModel.mutableEntityStorage.remove.entity.ms,1788305020758000000,1788305080768000000,0
workspaceModel.moduleManagerBridge.newModule.ms,1788305020758000000,1788305080768000000,0
jps.facet.change.listener.process.change.events.ms,1788305020758000000,1788305080768000000,1
workspaceModel.load.cache.from.file.ms,1788305020758000000,1788305080768000000,171
workspaceModel.sync.entities.ms,1788305020758000000,1788305080768000000,0
jps.library.entities.serializer.save.entities.ms,1788305020758000000,1788305080768000000,0
jps.global.handle.changed.events.ms,1788305020758000000,1788305080768000000,0
workspaceModel.moduleManagerBridge.load.all.modules.ms,1788305020758000000,1788305080768000000,144
jps.apply.loaded.storage.ms,1788305020758000000,1788305080768000000,15
jps.module.iml.entities.serializer.load.entities.ms,1788305020758000000,1788305080768000000,14
jps.save.global.entities.ms,1788305020758000000,1788305080768000000,0
workspaceModel.mutableEntityStorage.to.snapshot.ms,1788305020758000000,1788305080768000000,4
workspaceModel.mutableEntityStorage.mutable.ext.mapping.ms,1788305020758000000,1788305080768000000,7
jps.project.serializers.save.ms,1788305020758000000,1788305080768000000,0
workspaceModel.mutableEntityStorage.referrers.ms,1788305020758000000,1788305080768000000,0
workspaceModel.mutableEntityStorage.add.entity.ms,1788305020758000000,1788305080768000000,14
jps.load.project.to.empty.storage.ms,1788305020758000000,1788305080768000000,57
workspaceModel.save.cache.to.file.ms,1788305020758000000,1788305080768000000,32
jps.storage.jps.conf.reader.load.component.ms,1788305020758000000,1788305080768000000,5
jps.artifact.entities.serializer.load.entities.ms,1788305020758000000,1788305080768000000,0
workspaceModel.global.updates.ms,1788305020758000000,1788305080768000000,0
workspaceModel.mutableEntityStorage.collect.changes.ms,1788305020758000000,1788305080768000000,0
workspaceModel.moduleManagerBridge.get.modules.ms,1788305020758000000,1788305080768000000,0
jps.global.get.library.ms,1788305020758000000,1788305080768000000,0
workspaceModel.moduleBridge.before.changed.ms,1788305020758000000,1788305080768000000,0
workspaceModel.load.cache.metadata.from.file.ms,1788305020758000000,1788305080768000000,13
workspaceModel.moduleManagerBridge.create.module.instance.ms,1788305020758000000,1788305080768000000,0
workspaceModel.moduleManagerBridge.build.module.graph.ms,1788305020758000000,1788305080768000000,3
workspaceModel.mutableEntityStorage.entities.ms,1788305020758000000,1788305080768000000,1
workspaceModel.mutableEntityStorage.modify.entity.ms,1788305020758000000,1788305080768000000,1
jps.global.get.library.by.name.ms,1788305020758000000,1788305080768000000,0
FilePageCache.maxCacheSizeInBytes,1788305020758000000,1788305080768000000,231751680
FilePageCacheLockFree.totalPagesAllocated,1788305020758000000,1788305080768000000,0
FilePageCache.pageLoadsAboveSizeThreshold,1788305020758000000,1788305080768000000,0
StorageLockContext.competingThreads.avg,1788305020758000000,1788305080768000000,0.0
MappedFileStorage.storages,1788305020758000000,1788305080768000000,15
FilePageCacheLockFree.totalPagesWritten,1788305020758000000,1788305080768000000,0
FilePageCacheLockFree.housekeeperTurnsSkipped,1788305020758000000,1788305080768000000,0
FilePageCacheLockFree.totalPagesRequestsMs,1788305020758000000,1788305080768000000,0
FilePageCacheLockFree.totalHeapBytesReclaimed,1788305020758000000,1788305080768000000,0
FilePageCache.pageHits,1788305020758000000,1788305080768000000,0
StreamlinedBlobStorage.recordsAllocated,1788305020758000000,1788305080768000000,2665
MappedFileStorage.totalBytesMapped,1788305020758000000,1788305080768000000,198443008
FilePageCacheLockFree.totalPageAllocationsWaited,1788305020758000000,1788305080768000000,0
FilePageCache.uncachedFileAccess,1788305020758000000,1788305080768000000,118
StorageLockContext.competingThreads.max,1788305020758000000,1788305080768000000,0
FilePageCacheLockFree.totalBytesWritten,1788305020758000000,1788305080768000000,0
FilePageCacheLockFree.totalClosedStoragesReclaimed,1788305020758000000,1788305080768000000,0
FilePageCacheLockFree.totalPagesRequested,1788305020758000000,1788305080768000000,0
StreamlinedBlobStorage.totalLiveRecordsCapacityBytes,1788305020758000000,1788305080768000000,213058
FilePageCacheLockFree.totalHeapBytesAllocated,1788305020758000000,1788305080768000000,0
FilePageCacheLockFree.heapBytesInUse,1788305020758000000,1788305080768000000,0
FilePageCache.totalPageDisposalsUs,1788305020758000000,1788305080768000000,2054
FilePageCacheLockFree.totalPagesReclaimed,1788305020758000000,1788305080768000000,0
DirectByteBufferAllocator.totalSizeOfBuffersAllocatedInBytes,1788305020758000000,1788305080768000000,231751680
FilePageCacheLockFree.nativeBytesInUse,1788305020758000000,1788305080768000000,0
FilePageCacheLockFree.housekeeperTurnsDone,1788305020758000000,1788305080768000000,0
FilePageCache.totalPageLoadsUs,1788305020758000000,1788305080768000000,455626
FilePageCacheLockFree.totalPagesWriteMs,1788305020758000000,1788305080768000000,0
StorageLockContext.competingThreads.90P,1788305020758000000,1788305080768000000,0
FilePageCache.capacityInBytes,1788305020758000000,1788305080768000000,503316478
DirectByteBufferAllocator.reclaimed,1788305020758000000,1788305080768000000,3
DirectByteBufferAllocator.disposed,1788305020758000000,1788305080768000000,0
FileChannelInterruptsRetryer.totalRetriedAttempts,1788305020758000000,1788305080768000000,0
FilePageCacheLockFree.totalPagesHandedOver,1788305020758000000,1788305080768000000,0
FilePageCache.pageFastCacheHits,1788305020758000000,1788305080768000000,4358
FilePageCache.pageLoads,1788305020758000000,1788305080768000000,226
FilePageCacheLockFree.housekeeperTimeSpentMs,1788305020758000000,1788305080768000000,0
FilePageCacheLockFree.totalPagesReadMs,1788305020758000000,1788305080768000000,0
DirectByteBufferAllocator.hits,1788305020758000000,1788305080768000000,3
FilePageCacheLockFree.totalBytesRequested,1788305020758000000,1788305080768000000,0
FilePageCacheLockFree.totalNativeBytesAllocated,1788305020758000000,1788305080768000000,0
FilePageCache.disposedBuffers,1788305020758000000,1788305080768000000,3
DirectByteBufferAllocator.misses,1788305020758000000,1788305080768000000,223
StreamlinedBlobStorage.recordsDeleted,1788305020758000000,1788305080768000000,19
FilePageCacheLockFree.totalBytesRead,1788305020758000000,1788305080768000000,0
FilePageCache.maxRegisteredFiles,1788305020758000000,1788305080768000000,555
DirectByteBufferAllocator.totalSizeOfBuffersCachedInBytes,1788305020758000000,1788305080768000000,0
MappedFileStorage.totalPagesMapped,1788305020758000000,1788305080768000000,15
FilePageCacheLockFree.totalNativeBytesReclaimed,1788305020758000000,1788305080768000000,0
StreamlinedBlobStorage.totalLiveRecordsPayloadBytes,1788305020758000000,1788305080768000000,69851
StreamlinedBlobStorage.recordsRelocated,1788305020758000000,1788305080768000000,0
MappedFileStorage.totalTimeSpentOnMappingUs,1788305020758000000,1788305080768000000,10166
VFS.fileChildByName,1788305020758000000,1788305080768000000,657
VFS.invertedFileNameIndex.requests,1788305020758000000,1788305080768000000,0
VFS.fileByIdCache.misses,1788305020758000000,1788305080768000000,22
FileNameCache.queries,1788305020758000000,1788305080768000000,9088
VFS.fileByIdCache.hits,1788305020758000000,1788305080768000000,0
FileNameCache.totalMisses,1788305020758000000,1788305080768000000,512
workspaceModel.workspaceFileIndexData.processFileSets.ms,1788305020758000000,1788305080768000000,0
workspaceModel.workspaceFileIndexData.updateDirtyEntities.ms,1788305020758000000,1788305080768000000,0
workspaceModel.entityStorageSnapshotImpl.instances.count,1788305020758000000,1788305080768000000,14
workspaceModel.cachedValueWithParameters.calculated.ms,1788305020758000000,1788305080768000000,0
workspaceModel.cachedValueWithParameters.from.cache.ms,1788305020758000000,1788305080768000000,0
workspaceModel.workspaceFileIndexData.getDirectoriesByPackageName.ms,1788305020758000000,1788305080768000000,1
workspaceModel.workspaceFileIndexData.getPackageName.ms,1788305020758000000,1788305080768000000,0
workspaceModel.cachedValue.clear.ms,1788305020758000000,1788305080768000000,0
workspaceModel.check.recursive.update.ms,1788305020758000000,1788305080768000000,0
workspaceModel.loading.from.cache.ms,1788305020758000000,1788305080768000000,180
workspaceModel.workspaceFileIndexData.getFileInfo.ms,1788305020758000000,1788305080768000000,40
workspaceModel.workspaceFileIndexData.visitFileSets.ms,1788305020758000000,1788305080768000000,0
workspaceModel.cachedValue.from.cache.ms,1788305020758000000,1788305080768000000,0
workspaceModel.loading.total.ms,1788305020758000000,1788305080768000000,190
workspaceModel.updates.ms,1788305020758000000,1788305080768000000,58
workspaceModel.cachedValue.total.get.ms,1788305020758000000,1788305080768000000,11
workspaceModel.init.bridges.ms,1788305020758000000,1788305080768000000,1
workspaceModel.full.replace.project.model.ms,1788305020758000000,1788305080768000000,4
workspaceModel.workspaceFileIndexData.instances.count,1788305020758000000,1788305080768000000,1
workspaceModel.update.unloaded.entities.ms,1788305020758000000,1788305080768000000,0
workspaceModel.updates.count,1788305020758000000,1788305080768000000,2
workspaceModel.pre.handlers.ms,1788305020758000000,1788305080768000000,1
workspaceModel.cachedValueWithParameters.clear.ms,1788305020758000000,1788305080768000000,0
workspaceModel.collect.changes.ms,1788305020758000000,1788305080768000000,0
workspaceModel.workspaceFileIndexData.init.ms,1788305020758000000,1788305080768000000,38
workspaceModel.workspaceFileIndexData.markDirty.ms,1788305020758000000,1788305080768000000,0
workspaceModel.cachedValueWithParameters.total.get.ms,1788305020758000000,1788305080768000000,0
workspaceModel.to.snapshot.ms,1788305020758000000,1788305080768000000,0
workspaceModel.updates.precise.ms,1788305020758000000,1788305080768000000,19
workspaceModel.initializing.ms,1788305020758000000,1788305080768000000,1
workspaceModel.cachedValue.calculated.ms,1788305020758000000,1788305080768000000,11
workspaceModel.replace.project.model.ms,1788305020758000000,1788305080768000000,0
workspaceModel.workspaceFileIndexData.onEntitiesChanged.ms,1788305020758000000,1788305080768000000,0
workspaceModel.workspaceFileIndexContributor.registerFileSets.ms,1788305020758000000,1788305080768000000,70
Indexes.stubs.lookupDuration90PMs,1788305020758000000,1788305080768000000,0.0
Indexes.entries.lookupDurationMaxMs,1788305020758000000,1788305080768000000,11.0
Indexes.stubs.lookups,1788305020758000000,1788305080768000000,0.0
IndexesFlusher.totalFlushes,1788305020758000000,1788305080768000000,58
Indexes.entries.lookupDurationAvgMs,1788305020758000000,1788305080768000000,5.8
Indexes.allKeys.lookups,1788305020758000000,1788305080768000000,0.0
Indexes.allKeys.lookupDurationAvgMs,1788305020758000000,1788305080768000000,0.0
IndexesFlusher.totalFlushesRetried,1788305020758000000,1788305080768000000,0
IndexesFlusher.totalFlushingTimeUs,1788305020758000000,1788305080768000000,375831
Indexes.entries.lookupDuration90PMs,1788305020758000000,1788305080768000000,11.0
Indexes.allKeys.lookupDurationMaxMs,1788305020758000000,1788305080768000000,0.0
Indexes.stubs.lookupDurationMaxMs,1788305020758000000,1788305080768000000,0.0
Indexes.stubs.lookupDurationAvgMs,1788305020758000000,1788305080768000000,0.0
Indexes.entries.lookups,1788305020758000000,1788305080768000000,5.0
IndexesFlusher.totalContentionQuotaSpent,1788305020758000000,1788305080768000000,0
Indexes.allKeys.lookupDuration90PMs,1788305020758000000,1788305080768000000,0.0
compiler.ArtifactManagerBridge.addArtifact.ms,1788305020758000000,1788305080768000000,0
compiler.ArtifactManagerBridge.initBridges.ms,1788305020758000000,1788305080768000000,0
compiler.ArtifactManagerBridge.getArtifacts.ms,1788305020758000000,1788305080768000000,0
compiler.ArtifactManagerBridge.findArtifact.ms,1788305020758000000,1788305080768000000,0
compiler.ArtifactVirtualFileListener.propertyChanged.ms,1788305020758000000,1788305080768000000,0
compiler.ArtifactVirtualFileListener.filePathChanged.ms,1788305020758000000,1788305080768000000,0
compiler.ArtifactManagerBridge.dropMappings.ms,1788305020758000000,1788305080768000000,0
compiler.ArtifactManagerBridge.commit.ms,1788305020758000000,1788305080768000000,0
compiler.ArtifactManagerBridge.getArtifactsByType.ms,1788305020758000000,1788305080768000000,1
cacheStateStorage.get.counter,1788305020758000000,1788305080768000000,23
cacheStateStorage.get.duration,1788305020758000000,1788305080768000000,237
cacheStateStorage.set.counter,1788305020758000000,1788305080768000000,3
cacheStateStorage.set.duration,1788305020758000000,1788305080768000000,10
JVM.maxHeapBytes,1788305020758000000,1788305080768000000,2147483648
JVM.GC.collections,1788305020758000000,1788305080768000000,19
JVM.totalDirectByteBuffersBytes,1788305020758000000,1788305080768000000,235115518
JVM.maxThreadCount,1788305020758000000,1788305080768000000,178
JVM.usedHeapBytes,1788305020758000000,1788305080768000000,310935368
JVM.newThreadsCount,1788305020758000000,1788305080768000000,192
JVM.usedNativeBytes,1788305020758000000,1788305080768000000,263769784
JVM.totalCpuTimeMs,1788305020758000000,1788305080768000000,37788
JVM.totalBytesAllocated,1788305020758000000,1788305080768000000,962817584
JVM.GC.collectionTimesMs,1788305020758000000,1788305080768000000,138
OS.loadAverage,1788305020758000000,1788305080768000000,2.349609375
JVM.threadCount,1788305020758000000,1788305080768000000,176
writeAction.count,1788305080768000000,1788305140764000000,0
writeAction.median.wait.ms,1788305080768000000,1788305140764000000,0
writeAction.max.wait.ms,1788305080768000000,1788305140764000000,6
writeAction.wait.ms,1788305080768000000,1788305140764000000,0
AWTEventQueue.dispatchTime90PNs,1788305080768000000,1788305140764000000,286719
FlushQueue.executionTimeAvgNs,1788305080768000000,1788305140764000000,92522.66666666667
AWTEventQueue.dispatchTimeTotalNS,1788305080768000000,1788305140764000000,58586935
FlushQueue.waitingTime90PNs,1788305080768000000,1788305140764000000,335871
AWTEventQueue.dispatchTimeAvgNs,1788305080768000000,1788305140764000000,240032.0
FlushQueue.queueSizeAvg,1788305080768000000,1788305140764000000,0.0
ReadAction.executionsCount,1788305080768000000,1788305140764000000,0
FlushQueue.queueSizeMax,1788305080768000000,1788305140764000000,0
NonBlockingReadAction.failedExecutionsCount,1788305080768000000,1788305140764000000,0
AWTEventQueue.eventsDispatched,1788305080768000000,1788305140764000000,244
NonBlockingReadAction.finalizedExecutionTimeUs,1788305080768000000,1788305140764000000,0
FlushQueue.queueSize90P,1788305080768000000,1788305140764000000,0
FlushQueue.waitingTimeAvgNs,1788305080768000000,1788305140764000000,267463.8048780488
NonBlockingReadAction.failedExecutionTimeUs,1788305080768000000,1788305140764000000,0
AWTEventQueue.dispatchTimeMaxNs,1788305080768000000,1788305140764000000,4947967
NonBlockingReadAction.finalizedExecutionsCount,1788305080768000000,1788305140764000000,0
WriteAction.executionsCount,1788305080768000000,1788305140764000000,0
FlushQueue.executionTime90PNs,1788305080768000000,1788305140764000000,112639
FlushQueue.tasksExecuted,1788305080768000000,1788305140764000000,123
FlushQueue.waitingTimeMaxNs,1788305080768000000,1788305140764000000,532479
FlushQueue.executionTimeMaxNs,1788305080768000000,1788305140764000000,1622015
workspaceModel.global.updates.count,1788305080768000000,1788305140764000000,0
jps.library.entities.serializer.load.entities.ms,1788305080768000000,1788305140764000000,0
workspaceModel.global.apply.state.to.project.builder.ms,1788305080768000000,1788305140764000000,0
workspaceModel.moduleBridge.facet.initialization.ms,1788305080768000000,1788305140764000000,0
workspaceModel.orphan.listener.update.ms,1788305080768000000,1788305140764000000,0
workspaceModel.mutableEntityStorage.put.entity.ms,1788305080768000000,1788305140764000000,0
workspaceModel.mutableEntityStorage.mutable.vfurl.index.ms,1788305080768000000,1788305140764000000,0
jps.app.storage.content.reader.load.component.ms,1788305080768000000,1788305140764000000,0
workspaceModel.moduleManagerBridge.load.module.ms,1788305080768000000,1788305140764000000,0
workspaceModel.moduleManagerBridge.new.nonPersistent.module.ms,1788305080768000000,1788305140764000000,0
workspaceModel.mutableEntityStorage.apply.changes.from.ms,1788305080768000000,1788305140764000000,0
workspaceModel.do.save.caches.ms,1788305080768000000,1788305140764000000,0
workspaceModel.mutableEntityStorage.entities.by.source.ms,1788305080768000000,1788305140764000000,0
jps.load.initial.state.ms,1788305080768000000,1788305140764000000,0
jps.module.iml.entities.serializer.save.entities.ms,1788305080768000000,1788305140764000000,0
workspaceModel.mutableEntityStorage.instances.count,1788305080768000000,1788305140764000000,0
jps.artifact.entities.serializer.save.entities.ms,1788305080768000000,1788305140764000000,0
workspaceModel.moduleBridge.update.option.ms,1788305080768000000,1788305140764000000,0
jps.global.handle.before.change.events.ms,1788305080768000000,1788305140764000000,0
workspaceModel.delayed.project.synchronizer.sync.ms,1788305080768000000,1788305140764000000,0
workspaceModel.moduleManagerBridge.set.unloadedModules.ms,1788305080768000000,1788305140764000000,0
jps.facet.change.listener.init.bridge.ms,1788305080768000000,1788305140764000000,0
jps.project.serializers.load.ms,1788305080768000000,1788305140764000000,0
jps.global.initialize.library.bridges.after.loading.ms,1788305080768000000,1788305140764000000,0
jps.reload.project.entities.ms,1788305080768000000,1788305140764000000,0
workspaceModel.mutableEntityStorage.resolve.ms,1788305080768000000,1788305140764000000,0
jps.save.changed.project.entities.ms,1788305080768000000,1788305140764000000,0
workspaceModel.global.apply.state.to.project.ms,1788305080768000000,1788305140764000000,0
jps.facet.change.listener.before.change.events.ms,1788305080768000000,1788305140764000000,0
jps.global.get.libraries.ms,1788305080768000000,1788305140764000000,0
workspaceModel.moduleBridgeLoader.loading.modules.ms,1788305080768000000,1788305140764000000,0
workspaceModel.mutableEntityStorage.has.same.entities.ms,1788305080768000000,1788305140764000000,0
workspaceModel.mutableEntityStorage.replace.by.source.ms,1788305080768000000,1788305140764000000,0
jps.global.initialize.library.bridges.ms,1788305080768000000,1788305140764000000,0
workspaceModel.mutableEntityStorage.remove.entity.ms,1788305080768000000,1788305140764000000,0
workspaceModel.moduleManagerBridge.newModule.ms,1788305080768000000,1788305140764000000,0
jps.facet.change.listener.process.change.events.ms,1788305080768000000,1788305140764000000,0
workspaceModel.load.cache.from.file.ms,1788305080768000000,1788305140764000000,0
workspaceModel.sync.entities.ms,1788305080768000000,1788305140764000000,0
jps.library.entities.serializer.save.entities.ms,1788305080768000000,1788305140764000000,0
jps.global.handle.changed.events.ms,1788305080768000000,1788305140764000000,0
workspaceModel.moduleManagerBridge.load.all.modules.ms,1788305080768000000,1788305140764000000,0
jps.apply.loaded.storage.ms,1788305080768000000,1788305140764000000,0
jps.module.iml.entities.serializer.load.entities.ms,1788305080768000000,1788305140764000000,0
jps.save.global.entities.ms,1788305080768000000,1788305140764000000,0
workspaceModel.mutableEntityStorage.to.snapshot.ms,1788305080768000000,1788305140764000000,0
workspaceModel.mutableEntityStorage.mutable.ext.mapping.ms,1788305080768000000,1788305140764000000,0
jps.project.serializers.save.ms,1788305080768000000,1788305140764000000,0
workspaceModel.mutableEntityStorage.referrers.ms,1788305080768000000,1788305140764000000,0
workspaceModel.mutableEntityStorage.add.entity.ms,1788305080768000000,1788305140764000000,0
jps.load.project.to.empty.storage.ms,1788305080768000000,1788305140764000000,0
workspaceModel.save.cache.to.file.ms,1788305080768000000,1788305140764000000,0
jps.storage.jps.conf.reader.load.component.ms,1788305080768000000,1788305140764000000,0
jps.artifact.entities.serializer.load.entities.ms,1788305080768000000,1788305140764000000,0
workspaceModel.global.updates.ms,1788305080768000000,1788305140764000000,0
workspaceModel.mutableEntityStorage.collect.changes.ms,1788305080768000000,1788305140764000000,0
workspaceModel.moduleManagerBridge.get.modules.ms,1788305080768000000,1788305140764000000,0
jps.global.get.library.ms,1788305080768000000,1788305140764000000,0
workspaceModel.moduleBridge.before.changed.ms,1788305080768000000,1788305140764000000,0
workspaceModel.load.cache.metadata.from.file.ms,1788305080768000000,1788305140764000000,0
workspaceModel.moduleManagerBridge.create.module.instance.ms,1788305080768000000,1788305140764000000,0
workspaceModel.moduleManagerBridge.build.module.graph.ms,1788305080768000000,1788305140764000000,0
workspaceModel.mutableEntityStorage.entities.ms,1788305080768000000,1788305140764000000,0
workspaceModel.mutableEntityStorage.modify.entity.ms,1788305080768000000,1788305140764000000,0
jps.global.get.library.by.name.ms,1788305080768000000,1788305140764000000,0
FilePageCache.maxCacheSizeInBytes,1788305080768000000,1788305140764000000,231751680
FilePageCacheLockFree.totalPagesAllocated,1788305080768000000,1788305140764000000,0
FilePageCache.pageLoadsAboveSizeThreshold,1788305080768000000,1788305140764000000,0
StorageLockContext.competingThreads.avg,1788305080768000000,1788305140764000000,0.0
MappedFileStorage.storages,1788305080768000000,1788305140764000000,15
FilePageCacheLockFree.totalPagesWritten,1788305080768000000,1788305140764000000,0
FilePageCacheLockFree.housekeeperTurnsSkipped,1788305080768000000,1788305140764000000,0
FilePageCacheLockFree.totalPagesRequestsMs,1788305080768000000,1788305140764000000,0
FilePageCacheLockFree.totalHeapBytesReclaimed,1788305080768000000,1788305140764000000,0
FilePageCache.pageHits,1788305080768000000,1788305140764000000,0
StreamlinedBlobStorage.recordsAllocated,1788305080768000000,1788305140764000000,0
MappedFileStorage.totalBytesMapped,1788305080768000000,1788305140764000000,198443008
FilePageCacheLockFree.totalPageAllocationsWaited,1788305080768000000,1788305140764000000,0
FilePageCache.uncachedFileAccess,1788305080768000000,1788305140764000000,0
StorageLockContext.competingThreads.max,1788305080768000000,1788305140764000000,0
FilePageCacheLockFree.totalBytesWritten,1788305080768000000,1788305140764000000,0
FilePageCacheLockFree.totalClosedStoragesReclaimed,1788305080768000000,1788305140764000000,0
FilePageCacheLockFree.totalPagesRequested,1788305080768000000,1788305140764000000,0
StreamlinedBlobStorage.totalLiveRecordsCapacityBytes,1788305080768000000,1788305140764000000,0
FilePageCacheLockFree.totalHeapBytesAllocated,1788305080768000000,1788305140764000000,0
FilePageCacheLockFree.heapBytesInUse,1788305080768000000,1788305140764000000,0
FilePageCache.totalPageDisposalsUs,1788305080768000000,1788305140764000000,0
FilePageCacheLockFree.totalPagesReclaimed,1788305080768000000,1788305140764000000,0
DirectByteBufferAllocator.totalSizeOfBuffersAllocatedInBytes,1788305080768000000,1788305140764000000,231751680
FilePageCacheLockFree.nativeBytesInUse,1788305080768000000,1788305140764000000,0
FilePageCacheLockFree.housekeeperTurnsDone,1788305080768000000,1788305140764000000,0
FilePageCache.totalPageLoadsUs,1788305080768000000,1788305140764000000,0
FilePageCacheLockFree.totalPagesWriteMs,1788305080768000000,1788305140764000000,0
StorageLockContext.competingThreads.90P,1788305080768000000,1788305140764000000,0
FilePageCache.capacityInBytes,1788305080768000000,1788305140764000000,503316478
DirectByteBufferAllocator.reclaimed,1788305080768000000,1788305140764000000,0
DirectByteBufferAllocator.disposed,1788305080768000000,1788305140764000000,0
FileChannelInterruptsRetryer.totalRetriedAttempts,1788305080768000000,1788305140764000000,0
FilePageCacheLockFree.totalPagesHandedOver,1788305080768000000,1788305140764000000,0
FilePageCache.pageFastCacheHits,1788305080768000000,1788305140764000000,0
FilePageCache.pageLoads,1788305080768000000,1788305140764000000,0
FilePageCacheLockFree.housekeeperTimeSpentMs,1788305080768000000,1788305140764000000,0
FilePageCacheLockFree.totalPagesReadMs,1788305080768000000,1788305140764000000,0
DirectByteBufferAllocator.hits,1788305080768000000,1788305140764000000,0
FilePageCacheLockFree.totalBytesRequested,1788305080768000000,1788305140764000000,0
FilePageCacheLockFree.totalNativeBytesAllocated,1788305080768000000,1788305140764000000,0
FilePageCache.disposedBuffers,1788305080768000000,1788305140764000000,0
DirectByteBufferAllocator.misses,1788305080768000000,1788305140764000000,0
StreamlinedBlobStorage.recordsDeleted,1788305080768000000,1788305140764000000,0
FilePageCacheLockFree.totalBytesRead,1788305080768000000,1788305140764000000,0
FilePageCache.maxRegisteredFiles,1788305080768000000,1788305140764000000,555
DirectByteBufferAllocator.totalSizeOfBuffersCachedInBytes,1788305080768000000,1788305140764000000,0
MappedFileStorage.totalPagesMapped,1788305080768000000,1788305140764000000,15
FilePageCacheLockFree.totalNativeBytesReclaimed,1788305080768000000,1788305140764000000,0
StreamlinedBlobStorage.totalLiveRecordsPayloadBytes,1788305080768000000,1788305140764000000,0
StreamlinedBlobStorage.recordsRelocated,1788305080768000000,1788305140764000000,0
MappedFileStorage.totalTimeSpentOnMappingUs,1788305080768000000,1788305140764000000,10166
VFS.fileChildByName,1788305080768000000,1788305140764000000,0
VFS.invertedFileNameIndex.requests,1788305080768000000,1788305140764000000,0
VFS.fileByIdCache.misses,1788305080768000000,1788305140764000000,0
FileNameCache.queries,1788305080768000000,1788305140764000000,0
VFS.fileByIdCache.hits,1788305080768000000,1788305140764000000,0
FileNameCache.totalMisses,1788305080768000000,1788305140764000000,0
workspaceModel.workspaceFileIndexData.processFileSets.ms,1788305080768000000,1788305140764000000,0
workspaceModel.workspaceFileIndexData.updateDirtyEntities.ms,1788305080768000000,1788305140764000000,0
workspaceModel.entityStorageSnapshotImpl.instances.count,1788305080768000000,1788305140764000000,0
workspaceModel.cachedValueWithParameters.calculated.ms,1788305080768000000,1788305140764000000,0
workspaceModel.cachedValueWithParameters.from.cache.ms,1788305080768000000,1788305140764000000,0
workspaceModel.workspaceFileIndexData.getDirectoriesByPackageName.ms,1788305080768000000,1788305140764000000,0
workspaceModel.workspaceFileIndexData.getPackageName.ms,1788305080768000000,1788305140764000000,0
workspaceModel.cachedValue.clear.ms,1788305080768000000,1788305140764000000,0
workspaceModel.check.recursive.update.ms,1788305080768000000,1788305140764000000,0
workspaceModel.loading.from.cache.ms,1788305080768000000,1788305140764000000,0
workspaceModel.workspaceFileIndexData.getFileInfo.ms,1788305080768000000,1788305140764000000,0
workspaceModel.workspaceFileIndexData.visitFileSets.ms,1788305080768000000,1788305140764000000,0
workspaceModel.cachedValue.from.cache.ms,1788305080768000000,1788305140764000000,0
workspaceModel.loading.total.ms,1788305080768000000,1788305140764000000,0
workspaceModel.updates.ms,1788305080768000000,1788305140764000000,0
workspaceModel.cachedValue.total.get.ms,1788305080768000000,1788305140764000000,0
workspaceModel.init.bridges.ms,1788305080768000000,1788305140764000000,0
workspaceModel.full.replace.project.model.ms,1788305080768000000,1788305140764000000,0
workspaceModel.workspaceFileIndexData.instances.count,1788305080768000000,1788305140764000000,0
workspaceModel.update.unloaded.entities.ms,1788305080768000000,1788305140764000000,0
workspaceModel.updates.count,1788305080768000000,1788305140764000000,0
workspaceModel.pre.handlers.ms,1788305080768000000,1788305140764000000,0
workspaceModel.cachedValueWithParameters.clear.ms,1788305080768000000,1788305140764000000,0
workspaceModel.collect.changes.ms,1788305080768000000,1788305140764000000,0
workspaceModel.workspaceFileIndexData.init.ms,1788305080768000000,1788305140764000000,0
workspaceModel.workspaceFileIndexData.markDirty.ms,1788305080768000000,1788305140764000000,0
workspaceModel.cachedValueWithParameters.total.get.ms,1788305080768000000,1788305140764000000,0
workspaceModel.to.snapshot.ms,1788305080768000000,1788305140764000000,0
workspaceModel.updates.precise.ms,1788305080768000000,1788305140764000000,0
workspaceModel.initializing.ms,1788305080768000000,1788305140764000000,0
workspaceModel.cachedValue.calculated.ms,1788305080768000000,1788305140764000000,0
workspaceModel.replace.project.model.ms,1788305080768000000,1788305140764000000,0
workspaceModel.workspaceFileIndexData.onEntitiesChanged.ms,1788305080768000000,1788305140764000000,0
workspaceModel.workspaceFileIndexContributor.registerFileSets.ms,1788305080768000000,1788305140764000000,0
Indexes.stubs.lookupDuration90PMs,1788305080768000000,1788305140764000000,0.0
Indexes.entries.lookupDurationMaxMs,1788305080768000000,1788305140764000000,0.0
Indexes.stubs.lookups,1788305080768000000,1788305140764000000,0.0
IndexesFlusher.totalFlushes,1788305080768000000,1788305140764000000,59
Indexes.entries.lookupDurationAvgMs,1788305080768000000,1788305140764000000,0.0
Indexes.allKeys.lookups,1788305080768000000,1788305140764000000,0.0
Indexes.allKeys.lookupDurationAvgMs,1788305080768000000,1788305140764000000,0.0
IndexesFlusher.totalFlushesRetried,1788305080768000000,1788305140764000000,0
IndexesFlusher.totalFlushingTimeUs,1788305080768000000,1788305140764000000,294328
Indexes.entries.lookupDuration90PMs,1788305080768000000,1788305140764000000,0.0
Indexes.allKeys.lookupDurationMaxMs,1788305080768000000,1788305140764000000,0.0
Indexes.stubs.lookupDurationMaxMs,1788305080768000000,1788305140764000000,0.0
Indexes.stubs.lookupDurationAvgMs,1788305080768000000,1788305140764000000,0.0
Indexes.entries.lookups,1788305080768000000,1788305140764000000,0.0
IndexesFlusher.totalContentionQuotaSpent,1788305080768000000,1788305140764000000,0
Indexes.allKeys.lookupDuration90PMs,1788305080768000000,1788305140764000000,0.0
compiler.ArtifactManagerBridge.addArtifact.ms,1788305080768000000,1788305140764000000,0
compiler.ArtifactManagerBridge.initBridges.ms,1788305080768000000,1788305140764000000,0
compiler.ArtifactManagerBridge.getArtifacts.ms,1788305080768000000,1788305140764000000,0
compiler.ArtifactManagerBridge.findArtifact.ms,1788305080768000000,1788305140764000000,0
compiler.ArtifactVirtualFileListener.propertyChanged.ms,1788305080768000000,1788305140764000000,0
compiler.ArtifactVirtualFileListener.filePathChanged.ms,1788305080768000000,1788305140764000000,0
compiler.ArtifactManagerBridge.dropMappings.ms,1788305080768000000,1788305140764000000,0
compiler.ArtifactManagerBridge.commit.ms,1788305080768000000,1788305140764000000,0
compiler.ArtifactManagerBridge.getArtifactsByType.ms,1788305080768000000,1788305140764000000,0
cacheStateStorage.get.counter,1788305080768000000,1788305140764000000,1
cacheStateStorage.get.duration,1788305080768000000,1788305140764000000,0
cacheStateStorage.set.counter,1788305080768000000,1788305140764000000,0
cacheStateStorage.set.duration,1788305080768000000,1788305140764000000,0
JVM.maxHeapBytes,1788305080768000000,1788305140764000000,2147483648
JVM.GC.collections,1788305080768000000,1788305140764000000,0
JVM.totalDirectByteBuffersBytes,1788305080768000000,1788305140764000000,233819392
JVM.maxThreadCount,1788305080768000000,1788305140764000000,178
JVM.usedHeapBytes,1788305080768000000,1788305140764000000,339246920
JVM.newThreadsCount,1788305080768000000,1788305140764000000,0
JVM.usedNativeBytes,1788305080768000000,1788305140764000000,266303912
JVM.totalCpuTimeMs,1788305080768000000,1788305140764000000,2044
JVM.totalBytesAllocated,1788305080768000000,1788305140764000000,19691096
JVM.GC.collectionTimesMs,1788305080768000000,1788305140764000000,0
OS.loadAverage,1788305080768000000,1788305140764000000,2.275390625
JVM.threadCount,1788305080768000000,1788305140764000000,59
writeAction.count,1788305140764000000,1788305200771000000,0
writeAction.median.wait.ms,1788305140764000000,1788305200771000000,0
writeAction.max.wait.ms,1788305140764000000,1788305200771000000,6
writeAction.wait.ms,1788305140764000000,1788305200771000000,0
AWTEventQueue.dispatchTime90PNs,1788305140764000000,1788305200771000000,253951
FlushQueue.executionTimeAvgNs,1788305140764000000,1788305200771000000,84431.2131147541
AWTEventQueue.dispatchTimeTotalNS,1788305140764000000,1788305200771000000,52192712
FlushQueue.waitingTime90PNs,1788305140764000000,1788305200771000000,321535
AWTEventQueue.dispatchTimeAvgNs,1788305140764000000,1788305200771000000,215680.0
FlushQueue.queueSizeAvg,1788305140764000000,1788305200771000000,0.0
ReadAction.executionsCount,1788305140764000000,1788305200771000000,0
FlushQueue.queueSizeMax,1788305140764000000,1788305200771000000,0
NonBlockingReadAction.failedExecutionsCount,1788305140764000000,1788305200771000000,0
AWTEventQueue.eventsDispatched,1788305140764000000,1788305200771000000,242
NonBlockingReadAction.finalizedExecutionTimeUs,1788305140764000000,1788305200771000000,0
FlushQueue.queueSize90P,1788305140764000000,1788305200771000000,0
FlushQueue.waitingTimeAvgNs,1788305140764000000,1788305200771000000,260301.6393442623
NonBlockingReadAction.failedExecutionTimeUs,1788305140764000000,1788305200771000000,0
AWTEventQueue.dispatchTimeMaxNs,1788305140764000000,1788305200771000000,4489215
NonBlockingReadAction.finalizedExecutionsCount,1788305140764000000,1788305200771000000,0
WriteAction.executionsCount,1788305140764000000,1788305200771000000,0
FlushQueue.executionTime90PNs,1788305140764000000,1788305200771000000,98303
FlushQueue.tasksExecuted,1788305140764000000,1788305200771000000,122
FlushQueue.waitingTimeMaxNs,1788305140764000000,1788305200771000000,468991
FlushQueue.executionTimeMaxNs,1788305140764000000,1788305200771000000,1564671
workspaceModel.global.updates.count,1788305140764000000,1788305200771000000,0
jps.library.entities.serializer.load.entities.ms,1788305140764000000,1788305200771000000,0
workspaceModel.global.apply.state.to.project.builder.ms,1788305140764000000,1788305200771000000,0
workspaceModel.moduleBridge.facet.initialization.ms,1788305140764000000,1788305200771000000,0
workspaceModel.orphan.listener.update.ms,1788305140764000000,1788305200771000000,0
workspaceModel.mutableEntityStorage.put.entity.ms,1788305140764000000,1788305200771000000,0
workspaceModel.mutableEntityStorage.mutable.vfurl.index.ms,1788305140764000000,1788305200771000000,0
jps.app.storage.content.reader.load.component.ms,1788305140764000000,1788305200771000000,0
workspaceModel.moduleManagerBridge.load.module.ms,1788305140764000000,1788305200771000000,0
workspaceModel.moduleManagerBridge.new.nonPersistent.module.ms,1788305140764000000,1788305200771000000,0
workspaceModel.mutableEntityStorage.apply.changes.from.ms,1788305140764000000,1788305200771000000,0
workspaceModel.do.save.caches.ms,1788305140764000000,1788305200771000000,0
workspaceModel.mutableEntityStorage.entities.by.source.ms,1788305140764000000,1788305200771000000,0
jps.load.initial.state.ms,1788305140764000000,1788305200771000000,0
jps.module.iml.entities.serializer.save.entities.ms,1788305140764000000,1788305200771000000,0
workspaceModel.mutableEntityStorage.instances.count,1788305140764000000,1788305200771000000,0
jps.artifact.entities.serializer.save.entities.ms,1788305140764000000,1788305200771000000,0
workspaceModel.moduleBridge.update.option.ms,1788305140764000000,1788305200771000000,0
jps.global.handle.before.change.events.ms,1788305140764000000,1788305200771000000,0
workspaceModel.delayed.project.synchronizer.sync.ms,1788305140764000000,1788305200771000000,0
workspaceModel.moduleManagerBridge.set.unloadedModules.ms,1788305140764000000,1788305200771000000,0
jps.facet.change.listener.init.bridge.ms,1788305140764000000,1788305200771000000,0
jps.project.serializers.load.ms,1788305140764000000,1788305200771000000,0
jps.global.initialize.library.bridges.after.loading.ms,1788305140764000000,1788305200771000000,0
jps.reload.project.entities.ms,1788305140764000000,1788305200771000000,0
workspaceModel.mutableEntityStorage.resolve.ms,1788305140764000000,1788305200771000000,0
jps.save.changed.project.entities.ms,1788305140764000000,1788305200771000000,0
workspaceModel.global.apply.state.to.project.ms,1788305140764000000,1788305200771000000,0
jps.facet.change.listener.before.change.events.ms,1788305140764000000,1788305200771000000,0
jps.global.get.libraries.ms,1788305140764000000,1788305200771000000,0
workspaceModel.moduleBridgeLoader.loading.modules.ms,1788305140764000000,1788305200771000000,0
workspaceModel.mutableEntityStorage.has.same.entities.ms,1788305140764000000,1788305200771000000,0
workspaceModel.mutableEntityStorage.replace.by.source.ms,1788305140764000000,1788305200771000000,0
jps.global.initialize.library.bridges.ms,1788305140764000000,1788305200771000000,0
workspaceModel.mutableEntityStorage.remove.entity.ms,1788305140764000000,1788305200771000000,0
workspaceModel.moduleManagerBridge.newModule.ms,1788305140764000000,1788305200771000000,0
jps.facet.change.listener.process.change.events.ms,1788305140764000000,1788305200771000000,0
workspaceModel.load.cache.from.file.ms,1788305140764000000,1788305200771000000,0
workspaceModel.sync.entities.ms,1788305140764000000,1788305200771000000,0
jps.library.entities.serializer.save.entities.ms,1788305140764000000,1788305200771000000,0
jps.global.handle.changed.events.ms,1788305140764000000,1788305200771000000,0
workspaceModel.moduleManagerBridge.load.all.modules.ms,1788305140764000000,1788305200771000000,0
jps.apply.loaded.storage.ms,1788305140764000000,1788305200771000000,0
jps.module.iml.entities.serializer.load.entities.ms,1788305140764000000,1788305200771000000,0
jps.save.global.entities.ms,1788305140764000000,1788305200771000000,0
workspaceModel.mutableEntityStorage.to.snapshot.ms,1788305140764000000,1788305200771000000,0
workspaceModel.mutableEntityStorage.mutable.ext.mapping.ms,1788305140764000000,1788305200771000000,0
jps.project.serializers.save.ms,1788305140764000000,1788305200771000000,0
workspaceModel.mutableEntityStorage.referrers.ms,1788305140764000000,1788305200771000000,0
workspaceModel.mutableEntityStorage.add.entity.ms,1788305140764000000,1788305200771000000,0
jps.load.project.to.empty.storage.ms,1788305140764000000,1788305200771000000,0
workspaceModel.save.cache.to.file.ms,1788305140764000000,1788305200771000000,0
jps.storage.jps.conf.reader.load.component.ms,1788305140764000000,1788305200771000000,0
jps.artifact.entities.serializer.load.entities.ms,1788305140764000000,1788305200771000000,0
workspaceModel.global.updates.ms,1788305140764000000,1788305200771000000,0
workspaceModel.mutableEntityStorage.collect.changes.ms,1788305140764000000,1788305200771000000,0
workspaceModel.moduleManagerBridge.get.modules.ms,1788305140764000000,1788305200771000000,0
jps.global.get.library.ms,1788305140764000000,1788305200771000000,0
workspaceModel.moduleBridge.before.changed.ms,1788305140764000000,1788305200771000000,0
workspaceModel.load.cache.metadata.from.file.ms,1788305140764000000,1788305200771000000,0
workspaceModel.moduleManagerBridge.create.module.instance.ms,1788305140764000000,1788305200771000000,0
workspaceModel.moduleManagerBridge.build.module.graph.ms,1788305140764000000,1788305200771000000,0
workspaceModel.mutableEntityStorage.entities.ms,1788305140764000000,1788305200771000000,0
workspaceModel.mutableEntityStorage.modify.entity.ms,1788305140764000000,1788305200771000000,0
jps.global.get.library.by.name.ms,1788305140764000000,1788305200771000000,0
FilePageCache.maxCacheSizeInBytes,1788305140764000000,1788305200771000000,231751680
FilePageCacheLockFree.totalPagesAllocated,1788305140764000000,1788305200771000000,0
FilePageCache.pageLoadsAboveSizeThreshold,1788305140764000000,1788305200771000000,0
StorageLockContext.competingThreads.avg,1788305140764000000,1788305200771000000,0.0
MappedFileStorage.storages,1788305140764000000,1788305200771000000,15
FilePageCacheLockFree.totalPagesWritten,1788305140764000000,1788305200771000000,0
FilePageCacheLockFree.housekeeperTurnsSkipped,1788305140764000000,1788305200771000000,0
FilePageCacheLockFree.totalPagesRequestsMs,1788305140764000000,1788305200771000000,0
FilePageCacheLockFree.totalHeapBytesReclaimed,1788305140764000000,1788305200771000000,0
FilePageCache.pageHits,1788305140764000000,1788305200771000000,0
StreamlinedBlobStorage.recordsAllocated,1788305140764000000,1788305200771000000,0
MappedFileStorage.totalBytesMapped,1788305140764000000,1788305200771000000,198443008
FilePageCacheLockFree.totalPageAllocationsWaited,1788305140764000000,1788305200771000000,0
FilePageCache.uncachedFileAccess,1788305140764000000,1788305200771000000,0
StorageLockContext.competingThreads.max,1788305140764000000,1788305200771000000,0
FilePageCacheLockFree.totalBytesWritten,1788305140764000000,1788305200771000000,0
FilePageCacheLockFree.totalClosedStoragesReclaimed,1788305140764000000,1788305200771000000,0
FilePageCacheLockFree.totalPagesRequested,1788305140764000000,1788305200771000000,0
StreamlinedBlobStorage.totalLiveRecordsCapacityBytes,1788305140764000000,1788305200771000000,0
FilePageCacheLockFree.totalHeapBytesAllocated,1788305140764000000,1788305200771000000,0
FilePageCacheLockFree.heapBytesInUse,1788305140764000000,1788305200771000000,0
FilePageCache.totalPageDisposalsUs,1788305140764000000,1788305200771000000,0
FilePageCacheLockFree.totalPagesReclaimed,1788305140764000000,1788305200771000000,0
DirectByteBufferAllocator.totalSizeOfBuffersAllocatedInBytes,1788305140764000000,1788305200771000000,231751680
FilePageCacheLockFree.nativeBytesInUse,1788305140764000000,1788305200771000000,0
FilePageCacheLockFree.housekeeperTurnsDone,1788305140764000000,1788305200771000000,0
FilePageCache.totalPageLoadsUs,1788305140764000000,1788305200771000000,0
FilePageCacheLockFree.totalPagesWriteMs,1788305140764000000,1788305200771000000,0
StorageLockContext.competingThreads.90P,1788305140764000000,1788305200771000000,0
FilePageCache.capacityInBytes,1788305140764000000,1788305200771000000,503316478
DirectByteBufferAllocator.reclaimed,1788305140764000000,1788305200771000000,0
DirectByteBufferAllocator.disposed,1788305140764000000,1788305200771000000,0
FileChannelInterruptsRetryer.totalRetriedAttempts,1788305140764000000,1788305200771000000,0
FilePageCacheLockFree.totalPagesHandedOver,1788305140764000000,1788305200771000000,0
FilePageCache.pageFastCacheHits,1788305140764000000,1788305200771000000,0
FilePageCache.pageLoads,1788305140764000000,1788305200771000000,0
FilePageCacheLockFree.housekeeperTimeSpentMs,1788305140764000000,1788305200771000000,0
FilePageCacheLockFree.totalPagesReadMs,1788305140764000000,1788305200771000000,0
DirectByteBufferAllocator.hits,1788305140764000000,1788305200771000000,0
FilePageCacheLockFree.totalBytesRequested,1788305140764000000,1788305200771000000,0
FilePageCacheLockFree.totalNativeBytesAllocated,1788305140764000000,1788305200771000000,0
FilePageCache.disposedBuffers,1788305140764000000,1788305200771000000,0
DirectByteBufferAllocator.misses,1788305140764000000,1788305200771000000,0
StreamlinedBlobStorage.recordsDeleted,1788305140764000000,1788305200771000000,0
FilePageCacheLockFree.totalBytesRead,1788305140764000000,1788305200771000000,0
FilePageCache.maxRegisteredFiles,1788305140764000000,1788305200771000000,555
DirectByteBufferAllocator.totalSizeOfBuffersCachedInBytes,1788305140764000000,1788305200771000000,0
MappedFileStorage.totalPagesMapped,1788305140764000000,1788305200771000000,15
FilePageCacheLockFree.totalNativeBytesReclaimed,1788305140764000000,1788305200771000000,0
StreamlinedBlobStorage.totalLiveRecordsPayloadBytes,1788305140764000000,1788305200771000000,0
StreamlinedBlobStorage.recordsRelocated,1788305140764000000,1788305200771000000,0
MappedFileStorage.totalTimeSpentOnMappingUs,1788305140764000000,1788305200771000000,10166
VFS.fileChildByName,1788305140764000000,1788305200771000000,0
VFS.invertedFileNameIndex.requests,1788305140764000000,1788305200771000000,0
VFS.fileByIdCache.misses,1788305140764000000,1788305200771000000,0
FileNameCache.queries,1788305140764000000,1788305200771000000,0
VFS.fileByIdCache.hits,1788305140764000000,1788305200771000000,0
FileNameCache.totalMisses,1788305140764000000,1788305200771000000,0
workspaceModel.workspaceFileIndexData.processFileSets.ms,1788305140764000000,1788305200771000000,0
workspaceModel.workspaceFileIndexData.updateDirtyEntities.ms,1788305140764000000,1788305200771000000,0
workspaceModel.entityStorageSnapshotImpl.instances.count,1788305140764000000,1788305200771000000,0
workspaceModel.cachedValueWithParameters.calculated.ms,1788305140764000000,1788305200771000000,0
workspaceModel.cachedValueWithParameters.from.cache.ms,1788305140764000000,1788305200771000000,0
workspaceModel.workspaceFileIndexData.getDirectoriesByPackageName.ms,1788305140764000000,1788305200771000000,0
workspaceModel.workspaceFileIndexData.getPackageName.ms,1788305140764000000,1788305200771000000,0
workspaceModel.cachedValue.clear.ms,1788305140764000000,1788305200771000000,0
workspaceModel.check.recursive.update.ms,1788305140764000000,1788305200771000000,0
workspaceModel.loading.from.cache.ms,1788305140764000000,1788305200771000000,0
workspaceModel.workspaceFileIndexData.getFileInfo.ms,1788305140764000000,1788305200771000000,0
workspaceModel.workspaceFileIndexData.visitFileSets.ms,1788305140764000000,1788305200771000000,0
workspaceModel.cachedValue.from.cache.ms,1788305140764000000,1788305200771000000,0
workspaceModel.loading.total.ms,1788305140764000000,1788305200771000000,0
workspaceModel.updates.ms,1788305140764000000,1788305200771000000,0
workspaceModel.cachedValue.total.get.ms,1788305140764000000,1788305200771000000,0
workspaceModel.init.bridges.ms,1788305140764000000,1788305200771000000,0
workspaceModel.full.replace.project.model.ms,1788305140764000000,1788305200771000000,0
workspaceModel.workspaceFileIndexData.instances.count,1788305140764000000,1788305200771000000,0
workspaceModel.update.unloaded.entities.ms,1788305140764000000,1788305200771000000,0
workspaceModel.updates.count,1788305140764000000,1788305200771000000,0
workspaceModel.pre.handlers.ms,1788305140764000000,1788305200771000000,0
workspaceModel.cachedValueWithParameters.clear.ms,1788305140764000000,1788305200771000000,0
workspaceModel.collect.changes.ms,1788305140764000000,1788305200771000000,0
workspaceModel.workspaceFileIndexData.init.ms,1788305140764000000,1788305200771000000,0
workspaceModel.workspaceFileIndexData.markDirty.ms,1788305140764000000,1788305200771000000,0
workspaceModel.cachedValueWithParameters.total.get.ms,1788305140764000000,1788305200771000000,0
workspaceModel.to.snapshot.ms,1788305140764000000,1788305200771000000,0
workspaceModel.updates.precise.ms,1788305140764000000,1788305200771000000,0
workspaceModel.initializing.ms,1788305140764000000,1788305200771000000,0
workspaceModel.cachedValue.calculated.ms,1788305140764000000,1788305200771000000,0
workspaceModel.replace.project.model.ms,1788305140764000000,1788305200771000000,0
workspaceModel.workspaceFileIndexData.onEntitiesChanged.ms,1788305140764000000,1788305200771000000,0
workspaceModel.workspaceFileIndexContributor.registerFileSets.ms,1788305140764000000,1788305200771000000,0
Indexes.stubs.lookupDuration90PMs,1788305140764000000,1788305200771000000,0.0
Indexes.entries.lookupDurationMaxMs,1788305140764000000,1788305200771000000,0.0
Indexes.stubs.lookups,1788305140764000000,1788305200771000000,0.0
IndexesFlusher.totalFlushes,1788305140764000000,1788305200771000000,59
Indexes.entries.lookupDurationAvgMs,1788305140764000000,1788305200771000000,0.0
Indexes.allKeys.lookups,1788305140764000000,1788305200771000000,0.0
Indexes.allKeys.lookupDurationAvgMs,1788305140764000000,1788305200771000000,0.0
IndexesFlusher.totalFlushesRetried,1788305140764000000,1788305200771000000,0
IndexesFlusher.totalFlushingTimeUs,1788305140764000000,1788305200771000000,291635
Indexes.entries.lookupDuration90PMs,1788305140764000000,1788305200771000000,0.0
Indexes.allKeys.lookupDurationMaxMs,1788305140764000000,1788305200771000000,0.0
Indexes.stubs.lookupDurationMaxMs,1788305140764000000,1788305200771000000,0.0
Indexes.stubs.lookupDurationAvgMs,1788305140764000000,1788305200771000000,0.0
Indexes.entries.lookups,1788305140764000000,1788305200771000000,0.0
IndexesFlusher.totalContentionQuotaSpent,1788305140764000000,1788305200771000000,0
Indexes.allKeys.lookupDuration90PMs,1788305140764000000,1788305200771000000,0.0
compiler.ArtifactManagerBridge.addArtifact.ms,1788305140764000000,1788305200771000000,0
compiler.ArtifactManagerBridge.initBridges.ms,1788305140764000000,1788305200771000000,0
compiler.ArtifactManagerBridge.getArtifacts.ms,1788305140764000000,1788305200771000000,0
compiler.ArtifactManagerBridge.findArtifact.ms,1788305140764000000,1788305200771000000,0
compiler.ArtifactVirtualFileListener.propertyChanged.ms,1788305140764000000,1788305200771000000,0
compiler.ArtifactVirtualFileListener.filePathChanged.ms,1788305140764000000,1788305200771000000,0
compiler.ArtifactManagerBridge.dropMappings.ms,1788305140764000000,1788305200771000000,0
compiler.ArtifactManagerBridge.commit.ms,1788305140764000000,1788305200771000000,0
compiler.ArtifactManagerBridge.getArtifactsByType.ms,1788305140764000000,1788305200771000000,0
cacheStateStorage.get.counter,1788305140764000000,1788305200771000000,0
cacheStateStorage.get.duration,1788305140764000000,1788305200771000000,0
cacheStateStorage.set.counter,1788305140764000000,1788305200771000000,0
cacheStateStorage.set.duration,1788305140764000000,1788305200771000000,0
JVM.maxHeapBytes,1788305140764000000,1788305200771000000,2147483648
JVM.GC.collections,1788305140764000000,1788305200771000000,0
JVM.totalDirectByteBuffersBytes,1788305140764000000,1788305200771000000,233819392
JVM.maxThreadCount,1788305140764000000,1788305200771000000,178
JVM.usedHeapBytes,1788305140764000000,1788305200771000000,349732680
JVM.newThreadsCount,1788305140764000000,1788305200771000000,0
JVM.usedNativeBytes,1788305140764000000,1788305200771000000,267244224
JVM.totalCpuTimeMs,1788305140764000000,1788305200771000000,1629
JVM.totalBytesAllocated,1788305140764000000,1788305200771000000,10410376
JVM.GC.collectionTimesMs,1788305140764000000,1788305200771000000,0
OS.loadAverage,1788305140764000000,1788305200771000000,2.16259765625
JVM.threadCount,1788305140764000000,1788305200771000000,58
writeAction.count,1788305200771000000,1788305260786000000,0
writeAction.median.wait.ms,1788305200771000000,1788305260786000000,0
writeAction.max.wait.ms,1788305200771000000,1788305260786000000,6
writeAction.wait.ms,1788305200771000000,1788305260786000000,0
AWTEventQueue.dispatchTime90PNs,1788305200771000000,1788305260786000000,236543
FlushQueue.executionTimeAvgNs,1788305200771000000,1788305260786000000,81571.96694214876
AWTEventQueue.dispatchTimeTotalNS,1788305200771000000,1788305260786000000,50588877
FlushQueue.waitingTime90PNs,1788305200771000000,1788305260786000000,335871
AWTEventQueue.dispatchTimeAvgNs,1788305200771000000,1788305260786000000,209996.48132780084
FlushQueue.queueSizeAvg,1788305200771000000,1788305260786000000,0.0
ReadAction.executionsCount,1788305200771000000,1788305260786000000,0
FlushQueue.queueSizeMax,1788305200771000000,1788305260786000000,0
NonBlockingReadAction.failedExecutionsCount,1788305200771000000,1788305260786000000,0
AWTEventQueue.eventsDispatched,1788305200771000000,1788305260786000000,241
NonBlockingReadAction.finalizedExecutionTimeUs,1788305200771000000,1788305260786000000,0
FlushQueue.queueSize90P,1788305200771000000,1788305260786000000,0
FlushQueue.waitingTimeAvgNs,1788305200771000000,1788305260786000000,268630.7438016529
NonBlockingReadAction.failedExecutionTimeUs,1788305200771000000,1788305260786000000,0
AWTEventQueue.dispatchTimeMaxNs,1788305200771000000,1788305260786000000,5210111
NonBlockingReadAction.finalizedExecutionsCount,1788305200771000000,1788305260786000000,0
WriteAction.executionsCount,1788305200771000000,1788305260786000000,0
FlushQueue.executionTime90PNs,1788305200771000000,1788305260786000000,88575
FlushQueue.tasksExecuted,1788305200771000000,1788305260786000000,121
FlushQueue.waitingTimeMaxNs,1788305200771000000,1788305260786000000,487423
FlushQueue.executionTimeMaxNs,1788305200771000000,1788305260786000000,1286143
workspaceModel.global.updates.count,1788305200771000000,1788305260786000000,0
jps.library.entities.serializer.load.entities.ms,1788305200771000000,1788305260786000000,0
workspaceModel.global.apply.state.to.project.builder.ms,1788305200771000000,1788305260786000000,0
workspaceModel.moduleBridge.facet.initialization.ms,1788305200771000000,1788305260786000000,0
workspaceModel.orphan.listener.update.ms,1788305200771000000,1788305260786000000,0
workspaceModel.mutableEntityStorage.put.entity.ms,1788305200771000000,1788305260786000000,0
workspaceModel.mutableEntityStorage.mutable.vfurl.index.ms,1788305200771000000,1788305260786000000,0
jps.app.storage.content.reader.load.component.ms,1788305200771000000,1788305260786000000,0
workspaceModel.moduleManagerBridge.load.module.ms,1788305200771000000,1788305260786000000,0
workspaceModel.moduleManagerBridge.new.nonPersistent.module.ms,1788305200771000000,1788305260786000000,0
workspaceModel.mutableEntityStorage.apply.changes.from.ms,1788305200771000000,1788305260786000000,0
workspaceModel.do.save.caches.ms,1788305200771000000,1788305260786000000,0
workspaceModel.mutableEntityStorage.entities.by.source.ms,1788305200771000000,1788305260786000000,0
jps.load.initial.state.ms,1788305200771000000,1788305260786000000,0
jps.module.iml.entities.serializer.save.entities.ms,1788305200771000000,1788305260786000000,0
workspaceModel.mutableEntityStorage.instances.count,1788305200771000000,1788305260786000000,0
jps.artifact.entities.serializer.save.entities.ms,1788305200771000000,1788305260786000000,0
workspaceModel.moduleBridge.update.option.ms,1788305200771000000,1788305260786000000,0
jps.global.handle.before.change.events.ms,1788305200771000000,1788305260786000000,0
workspaceModel.delayed.project.synchronizer.sync.ms,1788305200771000000,1788305260786000000,0
workspaceModel.moduleManagerBridge.set.unloadedModules.ms,1788305200771000000,1788305260786000000,0
jps.facet.change.listener.init.bridge.ms,1788305200771000000,1788305260786000000,0
jps.project.serializers.load.ms,1788305200771000000,1788305260786000000,0
jps.global.initialize.library.bridges.after.loading.ms,1788305200771000000,1788305260786000000,0
jps.reload.project.entities.ms,1788305200771000000,1788305260786000000,0
workspaceModel.mutableEntityStorage.resolve.ms,1788305200771000000,1788305260786000000,0
jps.save.changed.project.entities.ms,1788305200771000000,1788305260786000000,0
workspaceModel.global.apply.state.to.project.ms,1788305200771000000,1788305260786000000,0
jps.facet.change.listener.before.change.events.ms,1788305200771000000,1788305260786000000,0
jps.global.get.libraries.ms,1788305200771000000,1788305260786000000,0
workspaceModel.moduleBridgeLoader.loading.modules.ms,1788305200771000000,1788305260786000000,0
workspaceModel.mutableEntityStorage.has.same.entities.ms,1788305200771000000,1788305260786000000,0
workspaceModel.mutableEntityStorage.replace.by.source.ms,1788305200771000000,1788305260786000000,0
jps.global.initialize.library.bridges.ms,1788305200771000000,1788305260786000000,0
workspaceModel.mutableEntityStorage.remove.entity.ms,1788305200771000000,1788305260786000000,0
workspaceModel.moduleManagerBridge.newModule.ms,1788305200771000000,1788305260786000000,0
jps.facet.change.listener.process.change.events.ms,1788305200771000000,1788305260786000000,0
workspaceModel.load.cache.from.file.ms,1788305200771000000,1788305260786000000,0
workspaceModel.sync.entities.ms,1788305200771000000,1788305260786000000,0
jps.library.entities.serializer.save.entities.ms,1788305200771000000,1788305260786000000,0
jps.global.handle.changed.events.ms,1788305200771000000,1788305260786000000,0
workspaceModel.moduleManagerBridge.load.all.modules.ms,1788305200771000000,1788305260786000000,0
jps.apply.loaded.storage.ms,1788305200771000000,1788305260786000000,0
jps.module.iml.entities.serializer.load.entities.ms,1788305200771000000,1788305260786000000,0
jps.save.global.entities.ms,1788305200771000000,1788305260786000000,0
workspaceModel.mutableEntityStorage.to.snapshot.ms,1788305200771000000,1788305260786000000,0
workspaceModel.mutableEntityStorage.mutable.ext.mapping.ms,1788305200771000000,1788305260786000000,0
jps.project.serializers.save.ms,1788305200771000000,1788305260786000000,0
workspaceModel.mutableEntityStorage.referrers.ms,1788305200771000000,1788305260786000000,0
workspaceModel.mutableEntityStorage.add.entity.ms,1788305200771000000,1788305260786000000,0
jps.load.project.to.empty.storage.ms,1788305200771000000,1788305260786000000,0
workspaceModel.save.cache.to.file.ms,1788305200771000000,1788305260786000000,0
jps.storage.jps.conf.reader.load.component.ms,1788305200771000000,1788305260786000000,0
jps.artifact.entities.serializer.load.entities.ms,1788305200771000000,1788305260786000000,0
workspaceModel.global.updates.ms,1788305200771000000,1788305260786000000,0
workspaceModel.mutableEntityStorage.collect.changes.ms,1788305200771000000,1788305260786000000,0
workspaceModel.moduleManagerBridge.get.modules.ms,1788305200771000000,1788305260786000000,0
jps.global.get.library.ms,1788305200771000000,1788305260786000000,0
workspaceModel.moduleBridge.before.changed.ms,1788305200771000000,1788305260786000000,0
workspaceModel.load.cache.metadata.from.file.ms,1788305200771000000,1788305260786000000,0
workspaceModel.moduleManagerBridge.create.module.instance.ms,1788305200771000000,1788305260786000000,0
workspaceModel.moduleManagerBridge.build.module.graph.ms,1788305200771000000,1788305260786000000,0
workspaceModel.mutableEntityStorage.entities.ms,1788305200771000000,1788305260786000000,0
workspaceModel.mutableEntityStorage.modify.entity.ms,1788305200771000000,1788305260786000000,0
jps.global.get.library.by.name.ms,1788305200771000000,1788305260786000000,0
FilePageCache.maxCacheSizeInBytes,1788305200771000000,1788305260786000000,231751680
FilePageCacheLockFree.totalPagesAllocated,1788305200771000000,1788305260786000000,0
FilePageCache.pageLoadsAboveSizeThreshold,1788305200771000000,1788305260786000000,0
StorageLockContext.competingThreads.avg,1788305200771000000,1788305260786000000,0.0
MappedFileStorage.storages,1788305200771000000,1788305260786000000,15
FilePageCacheLockFree.totalPagesWritten,1788305200771000000,1788305260786000000,0
FilePageCacheLockFree.housekeeperTurnsSkipped,1788305200771000000,1788305260786000000,0
FilePageCacheLockFree.totalPagesRequestsMs,1788305200771000000,1788305260786000000,0
FilePageCacheLockFree.totalHeapBytesReclaimed,1788305200771000000,1788305260786000000,0
FilePageCache.pageHits,1788305200771000000,1788305260786000000,0
StreamlinedBlobStorage.recordsAllocated,1788305200771000000,1788305260786000000,0
MappedFileStorage.totalBytesMapped,1788305200771000000,1788305260786000000,198443008
FilePageCacheLockFree.totalPageAllocationsWaited,1788305200771000000,1788305260786000000,0
FilePageCache.uncachedFileAccess,1788305200771000000,1788305260786000000,0
StorageLockContext.competingThreads.max,1788305200771000000,1788305260786000000,0
FilePageCacheLockFree.totalBytesWritten,1788305200771000000,1788305260786000000,0
FilePageCacheLockFree.totalClosedStoragesReclaimed,1788305200771000000,1788305260786000000,0
FilePageCacheLockFree.totalPagesRequested,1788305200771000000,1788305260786000000,0
StreamlinedBlobStorage.totalLiveRecordsCapacityBytes,1788305200771000000,1788305260786000000,0
FilePageCacheLockFree.totalHeapBytesAllocated,1788305200771000000,1788305260786000000,0
FilePageCacheLockFree.heapBytesInUse,1788305200771000000,1788305260786000000,0
FilePageCache.totalPageDisposalsUs,1788305200771000000,1788305260786000000,0
FilePageCacheLockFree.totalPagesReclaimed,1788305200771000000,1788305260786000000,0
DirectByteBufferAllocator.totalSizeOfBuffersAllocatedInBytes,1788305200771000000,1788305260786000000,231751680
FilePageCacheLockFree.nativeBytesInUse,1788305200771000000,1788305260786000000,0
FilePageCacheLockFree.housekeeperTurnsDone,1788305200771000000,1788305260786000000,0
FilePageCache.totalPageLoadsUs,1788305200771000000,1788305260786000000,0
FilePageCacheLockFree.totalPagesWriteMs,1788305200771000000,1788305260786000000,0
StorageLockContext.competingThreads.90P,1788305200771000000,1788305260786000000,0
FilePageCache.capacityInBytes,1788305200771000000,1788305260786000000,503316478
DirectByteBufferAllocator.reclaimed,1788305200771000000,1788305260786000000,0
DirectByteBufferAllocator.disposed,1788305200771000000,1788305260786000000,0
FileChannelInterruptsRetryer.totalRetriedAttempts,1788305200771000000,1788305260786000000,0
FilePageCacheLockFree.totalPagesHandedOver,1788305200771000000,1788305260786000000,0
FilePageCache.pageFastCacheHits,1788305200771000000,1788305260786000000,0
FilePageCache.pageLoads,1788305200771000000,1788305260786000000,0
FilePageCacheLockFree.housekeeperTimeSpentMs,1788305200771000000,1788305260786000000,0
FilePageCacheLockFree.totalPagesReadMs,1788305200771000000,1788305260786000000,0
DirectByteBufferAllocator.hits,1788305200771000000,1788305260786000000,0
FilePageCacheLockFree.totalBytesRequested,1788305200771000000,1788305260786000000,0
FilePageCacheLockFree.totalNativeBytesAllocated,1788305200771000000,1788305260786000000,0
FilePageCache.disposedBuffers,1788305200771000000,1788305260786000000,0
DirectByteBufferAllocator.misses,1788305200771000000,1788305260786000000,0
StreamlinedBlobStorage.recordsDeleted,1788305200771000000,1788305260786000000,0
FilePageCacheLockFree.totalBytesRead,1788305200771000000,1788305260786000000,0
FilePageCache.maxRegisteredFiles,1788305200771000000,1788305260786000000,555
DirectByteBufferAllocator.totalSizeOfBuffersCachedInBytes,1788305200771000000,1788305260786000000,0
MappedFileStorage.totalPagesMapped,1788305200771000000,1788305260786000000,15
FilePageCacheLockFree.totalNativeBytesReclaimed,1788305200771000000,1788305260786000000,0
StreamlinedBlobStorage.totalLiveRecordsPayloadBytes,1788305200771000000,1788305260786000000,0
StreamlinedBlobStorage.recordsRelocated,1788305200771000000,1788305260786000000,0
MappedFileStorage.totalTimeSpentOnMappingUs,1788305200771000000,1788305260786000000,10166
VFS.fileChildByName,1788305200771000000,1788305260786000000,0
VFS.invertedFileNameIndex.requests,1788305200771000000,1788305260786000000,0
VFS.fileByIdCache.misses,1788305200771000000,1788305260786000000,0
FileNameCache.queries,1788305200771000000,1788305260786000000,0
VFS.fileByIdCache.hits,1788305200771000000,1788305260786000000,0
FileNameCache.totalMisses,1788305200771000000,1788305260786000000,0
workspaceModel.workspaceFileIndexData.processFileSets.ms,1788305200771000000,1788305260786000000,0
workspaceModel.workspaceFileIndexData.updateDirtyEntities.ms,1788305200771000000,1788305260786000000,0
workspaceModel.entityStorageSnapshotImpl.instances.count,1788305200771000000,1788305260786000000,0
workspaceModel.cachedValueWithParameters.calculated.ms,1788305200771000000,1788305260786000000,0
workspaceModel.cachedValueWithParameters.from.cache.ms,1788305200771000000,1788305260786000000,0
workspaceModel.workspaceFileIndexData.getDirectoriesByPackageName.ms,1788305200771000000,1788305260786000000,0
workspaceModel.workspaceFileIndexData.getPackageName.ms,1788305200771000000,1788305260786000000,0
workspaceModel.cachedValue.clear.ms,1788305200771000000,1788305260786000000,0
workspaceModel.check.recursive.update.ms,1788305200771000000,1788305260786000000,0
workspaceModel.loading.from.cache.ms,1788305200771000000,1788305260786000000,0
workspaceModel.workspaceFileIndexData.getFileInfo.ms,1788305200771000000,1788305260786000000,0
workspaceModel.workspaceFileIndexData.visitFileSets.ms,1788305200771000000,1788305260786000000,0
workspaceModel.cachedValue.from.cache.ms,1788305200771000000,1788305260786000000,0
workspaceModel.loading.total.ms,1788305200771000000,1788305260786000000,0
workspaceModel.updates.ms,1788305200771000000,1788305260786000000,0
workspaceModel.cachedValue.total.get.ms,1788305200771000000,1788305260786000000,0
workspaceModel.init.bridges.ms,1788305200771000000,1788305260786000000,0
workspaceModel.full.replace.project.model.ms,1788305200771000000,1788305260786000000,0
workspaceModel.workspaceFileIndexData.instances.count,1788305200771000000,1788305260786000000,0
workspaceModel.update.unloaded.entities.ms,1788305200771000000,1788305260786000000,0
workspaceModel.updates.count,1788305200771000000,1788305260786000000,0
workspaceModel.pre.handlers.ms,1788305200771000000,1788305260786000000,0
workspaceModel.cachedValueWithParameters.clear.ms,1788305200771000000,1788305260786000000,0
workspaceModel.collect.changes.ms,1788305200771000000,1788305260786000000,0
workspaceModel.workspaceFileIndexData.init.ms,1788305200771000000,1788305260786000000,0
workspaceModel.workspaceFileIndexData.markDirty.ms,1788305200771000000,1788305260786000000,0
workspaceModel.cachedValueWithParameters.total.get.ms,1788305200771000000,1788305260786000000,0
workspaceModel.to.snapshot.ms,1788305200771000000,1788305260786000000,0
workspaceModel.updates.precise.ms,1788305200771000000,1788305260786000000,0
workspaceModel.initializing.ms,1788305200771000000,1788305260786000000,0
workspaceModel.cachedValue.calculated.ms,1788305200771000000,1788305260786000000,0
workspaceModel.replace.project.model.ms,1788305200771000000,1788305260786000000,0
workspaceModel.workspaceFileIndexData.onEntitiesChanged.ms,1788305200771000000,1788305260786000000,0
workspaceModel.workspaceFileIndexContributor.registerFileSets.ms,1788305200771000000,1788305260786000000,0
Indexes.stubs.lookupDuration90PMs,1788305200771000000,1788305260786000000,0.0
Indexes.entries.lookupDurationMaxMs,1788305200771000000,1788305260786000000,0.0
Indexes.stubs.lookups,1788305200771000000,1788305260786000000,0.0
IndexesFlusher.totalFlushes,1788305200771000000,1788305260786000000,59
Indexes.entries.lookupDurationAvgMs,1788305200771000000,1788305260786000000,0.0
Indexes.allKeys.lookups,1788305200771000000,1788305260786000000,0.0
Indexes.allKeys.lookupDurationAvgMs,1788305200771000000,1788305260786000000,0.0
IndexesFlusher.totalFlushesRetried,1788305200771000000,1788305260786000000,0
IndexesFlusher.totalFlushingTimeUs,1788305200771000000,1788305260786000000,283422
Indexes.entries.lookupDuration90PMs,1788305200771000000,1788305260786000000,0.0
Indexes.allKeys.lookupDurationMaxMs,1788305200771000000,1788305260786000000,0.0
Indexes.stubs.lookupDurationMaxMs,1788305200771000000,1788305260786000000,0.0
Indexes.stubs.lookupDurationAvgMs,1788305200771000000,1788305260786000000,0.0
Indexes.entries.lookups,1788305200771000000,1788305260786000000,0.0
IndexesFlusher.totalContentionQuotaSpent,1788305200771000000,1788305260786000000,0
Indexes.allKeys.lookupDuration90PMs,1788305200771000000,1788305260786000000,0.0
compiler.ArtifactManagerBridge.addArtifact.ms,1788305200771000000,1788305260786000000,0
compiler.ArtifactManagerBridge.initBridges.ms,1788305200771000000,1788305260786000000,0
compiler.ArtifactManagerBridge.getArtifacts.ms,1788305200771000000,1788305260786000000,0
compiler.ArtifactManagerBridge.findArtifact.ms,1788305200771000000,1788305260786000000,0
compiler.ArtifactVirtualFileListener.propertyChanged.ms,1788305200771000000,1788305260786000000,0
compiler.ArtifactVirtualFileListener.filePathChanged.ms,1788305200771000000,1788305260786000000,0
compiler.ArtifactManagerBridge.dropMappings.ms,1788305200771000000,1788305260786000000,0
compiler.ArtifactManagerBridge.commit.ms,1788305200771000000,1788305260786000000,0
compiler.ArtifactManagerBridge.getArtifactsByType.ms,1788305200771000000,1788305260786000000,0
cacheStateStorage.get.counter,1788305200771000000,1788305260786000000,0
cacheStateStorage.get.duration,1788305200771000000,1788305260786000000,0
cacheStateStorage.set.counter,1788305200771000000,1788305260786000000,0
cacheStateStorage.set.duration,1788305200771000000,1788305260786000000,0
JVM.maxHeapBytes,1788305200771000000,1788305260786000000,2147483648
JVM.GC.collections,1788305200771000000,1788305260786000000,0
JVM.totalDirectByteBuffersBytes,1788305200771000000,1788305260786000000,233819392
JVM.maxThreadCount,1788305200771000000,1788305260786000000,178
JVM.usedHeapBytes,1788305200771000000,1788305260786000000,361267016
JVM.newThreadsCount,1788305200771000000,1788305260786000000,0
JVM.usedNativeBytes,1788305200771000000,1788305260786000000,264675808
JVM.totalCpuTimeMs,1788305200771000000,1788305260786000000,1476
JVM.totalBytesAllocated,1788305200771000000,1788305260786000000,10599360
JVM.GC.collectionTimesMs,1788305200771000000,1788305260786000000,0
OS.loadAverage,1788305200771000000,1788305260786000000,2.0546875
JVM.threadCount,1788305200771000000,1788305260786000000,57
writeAction.count,1788305260786000000,1788305320784000000,0
writeAction.median.wait.ms,1788305260786000000,1788305320784000000,0
writeAction.max.wait.ms,1788305260786000000,1788305320784000000,6
writeAction.wait.ms,1788305260786000000,1788305320784000000,0
AWTEventQueue.dispatchTime90PNs,1788305260786000000,1788305320784000000,243711
FlushQueue.executionTimeAvgNs,1788305260786000000,1788305320784000000,78999.60655737705
AWTEventQueue.dispatchTimeTotalNS,1788305260786000000,1788305320784000000,50937515
FlushQueue.waitingTime90PNs,1788305260786000000,1788305320784000000,307199
AWTEventQueue.dispatchTimeAvgNs,1788305260786000000,1788305320784000000,210453.15702479339
FlushQueue.queueSizeAvg,1788305260786000000,1788305320784000000,0.0
ReadAction.executionsCount,1788305260786000000,1788305320784000000,0
FlushQueue.queueSizeMax,1788305260786000000,1788305320784000000,0
NonBlockingReadAction.failedExecutionsCount,1788305260786000000,1788305320784000000,0
AWTEventQueue.eventsDispatched,1788305260786000000,1788305320784000000,242
NonBlockingReadAction.finalizedExecutionTimeUs,1788305260786000000,1788305320784000000,0
FlushQueue.queueSize90P,1788305260786000000,1788305320784000000,0
FlushQueue.waitingTimeAvgNs,1788305260786000000,1788305320784000000,251347.9344262295
NonBlockingReadAction.failedExecutionTimeUs,1788305260786000000,1788305320784000000,0
AWTEventQueue.dispatchTimeMaxNs,1788305260786000000,1788305320784000000,5537791
NonBlockingReadAction.finalizedExecutionsCount,1788305260786000000,1788305320784000000,0
WriteAction.executionsCount,1788305260786000000,1788305320784000000,0
FlushQueue.executionTime90PNs,1788305260786000000,1788305320784000000,83455
FlushQueue.tasksExecuted,1788305260786000000,1788305320784000000,122
FlushQueue.waitingTimeMaxNs,1788305260786000000,1788305320784000000,385023
FlushQueue.executionTimeMaxNs,1788305260786000000,1788305320784000000,1761279
workspaceModel.global.updates.count,1788305260786000000,1788305320784000000,0
jps.library.entities.serializer.load.entities.ms,1788305260786000000,1788305320784000000,0
workspaceModel.global.apply.state.to.project.builder.ms,1788305260786000000,1788305320784000000,0
workspaceModel.moduleBridge.facet.initialization.ms,1788305260786000000,1788305320784000000,0
workspaceModel.orphan.listener.update.ms,1788305260786000000,1788305320784000000,0
workspaceModel.mutableEntityStorage.put.entity.ms,1788305260786000000,1788305320784000000,0
workspaceModel.mutableEntityStorage.mutable.vfurl.index.ms,1788305260786000000,1788305320784000000,0
jps.app.storage.content.reader.load.component.ms,1788305260786000000,1788305320784000000,0
workspaceModel.moduleManagerBridge.load.module.ms,1788305260786000000,1788305320784000000,0
workspaceModel.moduleManagerBridge.new.nonPersistent.module.ms,1788305260786000000,1788305320784000000,0
workspaceModel.mutableEntityStorage.apply.changes.from.ms,1788305260786000000,1788305320784000000,0
workspaceModel.do.save.caches.ms,1788305260786000000,1788305320784000000,0
workspaceModel.mutableEntityStorage.entities.by.source.ms,1788305260786000000,1788305320784000000,0
jps.load.initial.state.ms,1788305260786000000,1788305320784000000,0
jps.module.iml.entities.serializer.save.entities.ms,1788305260786000000,1788305320784000000,0
workspaceModel.mutableEntityStorage.instances.count,1788305260786000000,1788305320784000000,0
jps.artifact.entities.serializer.save.entities.ms,1788305260786000000,1788305320784000000,0
workspaceModel.moduleBridge.update.option.ms,1788305260786000000,1788305320784000000,0
jps.global.handle.before.change.events.ms,1788305260786000000,1788305320784000000,0
workspaceModel.delayed.project.synchronizer.sync.ms,1788305260786000000,1788305320784000000,0
workspaceModel.moduleManagerBridge.set.unloadedModules.ms,1788305260786000000,1788305320784000000,0
jps.facet.change.listener.init.bridge.ms,1788305260786000000,1788305320784000000,0
jps.project.serializers.load.ms,1788305260786000000,1788305320784000000,0
jps.global.initialize.library.bridges.after.loading.ms,1788305260786000000,1788305320784000000,0
jps.reload.project.entities.ms,1788305260786000000,1788305320784000000,0
workspaceModel.mutableEntityStorage.resolve.ms,1788305260786000000,1788305320784000000,0
jps.save.changed.project.entities.ms,1788305260786000000,1788305320784000000,0
workspaceModel.global.apply.state.to.project.ms,1788305260786000000,1788305320784000000,0
jps.facet.change.listener.before.change.events.ms,1788305260786000000,1788305320784000000,0
jps.global.get.libraries.ms,1788305260786000000,1788305320784000000,0
workspaceModel.moduleBridgeLoader.loading.modules.ms,1788305260786000000,1788305320784000000,0
workspaceModel.mutableEntityStorage.has.same.entities.ms,1788305260786000000,1788305320784000000,0
workspaceModel.mutableEntityStorage.replace.by.source.ms,1788305260786000000,1788305320784000000,0
jps.global.initialize.library.bridges.ms,1788305260786000000,1788305320784000000,0
workspaceModel.mutableEntityStorage.remove.entity.ms,1788305260786000000,1788305320784000000,0
workspaceModel.moduleManagerBridge.newModule.ms,1788305260786000000,1788305320784000000,0
jps.facet.change.listener.process.change.events.ms,1788305260786000000,1788305320784000000,0
workspaceModel.load.cache.from.file.ms,1788305260786000000,1788305320784000000,0
workspaceModel.sync.entities.ms,1788305260786000000,1788305320784000000,0
jps.library.entities.serializer.save.entities.ms,1788305260786000000,1788305320784000000,0
jps.global.handle.changed.events.ms,1788305260786000000,1788305320784000000,0
workspaceModel.moduleManagerBridge.load.all.modules.ms,1788305260786000000,1788305320784000000,0
jps.apply.loaded.storage.ms,1788305260786000000,1788305320784000000,0
jps.module.iml.entities.serializer.load.entities.ms,1788305260786000000,1788305320784000000,0
jps.save.global.entities.ms,1788305260786000000,1788305320784000000,0
workspaceModel.mutableEntityStorage.to.snapshot.ms,1788305260786000000,1788305320784000000,0
workspaceModel.mutableEntityStorage.mutable.ext.mapping.ms,1788305260786000000,1788305320784000000,0
jps.project.serializers.save.ms,1788305260786000000,1788305320784000000,0
workspaceModel.mutableEntityStorage.referrers.ms,1788305260786000000,1788305320784000000,0
workspaceModel.mutableEntityStorage.add.entity.ms,1788305260786000000,1788305320784000000,0
jps.load.project.to.empty.storage.ms,1788305260786000000,1788305320784000000,0
workspaceModel.save.cache.to.file.ms,1788305260786000000,1788305320784000000,0
jps.storage.jps.conf.reader.load.component.ms,1788305260786000000,1788305320784000000,0
jps.artifact.entities.serializer.load.entities.ms,1788305260786000000,1788305320784000000,0
workspaceModel.global.updates.ms,1788305260786000000,1788305320784000000,0
workspaceModel.mutableEntityStorage.collect.changes.ms,1788305260786000000,1788305320784000000,0
workspaceModel.moduleManagerBridge.get.modules.ms,1788305260786000000,1788305320784000000,0
jps.global.get.library.ms,1788305260786000000,1788305320784000000,0
workspaceModel.moduleBridge.before.changed.ms,1788305260786000000,1788305320784000000,0
workspaceModel.load.cache.metadata.from.file.ms,1788305260786000000,1788305320784000000,0
workspaceModel.moduleManagerBridge.create.module.instance.ms,1788305260786000000,1788305320784000000,0
workspaceModel.moduleManagerBridge.build.module.graph.ms,1788305260786000000,1788305320784000000,0
workspaceModel.mutableEntityStorage.entities.ms,1788305260786000000,1788305320784000000,0
workspaceModel.mutableEntityStorage.modify.entity.ms,1788305260786000000,1788305320784000000,0
jps.global.get.library.by.name.ms,1788305260786000000,1788305320784000000,0
FilePageCache.maxCacheSizeInBytes,1788305260786000000,1788305320784000000,231751680
FilePageCacheLockFree.totalPagesAllocated,1788305260786000000,1788305320784000000,0
FilePageCache.pageLoadsAboveSizeThreshold,1788305260786000000,1788305320784000000,0
StorageLockContext.competingThreads.avg,1788305260786000000,1788305320784000000,0.0
MappedFileStorage.storages,1788305260786000000,1788305320784000000,15
FilePageCacheLockFree.totalPagesWritten,1788305260786000000,1788305320784000000,0
FilePageCacheLockFree.housekeeperTurnsSkipped,1788305260786000000,1788305320784000000,0
FilePageCacheLockFree.totalPagesRequestsMs,1788305260786000000,1788305320784000000,0
FilePageCacheLockFree.totalHeapBytesReclaimed,1788305260786000000,1788305320784000000,0
FilePageCache.pageHits,1788305260786000000,1788305320784000000,0
StreamlinedBlobStorage.recordsAllocated,1788305260786000000,1788305320784000000,0
MappedFileStorage.totalBytesMapped,1788305260786000000,1788305320784000000,198443008
FilePageCacheLockFree.totalPageAllocationsWaited,1788305260786000000,1788305320784000000,0
FilePageCache.uncachedFileAccess,1788305260786000000,1788305320784000000,0
StorageLockContext.competingThreads.max,1788305260786000000,1788305320784000000,0
FilePageCacheLockFree.totalBytesWritten,1788305260786000000,1788305320784000000,0
FilePageCacheLockFree.totalClosedStoragesReclaimed,1788305260786000000,1788305320784000000,0
FilePageCacheLockFree.totalPagesRequested,1788305260786000000,1788305320784000000,0
StreamlinedBlobStorage.totalLiveRecordsCapacityBytes,1788305260786000000,1788305320784000000,0
FilePageCacheLockFree.totalHeapBytesAllocated,1788305260786000000,1788305320784000000,0
FilePageCacheLockFree.heapBytesInUse,1788305260786000000,1788305320784000000,0
FilePageCache.totalPageDisposalsUs,1788305260786000000,1788305320784000000,0
FilePageCacheLockFree.totalPagesReclaimed,1788305260786000000,1788305320784000000,0
DirectByteBufferAllocator.totalSizeOfBuffersAllocatedInBytes,1788305260786000000,1788305320784000000,231751680
FilePageCacheLockFree.nativeBytesInUse,1788305260786000000,1788305320784000000,0
FilePageCacheLockFree.housekeeperTurnsDone,1788305260786000000,1788305320784000000,0
FilePageCache.totalPageLoadsUs,1788305260786000000,1788305320784000000,0
FilePageCacheLockFree.totalPagesWriteMs,1788305260786000000,1788305320784000000,0
StorageLockContext.competingThreads.90P,1788305260786000000,1788305320784000000,0
FilePageCache.capacityInBytes,1788305260786000000,1788305320784000000,503316478
DirectByteBufferAllocator.reclaimed,1788305260786000000,1788305320784000000,0
DirectByteBufferAllocator.disposed,1788305260786000000,1788305320784000000,0
FileChannelInterruptsRetryer.totalRetriedAttempts,1788305260786000000,1788305320784000000,0
FilePageCacheLockFree.totalPagesHandedOver,1788305260786000000,1788305320784000000,0
FilePageCache.pageFastCacheHits,1788305260786000000,1788305320784000000,0
FilePageCache.pageLoads,1788305260786000000,1788305320784000000,0
FilePageCacheLockFree.housekeeperTimeSpentMs,1788305260786000000,1788305320784000000,0
FilePageCacheLockFree.totalPagesReadMs,1788305260786000000,1788305320784000000,0
DirectByteBufferAllocator.hits,1788305260786000000,1788305320784000000,0
FilePageCacheLockFree.totalBytesRequested,1788305260786000000,1788305320784000000,0
FilePageCacheLockFree.totalNativeBytesAllocated,1788305260786000000,1788305320784000000,0
FilePageCache.disposedBuffers,1788305260786000000,1788305320784000000,0
DirectByteBufferAllocator.misses,1788305260786000000,1788305320784000000,0
StreamlinedBlobStorage.recordsDeleted,1788305260786000000,1788305320784000000,0
FilePageCacheLockFree.totalBytesRead,1788305260786000000,1788305320784000000,0
FilePageCache.maxRegisteredFiles,1788305260786000000,1788305320784000000,555
DirectByteBufferAllocator.totalSizeOfBuffersCachedInBytes,1788305260786000000,1788305320784000000,0
MappedFileStorage.totalPagesMapped,1788305260786000000,1788305320784000000,15
FilePageCacheLockFree.totalNativeBytesReclaimed,1788305260786000000,1788305320784000000,0
StreamlinedBlobStorage.totalLiveRecordsPayloadBytes,1788305260786000000,1788305320784000000,0
StreamlinedBlobStorage.recordsRelocated,1788305260786000000,1788305320784000000,0
MappedFileStorage.totalTimeSpentOnMappingUs,1788305260786000000,1788305320784000000,10166
VFS.fileChildByName,1788305260786000000,1788305320784000000,0
VFS.invertedFileNameIndex.requests,1788305260786000000,1788305320784000000,0
VFS.fileByIdCache.misses,1788305260786000000,1788305320784000000,0
FileNameCache.queries,1788305260786000000,1788305320784000000,0
VFS.fileByIdCache.hits,1788305260786000000,1788305320784000000,0
FileNameCache.totalMisses,1788305260786000000,1788305320784000000,0
workspaceModel.workspaceFileIndexData.processFileSets.ms,1788305260786000000,1788305320784000000,0
workspaceModel.workspaceFileIndexData.updateDirtyEntities.ms,1788305260786000000,1788305320784000000,0
workspaceModel.entityStorageSnapshotImpl.instances.count,1788305260786000000,1788305320784000000,0
workspaceModel.cachedValueWithParameters.calculated.ms,1788305260786000000,1788305320784000000,0
workspaceModel.cachedValueWithParameters.from.cache.ms,1788305260786000000,1788305320784000000,0
workspaceModel.workspaceFileIndexData.getDirectoriesByPackageName.ms,1788305260786000000,1788305320784000000,0
workspaceModel.workspaceFileIndexData.getPackageName.ms,1788305260786000000,1788305320784000000,0
workspaceModel.cachedValue.clear.ms,1788305260786000000,1788305320784000000,0
workspaceModel.check.recursive.update.ms,1788305260786000000,1788305320784000000,0
workspaceModel.loading.from.cache.ms,1788305260786000000,1788305320784000000,0
workspaceModel.workspaceFileIndexData.getFileInfo.ms,1788305260786000000,1788305320784000000,0
workspaceModel.workspaceFileIndexData.visitFileSets.ms,1788305260786000000,1788305320784000000,0
workspaceModel.cachedValue.from.cache.ms,1788305260786000000,1788305320784000000,0
workspaceModel.loading.total.ms,1788305260786000000,1788305320784000000,0
workspaceModel.updates.ms,1788305260786000000,1788305320784000000,0
workspaceModel.cachedValue.total.get.ms,1788305260786000000,1788305320784000000,0
workspaceModel.init.bridges.ms,1788305260786000000,1788305320784000000,0
workspaceModel.full.replace.project.model.ms,1788305260786000000,1788305320784000000,0
workspaceModel.workspaceFileIndexData.instances.count,1788305260786000000,1788305320784000000,0
workspaceModel.update.unloaded.entities.ms,1788305260786000000,1788305320784000000,0
workspaceModel.updates.count,1788305260786000000,1788305320784000000,0
workspaceModel.pre.handlers.ms,1788305260786000000,1788305320784000000,0
workspaceModel.cachedValueWithParameters.clear.ms,1788305260786000000,1788305320784000000,0
workspaceModel.collect.changes.ms,1788305260786000000,1788305320784000000,0
workspaceModel.workspaceFileIndexData.init.ms,1788305260786000000,1788305320784000000,0
workspaceModel.workspaceFileIndexData.markDirty.ms,1788305260786000000,1788305320784000000,0
workspaceModel.cachedValueWithParameters.total.get.ms,1788305260786000000,1788305320784000000,0
workspaceModel.to.snapshot.ms,1788305260786000000,1788305320784000000,0
workspaceModel.updates.precise.ms,1788305260786000000,1788305320784000000,0
workspaceModel.initializing.ms,1788305260786000000,1788305320784000000,0
workspaceModel.cachedValue.calculated.ms,1788305260786000000,1788305320784000000,0
workspaceModel.replace.project.model.ms,1788305260786000000,1788305320784000000,0
workspaceModel.workspaceFileIndexData.onEntitiesChanged.ms,1788305260786000000,1788305320784000000,0
workspaceModel.workspaceFileIndexContributor.registerFileSets.ms,1788305260786000000,1788305320784000000,0
Indexes.stubs.lookupDuration90PMs,1788305260786000000,1788305320784000000,0.0
Indexes.entries.lookupDurationMaxMs,1788305260786000000,1788305320784000000,0.0
Indexes.stubs.lookups,1788305260786000000,1788305320784000000,0.0
IndexesFlusher.totalFlushes,1788305260786000000,1788305320784000000,58
Indexes.entries.lookupDurationAvgMs,1788305260786000000,1788305320784000000,0.0
Indexes.allKeys.lookups,1788305260786000000,1788305320784000000,0.0
Indexes.allKeys.lookupDurationAvgMs,1788305260786000000,1788305320784000000,0.0
IndexesFlusher.totalFlushesRetried,1788305260786000000,1788305320784000000,0
IndexesFlusher.totalFlushingTimeUs,1788305260786000000,1788305320784000000,283426
Indexes.entries.lookupDuration90PMs,1788305260786000000,1788305320784000000,0.0
Indexes.allKeys.lookupDurationMaxMs,1788305260786000000,1788305320784000000,0.0
Indexes.stubs.lookupDurationMaxMs,1788305260786000000,1788305320784000000,0.0
Indexes.stubs.lookupDurationAvgMs,1788305260786000000,1788305320784000000,0.0
Indexes.entries.lookups,1788305260786000000,1788305320784000000,0.0
IndexesFlusher.totalContentionQuotaSpent,1788305260786000000,1788305320784000000,0
Indexes.allKeys.lookupDuration90PMs,1788305260786000000,1788305320784000000,0.0
compiler.ArtifactManagerBridge.addArtifact.ms,1788305260786000000,1788305320784000000,0
compiler.ArtifactManagerBridge.initBridges.ms,1788305260786000000,1788305320784000000,0
compiler.ArtifactManagerBridge.getArtifacts.ms,1788305260786000000,1788305320784000000,0
compiler.ArtifactManagerBridge.findArtifact.ms,1788305260786000000,1788305320784000000,0
compiler.ArtifactVirtualFileListener.propertyChanged.ms,1788305260786000000,1788305320784000000,0
compiler.ArtifactVirtualFileListener.filePathChanged.ms,1788305260786000000,1788305320784000000,0
compiler.ArtifactManagerBridge.dropMappings.ms,1788305260786000000,1788305320784000000,0
compiler.ArtifactManagerBridge.commit.ms,1788305260786000000,1788305320784000000,0
compiler.ArtifactManagerBridge.getArtifactsByType.ms,1788305260786000000,1788305320784000000,0
cacheStateStorage.get.counter,1788305260786000000,1788305320784000000,0
cacheStateStorage.get.duration,1788305260786000000,1788305320784000000,0
cacheStateStorage.set.counter,1788305260786000000,1788305320784000000,0
cacheStateStorage.set.duration,1788305260786000000,1788305320784000000,0
JVM.maxHeapBytes,1788305260786000000,1788305320784000000,2147483648
JVM.GC.collections,1788305260786000000,1788305320784000000,0
JVM.totalDirectByteBuffersBytes,1788305260786000000,1788305320784000000,233811200
JVM.maxThreadCount,1788305260786000000,1788305320784000000,178
JVM.usedHeapBytes,1788305260786000000,1788305320784000000,371752776
JVM.newThreadsCount,1788305260786000000,1788305320784000000,0
JVM.usedNativeBytes,1788305260786000000,1788305320784000000,265293520
JVM.totalCpuTimeMs,1788305260786000000,1788305320784000000,1150
JVM.totalBytesAllocated,1788305260786000000,1788305320784000000,10316352
JVM.GC.collectionTimesMs,1788305260786000000,1788305320784000000,0
OS.loadAverage,1788305260786000000,1788305320784000000,2.88037109375
JVM.threadCount,1788305260786000000,1788305320784000000,56
writeAction.count,1788305320784000000,1788305380785000000,0
writeAction.median.wait.ms,1788305320784000000,1788305380785000000,0
writeAction.max.wait.ms,1788305320784000000,1788305380785000000,6
writeAction.wait.ms,1788305320784000000,1788305380785000000,0
AWTEventQueue.dispatchTime90PNs,1788305320784000000,1788305380785000000,241663
FlushQueue.executionTimeAvgNs,1788305320784000000,1788305380785000000,79358.4132231405
AWTEventQueue.dispatchTimeTotalNS,1788305320784000000,1788305380785000000,53972773
FlushQueue.waitingTime90PNs,1788305320784000000,1788305380785000000,311295
AWTEventQueue.dispatchTimeAvgNs,1788305320784000000,1788305380785000000,223923.51867219916
FlushQueue.queueSizeAvg,1788305320784000000,1788305380785000000,0.0
ReadAction.executionsCount,1788305320784000000,1788305380785000000,88
FlushQueue.queueSizeMax,1788305320784000000,1788305380785000000,0
NonBlockingReadAction.failedExecutionsCount,1788305320784000000,1788305380785000000,0
AWTEventQueue.eventsDispatched,1788305320784000000,1788305380785000000,241
NonBlockingReadAction.finalizedExecutionTimeUs,1788305320784000000,1788305380785000000,14959
FlushQueue.queueSize90P,1788305320784000000,1788305380785000000,0
FlushQueue.waitingTimeAvgNs,1788305320784000000,1788305380785000000,256346.97520661156
NonBlockingReadAction.failedExecutionTimeUs,1788305320784000000,1788305380785000000,0
AWTEventQueue.dispatchTimeMaxNs,1788305320784000000,1788305380785000000,5701631
NonBlockingReadAction.finalizedExecutionsCount,1788305320784000000,1788305380785000000,6
WriteAction.executionsCount,1788305320784000000,1788305380785000000,0
FlushQueue.executionTime90PNs,1788305320784000000,1788305380785000000,87551
FlushQueue.tasksExecuted,1788305320784000000,1788305380785000000,121
FlushQueue.waitingTimeMaxNs,1788305320784000000,1788305380785000000,460799
FlushQueue.executionTimeMaxNs,1788305320784000000,1788305380785000000,1802239
workspaceModel.global.updates.count,1788305320784000000,1788305380785000000,0
jps.library.entities.serializer.load.entities.ms,1788305320784000000,1788305380785000000,0
workspaceModel.global.apply.state.to.project.builder.ms,1788305320784000000,1788305380785000000,0
workspaceModel.moduleBridge.facet.initialization.ms,1788305320784000000,1788305380785000000,0
workspaceModel.orphan.listener.update.ms,1788305320784000000,1788305380785000000,0
workspaceModel.mutableEntityStorage.put.entity.ms,1788305320784000000,1788305380785000000,0
workspaceModel.mutableEntityStorage.mutable.vfurl.index.ms,1788305320784000000,1788305380785000000,0
jps.app.storage.content.reader.load.component.ms,1788305320784000000,1788305380785000000,0
workspaceModel.moduleManagerBridge.load.module.ms,1788305320784000000,1788305380785000000,0
workspaceModel.moduleManagerBridge.new.nonPersistent.module.ms,1788305320784000000,1788305380785000000,0
workspaceModel.mutableEntityStorage.apply.changes.from.ms,1788305320784000000,1788305380785000000,0
workspaceModel.do.save.caches.ms,1788305320784000000,1788305380785000000,0
workspaceModel.mutableEntityStorage.entities.by.source.ms,1788305320784000000,1788305380785000000,0
jps.load.initial.state.ms,1788305320784000000,1788305380785000000,0
jps.module.iml.entities.serializer.save.entities.ms,1788305320784000000,1788305380785000000,0
workspaceModel.mutableEntityStorage.instances.count,1788305320784000000,1788305380785000000,0
jps.artifact.entities.serializer.save.entities.ms,1788305320784000000,1788305380785000000,0
workspaceModel.moduleBridge.update.option.ms,1788305320784000000,1788305380785000000,0
jps.global.handle.before.change.events.ms,1788305320784000000,1788305380785000000,0
workspaceModel.delayed.project.synchronizer.sync.ms,1788305320784000000,1788305380785000000,0
workspaceModel.moduleManagerBridge.set.unloadedModules.ms,1788305320784000000,1788305380785000000,0
jps.facet.change.listener.init.bridge.ms,1788305320784000000,1788305380785000000,0
jps.project.serializers.load.ms,1788305320784000000,1788305380785000000,0
jps.global.initialize.library.bridges.after.loading.ms,1788305320784000000,1788305380785000000,0
jps.reload.project.entities.ms,1788305320784000000,1788305380785000000,0
workspaceModel.mutableEntityStorage.resolve.ms,1788305320784000000,1788305380785000000,0
jps.save.changed.project.entities.ms,1788305320784000000,1788305380785000000,0
workspaceModel.global.apply.state.to.project.ms,1788305320784000000,1788305380785000000,0
jps.facet.change.listener.before.change.events.ms,1788305320784000000,1788305380785000000,0
jps.global.get.libraries.ms,1788305320784000000,1788305380785000000,0
workspaceModel.moduleBridgeLoader.loading.modules.ms,1788305320784000000,1788305380785000000,0
workspaceModel.mutableEntityStorage.has.same.entities.ms,1788305320784000000,1788305380785000000,0
workspaceModel.mutableEntityStorage.replace.by.source.ms,1788305320784000000,1788305380785000000,0
jps.global.initialize.library.bridges.ms,1788305320784000000,1788305380785000000,0
workspaceModel.mutableEntityStorage.remove.entity.ms,1788305320784000000,1788305380785000000,0
workspaceModel.moduleManagerBridge.newModule.ms,1788305320784000000,1788305380785000000,0
jps.facet.change.listener.process.change.events.ms,1788305320784000000,1788305380785000000,0
workspaceModel.load.cache.from.file.ms,1788305320784000000,1788305380785000000,0
workspaceModel.sync.entities.ms,1788305320784000000,1788305380785000000,0
jps.library.entities.serializer.save.entities.ms,1788305320784000000,1788305380785000000,0
jps.global.handle.changed.events.ms,1788305320784000000,1788305380785000000,0
workspaceModel.moduleManagerBridge.load.all.modules.ms,1788305320784000000,1788305380785000000,0
jps.apply.loaded.storage.ms,1788305320784000000,1788305380785000000,0
jps.module.iml.entities.serializer.load.entities.ms,1788305320784000000,1788305380785000000,0
jps.save.global.entities.ms,1788305320784000000,1788305380785000000,0
workspaceModel.mutableEntityStorage.to.snapshot.ms,1788305320784000000,1788305380785000000,0
workspaceModel.mutableEntityStorage.mutable.ext.mapping.ms,1788305320784000000,1788305380785000000,0
jps.project.serializers.save.ms,1788305320784000000,1788305380785000000,0
workspaceModel.mutableEntityStorage.referrers.ms,1788305320784000000,1788305380785000000,0
workspaceModel.mutableEntityStorage.add.entity.ms,1788305320784000000,1788305380785000000,0
jps.load.project.to.empty.storage.ms,1788305320784000000,1788305380785000000,0
workspaceModel.save.cache.to.file.ms,1788305320784000000,1788305380785000000,0
jps.storage.jps.conf.reader.load.component.ms,1788305320784000000,1788305380785000000,0
jps.artifact.entities.serializer.load.entities.ms,1788305320784000000,1788305380785000000,0
workspaceModel.global.updates.ms,1788305320784000000,1788305380785000000,0
workspaceModel.mutableEntityStorage.collect.changes.ms,1788305320784000000,1788305380785000000,0
workspaceModel.moduleManagerBridge.get.modules.ms,1788305320784000000,1788305380785000000,1
jps.global.get.library.ms,1788305320784000000,1788305380785000000,0
workspaceModel.moduleBridge.before.changed.ms,1788305320784000000,1788305380785000000,0
workspaceModel.load.cache.metadata.from.file.ms,1788305320784000000,1788305380785000000,0
workspaceModel.moduleManagerBridge.create.module.instance.ms,1788305320784000000,1788305380785000000,0
workspaceModel.moduleManagerBridge.build.module.graph.ms,1788305320784000000,1788305380785000000,1
workspaceModel.mutableEntityStorage.entities.ms,1788305320784000000,1788305380785000000,0
workspaceModel.mutableEntityStorage.modify.entity.ms,1788305320784000000,1788305380785000000,0
jps.global.get.library.by.name.ms,1788305320784000000,1788305380785000000,0
FilePageCache.maxCacheSizeInBytes,1788305320784000000,1788305380785000000,231751680
FilePageCacheLockFree.totalPagesAllocated,1788305320784000000,1788305380785000000,0
FilePageCache.pageLoadsAboveSizeThreshold,1788305320784000000,1788305380785000000,0
StorageLockContext.competingThreads.avg,1788305320784000000,1788305380785000000,0.0
MappedFileStorage.storages,1788305320784000000,1788305380785000000,15
FilePageCacheLockFree.totalPagesWritten,1788305320784000000,1788305380785000000,0
FilePageCacheLockFree.housekeeperTurnsSkipped,1788305320784000000,1788305380785000000,0
FilePageCacheLockFree.totalPagesRequestsMs,1788305320784000000,1788305380785000000,0
FilePageCacheLockFree.totalHeapBytesReclaimed,1788305320784000000,1788305380785000000,0
FilePageCache.pageHits,1788305320784000000,1788305380785000000,0
StreamlinedBlobStorage.recordsAllocated,1788305320784000000,1788305380785000000,0
MappedFileStorage.totalBytesMapped,1788305320784000000,1788305380785000000,198443008
FilePageCacheLockFree.totalPageAllocationsWaited,1788305320784000000,1788305380785000000,0
FilePageCache.uncachedFileAccess,1788305320784000000,1788305380785000000,0
StorageLockContext.competingThreads.max,1788305320784000000,1788305380785000000,0
FilePageCacheLockFree.totalBytesWritten,1788305320784000000,1788305380785000000,0
FilePageCacheLockFree.totalClosedStoragesReclaimed,1788305320784000000,1788305380785000000,0
FilePageCacheLockFree.totalPagesRequested,1788305320784000000,1788305380785000000,0
StreamlinedBlobStorage.totalLiveRecordsCapacityBytes,1788305320784000000,1788305380785000000,0
FilePageCacheLockFree.totalHeapBytesAllocated,1788305320784000000,1788305380785000000,0
FilePageCacheLockFree.heapBytesInUse,1788305320784000000,1788305380785000000,0
FilePageCache.totalPageDisposalsUs,1788305320784000000,1788305380785000000,0
FilePageCacheLockFree.totalPagesReclaimed,1788305320784000000,1788305380785000000,0
DirectByteBufferAllocator.totalSizeOfBuffersAllocatedInBytes,1788305320784000000,1788305380785000000,231751680
FilePageCacheLockFree.nativeBytesInUse,1788305320784000000,1788305380785000000,0
FilePageCacheLockFree.housekeeperTurnsDone,1788305320784000000,1788305380785000000,0
FilePageCache.totalPageLoadsUs,1788305320784000000,1788305380785000000,0
FilePageCacheLockFree.totalPagesWriteMs,1788305320784000000,1788305380785000000,0
StorageLockContext.competingThreads.90P,1788305320784000000,1788305380785000000,0
FilePageCache.capacityInBytes,1788305320784000000,1788305380785000000,503316478
DirectByteBufferAllocator.reclaimed,1788305320784000000,1788305380785000000,0
DirectByteBufferAllocator.disposed,1788305320784000000,1788305380785000000,0
FileChannelInterruptsRetryer.totalRetriedAttempts,1788305320784000000,1788305380785000000,0
FilePageCacheLockFree.totalPagesHandedOver,1788305320784000000,1788305380785000000,0
FilePageCache.pageFastCacheHits,1788305320784000000,1788305380785000000,0
FilePageCache.pageLoads,1788305320784000000,1788305380785000000,0
FilePageCacheLockFree.housekeeperTimeSpentMs,1788305320784000000,1788305380785000000,0
FilePageCacheLockFree.totalPagesReadMs,1788305320784000000,1788305380785000000,0
DirectByteBufferAllocator.hits,1788305320784000000,1788305380785000000,0
FilePageCacheLockFree.totalBytesRequested,1788305320784000000,1788305380785000000,0
FilePageCacheLockFree.totalNativeBytesAllocated,1788305320784000000,1788305380785000000,0
FilePageCache.disposedBuffers,1788305320784000000,1788305380785000000,0
DirectByteBufferAllocator.misses,1788305320784000000,1788305380785000000,0
StreamlinedBlobStorage.recordsDeleted,1788305320784000000,1788305380785000000,0
FilePageCacheLockFree.totalBytesRead,1788305320784000000,1788305380785000000,0
FilePageCache.maxRegisteredFiles,1788305320784000000,1788305380785000000,555
DirectByteBufferAllocator.totalSizeOfBuffersCachedInBytes,1788305320784000000,1788305380785000000,0
MappedFileStorage.totalPagesMapped,1788305320784000000,1788305380785000000,15
FilePageCacheLockFree.totalNativeBytesReclaimed,1788305320784000000,1788305380785000000,0
StreamlinedBlobStorage.totalLiveRecordsPayloadBytes,1788305320784000000,1788305380785000000,0
StreamlinedBlobStorage.recordsRelocated,1788305320784000000,1788305380785000000,0
MappedFileStorage.totalTimeSpentOnMappingUs,1788305320784000000,1788305380785000000,10166
VFS.fileChildByName,1788305320784000000,1788305380785000000,74
VFS.invertedFileNameIndex.requests,1788305320784000000,1788305380785000000,1
VFS.fileByIdCache.misses,1788305320784000000,1788305380785000000,0
FileNameCache.queries,1788305320784000000,1788305380785000000,1920
VFS.fileByIdCache.hits,1788305320784000000,1788305380785000000,0
FileNameCache.totalMisses,1788305320784000000,1788305380785000000,0
workspaceModel.workspaceFileIndexData.processFileSets.ms,1788305320784000000,1788305380785000000,0
workspaceModel.workspaceFileIndexData.updateDirtyEntities.ms,1788305320784000000,1788305380785000000,0
workspaceModel.entityStorageSnapshotImpl.instances.count,1788305320784000000,1788305380785000000,0
workspaceModel.cachedValueWithParameters.calculated.ms,1788305320784000000,1788305380785000000,0
workspaceModel.cachedValueWithParameters.from.cache.ms,1788305320784000000,1788305380785000000,0
workspaceModel.workspaceFileIndexData.getDirectoriesByPackageName.ms,1788305320784000000,1788305380785000000,0
workspaceModel.workspaceFileIndexData.getPackageName.ms,1788305320784000000,1788305380785000000,0
workspaceModel.cachedValue.clear.ms,1788305320784000000,1788305380785000000,0
workspaceModel.check.recursive.update.ms,1788305320784000000,1788305380785000000,0
workspaceModel.loading.from.cache.ms,1788305320784000000,1788305380785000000,0
workspaceModel.workspaceFileIndexData.getFileInfo.ms,1788305320784000000,1788305380785000000,3
workspaceModel.workspaceFileIndexData.visitFileSets.ms,1788305320784000000,1788305380785000000,0
workspaceModel.cachedValue.from.cache.ms,1788305320784000000,1788305380785000000,0
workspaceModel.loading.total.ms,1788305320784000000,1788305380785000000,0
workspaceModel.updates.ms,1788305320784000000,1788305380785000000,0
workspaceModel.cachedValue.total.get.ms,1788305320784000000,1788305380785000000,1
workspaceModel.init.bridges.ms,1788305320784000000,1788305380785000000,0
workspaceModel.full.replace.project.model.ms,1788305320784000000,1788305380785000000,0
workspaceModel.workspaceFileIndexData.instances.count,1788305320784000000,1788305380785000000,0
workspaceModel.update.unloaded.entities.ms,1788305320784000000,1788305380785000000,0
workspaceModel.updates.count,1788305320784000000,1788305380785000000,0
workspaceModel.pre.handlers.ms,1788305320784000000,1788305380785000000,0
workspaceModel.cachedValueWithParameters.clear.ms,1788305320784000000,1788305380785000000,0
workspaceModel.collect.changes.ms,1788305320784000000,1788305380785000000,0
workspaceModel.workspaceFileIndexData.init.ms,1788305320784000000,1788305380785000000,0
workspaceModel.workspaceFileIndexData.markDirty.ms,1788305320784000000,1788305380785000000,0
workspaceModel.cachedValueWithParameters.total.get.ms,1788305320784000000,1788305380785000000,0
workspaceModel.to.snapshot.ms,1788305320784000000,1788305380785000000,0
workspaceModel.updates.precise.ms,1788305320784000000,1788305380785000000,0
workspaceModel.initializing.ms,1788305320784000000,1788305380785000000,0
workspaceModel.cachedValue.calculated.ms,1788305320784000000,1788305380785000000,1
workspaceModel.replace.project.model.ms,1788305320784000000,1788305380785000000,0
workspaceModel.workspaceFileIndexData.onEntitiesChanged.ms,1788305320784000000,1788305380785000000,0
workspaceModel.workspaceFileIndexContributor.registerFileSets.ms,1788305320784000000,1788305380785000000,0
Indexes.stubs.lookupDuration90PMs,1788305320784000000,1788305380785000000,0.0
Indexes.entries.lookupDurationMaxMs,1788305320784000000,1788305380785000000,0.0
Indexes.stubs.lookups,1788305320784000000,1788305380785000000,0.0
IndexesFlusher.totalFlushes,1788305320784000000,1788305380785000000,58
Indexes.entries.lookupDurationAvgMs,1788305320784000000,1788305380785000000,0.0
Indexes.allKeys.lookups,1788305320784000000,1788305380785000000,0.0
Indexes.allKeys.lookupDurationAvgMs,1788305320784000000,1788305380785000000,0.0
IndexesFlusher.totalFlushesRetried,1788305320784000000,1788305380785000000,0
IndexesFlusher.totalFlushingTimeUs,1788305320784000000,1788305380785000000,292854
Indexes.entries.lookupDuration90PMs,1788305320784000000,1788305380785000000,0.0
Indexes.allKeys.lookupDurationMaxMs,1788305320784000000,1788305380785000000,0.0
Indexes.stubs.lookupDurationMaxMs,1788305320784000000,1788305380785000000,0.0
Indexes.stubs.lookupDurationAvgMs,1788305320784000000,1788305380785000000,0.0
Indexes.entries.lookups,1788305320784000000,1788305380785000000,1.0
IndexesFlusher.totalContentionQuotaSpent,1788305320784000000,1788305380785000000,0
Indexes.allKeys.lookupDuration90PMs,1788305320784000000,1788305380785000000,0.0
compiler.ArtifactManagerBridge.addArtifact.ms,1788305320784000000,1788305380785000000,0
compiler.ArtifactManagerBridge.initBridges.ms,1788305320784000000,1788305380785000000,0
compiler.ArtifactManagerBridge.getArtifacts.ms,1788305320784000000,1788305380785000000,0
compiler.ArtifactManagerBridge.findArtifact.ms,1788305320784000000,1788305380785000000,0
compiler.ArtifactVirtualFileListener.propertyChanged.ms,1788305320784000000,1788305380785000000,0
compiler.ArtifactVirtualFileListener.filePathChanged.ms,1788305320784000000,1788305380785000000,0
compiler.ArtifactManagerBridge.dropMappings.ms,1788305320784000000,1788305380785000000,0
compiler.ArtifactManagerBridge.commit.ms,1788305320784000000,1788305380785000000,0
compiler.ArtifactManagerBridge.getArtifactsByType.ms,1788305320784000000,1788305380785000000,0
cacheStateStorage.get.counter,1788305320784000000,1788305380785000000,0
cacheStateStorage.get.duration,1788305320784000000,1788305380785000000,0
cacheStateStorage.set.counter,1788305320784000000,1788305380785000000,0
cacheStateStorage.set.duration,1788305320784000000,1788305380785000000,0
JVM.maxHeapBytes,1788305320784000000,1788305380785000000,2147483648
JVM.GC.collections,1788305320784000000,1788305380785000000,0
JVM.totalDirectByteBuffersBytes,1788305320784000000,1788305380785000000,233827971
JVM.maxThreadCount,1788305320784000000,1788305380785000000,178
JVM.usedHeapBytes,1788305320784000000,1788305380785000000,407404360
JVM.newThreadsCount,1788305320784000000,1788305380785000000,5
JVM.usedNativeBytes,1788305320784000000,1788305380785000000,276646832
JVM.totalCpuTimeMs,1788305320784000000,1788305380785000000,2567
JVM.totalBytesAllocated,1788305320784000000,1788305380785000000,36806144
JVM.GC.collectionTimesMs,1788305320784000000,1788305380785000000,0
OS.loadAverage,1788305320784000000,1788305380785000000,2.318359375
JVM.threadCount,1788305320784000000,1788305380785000000,60
writeAction.count,1788305380785000000,1788305440786000000,0
writeAction.median.wait.ms,1788305380785000000,1788305440786000000,0
writeAction.max.wait.ms,1788305380785000000,1788305440786000000,6
writeAction.wait.ms,1788305380785000000,1788305440786000000,0
AWTEventQueue.dispatchTime90PNs,1788305380785000000,1788305440786000000,241663
FlushQueue.executionTimeAvgNs,1788305380785000000,1788305440786000000,81367.27272727272
AWTEventQueue.dispatchTimeTotalNS,1788305380785000000,1788305440786000000,51525959
FlushQueue.waitingTime90PNs,1788305380785000000,1788305440786000000,303103
AWTEventQueue.dispatchTimeAvgNs,1788305380785000000,1788305440786000000,214761.6
FlushQueue.queueSizeAvg,1788305380785000000,1788305440786000000,0.0
ReadAction.executionsCount,1788305380785000000,1788305440786000000,0
FlushQueue.queueSizeMax,1788305380785000000,1788305440786000000,0
NonBlockingReadAction.failedExecutionsCount,1788305380785000000,1788305440786000000,0
AWTEventQueue.eventsDispatched,1788305380785000000,1788305440786000000,240
NonBlockingReadAction.finalizedExecutionTimeUs,1788305380785000000,1788305440786000000,0
FlushQueue.queueSize90P,1788305380785000000,1788305440786000000,0
FlushQueue.waitingTimeAvgNs,1788305380785000000,1788305440786000000,258166.47933884297
NonBlockingReadAction.failedExecutionTimeUs,1788305380785000000,1788305440786000000,0
AWTEventQueue.dispatchTimeMaxNs,1788305380785000000,1788305440786000000,5144575
NonBlockingReadAction.finalizedExecutionsCount,1788305380785000000,1788305440786000000,0
WriteAction.executionsCount,1788305380785000000,1788305440786000000,0
FlushQueue.executionTime90PNs,1788305380785000000,1788305440786000000,84479
FlushQueue.tasksExecuted,1788305380785000000,1788305440786000000,121
FlushQueue.waitingTimeMaxNs,1788305380785000000,1788305440786000000,475135
FlushQueue.executionTimeMaxNs,1788305380785000000,1788305440786000000,1662975
workspaceModel.global.updates.count,1788305380785000000,1788305440786000000,0
jps.library.entities.serializer.load.entities.ms,1788305380785000000,1788305440786000000,0
workspaceModel.global.apply.state.to.project.builder.ms,1788305380785000000,1788305440786000000,0
workspaceModel.moduleBridge.facet.initialization.ms,1788305380785000000,1788305440786000000,0
workspaceModel.orphan.listener.update.ms,1788305380785000000,1788305440786000000,0
workspaceModel.mutableEntityStorage.put.entity.ms,1788305380785000000,1788305440786000000,0
workspaceModel.mutableEntityStorage.mutable.vfurl.index.ms,1788305380785000000,1788305440786000000,0
jps.app.storage.content.reader.load.component.ms,1788305380785000000,1788305440786000000,0
workspaceModel.moduleManagerBridge.load.module.ms,1788305380785000000,1788305440786000000,0
workspaceModel.moduleManagerBridge.new.nonPersistent.module.ms,1788305380785000000,1788305440786000000,0
workspaceModel.mutableEntityStorage.apply.changes.from.ms,1788305380785000000,1788305440786000000,0
workspaceModel.do.save.caches.ms,1788305380785000000,1788305440786000000,0
workspaceModel.mutableEntityStorage.entities.by.source.ms,1788305380785000000,1788305440786000000,0
jps.load.initial.state.ms,1788305380785000000,1788305440786000000,0
jps.module.iml.entities.serializer.save.entities.ms,1788305380785000000,1788305440786000000,0
workspaceModel.mutableEntityStorage.instances.count,1788305380785000000,1788305440786000000,0
jps.artifact.entities.serializer.save.entities.ms,1788305380785000000,1788305440786000000,0
workspaceModel.moduleBridge.update.option.ms,1788305380785000000,1788305440786000000,0
jps.global.handle.before.change.events.ms,1788305380785000000,1788305440786000000,0
workspaceModel.delayed.project.synchronizer.sync.ms,1788305380785000000,1788305440786000000,0
workspaceModel.moduleManagerBridge.set.unloadedModules.ms,1788305380785000000,1788305440786000000,0
jps.facet.change.listener.init.bridge.ms,1788305380785000000,1788305440786000000,0
jps.project.serializers.load.ms,1788305380785000000,1788305440786000000,0
jps.global.initialize.library.bridges.after.loading.ms,1788305380785000000,1788305440786000000,0
jps.reload.project.entities.ms,1788305380785000000,1788305440786000000,0
workspaceModel.mutableEntityStorage.resolve.ms,1788305380785000000,1788305440786000000,0
jps.save.changed.project.entities.ms,1788305380785000000,1788305440786000000,0
workspaceModel.global.apply.state.to.project.ms,1788305380785000000,1788305440786000000,0
jps.facet.change.listener.before.change.events.ms,1788305380785000000,1788305440786000000,0
jps.global.get.libraries.ms,1788305380785000000,1788305440786000000,0
workspaceModel.moduleBridgeLoader.loading.modules.ms,1788305380785000000,1788305440786000000,0
workspaceModel.mutableEntityStorage.has.same.entities.ms,1788305380785000000,1788305440786000000,0
workspaceModel.mutableEntityStorage.replace.by.source.ms,1788305380785000000,1788305440786000000,0
jps.global.initialize.library.bridges.ms,1788305380785000000,1788305440786000000,0
workspaceModel.mutableEntityStorage.remove.entity.ms,1788305380785000000,1788305440786000000,0
workspaceModel.moduleManagerBridge.newModule.ms,1788305380785000000,1788305440786000000,0
jps.facet.change.listener.process.change.events.ms,1788305380785000000,1788305440786000000,0
workspaceModel.load.cache.from.file.ms,1788305380785000000,1788305440786000000,0
workspaceModel.sync.entities.ms,1788305380785000000,1788305440786000000,0
jps.library.entities.serializer.save.entities.ms,1788305380785000000,1788305440786000000,0
jps.global.handle.changed.events.ms,1788305380785000000,1788305440786000000,0
workspaceModel.moduleManagerBridge.load.all.modules.ms,1788305380785000000,1788305440786000000,0
jps.apply.loaded.storage.ms,1788305380785000000,1788305440786000000,0
jps.module.iml.entities.serializer.load.entities.ms,1788305380785000000,1788305440786000000,0
jps.save.global.entities.ms,1788305380785000000,1788305440786000000,0
workspaceModel.mutableEntityStorage.to.snapshot.ms,1788305380785000000,1788305440786000000,0
workspaceModel.mutableEntityStorage.mutable.ext.mapping.ms,1788305380785000000,1788305440786000000,0
jps.project.serializers.save.ms,1788305380785000000,1788305440786000000,0
workspaceModel.mutableEntityStorage.referrers.ms,1788305380785000000,1788305440786000000,0
workspaceModel.mutableEntityStorage.add.entity.ms,1788305380785000000,1788305440786000000,0
jps.load.project.to.empty.storage.ms,1788305380785000000,1788305440786000000,0
workspaceModel.save.cache.to.file.ms,1788305380785000000,1788305440786000000,0
jps.storage.jps.conf.reader.load.component.ms,1788305380785000000,1788305440786000000,0
jps.artifact.entities.serializer.load.entities.ms,1788305380785000000,1788305440786000000,0
workspaceModel.global.updates.ms,1788305380785000000,1788305440786000000,0
workspaceModel.mutableEntityStorage.collect.changes.ms,1788305380785000000,1788305440786000000,0
workspaceModel.moduleManagerBridge.get.modules.ms,1788305380785000000,1788305440786000000,0
jps.global.get.library.ms,1788305380785000000,1788305440786000000,0
workspaceModel.moduleBridge.before.changed.ms,1788305380785000000,1788305440786000000,0
workspaceModel.load.cache.metadata.from.file.ms,1788305380785000000,1788305440786000000,0
workspaceModel.moduleManagerBridge.create.module.instance.ms,1788305380785000000,1788305440786000000,0
workspaceModel.moduleManagerBridge.build.module.graph.ms,1788305380785000000,1788305440786000000,0
workspaceModel.mutableEntityStorage.entities.ms,1788305380785000000,1788305440786000000,0
workspaceModel.mutableEntityStorage.modify.entity.ms,1788305380785000000,1788305440786000000,0
jps.global.get.library.by.name.ms,1788305380785000000,1788305440786000000,0
FilePageCache.maxCacheSizeInBytes,1788305380785000000,1788305440786000000,231751680
FilePageCacheLockFree.totalPagesAllocated,1788305380785000000,1788305440786000000,0
FilePageCache.pageLoadsAboveSizeThreshold,1788305380785000000,1788305440786000000,0
StorageLockContext.competingThreads.avg,1788305380785000000,1788305440786000000,0.0
MappedFileStorage.storages,1788305380785000000,1788305440786000000,15
FilePageCacheLockFree.totalPagesWritten,1788305380785000000,1788305440786000000,0
FilePageCacheLockFree.housekeeperTurnsSkipped,1788305380785000000,1788305440786000000,0
FilePageCacheLockFree.totalPagesRequestsMs,1788305380785000000,1788305440786000000,0
FilePageCacheLockFree.totalHeapBytesReclaimed,1788305380785000000,1788305440786000000,0
FilePageCache.pageHits,1788305380785000000,1788305440786000000,0
StreamlinedBlobStorage.recordsAllocated,1788305380785000000,1788305440786000000,0
MappedFileStorage.totalBytesMapped,1788305380785000000,1788305440786000000,198443008
FilePageCacheLockFree.totalPageAllocationsWaited,1788305380785000000,1788305440786000000,0
FilePageCache.uncachedFileAccess,1788305380785000000,1788305440786000000,0
StorageLockContext.competingThreads.max,1788305380785000000,1788305440786000000,0
FilePageCacheLockFree.totalBytesWritten,1788305380785000000,1788305440786000000,0
FilePageCacheLockFree.totalClosedStoragesReclaimed,1788305380785000000,1788305440786000000,0
FilePageCacheLockFree.totalPagesRequested,1788305380785000000,1788305440786000000,0
StreamlinedBlobStorage.totalLiveRecordsCapacityBytes,1788305380785000000,1788305440786000000,0
FilePageCacheLockFree.totalHeapBytesAllocated,1788305380785000000,1788305440786000000,0
FilePageCacheLockFree.heapBytesInUse,1788305380785000000,1788305440786000000,0
FilePageCache.totalPageDisposalsUs,1788305380785000000,1788305440786000000,0
FilePageCacheLockFree.totalPagesReclaimed,1788305380785000000,1788305440786000000,0
DirectByteBufferAllocator.totalSizeOfBuffersAllocatedInBytes,1788305380785000000,1788305440786000000,231751680
FilePageCacheLockFree.nativeBytesInUse,1788305380785000000,1788305440786000000,0
FilePageCacheLockFree.housekeeperTurnsDone,1788305380785000000,1788305440786000000,0
FilePageCache.totalPageLoadsUs,1788305380785000000,1788305440786000000,0
FilePageCacheLockFree.totalPagesWriteMs,1788305380785000000,1788305440786000000,0
StorageLockContext.competingThreads.90P,1788305380785000000,1788305440786000000,0
FilePageCache.capacityInBytes,1788305380785000000,1788305440786000000,503316478
DirectByteBufferAllocator.reclaimed,1788305380785000000,1788305440786000000,0
DirectByteBufferAllocator.disposed,1788305380785000000,1788305440786000000,0
FileChannelInterruptsRetryer.totalRetriedAttempts,1788305380785000000,1788305440786000000,0
FilePageCacheLockFree.totalPagesHandedOver,1788305380785000000,1788305440786000000,0
FilePageCache.pageFastCacheHits,1788305380785000000,1788305440786000000,0
FilePageCache.pageLoads,1788305380785000000,1788305440786000000,0
FilePageCacheLockFree.housekeeperTimeSpentMs,1788305380785000000,1788305440786000000,0
FilePageCacheLockFree.totalPagesReadMs,1788305380785000000,1788305440786000000,0
DirectByteBufferAllocator.hits,1788305380785000000,1788305440786000000,0
FilePageCacheLockFree.totalBytesRequested,1788305380785000000,1788305440786000000,0
FilePageCacheLockFree.totalNativeBytesAllocated,1788305380785000000,1788305440786000000,0
FilePageCache.disposedBuffers,1788305380785000000,1788305440786000000,0
DirectByteBufferAllocator.misses,1788305380785000000,1788305440786000000,0
StreamlinedBlobStorage.recordsDeleted,1788305380785000000,1788305440786000000,0
FilePageCacheLockFree.totalBytesRead,1788305380785000000,1788305440786000000,0
FilePageCache.maxRegisteredFiles,1788305380785000000,1788305440786000000,555
DirectByteBufferAllocator.totalSizeOfBuffersCachedInBytes,1788305380785000000,1788305440786000000,0
MappedFileStorage.totalPagesMapped,1788305380785000000,1788305440786000000,15
FilePageCacheLockFree.totalNativeBytesReclaimed,1788305380785000000,1788305440786000000,0
StreamlinedBlobStorage.totalLiveRecordsPayloadBytes,1788305380785000000,1788305440786000000,0
StreamlinedBlobStorage.recordsRelocated,1788305380785000000,1788305440786000000,0
MappedFileStorage.totalTimeSpentOnMappingUs,1788305380785000000,1788305440786000000,10166
VFS.fileChildByName,1788305380785000000,1788305440786000000,0
VFS.invertedFileNameIndex.requests,1788305380785000000,1788305440786000000,0
VFS.fileByIdCache.misses,1788305380785000000,1788305440786000000,0
FileNameCache.queries,1788305380785000000,1788305440786000000,0
VFS.fileByIdCache.hits,1788305380785000000,1788305440786000000,0
FileNameCache.totalMisses,1788305380785000000,1788305440786000000,0
workspaceModel.workspaceFileIndexData.processFileSets.ms,1788305380785000000,1788305440786000000,0
workspaceModel.workspaceFileIndexData.updateDirtyEntities.ms,1788305380785000000,1788305440786000000,0
workspaceModel.entityStorageSnapshotImpl.instances.count,1788305380785000000,1788305440786000000,0
workspaceModel.cachedValueWithParameters.calculated.ms,1788305380785000000,1788305440786000000,0
workspaceModel.cachedValueWithParameters.from.cache.ms,1788305380785000000,1788305440786000000,0
workspaceModel.workspaceFileIndexData.getDirectoriesByPackageName.ms,1788305380785000000,1788305440786000000,0
workspaceModel.workspaceFileIndexData.getPackageName.ms,1788305380785000000,1788305440786000000,0
workspaceModel.cachedValue.clear.ms,1788305380785000000,1788305440786000000,0
workspaceModel.check.recursive.update.ms,1788305380785000000,1788305440786000000,0
workspaceModel.loading.from.cache.ms,1788305380785000000,1788305440786000000,0
workspaceModel.workspaceFileIndexData.getFileInfo.ms,1788305380785000000,1788305440786000000,0
workspaceModel.workspaceFileIndexData.visitFileSets.ms,1788305380785000000,1788305440786000000,0
workspaceModel.cachedValue.from.cache.ms,1788305380785000000,1788305440786000000,0
workspaceModel.loading.total.ms,1788305380785000000,1788305440786000000,0
workspaceModel.updates.ms,1788305380785000000,1788305440786000000,0
workspaceModel.cachedValue.total.get.ms,1788305380785000000,1788305440786000000,0
workspaceModel.init.bridges.ms,1788305380785000000,1788305440786000000,0
workspaceModel.full.replace.project.model.ms,1788305380785000000,1788305440786000000,0
workspaceModel.workspaceFileIndexData.instances.count,1788305380785000000,1788305440786000000,0
workspaceModel.update.unloaded.entities.ms,1788305380785000000,1788305440786000000,0
workspaceModel.updates.count,1788305380785000000,1788305440786000000,0
workspaceModel.pre.handlers.ms,1788305380785000000,1788305440786000000,0
workspaceModel.cachedValueWithParameters.clear.ms,1788305380785000000,1788305440786000000,0
workspaceModel.collect.changes.ms,1788305380785000000,1788305440786000000,0
workspaceModel.workspaceFileIndexData.init.ms,1788305380785000000,1788305440786000000,0
workspaceModel.workspaceFileIndexData.markDirty.ms,1788305380785000000,1788305440786000000,0
workspaceModel.cachedValueWithParameters.total.get.ms,1788305380785000000,1788305440786000000,0
workspaceModel.to.snapshot.ms,1788305380785000000,1788305440786000000,0
workspaceModel.updates.precise.ms,1788305380785000000,1788305440786000000,0
workspaceModel.initializing.ms,1788305380785000000,1788305440786000000,0
workspaceModel.cachedValue.calculated.ms,1788305380785000000,1788305440786000000,0
workspaceModel.replace.project.model.ms,1788305380785000000,1788305440786000000,0
workspaceModel.workspaceFileIndexData.onEntitiesChanged.ms,1788305380785000000,1788305440786000000,0
workspaceModel.workspaceFileIndexContributor.registerFileSets.ms,1788305380785000000,1788305440786000000,0
Indexes.stubs.lookupDuration90PMs,1788305380785000000,1788305440786000000,0.0
Indexes.entries.lookupDurationMaxMs,1788305380785000000,1788305440786000000,0.0
Indexes.stubs.lookups,1788305380785000000,1788305440786000000,0.0
IndexesFlusher.totalFlushes,1788305380785000000,1788305440786000000,58
Indexes.entries.lookupDurationAvgMs,1788305380785000000,1788305440786000000,0.0
Indexes.allKeys.lookups,1788305380785000000,1788305440786000000,0.0
Indexes.allKeys.lookupDurationAvgMs,1788305380785000000,1788305440786000000,0.0
IndexesFlusher.totalFlushesRetried,1788305380785000000,1788305440786000000,0
IndexesFlusher.totalFlushingTimeUs,1788305380785000000,1788305440786000000,287467
Indexes.entries.lookupDuration90PMs,1788305380785000000,1788305440786000000,0.0
Indexes.allKeys.lookupDurationMaxMs,1788305380785000000,1788305440786000000,0.0
Indexes.stubs.lookupDurationMaxMs,1788305380785000000,1788305440786000000,0.0
Indexes.stubs.lookupDurationAvgMs,1788305380785000000,1788305440786000000,0.0
Indexes.entries.lookups,1788305380785000000,1788305440786000000,0.0
IndexesFlusher.totalContentionQuotaSpent,1788305380785000000,1788305440786000000,0
Indexes.allKeys.lookupDuration90PMs,1788305380785000000,1788305440786000000,0.0
compiler.ArtifactManagerBridge.addArtifact.ms,1788305380785000000,1788305440786000000,0
compiler.ArtifactManagerBridge.initBridges.ms,1788305380785000000,1788305440786000000,0
compiler.ArtifactManagerBridge.getArtifacts.ms,1788305380785000000,1788305440786000000,0
compiler.ArtifactManagerBridge.findArtifact.ms,1788305380785000000,1788305440786000000,0
compiler.ArtifactVirtualFileListener.propertyChanged.ms,1788305380785000000,1788305440786000000,0
compiler.ArtifactVirtualFileListener.filePathChanged.ms,1788305380785000000,1788305440786000000,0
compiler.ArtifactManagerBridge.dropMappings.ms,1788305380785000000,1788305440786000000,0
compiler.ArtifactManagerBridge.commit.ms,1788305380785000000,1788305440786000000,0
compiler.ArtifactManagerBridge.getArtifactsByType.ms,1788305380785000000,1788305440786000000,0
cacheStateStorage.get.counter,1788305380785000000,1788305440786000000,0
cacheStateStorage.get.duration,1788305380785000000,1788305440786000000,0
cacheStateStorage.set.counter,1788305380785000000,1788305440786000000,0
cacheStateStorage.set.duration,1788305380785000000,1788305440786000000,0
JVM.maxHeapBytes,1788305380785000000,1788305440786000000,2147483648
JVM.GC.collections,1788305380785000000,1788305440786000000,0
JVM.totalDirectByteBuffersBytes,1788305380785000000,1788305440786000000,233819560
JVM.maxThreadCount,1788305380785000000,1788305440786000000,178
JVM.usedHeapBytes,1788305380785000000,1788305440786000000,417890120
JVM.newThreadsCount,1788305380785000000,1788305440786000000,0
JVM.usedNativeBytes,1788305380785000000,1788305440786000000,277192808
JVM.totalCpuTimeMs,1788305380785000000,1788305440786000000,1500
JVM.totalBytesAllocated,1788305380785000000,1788305440786000000,10299672
JVM.GC.collectionTimesMs,1788305380785000000,1788305440786000000,0
OS.loadAverage,1788305380785000000,1788305440786000000,1.9189453125
JVM.threadCount,1788305380785000000,1788305440786000000,54
writeAction.count,1788305440786000000,1788305500784000000,0
writeAction.median.wait.ms,1788305440786000000,1788305500784000000,0
writeAction.max.wait.ms,1788305440786000000,1788305500784000000,6
writeAction.wait.ms,1788305440786000000,1788305500784000000,0
AWTEventQueue.dispatchTime90PNs,1788305440786000000,1788305500784000000,237567
FlushQueue.executionTimeAvgNs,1788305440786000000,1788305500784000000,67506.77685950413
AWTEventQueue.dispatchTimeTotalNS,1788305440786000000,1788305500784000000,49661171
FlushQueue.waitingTime90PNs,1788305440786000000,1788305500784000000,290815
AWTEventQueue.dispatchTimeAvgNs,1788305440786000000,1788305500784000000,206029.01244813277
FlushQueue.queueSizeAvg,1788305440786000000,1788305500784000000,0.0
ReadAction.executionsCount,1788305440786000000,1788305500784000000,0
FlushQueue.queueSizeMax,1788305440786000000,1788305500784000000,0
NonBlockingReadAction.failedExecutionsCount,1788305440786000000,1788305500784000000,0
AWTEventQueue.eventsDispatched,1788305440786000000,1788305500784000000,241
NonBlockingReadAction.finalizedExecutionTimeUs,1788305440786000000,1788305500784000000,0
FlushQueue.queueSize90P,1788305440786000000,1788305500784000000,0
FlushQueue.waitingTimeAvgNs,1788305440786000000,1788305500784000000,246227.57024793388
NonBlockingReadAction.failedExecutionTimeUs,1788305440786000000,1788305500784000000,0
AWTEventQueue.dispatchTimeMaxNs,1788305440786000000,1788305500784000000,5144575
NonBlockingReadAction.finalizedExecutionsCount,1788305440786000000,1788305500784000000,0
WriteAction.executionsCount,1788305440786000000,1788305500784000000,0
FlushQueue.executionTime90PNs,1788305440786000000,1788305500784000000,77823
FlushQueue.tasksExecuted,1788305440786000000,1788305500784000000,121
FlushQueue.waitingTimeMaxNs,1788305440786000000,1788305500784000000,358399
FlushQueue.executionTimeMaxNs,1788305440786000000,1788305500784000000,1720319
workspaceModel.global.updates.count,1788305440786000000,1788305500784000000,0
jps.library.entities.serializer.load.entities.ms,1788305440786000000,1788305500784000000,0
workspaceModel.global.apply.state.to.project.builder.ms,1788305440786000000,1788305500784000000,0
workspaceModel.moduleBridge.facet.initialization.ms,1788305440786000000,1788305500784000000,0
workspaceModel.orphan.listener.update.ms,1788305440786000000,1788305500784000000,0
workspaceModel.mutableEntityStorage.put.entity.ms,1788305440786000000,1788305500784000000,0
workspaceModel.mutableEntityStorage.mutable.vfurl.index.ms,1788305440786000000,1788305500784000000,0
jps.app.storage.content.reader.load.component.ms,1788305440786000000,1788305500784000000,0
workspaceModel.moduleManagerBridge.load.module.ms,1788305440786000000,1788305500784000000,0
workspaceModel.moduleManagerBridge.new.nonPersistent.module.ms,1788305440786000000,1788305500784000000,0
workspaceModel.mutableEntityStorage.apply.changes.from.ms,1788305440786000000,1788305500784000000,0
workspaceModel.do.save.caches.ms,1788305440786000000,1788305500784000000,0
workspaceModel.mutableEntityStorage.entities.by.source.ms,1788305440786000000,1788305500784000000,0
jps.load.initial.state.ms,1788305440786000000,1788305500784000000,0
jps.module.iml.entities.serializer.save.entities.ms,1788305440786000000,1788305500784000000,0
workspaceModel.mutableEntityStorage.instances.count,1788305440786000000,1788305500784000000,0
jps.artifact.entities.serializer.save.entities.ms,1788305440786000000,1788305500784000000,0
workspaceModel.moduleBridge.update.option.ms,1788305440786000000,1788305500784000000,0
jps.global.handle.before.change.events.ms,1788305440786000000,1788305500784000000,0
workspaceModel.delayed.project.synchronizer.sync.ms,1788305440786000000,1788305500784000000,0
workspaceModel.moduleManagerBridge.set.unloadedModules.ms,1788305440786000000,1788305500784000000,0
jps.facet.change.listener.init.bridge.ms,1788305440786000000,1788305500784000000,0
jps.project.serializers.load.ms,1788305440786000000,1788305500784000000,0
jps.global.initialize.library.bridges.after.loading.ms,1788305440786000000,1788305500784000000,0
jps.reload.project.entities.ms,1788305440786000000,1788305500784000000,0
workspaceModel.mutableEntityStorage.resolve.ms,1788305440786000000,1788305500784000000,0
jps.save.changed.project.entities.ms,1788305440786000000,1788305500784000000,0
workspaceModel.global.apply.state.to.project.ms,1788305440786000000,1788305500784000000,0
jps.facet.change.listener.before.change.events.ms,1788305440786000000,1788305500784000000,0
jps.global.get.libraries.ms,1788305440786000000,1788305500784000000,0
workspaceModel.moduleBridgeLoader.loading.modules.ms,1788305440786000000,1788305500784000000,0
workspaceModel.mutableEntityStorage.has.same.entities.ms,1788305440786000000,1788305500784000000,0
workspaceModel.mutableEntityStorage.replace.by.source.ms,1788305440786000000,1788305500784000000,0
jps.global.initialize.library.bridges.ms,1788305440786000000,1788305500784000000,0
workspaceModel.mutableEntityStorage.remove.entity.ms,1788305440786000000,1788305500784000000,0
workspaceModel.moduleManagerBridge.newModule.ms,1788305440786000000,1788305500784000000,0
jps.facet.change.listener.process.change.events.ms,1788305440786000000,1788305500784000000,0
workspaceModel.load.cache.from.file.ms,1788305440786000000,1788305500784000000,0
workspaceModel.sync.entities.ms,1788305440786000000,1788305500784000000,0
jps.library.entities.serializer.save.entities.ms,1788305440786000000,1788305500784000000,0
jps.global.handle.changed.events.ms,1788305440786000000,1788305500784000000,0
workspaceModel.moduleManagerBridge.load.all.modules.ms,1788305440786000000,1788305500784000000,0
jps.apply.loaded.storage.ms,1788305440786000000,1788305500784000000,0
jps.module.iml.entities.serializer.load.entities.ms,1788305440786000000,1788305500784000000,0
jps.save.global.entities.ms,1788305440786000000,1788305500784000000,0
workspaceModel.mutableEntityStorage.to.snapshot.ms,1788305440786000000,1788305500784000000,0
workspaceModel.mutableEntityStorage.mutable.ext.mapping.ms,1788305440786000000,1788305500784000000,0
jps.project.serializers.save.ms,1788305440786000000,1788305500784000000,0
workspaceModel.mutableEntityStorage.referrers.ms,1788305440786000000,1788305500784000000,0
workspaceModel.mutableEntityStorage.add.entity.ms,1788305440786000000,1788305500784000000,0
jps.load.project.to.empty.storage.ms,1788305440786000000,1788305500784000000,0
workspaceModel.save.cache.to.file.ms,1788305440786000000,1788305500784000000,0
jps.storage.jps.conf.reader.load.component.ms,1788305440786000000,1788305500784000000,0
jps.artifact.entities.serializer.load.entities.ms,1788305440786000000,1788305500784000000,0
workspaceModel.global.updates.ms,1788305440786000000,1788305500784000000,0
workspaceModel.mutableEntityStorage.collect.changes.ms,1788305440786000000,1788305500784000000,0
workspaceModel.moduleManagerBridge.get.modules.ms,1788305440786000000,1788305500784000000,0
jps.global.get.library.ms,1788305440786000000,1788305500784000000,0
workspaceModel.moduleBridge.before.changed.ms,1788305440786000000,1788305500784000000,0
workspaceModel.load.cache.metadata.from.file.ms,1788305440786000000,1788305500784000000,0
workspaceModel.moduleManagerBridge.create.module.instance.ms,1788305440786000000,1788305500784000000,0
workspaceModel.moduleManagerBridge.build.module.graph.ms,1788305440786000000,1788305500784000000,0
workspaceModel.mutableEntityStorage.entities.ms,1788305440786000000,1788305500784000000,0
workspaceModel.mutableEntityStorage.modify.entity.ms,1788305440786000000,1788305500784000000,0
jps.global.get.library.by.name.ms,1788305440786000000,1788305500784000000,0
FilePageCache.maxCacheSizeInBytes,1788305440786000000,1788305500784000000,231751680
FilePageCacheLockFree.totalPagesAllocated,1788305440786000000,1788305500784000000,0
FilePageCache.pageLoadsAboveSizeThreshold,1788305440786000000,1788305500784000000,0
StorageLockContext.competingThreads.avg,1788305440786000000,1788305500784000000,0.0
MappedFileStorage.storages,1788305440786000000,1788305500784000000,15
FilePageCacheLockFree.totalPagesWritten,1788305440786000000,1788305500784000000,0
FilePageCacheLockFree.housekeeperTurnsSkipped,1788305440786000000,1788305500784000000,0
FilePageCacheLockFree.totalPagesRequestsMs,1788305440786000000,1788305500784000000,0
FilePageCacheLockFree.totalHeapBytesReclaimed,1788305440786000000,1788305500784000000,0
FilePageCache.pageHits,1788305440786000000,1788305500784000000,0
StreamlinedBlobStorage.recordsAllocated,1788305440786000000,1788305500784000000,0
MappedFileStorage.totalBytesMapped,1788305440786000000,1788305500784000000,198443008
FilePageCacheLockFree.totalPageAllocationsWaited,1788305440786000000,1788305500784000000,0
FilePageCache.uncachedFileAccess,1788305440786000000,1788305500784000000,0
StorageLockContext.competingThreads.max,1788305440786000000,1788305500784000000,0
FilePageCacheLockFree.totalBytesWritten,1788305440786000000,1788305500784000000,0
FilePageCacheLockFree.totalClosedStoragesReclaimed,1788305440786000000,1788305500784000000,0
FilePageCacheLockFree.totalPagesRequested,1788305440786000000,1788305500784000000,0
StreamlinedBlobStorage.totalLiveRecordsCapacityBytes,1788305440786000000,1788305500784000000,0
FilePageCacheLockFree.totalHeapBytesAllocated,1788305440786000000,1788305500784000000,0
FilePageCacheLockFree.heapBytesInUse,1788305440786000000,1788305500784000000,0
FilePageCache.totalPageDisposalsUs,1788305440786000000,1788305500784000000,0
FilePageCacheLockFree.totalPagesReclaimed,1788305440786000000,1788305500784000000,0
DirectByteBufferAllocator.totalSizeOfBuffersAllocatedInBytes,1788305440786000000,1788305500784000000,231751680
FilePageCacheLockFree.nativeBytesInUse,1788305440786000000,1788305500784000000,0
FilePageCacheLockFree.housekeeperTurnsDone,1788305440786000000,1788305500784000000,0
FilePageCache.totalPageLoadsUs,1788305440786000000,1788305500784000000,0
FilePageCacheLockFree.totalPagesWriteMs,1788305440786000000,1788305500784000000,0
StorageLockContext.competingThreads.90P,1788305440786000000,1788305500784000000,0
FilePageCache.capacityInBytes,1788305440786000000,1788305500784000000,503316478
DirectByteBufferAllocator.reclaimed,1788305440786000000,1788305500784000000,0
DirectByteBufferAllocator.disposed,1788305440786000000,1788305500784000000,0
FileChannelInterruptsRetryer.totalRetriedAttempts,1788305440786000000,1788305500784000000,0
FilePageCacheLockFree.totalPagesHandedOver,1788305440786000000,1788305500784000000,0
FilePageCache.pageFastCacheHits,1788305440786000000,1788305500784000000,0
FilePageCache.pageLoads,1788305440786000000,1788305500784000000,0
FilePageCacheLockFree.housekeeperTimeSpentMs,1788305440786000000,1788305500784000000,0
FilePageCacheLockFree.totalPagesReadMs,1788305440786000000,1788305500784000000,0
DirectByteBufferAllocator.hits,1788305440786000000,1788305500784000000,0
FilePageCacheLockFree.totalBytesRequested,1788305440786000000,1788305500784000000,0
FilePageCacheLockFree.totalNativeBytesAllocated,1788305440786000000,1788305500784000000,0
FilePageCache.disposedBuffers,1788305440786000000,1788305500784000000,0
DirectByteBufferAllocator.misses,1788305440786000000,1788305500784000000,0
StreamlinedBlobStorage.recordsDeleted,1788305440786000000,1788305500784000000,0
FilePageCacheLockFree.totalBytesRead,1788305440786000000,1788305500784000000,0
FilePageCache.maxRegisteredFiles,1788305440786000000,1788305500784000000,555
DirectByteBufferAllocator.totalSizeOfBuffersCachedInBytes,1788305440786000000,1788305500784000000,0
MappedFileStorage.totalPagesMapped,1788305440786000000,1788305500784000000,15
FilePageCacheLockFree.totalNativeBytesReclaimed,1788305440786000000,1788305500784000000,0
StreamlinedBlobStorage.totalLiveRecordsPayloadBytes,1788305440786000000,1788305500784000000,0
StreamlinedBlobStorage.recordsRelocated,1788305440786000000,1788305500784000000,0
MappedFileStorage.totalTimeSpentOnMappingUs,1788305440786000000,1788305500784000000,10166
VFS.fileChildByName,1788305440786000000,1788305500784000000,0
VFS.invertedFileNameIndex.requests,1788305440786000000,1788305500784000000,0
VFS.fileByIdCache.misses,1788305440786000000,1788305500784000000,0
FileNameCache.queries,1788305440786000000,1788305500784000000,0
VFS.fileByIdCache.hits,1788305440786000000,1788305500784000000,0
FileNameCache.totalMisses,1788305440786000000,1788305500784000000,0
workspaceModel.workspaceFileIndexData.processFileSets.ms,1788305440786000000,1788305500784000000,0
workspaceModel.workspaceFileIndexData.updateDirtyEntities.ms,1788305440786000000,1788305500784000000,0
workspaceModel.entityStorageSnapshotImpl.instances.count,1788305440786000000,1788305500784000000,0
workspaceModel.cachedValueWithParameters.calculated.ms,1788305440786000000,1788305500784000000,0
workspaceModel.cachedValueWithParameters.from.cache.ms,1788305440786000000,1788305500784000000,0
workspaceModel.workspaceFileIndexData.getDirectoriesByPackageName.ms,1788305440786000000,1788305500784000000,0
workspaceModel.workspaceFileIndexData.getPackageName.ms,1788305440786000000,1788305500784000000,0
workspaceModel.cachedValue.clear.ms,1788305440786000000,1788305500784000000,0
workspaceModel.check.recursive.update.ms,1788305440786000000,1788305500784000000,0
workspaceModel.loading.from.cache.ms,1788305440786000000,1788305500784000000,0
workspaceModel.workspaceFileIndexData.getFileInfo.ms,1788305440786000000,1788305500784000000,0
workspaceModel.workspaceFileIndexData.visitFileSets.ms,1788305440786000000,1788305500784000000,0
workspaceModel.cachedValue.from.cache.ms,1788305440786000000,1788305500784000000,0
workspaceModel.loading.total.ms,1788305440786000000,1788305500784000000,0
workspaceModel.updates.ms,1788305440786000000,1788305500784000000,0
workspaceModel.cachedValue.total.get.ms,1788305440786000000,1788305500784000000,0
workspaceModel.init.bridges.ms,1788305440786000000,1788305500784000000,0
workspaceModel.full.replace.project.model.ms,1788305440786000000,1788305500784000000,0
workspaceModel.workspaceFileIndexData.instances.count,1788305440786000000,1788305500784000000,0
workspaceModel.update.unloaded.entities.ms,1788305440786000000,1788305500784000000,0
workspaceModel.updates.count,1788305440786000000,1788305500784000000,0
workspaceModel.pre.handlers.ms,1788305440786000000,1788305500784000000,0
workspaceModel.cachedValueWithParameters.clear.ms,1788305440786000000,1788305500784000000,0
workspaceModel.collect.changes.ms,1788305440786000000,1788305500784000000,0
workspaceModel.workspaceFileIndexData.init.ms,1788305440786000000,1788305500784000000,0
workspaceModel.workspaceFileIndexData.markDirty.ms,1788305440786000000,1788305500784000000,0
workspaceModel.cachedValueWithParameters.total.get.ms,1788305440786000000,1788305500784000000,0
workspaceModel.to.snapshot.ms,1788305440786000000,1788305500784000000,0
workspaceModel.updates.precise.ms,1788305440786000000,1788305500784000000,0
workspaceModel.initializing.ms,1788305440786000000,1788305500784000000,0
workspaceModel.cachedValue.calculated.ms,1788305440786000000,1788305500784000000,0
workspaceModel.replace.project.model.ms,1788305440786000000,1788305500784000000,0
workspaceModel.workspaceFileIndexData.onEntitiesChanged.ms,1788305440786000000,1788305500784000000,0
workspaceModel.workspaceFileIndexContributor.registerFileSets.ms,1788305440786000000,1788305500784000000,0
Indexes.stubs.lookupDuration90PMs,1788305440786000000,1788305500784000000,0.0
Indexes.entries.lookupDurationMaxMs,1788305440786000000,1788305500784000000,0.0
Indexes.stubs.lookups,1788305440786000000,1788305500784000000,0.0
IndexesFlusher.totalFlushes,1788305440786000000,1788305500784000000,59
Indexes.entries.lookupDurationAvgMs,1788305440786000000,1788305500784000000,0.0
Indexes.allKeys.lookups,1788305440786000000,1788305500784000000,0.0
Indexes.allKeys.lookupDurationAvgMs,1788305440786000000,1788305500784000000,0.0
IndexesFlusher.totalFlushesRetried,1788305440786000000,1788305500784000000,0
IndexesFlusher.totalFlushingTimeUs,1788305440786000000,1788305500784000000,287621
Indexes.entries.lookupDuration90PMs,1788305440786000000,1788305500784000000,0.0
Indexes.allKeys.lookupDurationMaxMs,1788305440786000000,1788305500784000000,0.0
Indexes.stubs.lookupDurationMaxMs,1788305440786000000,1788305500784000000,0.0
Indexes.stubs.lookupDurationAvgMs,1788305440786000000,1788305500784000000,0.0
Indexes.entries.lookups,1788305440786000000,1788305500784000000,0.0
IndexesFlusher.totalContentionQuotaSpent,1788305440786000000,1788305500784000000,0
Indexes.allKeys.lookupDuration90PMs,1788305440786000000,1788305500784000000,0.0
compiler.ArtifactManagerBridge.addArtifact.ms,1788305440786000000,1788305500784000000,0
compiler.ArtifactManagerBridge.initBridges.ms,1788305440786000000,1788305500784000000,0
compiler.ArtifactManagerBridge.getArtifacts.ms,1788305440786000000,1788305500784000000,0
compiler.ArtifactManagerBridge.findArtifact.ms,1788305440786000000,1788305500784000000,0
compiler.ArtifactVirtualFileListener.propertyChanged.ms,1788305440786000000,1788305500784000000,0
compiler.ArtifactVirtualFileListener.filePathChanged.ms,1788305440786000000,1788305500784000000,0
compiler.ArtifactManagerBridge.dropMappings.ms,1788305440786000000,1788305500784000000,0
compiler.ArtifactManagerBridge.commit.ms,1788305440786000000,1788305500784000000,0
compiler.ArtifactManagerBridge.getArtifactsByType.ms,1788305440786000000,1788305500784000000,0
cacheStateStorage.get.counter,1788305440786000000,1788305500784000000,0
cacheStateStorage.get.duration,1788305440786000000,1788305500784000000,0
cacheStateStorage.set.counter,1788305440786000000,1788305500784000000,0
cacheStateStorage.set.duration,1788305440786000000,1788305500784000000,0
JVM.maxHeapBytes,1788305440786000000,1788305500784000000,2147483648
JVM.GC.collections,1788305440786000000,1788305500784000000,0
JVM.totalDirectByteBuffersBytes,1788305440786000000,1788305500784000000,233819560
JVM.maxThreadCount,1788305440786000000,1788305500784000000,178
JVM.usedHeapBytes,1788305440786000000,1788305500784000000,428375880
JVM.newThreadsCount,1788305440786000000,1788305500784000000,0
JVM.usedNativeBytes,1788305440786000000,1788305500784000000,277528296
JVM.totalCpuTimeMs,1788305440786000000,1788305500784000000,1392
JVM.totalBytesAllocated,1788305440786000000,1788305500784000000,10355288
JVM.GC.collectionTimesMs,1788305440786000000,1788305500784000000,0
OS.loadAverage,1788305440786000000,1788305500784000000,1.87890625
JVM.threadCount,1788305440786000000,1788305500784000000,53
writeAction.count,1788305500784000000,1788305560785000000,0
writeAction.median.wait.ms,1788305500784000000,1788305560785000000,0
writeAction.max.wait.ms,1788305500784000000,1788305560785000000,6
writeAction.wait.ms,1788305500784000000,1788305560785000000,0
AWTEventQueue.dispatchTime90PNs,1788305500784000000,1788305560785000000,230399
FlushQueue.executionTimeAvgNs,1788305500784000000,1788305560785000000,62312.39344262295
AWTEventQueue.dispatchTimeTotalNS,1788305500784000000,1788305560785000000,47342151
FlushQueue.waitingTime90PNs,1788305500784000000,1788305560785000000,288767
AWTEventQueue.dispatchTimeAvgNs,1788305500784000000,1788305560785000000,196496.99585062242
FlushQueue.queueSizeAvg,1788305500784000000,1788305560785000000,0.0
ReadAction.executionsCount,1788305500784000000,1788305560785000000,0
FlushQueue.queueSizeMax,1788305500784000000,1788305560785000000,0
NonBlockingReadAction.failedExecutionsCount,1788305500784000000,1788305560785000000,0
AWTEventQueue.eventsDispatched,1788305500784000000,1788305560785000000,241
NonBlockingReadAction.finalizedExecutionTimeUs,1788305500784000000,1788305560785000000,0
FlushQueue.queueSize90P,1788305500784000000,1788305560785000000,0
FlushQueue.waitingTimeAvgNs,1788305500784000000,1788305560785000000,236195.67213114753
NonBlockingReadAction.failedExecutionTimeUs,1788305500784000000,1788305560785000000,0
AWTEventQueue.dispatchTimeMaxNs,1788305500784000000,1788305560785000000,5111807
NonBlockingReadAction.finalizedExecutionsCount,1788305500784000000,1788305560785000000,0
WriteAction.executionsCount,1788305500784000000,1788305560785000000,0
FlushQueue.executionTime90PNs,1788305500784000000,1788305560785000000,76287
FlushQueue.tasksExecuted,1788305500784000000,1788305560785000000,122
FlushQueue.waitingTimeMaxNs,1788305500784000000,1788305560785000000,481279
FlushQueue.executionTimeMaxNs,1788305500784000000,1788305560785000000,1589247
workspaceModel.global.updates.count,1788305500784000000,1788305560785000000,0
jps.library.entities.serializer.load.entities.ms,1788305500784000000,1788305560785000000,0
workspaceModel.global.apply.state.to.project.builder.ms,1788305500784000000,1788305560785000000,0
workspaceModel.moduleBridge.facet.initialization.ms,1788305500784000000,1788305560785000000,0
workspaceModel.orphan.listener.update.ms,1788305500784000000,1788305560785000000,0
workspaceModel.mutableEntityStorage.put.entity.ms,1788305500784000000,1788305560785000000,0
workspaceModel.mutableEntityStorage.mutable.vfurl.index.ms,1788305500784000000,1788305560785000000,0
jps.app.storage.content.reader.load.component.ms,1788305500784000000,1788305560785000000,0
workspaceModel.moduleManagerBridge.load.module.ms,1788305500784000000,1788305560785000000,0
workspaceModel.moduleManagerBridge.new.nonPersistent.module.ms,1788305500784000000,1788305560785000000,0
workspaceModel.mutableEntityStorage.apply.changes.from.ms,1788305500784000000,1788305560785000000,0
workspaceModel.do.save.caches.ms,1788305500784000000,1788305560785000000,0
workspaceModel.mutableEntityStorage.entities.by.source.ms,1788305500784000000,1788305560785000000,0
jps.load.initial.state.ms,1788305500784000000,1788305560785000000,0
jps.module.iml.entities.serializer.save.entities.ms,1788305500784000000,1788305560785000000,0
workspaceModel.mutableEntityStorage.instances.count,1788305500784000000,1788305560785000000,0
jps.artifact.entities.serializer.save.entities.ms,1788305500784000000,1788305560785000000,0
workspaceModel.moduleBridge.update.option.ms,1788305500784000000,1788305560785000000,0
jps.global.handle.before.change.events.ms,1788305500784000000,1788305560785000000,0
workspaceModel.delayed.project.synchronizer.sync.ms,1788305500784000000,1788305560785000000,0
workspaceModel.moduleManagerBridge.set.unloadedModules.ms,1788305500784000000,1788305560785000000,0
jps.facet.change.listener.init.bridge.ms,1788305500784000000,1788305560785000000,0
jps.project.serializers.load.ms,1788305500784000000,1788305560785000000,0
jps.global.initialize.library.bridges.after.loading.ms,1788305500784000000,1788305560785000000,0
jps.reload.project.entities.ms,1788305500784000000,1788305560785000000,0
workspaceModel.mutableEntityStorage.resolve.ms,1788305500784000000,1788305560785000000,0
jps.save.changed.project.entities.ms,1788305500784000000,1788305560785000000,0
workspaceModel.global.apply.state.to.project.ms,1788305500784000000,1788305560785000000,0
jps.facet.change.listener.before.change.events.ms,1788305500784000000,1788305560785000000,0
jps.global.get.libraries.ms,1788305500784000000,1788305560785000000,0
workspaceModel.moduleBridgeLoader.loading.modules.ms,1788305500784000000,1788305560785000000,0
workspaceModel.mutableEntityStorage.has.same.entities.ms,1788305500784000000,1788305560785000000,0
workspaceModel.mutableEntityStorage.replace.by.source.ms,1788305500784000000,1788305560785000000,0
jps.global.initialize.library.bridges.ms,1788305500784000000,1788305560785000000,0
workspaceModel.mutableEntityStorage.remove.entity.ms,1788305500784000000,1788305560785000000,0
workspaceModel.moduleManagerBridge.newModule.ms,1788305500784000000,1788305560785000000,0
jps.facet.change.listener.process.change.events.ms,1788305500784000000,1788305560785000000,0
workspaceModel.load.cache.from.file.ms,1788305500784000000,1788305560785000000,0
workspaceModel.sync.entities.ms,1788305500784000000,1788305560785000000,0
jps.library.entities.serializer.save.entities.ms,1788305500784000000,1788305560785000000,0
jps.global.handle.changed.events.ms,1788305500784000000,1788305560785000000,0
workspaceModel.moduleManagerBridge.load.all.modules.ms,1788305500784000000,1788305560785000000,0
jps.apply.loaded.storage.ms,1788305500784000000,1788305560785000000,0
jps.module.iml.entities.serializer.load.entities.ms,1788305500784000000,1788305560785000000,0
jps.save.global.entities.ms,1788305500784000000,1788305560785000000,0
workspaceModel.mutableEntityStorage.to.snapshot.ms,1788305500784000000,1788305560785000000,0
workspaceModel.mutableEntityStorage.mutable.ext.mapping.ms,1788305500784000000,1788305560785000000,0
jps.project.serializers.save.ms,1788305500784000000,1788305560785000000,0
workspaceModel.mutableEntityStorage.referrers.ms,1788305500784000000,1788305560785000000,0
workspaceModel.mutableEntityStorage.add.entity.ms,1788305500784000000,1788305560785000000,0
jps.load.project.to.empty.storage.ms,1788305500784000000,1788305560785000000,0
workspaceModel.save.cache.to.file.ms,1788305500784000000,1788305560785000000,0
jps.storage.jps.conf.reader.load.component.ms,1788305500784000000,1788305560785000000,0
jps.artifact.entities.serializer.load.entities.ms,1788305500784000000,1788305560785000000,0
workspaceModel.global.updates.ms,1788305500784000000,1788305560785000000,0
workspaceModel.mutableEntityStorage.collect.changes.ms,1788305500784000000,1788305560785000000,0
workspaceModel.moduleManagerBridge.get.modules.ms,1788305500784000000,1788305560785000000,0
jps.global.get.library.ms,1788305500784000000,1788305560785000000,0
workspaceModel.moduleBridge.before.changed.ms,1788305500784000000,1788305560785000000,0
workspaceModel.load.cache.metadata.from.file.ms,1788305500784000000,1788305560785000000,0
workspaceModel.moduleManagerBridge.create.module.instance.ms,1788305500784000000,1788305560785000000,0
workspaceModel.moduleManagerBridge.build.module.graph.ms,1788305500784000000,1788305560785000000,0
workspaceModel.mutableEntityStorage.entities.ms,1788305500784000000,1788305560785000000,0
workspaceModel.mutableEntityStorage.modify.entity.ms,1788305500784000000,1788305560785000000,0
jps.global.get.library.by.name.ms,1788305500784000000,1788305560785000000,0
FilePageCache.maxCacheSizeInBytes,1788305500784000000,1788305560785000000,231751680
FilePageCacheLockFree.totalPagesAllocated,1788305500784000000,1788305560785000000,0
FilePageCache.pageLoadsAboveSizeThreshold,1788305500784000000,1788305560785000000,0
StorageLockContext.competingThreads.avg,1788305500784000000,1788305560785000000,0.0
MappedFileStorage.storages,1788305500784000000,1788305560785000000,15
FilePageCacheLockFree.totalPagesWritten,1788305500784000000,1788305560785000000,0
FilePageCacheLockFree.housekeeperTurnsSkipped,1788305500784000000,1788305560785000000,0
FilePageCacheLockFree.totalPagesRequestsMs,1788305500784000000,1788305560785000000,0
FilePageCacheLockFree.totalHeapBytesReclaimed,1788305500784000000,1788305560785000000,0
FilePageCache.pageHits,1788305500784000000,1788305560785000000,0
StreamlinedBlobStorage.recordsAllocated,1788305500784000000,1788305560785000000,0
MappedFileStorage.totalBytesMapped,1788305500784000000,1788305560785000000,198443008
FilePageCacheLockFree.totalPageAllocationsWaited,1788305500784000000,1788305560785000000,0
FilePageCache.uncachedFileAccess,1788305500784000000,1788305560785000000,0
StorageLockContext.competingThreads.max,1788305500784000000,1788305560785000000,0
FilePageCacheLockFree.totalBytesWritten,1788305500784000000,1788305560785000000,0
FilePageCacheLockFree.totalClosedStoragesReclaimed,1788305500784000000,1788305560785000000,0
FilePageCacheLockFree.totalPagesRequested,1788305500784000000,1788305560785000000,0
StreamlinedBlobStorage.totalLiveRecordsCapacityBytes,1788305500784000000,1788305560785000000,0
FilePageCacheLockFree.totalHeapBytesAllocated,1788305500784000000,1788305560785000000,0
FilePageCacheLockFree.heapBytesInUse,1788305500784000000,1788305560785000000,0
FilePageCache.totalPageDisposalsUs,1788305500784000000,1788305560785000000,0
FilePageCacheLockFree.totalPagesReclaimed,1788305500784000000,1788305560785000000,0
DirectByteBufferAllocator.totalSizeOfBuffersAllocatedInBytes,1788305500784000000,1788305560785000000,231751680
FilePageCacheLockFree.nativeBytesInUse,1788305500784000000,1788305560785000000,0
FilePageCacheLockFree.housekeeperTurnsDone,1788305500784000000,1788305560785000000,0
FilePageCache.totalPageLoadsUs,1788305500784000000,1788305560785000000,0
FilePageCacheLockFree.totalPagesWriteMs,1788305500784000000,1788305560785000000,0
StorageLockContext.competingThreads.90P,1788305500784000000,1788305560785000000,0
FilePageCache.capacityInBytes,1788305500784000000,1788305560785000000,503316478
DirectByteBufferAllocator.reclaimed,1788305500784000000,1788305560785000000,0
DirectByteBufferAllocator.disposed,1788305500784000000,1788305560785000000,0
FileChannelInterruptsRetryer.totalRetriedAttempts,1788305500784000000,1788305560785000000,0
FilePageCacheLockFree.totalPagesHandedOver,1788305500784000000,1788305560785000000,0
FilePageCache.pageFastCacheHits,1788305500784000000,1788305560785000000,0
FilePageCache.pageLoads,1788305500784000000,1788305560785000000,0
FilePageCacheLockFree.housekeeperTimeSpentMs,1788305500784000000,1788305560785000000,0
FilePageCacheLockFree.totalPagesReadMs,1788305500784000000,1788305560785000000,0
DirectByteBufferAllocator.hits,1788305500784000000,1788305560785000000,0
FilePageCacheLockFree.totalBytesRequested,1788305500784000000,1788305560785000000,0
FilePageCacheLockFree.totalNativeBytesAllocated,1788305500784000000,1788305560785000000,0
FilePageCache.disposedBuffers,1788305500784000000,1788305560785000000,0
DirectByteBufferAllocator.misses,1788305500784000000,1788305560785000000,0
StreamlinedBlobStorage.recordsDeleted,1788305500784000000,1788305560785000000,0
FilePageCacheLockFree.totalBytesRead,1788305500784000000,1788305560785000000,0
FilePageCache.maxRegisteredFiles,1788305500784000000,1788305560785000000,555
DirectByteBufferAllocator.totalSizeOfBuffersCachedInBytes,1788305500784000000,1788305560785000000,0
MappedFileStorage.totalPagesMapped,1788305500784000000,1788305560785000000,15
FilePageCacheLockFree.totalNativeBytesReclaimed,1788305500784000000,1788305560785000000,0
StreamlinedBlobStorage.totalLiveRecordsPayloadBytes,1788305500784000000,1788305560785000000,0
StreamlinedBlobStorage.recordsRelocated,1788305500784000000,1788305560785000000,0
MappedFileStorage.totalTimeSpentOnMappingUs,1788305500784000000,1788305560785000000,10166
VFS.fileChildByName,1788305500784000000,1788305560785000000,0
VFS.invertedFileNameIndex.requests,1788305500784000000,1788305560785000000,0
VFS.fileByIdCache.misses,1788305500784000000,1788305560785000000,0
FileNameCache.queries,1788305500784000000,1788305560785000000,0
VFS.fileByIdCache.hits,1788305500784000000,1788305560785000000,0
FileNameCache.totalMisses,1788305500784000000,1788305560785000000,0
workspaceModel.workspaceFileIndexData.processFileSets.ms,1788305500784000000,1788305560785000000,0
workspaceModel.workspaceFileIndexData.updateDirtyEntities.ms,1788305500784000000,1788305560785000000,0
workspaceModel.entityStorageSnapshotImpl.instances.count,1788305500784000000,1788305560785000000,0
workspaceModel.cachedValueWithParameters.calculated.ms,1788305500784000000,1788305560785000000,0
workspaceModel.cachedValueWithParameters.from.cache.ms,1788305500784000000,1788305560785000000,0
workspaceModel.workspaceFileIndexData.getDirectoriesByPackageName.ms,1788305500784000000,1788305560785000000,0
workspaceModel.workspaceFileIndexData.getPackageName.ms,1788305500784000000,1788305560785000000,0
workspaceModel.cachedValue.clear.ms,1788305500784000000,1788305560785000000,0
workspaceModel.check.recursive.update.ms,1788305500784000000,1788305560785000000,0
workspaceModel.loading.from.cache.ms,1788305500784000000,1788305560785000000,0
workspaceModel.workspaceFileIndexData.getFileInfo.ms,1788305500784000000,1788305560785000000,0
workspaceModel.workspaceFileIndexData.visitFileSets.ms,1788305500784000000,1788305560785000000,0
workspaceModel.cachedValue.from.cache.ms,1788305500784000000,1788305560785000000,0
workspaceModel.loading.total.ms,1788305500784000000,1788305560785000000,0
workspaceModel.updates.ms,1788305500784000000,1788305560785000000,0
workspaceModel.cachedValue.total.get.ms,1788305500784000000,1788305560785000000,0
workspaceModel.init.bridges.ms,1788305500784000000,1788305560785000000,0
workspaceModel.full.replace.project.model.ms,1788305500784000000,1788305560785000000,0
workspaceModel.workspaceFileIndexData.instances.count,1788305500784000000,1788305560785000000,0
workspaceModel.update.unloaded.entities.ms,1788305500784000000,1788305560785000000,0
workspaceModel.updates.count,1788305500784000000,1788305560785000000,0
workspaceModel.pre.handlers.ms,1788305500784000000,1788305560785000000,0
workspaceModel.cachedValueWithParameters.clear.ms,1788305500784000000,1788305560785000000,0
workspaceModel.collect.changes.ms,1788305500784000000,1788305560785000000,0
workspaceModel.workspaceFileIndexData.init.ms,1788305500784000000,1788305560785000000,0
workspaceModel.workspaceFileIndexData.markDirty.ms,1788305500784000000,1788305560785000000,0
workspaceModel.cachedValueWithParameters.total.get.ms,1788305500784000000,1788305560785000000,0
workspaceModel.to.snapshot.ms,1788305500784000000,1788305560785000000,0
workspaceModel.updates.precise.ms,1788305500784000000,1788305560785000000,0
workspaceModel.initializing.ms,1788305500784000000,1788305560785000000,0
workspaceModel.cachedValue.calculated.ms,1788305500784000000,1788305560785000000,0
workspaceModel.replace.project.model.ms,1788305500784000000,1788305560785000000,0
workspaceModel.workspaceFileIndexData.onEntitiesChanged.ms,1788305500784000000,1788305560785000000,0
workspaceModel.workspaceFileIndexContributor.registerFileSets.ms,1788305500784000000,1788305560785000000,0
Indexes.stubs.lookupDuration90PMs,1788305500784000000,1788305560785000000,0.0
Indexes.entries.lookupDurationMaxMs,1788305500784000000,1788305560785000000,0.0
Indexes.stubs.lookups,1788305500784000000,1788305560785000000,0.0
IndexesFlusher.totalFlushes,1788305500784000000,1788305560785000000,58
Indexes.entries.lookupDurationAvgMs,1788305500784000000,1788305560785000000,0.0
Indexes.allKeys.lookups,1788305500784000000,1788305560785000000,0.0
Indexes.allKeys.lookupDurationAvgMs,1788305500784000000,1788305560785000000,0.0
IndexesFlusher.totalFlushesRetried,1788305500784000000,1788305560785000000,0
IndexesFlusher.totalFlushingTimeUs,1788305500784000000,1788305560785000000,252629
Indexes.entries.lookupDuration90PMs,1788305500784000000,1788305560785000000,0.0
Indexes.allKeys.lookupDurationMaxMs,1788305500784000000,1788305560785000000,0.0
Indexes.stubs.lookupDurationMaxMs,1788305500784000000,1788305560785000000,0.0
Indexes.stubs.lookupDurationAvgMs,1788305500784000000,1788305560785000000,0.0
Indexes.entries.lookups,1788305500784000000,1788305560785000000,0.0
IndexesFlusher.totalContentionQuotaSpent,1788305500784000000,1788305560785000000,0
Indexes.allKeys.lookupDuration90PMs,1788305500784000000,1788305560785000000,0.0
compiler.ArtifactManagerBridge.addArtifact.ms,1788305500784000000,1788305560785000000,0
compiler.ArtifactManagerBridge.initBridges.ms,1788305500784000000,1788305560785000000,0
compiler.ArtifactManagerBridge.getArtifacts.ms,1788305500784000000,1788305560785000000,0
compiler.ArtifactManagerBridge.findArtifact.ms,1788305500784000000,1788305560785000000,0
compiler.ArtifactVirtualFileListener.propertyChanged.ms,1788305500784000000,1788305560785000000,0
compiler.ArtifactVirtualFileListener.filePathChanged.ms,1788305500784000000,1788305560785000000,0
compiler.ArtifactManagerBridge.dropMappings.ms,1788305500784000000,1788305560785000000,0
compiler.ArtifactManagerBridge.commit.ms,1788305500784000000,1788305560785000000,0
compiler.ArtifactManagerBridge.getArtifactsByType.ms,1788305500784000000,1788305560785000000,0
cacheStateStorage.get.counter,1788305500784000000,1788305560785000000,0
cacheStateStorage.get.duration,1788305500784000000,1788305560785000000,0
cacheStateStorage.set.counter,1788305500784000000,1788305560785000000,0
cacheStateStorage.set.duration,1788305500784000000,1788305560785000000,0
JVM.maxHeapBytes,1788305500784000000,1788305560785000000,2147483648
JVM.GC.collections,1788305500784000000,1788305560785000000,0
JVM.totalDirectByteBuffersBytes,1788305500784000000,1788305560785000000,233819560
JVM.maxThreadCount,1788305500784000000,1788305560785000000,178
JVM.usedHeapBytes,1788305500784000000,1788305560785000000,438861640
JVM.newThreadsCount,1788305500784000000,1788305560785000000,0
JVM.usedNativeBytes,1788305500784000000,1788305560785000000,277799472
JVM.totalCpuTimeMs,1788305500784000000,1788305560785000000,1210
JVM.totalBytesAllocated,1788305500784000000,1788305560785000000,10249888
JVM.GC.collectionTimesMs,1788305500784000000,1788305560785000000,0
OS.loadAverage,1788305500784000000,1788305560785000000,2.009765625
JVM.threadCount,1788305500784000000,1788305560785000000,52
writeAction.count,1788305560785000000,1788305620784000000,0
writeAction.median.wait.ms,1788305560785000000,1788305620784000000,0
writeAction.max.wait.ms,1788305560785000000,1788305620784000000,6
writeAction.wait.ms,1788305560785000000,1788305620784000000,0
AWTEventQueue.dispatchTime90PNs,1788305560785000000,1788305620784000000,216063
FlushQueue.executionTimeAvgNs,1788305560785000000,1788305620784000000,64650.842975206615
AWTEventQueue.dispatchTimeTotalNS,1788305560785000000,1788305620784000000,46722334
FlushQueue.waitingTime90PNs,1788305560785000000,1788305620784000000,278527
AWTEventQueue.dispatchTimeAvgNs,1788305560785000000,1788305620784000000,193853.8755186722
FlushQueue.queueSizeAvg,1788305560785000000,1788305620784000000,0.0
ReadAction.executionsCount,1788305560785000000,1788305620784000000,0
FlushQueue.queueSizeMax,1788305560785000000,1788305620784000000,0
NonBlockingReadAction.failedExecutionsCount,1788305560785000000,1788305620784000000,0
AWTEventQueue.eventsDispatched,1788305560785000000,1788305620784000000,241
NonBlockingReadAction.finalizedExecutionTimeUs,1788305560785000000,1788305620784000000,0
FlushQueue.queueSize90P,1788305560785000000,1788305620784000000,0
FlushQueue.waitingTimeAvgNs,1788305560785000000,1788305620784000000,233622.21487603305
NonBlockingReadAction.failedExecutionTimeUs,1788305560785000000,1788305620784000000,0
AWTEventQueue.dispatchTimeMaxNs,1788305560785000000,1788305620784000000,5079039
NonBlockingReadAction.finalizedExecutionsCount,1788305560785000000,1788305620784000000,0
WriteAction.executionsCount,1788305560785000000,1788305620784000000,0
FlushQueue.executionTime90PNs,1788305560785000000,1788305620784000000,71679
FlushQueue.tasksExecuted,1788305560785000000,1788305620784000000,121
FlushQueue.waitingTimeMaxNs,1788305560785000000,1788305620784000000,364543
FlushQueue.executionTimeMaxNs,1788305560785000000,1788305620784000000,1785855
workspaceModel.global.updates.count,1788305560785000000,1788305620784000000,0
jps.library.entities.serializer.load.entities.ms,1788305560785000000,1788305620784000000,0
workspaceModel.global.apply.state.to.project.builder.ms,1788305560785000000,1788305620784000000,0
workspaceModel.moduleBridge.facet.initialization.ms,1788305560785000000,1788305620784000000,0
workspaceModel.orphan.listener.update.ms,1788305560785000000,1788305620784000000,0
workspaceModel.mutableEntityStorage.put.entity.ms,1788305560785000000,1788305620784000000,0
workspaceModel.mutableEntityStorage.mutable.vfurl.index.ms,1788305560785000000,1788305620784000000,0
jps.app.storage.content.reader.load.component.ms,1788305560785000000,1788305620784000000,0
workspaceModel.moduleManagerBridge.load.module.ms,1788305560785000000,1788305620784000000,0
workspaceModel.moduleManagerBridge.new.nonPersistent.module.ms,1788305560785000000,1788305620784000000,0
workspaceModel.mutableEntityStorage.apply.changes.from.ms,1788305560785000000,1788305620784000000,0
workspaceModel.do.save.caches.ms,1788305560785000000,1788305620784000000,0
workspaceModel.mutableEntityStorage.entities.by.source.ms,1788305560785000000,1788305620784000000,0
jps.load.initial.state.ms,1788305560785000000,1788305620784000000,0
jps.module.iml.entities.serializer.save.entities.ms,1788305560785000000,1788305620784000000,0
workspaceModel.mutableEntityStorage.instances.count,1788305560785000000,1788305620784000000,0
jps.artifact.entities.serializer.save.entities.ms,1788305560785000000,1788305620784000000,0
workspaceModel.moduleBridge.update.option.ms,1788305560785000000,1788305620784000000,0
jps.global.handle.before.change.events.ms,1788305560785000000,1788305620784000000,0
workspaceModel.delayed.project.synchronizer.sync.ms,1788305560785000000,1788305620784000000,0
workspaceModel.moduleManagerBridge.set.unloadedModules.ms,1788305560785000000,1788305620784000000,0
jps.facet.change.listener.init.bridge.ms,1788305560785000000,1788305620784000000,0
jps.project.serializers.load.ms,1788305560785000000,1788305620784000000,0
jps.global.initialize.library.bridges.after.loading.ms,1788305560785000000,1788305620784000000,0
jps.reload.project.entities.ms,1788305560785000000,1788305620784000000,0
workspaceModel.mutableEntityStorage.resolve.ms,1788305560785000000,1788305620784000000,0
jps.save.changed.project.entities.ms,1788305560785000000,1788305620784000000,0
workspaceModel.global.apply.state.to.project.ms,1788305560785000000,1788305620784000000,0
jps.facet.change.listener.before.change.events.ms,1788305560785000000,1788305620784000000,0
jps.global.get.libraries.ms,1788305560785000000,1788305620784000000,0
workspaceModel.moduleBridgeLoader.loading.modules.ms,1788305560785000000,1788305620784000000,0
workspaceModel.mutableEntityStorage.has.same.entities.ms,1788305560785000000,1788305620784000000,0
workspaceModel.mutableEntityStorage.replace.by.source.ms,1788305560785000000,1788305620784000000,0
jps.global.initialize.library.bridges.ms,1788305560785000000,1788305620784000000,0
workspaceModel.mutableEntityStorage.remove.entity.ms,1788305560785000000,1788305620784000000,0
workspaceModel.moduleManagerBridge.newModule.ms,1788305560785000000,1788305620784000000,0
jps.facet.change.listener.process.change.events.ms,1788305560785000000,1788305620784000000,0
workspaceModel.load.cache.from.file.ms,1788305560785000000,1788305620784000000,0
workspaceModel.sync.entities.ms,1788305560785000000,1788305620784000000,0
jps.library.entities.serializer.save.entities.ms,1788305560785000000,1788305620784000000,0
jps.global.handle.changed.events.ms,1788305560785000000,1788305620784000000,0
workspaceModel.moduleManagerBridge.load.all.modules.ms,1788305560785000000,1788305620784000000,0
jps.apply.loaded.storage.ms,1788305560785000000,1788305620784000000,0
jps.module.iml.entities.serializer.load.entities.ms,1788305560785000000,1788305620784000000,0
jps.save.global.entities.ms,1788305560785000000,1788305620784000000,0
workspaceModel.mutableEntityStorage.to.snapshot.ms,1788305560785000000,1788305620784000000,0
workspaceModel.mutableEntityStorage.mutable.ext.mapping.ms,1788305560785000000,1788305620784000000,0
jps.project.serializers.save.ms,1788305560785000000,1788305620784000000,0
workspaceModel.mutableEntityStorage.referrers.ms,1788305560785000000,1788305620784000000,0
workspaceModel.mutableEntityStorage.add.entity.ms,1788305560785000000,1788305620784000000,0
jps.load.project.to.empty.storage.ms,1788305560785000000,1788305620784000000,0
workspaceModel.save.cache.to.file.ms,1788305560785000000,1788305620784000000,0
jps.storage.jps.conf.reader.load.component.ms,1788305560785000000,1788305620784000000,0
jps.artifact.entities.serializer.load.entities.ms,1788305560785000000,1788305620784000000,0
workspaceModel.global.updates.ms,1788305560785000000,1788305620784000000,0
workspaceModel.mutableEntityStorage.collect.changes.ms,1788305560785000000,1788305620784000000,0
workspaceModel.moduleManagerBridge.get.modules.ms,1788305560785000000,1788305620784000000,0
jps.global.get.library.ms,1788305560785000000,1788305620784000000,0
workspaceModel.moduleBridge.before.changed.ms,1788305560785000000,1788305620784000000,0
workspaceModel.load.cache.metadata.from.file.ms,1788305560785000000,1788305620784000000,0
workspaceModel.moduleManagerBridge.create.module.instance.ms,1788305560785000000,1788305620784000000,0
workspaceModel.moduleManagerBridge.build.module.graph.ms,1788305560785000000,1788305620784000000,0
workspaceModel.mutableEntityStorage.entities.ms,1788305560785000000,1788305620784000000,0
workspaceModel.mutableEntityStorage.modify.entity.ms,1788305560785000000,1788305620784000000,0
jps.global.get.library.by.name.ms,1788305560785000000,1788305620784000000,0
FilePageCache.maxCacheSizeInBytes,1788305560785000000,1788305620784000000,231751680
FilePageCacheLockFree.totalPagesAllocated,1788305560785000000,1788305620784000000,0
FilePageCache.pageLoadsAboveSizeThreshold,1788305560785000000,1788305620784000000,0
StorageLockContext.competingThreads.avg,1788305560785000000,1788305620784000000,0.0
MappedFileStorage.storages,1788305560785000000,1788305620784000000,15
FilePageCacheLockFree.totalPagesWritten,1788305560785000000,1788305620784000000,0
FilePageCacheLockFree.housekeeperTurnsSkipped,1788305560785000000,1788305620784000000,0
FilePageCacheLockFree.totalPagesRequestsMs,1788305560785000000,1788305620784000000,0
FilePageCacheLockFree.totalHeapBytesReclaimed,1788305560785000000,1788305620784000000,0
FilePageCache.pageHits,1788305560785000000,1788305620784000000,0
StreamlinedBlobStorage.recordsAllocated,1788305560785000000,1788305620784000000,0
MappedFileStorage.totalBytesMapped,1788305560785000000,1788305620784000000,198443008
FilePageCacheLockFree.totalPageAllocationsWaited,1788305560785000000,1788305620784000000,0
FilePageCache.uncachedFileAccess,1788305560785000000,1788305620784000000,0
StorageLockContext.competingThreads.max,1788305560785000000,1788305620784000000,0
FilePageCacheLockFree.totalBytesWritten,1788305560785000000,1788305620784000000,0
FilePageCacheLockFree.totalClosedStoragesReclaimed,1788305560785000000,1788305620784000000,0
FilePageCacheLockFree.totalPagesRequested,1788305560785000000,1788305620784000000,0
StreamlinedBlobStorage.totalLiveRecordsCapacityBytes,1788305560785000000,1788305620784000000,0
FilePageCacheLockFree.totalHeapBytesAllocated,1788305560785000000,1788305620784000000,0
FilePageCacheLockFree.heapBytesInUse,1788305560785000000,1788305620784000000,0
FilePageCache.totalPageDisposalsUs,1788305560785000000,1788305620784000000,0
FilePageCacheLockFree.totalPagesReclaimed,1788305560785000000,1788305620784000000,0
DirectByteBufferAllocator.totalSizeOfBuffersAllocatedInBytes,1788305560785000000,1788305620784000000,231751680
FilePageCacheLockFree.nativeBytesInUse,1788305560785000000,1788305620784000000,0
FilePageCacheLockFree.housekeeperTurnsDone,1788305560785000000,1788305620784000000,0
FilePageCache.totalPageLoadsUs,1788305560785000000,1788305620784000000,0
FilePageCacheLockFree.totalPagesWriteMs,1788305560785000000,1788305620784000000,0
StorageLockContext.competingThreads.90P,1788305560785000000,1788305620784000000,0
FilePageCache.capacityInBytes,1788305560785000000,1788305620784000000,503316478
DirectByteBufferAllocator.reclaimed,1788305560785000000,1788305620784000000,0
DirectByteBufferAllocator.disposed,1788305560785000000,1788305620784000000,0
FileChannelInterruptsRetryer.totalRetriedAttempts,1788305560785000000,1788305620784000000,0
FilePageCacheLockFree.totalPagesHandedOver,1788305560785000000,1788305620784000000,0
FilePageCache.pageFastCacheHits,1788305560785000000,1788305620784000000,0
FilePageCache.pageLoads,1788305560785000000,1788305620784000000,0
FilePageCacheLockFree.housekeeperTimeSpentMs,1788305560785000000,1788305620784000000,0
FilePageCacheLockFree.totalPagesReadMs,1788305560785000000,1788305620784000000,0
DirectByteBufferAllocator.hits,1788305560785000000,1788305620784000000,0
FilePageCacheLockFree.totalBytesRequested,1788305560785000000,1788305620784000000,0
FilePageCacheLockFree.totalNativeBytesAllocated,1788305560785000000,1788305620784000000,0
FilePageCache.disposedBuffers,1788305560785000000,1788305620784000000,0
DirectByteBufferAllocator.misses,1788305560785000000,1788305620784000000,0
StreamlinedBlobStorage.recordsDeleted,1788305560785000000,1788305620784000000,0
FilePageCacheLockFree.totalBytesRead,1788305560785000000,1788305620784000000,0
FilePageCache.maxRegisteredFiles,1788305560785000000,1788305620784000000,555
DirectByteBufferAllocator.totalSizeOfBuffersCachedInBytes,1788305560785000000,1788305620784000000,0
MappedFileStorage.totalPagesMapped,1788305560785000000,1788305620784000000,15
FilePageCacheLockFree.totalNativeBytesReclaimed,1788305560785000000,1788305620784000000,0
StreamlinedBlobStorage.totalLiveRecordsPayloadBytes,1788305560785000000,1788305620784000000,0
StreamlinedBlobStorage.recordsRelocated,1788305560785000000,1788305620784000000,0
MappedFileStorage.totalTimeSpentOnMappingUs,1788305560785000000,1788305620784000000,10166
VFS.fileChildByName,1788305560785000000,1788305620784000000,0
VFS.invertedFileNameIndex.requests,1788305560785000000,1788305620784000000,0
VFS.fileByIdCache.misses,1788305560785000000,1788305620784000000,0
FileNameCache.queries,1788305560785000000,1788305620784000000,0
VFS.fileByIdCache.hits,1788305560785000000,1788305620784000000,0
FileNameCache.totalMisses,1788305560785000000,1788305620784000000,0
workspaceModel.workspaceFileIndexData.processFileSets.ms,1788305560785000000,1788305620784000000,0
workspaceModel.workspaceFileIndexData.updateDirtyEntities.ms,1788305560785000000,1788305620784000000,0
workspaceModel.entityStorageSnapshotImpl.instances.count,1788305560785000000,1788305620784000000,0
workspaceModel.cachedValueWithParameters.calculated.ms,1788305560785000000,1788305620784000000,0
workspaceModel.cachedValueWithParameters.from.cache.ms,1788305560785000000,1788305620784000000,0
workspaceModel.workspaceFileIndexData.getDirectoriesByPackageName.ms,1788305560785000000,1788305620784000000,0
workspaceModel.workspaceFileIndexData.getPackageName.ms,1788305560785000000,1788305620784000000,0
workspaceModel.cachedValue.clear.ms,1788305560785000000,1788305620784000000,0
workspaceModel.check.recursive.update.ms,1788305560785000000,1788305620784000000,0
workspaceModel.loading.from.cache.ms,1788305560785000000,1788305620784000000,0
workspaceModel.workspaceFileIndexData.getFileInfo.ms,1788305560785000000,1788305620784000000,0
workspaceModel.workspaceFileIndexData.visitFileSets.ms,1788305560785000000,1788305620784000000,0
workspaceModel.cachedValue.from.cache.ms,1788305560785000000,1788305620784000000,0
workspaceModel.loading.total.ms,1788305560785000000,1788305620784000000,0
workspaceModel.updates.ms,1788305560785000000,1788305620784000000,0
workspaceModel.cachedValue.total.get.ms,1788305560785000000,1788305620784000000,0
workspaceModel.init.bridges.ms,1788305560785000000,1788305620784000000,0
workspaceModel.full.replace.project.model.ms,1788305560785000000,1788305620784000000,0
workspaceModel.workspaceFileIndexData.instances.count,1788305560785000000,1788305620784000000,0
workspaceModel.update.unloaded.entities.ms,1788305560785000000,1788305620784000000,0
workspaceModel.updates.count,1788305560785000000,1788305620784000000,0
workspaceModel.pre.handlers.ms,1788305560785000000,1788305620784000000,0
workspaceModel.cachedValueWithParameters.clear.ms,1788305560785000000,1788305620784000000,0
workspaceModel.collect.changes.ms,1788305560785000000,1788305620784000000,0
workspaceModel.workspaceFileIndexData.init.ms,1788305560785000000,1788305620784000000,0
workspaceModel.workspaceFileIndexData.markDirty.ms,1788305560785000000,1788305620784000000,0
workspaceModel.cachedValueWithParameters.total.get.ms,1788305560785000000,1788305620784000000,0
workspaceModel.to.snapshot.ms,1788305560785000000,1788305620784000000,0
workspaceModel.updates.precise.ms,1788305560785000000,1788305620784000000,0
workspaceModel.initializing.ms,1788305560785000000,1788305620784000000,0
workspaceModel.cachedValue.calculated.ms,1788305560785000000,1788305620784000000,0
workspaceModel.replace.project.model.ms,1788305560785000000,1788305620784000000,0
workspaceModel.workspaceFileIndexData.onEntitiesChanged.ms,1788305560785000000,1788305620784000000,0
workspaceModel.workspaceFileIndexContributor.registerFileSets.ms,1788305560785000000,1788305620784000000,0
Indexes.stubs.lookupDuration90PMs,1788305560785000000,1788305620784000000,0.0
Indexes.entries.lookupDurationMaxMs,1788305560785000000,1788305620784000000,0.0
Indexes.stubs.lookups,1788305560785000000,1788305620784000000,0.0
IndexesFlusher.totalFlushes,1788305560785000000,1788305620784000000,58
Indexes.entries.lookupDurationAvgMs,1788305560785000000,1788305620784000000,0.0
Indexes.allKeys.lookups,1788305560785000000,1788305620784000000,0.0
Indexes.allKeys.lookupDurationAvgMs,1788305560785000000,1788305620784000000,0.0
IndexesFlusher.totalFlushesRetried,1788305560785000000,1788305620784000000,0
IndexesFlusher.totalFlushingTimeUs,1788305560785000000,1788305620784000000,274970
Indexes.entries.lookupDuration90PMs,1788305560785000000,1788305620784000000,0.0
Indexes.allKeys.lookupDurationMaxMs,1788305560785000000,1788305620784000000,0.0
Indexes.stubs.lookupDurationMaxMs,1788305560785000000,1788305620784000000,0.0
Indexes.stubs.lookupDurationAvgMs,1788305560785000000,1788305620784000000,0.0
Indexes.entries.lookups,1788305560785000000,1788305620784000000,0.0
IndexesFlusher.totalContentionQuotaSpent,1788305560785000000,1788305620784000000,0
Indexes.allKeys.lookupDuration90PMs,1788305560785000000,1788305620784000000,0.0
compiler.ArtifactManagerBridge.addArtifact.ms,1788305560785000000,1788305620784000000,0
compiler.ArtifactManagerBridge.initBridges.ms,1788305560785000000,1788305620784000000,0
compiler.ArtifactManagerBridge.getArtifacts.ms,1788305560785000000,1788305620784000000,0
compiler.ArtifactManagerBridge.findArtifact.ms,1788305560785000000,1788305620784000000,0
compiler.ArtifactVirtualFileListener.propertyChanged.ms,1788305560785000000,1788305620784000000,0
compiler.ArtifactVirtualFileListener.filePathChanged.ms,1788305560785000000,1788305620784000000,0
compiler.ArtifactManagerBridge.dropMappings.ms,1788305560785000000,1788305620784000000,0
compiler.ArtifactManagerBridge.commit.ms,1788305560785000000,1788305620784000000,0
compiler.ArtifactManagerBridge.getArtifactsByType.ms,1788305560785000000,1788305620784000000,0
cacheStateStorage.get.counter,1788305560785000000,1788305620784000000,0
cacheStateStorage.get.duration,1788305560785000000,1788305620784000000,0
cacheStateStorage.set.counter,1788305560785000000,1788305620784000000,0
cacheStateStorage.set.duration,1788305560785000000,1788305620784000000,0
JVM.maxHeapBytes,1788305560785000000,1788305620784000000,2147483648
JVM.GC.collections,1788305560785000000,1788305620784000000,1
JVM.totalDirectByteBuffersBytes,1788305560785000000,1788305620784000000,233287080
JVM.maxThreadCount,1788305560785000000,1788305620784000000,178
JVM.usedHeapBytes,1788305560785000000,1788305620784000000,205932896
JVM.newThreadsCount,1788305560785000000,1788305620784000000,0
JVM.usedNativeBytes,1788305560785000000,1788305620784000000,278223944
JVM.totalCpuTimeMs,1788305560785000000,1788305620784000000,1587
JVM.totalBytesAllocated,1788305560785000000,1788305620784000000,10250720
JVM.GC.collectionTimesMs,1788305560785000000,1788305620784000000,8
OS.loadAverage,1788305560785000000,1788305620784000000,1.56982421875
JVM.threadCount,1788305560785000000,1788305620784000000,51
writeAction.count,1788305620784000000,1788306605593000000,0
writeAction.median.wait.ms,1788305620784000000,1788306605593000000,0
writeAction.max.wait.ms,1788305620784000000,1788306605593000000,6
writeAction.wait.ms,1788305620784000000,1788306605593000000,0
AWTEventQueue.dispatchTime90PNs,1788305620784000000,1788306605593000000,219135
FlushQueue.executionTimeAvgNs,1788305620784000000,1788306605593000000,58677.512605042015
AWTEventQueue.dispatchTimeTotalNS,1788305620784000000,1788306605593000000,50307066
FlushQueue.waitingTime90PNs,1788305620784000000,1788306605593000000,307199
AWTEventQueue.dispatchTimeAvgNs,1788305620784000000,1788306605593000000,211291.15966386555
FlushQueue.queueSizeAvg,1788305620784000000,1788306605593000000,0.04201680672268908
ReadAction.executionsCount,1788305620784000000,1788306605593000000,26
FlushQueue.queueSizeMax,1788305620784000000,1788306605593000000,1
NonBlockingReadAction.failedExecutionsCount,1788305620784000000,1788306605593000000,0
AWTEventQueue.eventsDispatched,1788305620784000000,1788306605593000000,238
NonBlockingReadAction.finalizedExecutionTimeUs,1788305620784000000,1788306605593000000,6871
FlushQueue.queueSize90P,1788305620784000000,1788306605593000000,0
FlushQueue.waitingTimeAvgNs,1788305620784000000,1788306605593000000,256095.73109243697
NonBlockingReadAction.failedExecutionTimeUs,1788305620784000000,1788306605593000000,0
AWTEventQueue.dispatchTimeMaxNs,1788305620784000000,1788306605593000000,9633791
NonBlockingReadAction.finalizedExecutionsCount,1788305620784000000,1788306605593000000,3
WriteAction.executionsCount,1788305620784000000,1788306605593000000,0
FlushQueue.executionTime90PNs,1788305620784000000,1788306605593000000,72703
FlushQueue.tasksExecuted,1788305620784000000,1788306605593000000,119
FlushQueue.waitingTimeMaxNs,1788305620784000000,1788306605593000000,1376255
FlushQueue.executionTimeMaxNs,1788305620784000000,1788306605593000000,1425407
workspaceModel.global.updates.count,1788305620784000000,1788306605593000000,0
jps.library.entities.serializer.load.entities.ms,1788305620784000000,1788306605593000000,0
workspaceModel.global.apply.state.to.project.builder.ms,1788305620784000000,1788306605593000000,0
workspaceModel.moduleBridge.facet.initialization.ms,1788305620784000000,1788306605593000000,0
workspaceModel.orphan.listener.update.ms,1788305620784000000,1788306605593000000,0
workspaceModel.mutableEntityStorage.put.entity.ms,1788305620784000000,1788306605593000000,0
workspaceModel.mutableEntityStorage.mutable.vfurl.index.ms,1788305620784000000,1788306605593000000,0
jps.app.storage.content.reader.load.component.ms,1788305620784000000,1788306605593000000,0
workspaceModel.moduleManagerBridge.load.module.ms,1788305620784000000,1788306605593000000,0
workspaceModel.moduleManagerBridge.new.nonPersistent.module.ms,1788305620784000000,1788306605593000000,0
workspaceModel.mutableEntityStorage.apply.changes.from.ms,1788305620784000000,1788306605593000000,0
workspaceModel.do.save.caches.ms,1788305620784000000,1788306605593000000,0
workspaceModel.mutableEntityStorage.entities.by.source.ms,1788305620784000000,1788306605593000000,0
jps.load.initial.state.ms,1788305620784000000,1788306605593000000,0
jps.module.iml.entities.serializer.save.entities.ms,1788305620784000000,1788306605593000000,0
workspaceModel.mutableEntityStorage.instances.count,1788305620784000000,1788306605593000000,0
jps.artifact.entities.serializer.save.entities.ms,1788305620784000000,1788306605593000000,0
workspaceModel.moduleBridge.update.option.ms,1788305620784000000,1788306605593000000,0
jps.global.handle.before.change.events.ms,1788305620784000000,1788306605593000000,0
workspaceModel.delayed.project.synchronizer.sync.ms,1788305620784000000,1788306605593000000,0
workspaceModel.moduleManagerBridge.set.unloadedModules.ms,1788305620784000000,1788306605593000000,0
jps.facet.change.listener.init.bridge.ms,1788305620784000000,1788306605593000000,0
jps.project.serializers.load.ms,1788305620784000000,1788306605593000000,0
jps.global.initialize.library.bridges.after.loading.ms,1788305620784000000,1788306605593000000,0
jps.reload.project.entities.ms,1788305620784000000,1788306605593000000,0
workspaceModel.mutableEntityStorage.resolve.ms,1788305620784000000,1788306605593000000,0
jps.save.changed.project.entities.ms,1788305620784000000,1788306605593000000,0
workspaceModel.global.apply.state.to.project.ms,1788305620784000000,1788306605593000000,0
jps.facet.change.listener.before.change.events.ms,1788305620784000000,1788306605593000000,0
jps.global.get.libraries.ms,1788305620784000000,1788306605593000000,0
workspaceModel.moduleBridgeLoader.loading.modules.ms,1788305620784000000,1788306605593000000,0
workspaceModel.mutableEntityStorage.has.same.entities.ms,1788305620784000000,1788306605593000000,0
workspaceModel.mutableEntityStorage.replace.by.source.ms,1788305620784000000,1788306605593000000,0
jps.global.initialize.library.bridges.ms,1788305620784000000,1788306605593000000,0
workspaceModel.mutableEntityStorage.remove.entity.ms,1788305620784000000,1788306605593000000,0
workspaceModel.moduleManagerBridge.newModule.ms,1788305620784000000,1788306605593000000,0
jps.facet.change.listener.process.change.events.ms,1788305620784000000,1788306605593000000,0
workspaceModel.load.cache.from.file.ms,1788305620784000000,1788306605593000000,0
workspaceModel.sync.entities.ms,1788305620784000000,1788306605593000000,0
jps.library.entities.serializer.save.entities.ms,1788305620784000000,1788306605593000000,0
jps.global.handle.changed.events.ms,1788305620784000000,1788306605593000000,0
workspaceModel.moduleManagerBridge.load.all.modules.ms,1788305620784000000,1788306605593000000,0
jps.apply.loaded.storage.ms,1788305620784000000,1788306605593000000,0
jps.module.iml.entities.serializer.load.entities.ms,1788305620784000000,1788306605593000000,0
jps.save.global.entities.ms,1788305620784000000,1788306605593000000,0
workspaceModel.mutableEntityStorage.to.snapshot.ms,1788305620784000000,1788306605593000000,0
workspaceModel.mutableEntityStorage.mutable.ext.mapping.ms,1788305620784000000,1788306605593000000,0
jps.project.serializers.save.ms,1788305620784000000,1788306605593000000,0
workspaceModel.mutableEntityStorage.referrers.ms,1788305620784000000,1788306605593000000,0
workspaceModel.mutableEntityStorage.add.entity.ms,1788305620784000000,1788306605593000000,0
jps.load.project.to.empty.storage.ms,1788305620784000000,1788306605593000000,0
workspaceModel.save.cache.to.file.ms,1788305620784000000,1788306605593000000,0
jps.storage.jps.conf.reader.load.component.ms,1788305620784000000,1788306605593000000,0
jps.artifact.entities.serializer.load.entities.ms,1788305620784000000,1788306605593000000,0
workspaceModel.global.updates.ms,1788305620784000000,1788306605593000000,0
workspaceModel.mutableEntityStorage.collect.changes.ms,1788305620784000000,1788306605593000000,0
workspaceModel.moduleManagerBridge.get.modules.ms,1788305620784000000,1788306605593000000,0
jps.global.get.library.ms,1788305620784000000,1788306605593000000,0
workspaceModel.moduleBridge.before.changed.ms,1788305620784000000,1788306605593000000,0
workspaceModel.load.cache.metadata.from.file.ms,1788305620784000000,1788306605593000000,0
workspaceModel.moduleManagerBridge.create.module.instance.ms,1788305620784000000,1788306605593000000,0
workspaceModel.moduleManagerBridge.build.module.graph.ms,1788305620784000000,1788306605593000000,0
workspaceModel.mutableEntityStorage.entities.ms,1788305620784000000,1788306605593000000,0
workspaceModel.mutableEntityStorage.modify.entity.ms,1788305620784000000,1788306605593000000,0
jps.global.get.library.by.name.ms,1788305620784000000,1788306605593000000,0
FilePageCache.maxCacheSizeInBytes,1788305620784000000,1788306605593000000,231751680
FilePageCacheLockFree.totalPagesAllocated,1788305620784000000,1788306605593000000,0
FilePageCache.pageLoadsAboveSizeThreshold,1788305620784000000,1788306605593000000,0
StorageLockContext.competingThreads.avg,1788305620784000000,1788306605593000000,0.008547008547008548
MappedFileStorage.storages,1788305620784000000,1788306605593000000,15
FilePageCacheLockFree.totalPagesWritten,1788305620784000000,1788306605593000000,0
FilePageCacheLockFree.housekeeperTurnsSkipped,1788305620784000000,1788306605593000000,0
FilePageCacheLockFree.totalPagesRequestsMs,1788305620784000000,1788306605593000000,0
FilePageCacheLockFree.totalHeapBytesReclaimed,1788305620784000000,1788306605593000000,0
FilePageCache.pageHits,1788305620784000000,1788306605593000000,0
StreamlinedBlobStorage.recordsAllocated,1788305620784000000,1788306605593000000,0
MappedFileStorage.totalBytesMapped,1788305620784000000,1788306605593000000,198443008
FilePageCacheLockFree.totalPageAllocationsWaited,1788305620784000000,1788306605593000000,0
FilePageCache.uncachedFileAccess,1788305620784000000,1788306605593000000,0
StorageLockContext.competingThreads.max,1788305620784000000,1788306605593000000,1
FilePageCacheLockFree.totalBytesWritten,1788305620784000000,1788306605593000000,0
FilePageCacheLockFree.totalClosedStoragesReclaimed,1788305620784000000,1788306605593000000,0
FilePageCacheLockFree.totalPagesRequested,1788305620784000000,1788306605593000000,0
StreamlinedBlobStorage.totalLiveRecordsCapacityBytes,1788305620784000000,1788306605593000000,0
FilePageCacheLockFree.totalHeapBytesAllocated,1788305620784000000,1788306605593000000,0
FilePageCacheLockFree.heapBytesInUse,1788305620784000000,1788306605593000000,0
FilePageCache.totalPageDisposalsUs,1788305620784000000,1788306605593000000,0
FilePageCacheLockFree.totalPagesReclaimed,1788305620784000000,1788306605593000000,0
DirectByteBufferAllocator.totalSizeOfBuffersAllocatedInBytes,1788305620784000000,1788306605593000000,231751680
FilePageCacheLockFree.nativeBytesInUse,1788305620784000000,1788306605593000000,0
FilePageCacheLockFree.housekeeperTurnsDone,1788305620784000000,1788306605593000000,0
FilePageCache.totalPageLoadsUs,1788305620784000000,1788306605593000000,0
FilePageCacheLockFree.totalPagesWriteMs,1788305620784000000,1788306605593000000,0
StorageLockContext.competingThreads.90P,1788305620784000000,1788306605593000000,0
FilePageCache.capacityInBytes,1788305620784000000,1788306605593000000,503316478
DirectByteBufferAllocator.reclaimed,1788305620784000000,1788306605593000000,0
DirectByteBufferAllocator.disposed,1788305620784000000,1788306605593000000,0
FileChannelInterruptsRetryer.totalRetriedAttempts,1788305620784000000,1788306605593000000,0
FilePageCacheLockFree.totalPagesHandedOver,1788305620784000000,1788306605593000000,0
FilePageCache.pageFastCacheHits,1788305620784000000,1788306605593000000,0
FilePageCache.pageLoads,1788305620784000000,1788306605593000000,0
FilePageCacheLockFree.housekeeperTimeSpentMs,1788305620784000000,1788306605593000000,0
FilePageCacheLockFree.totalPagesReadMs,1788305620784000000,1788306605593000000,0
DirectByteBufferAllocator.hits,1788305620784000000,1788306605593000000,0
FilePageCacheLockFree.totalBytesRequested,1788305620784000000,1788306605593000000,0
FilePageCacheLockFree.totalNativeBytesAllocated,1788305620784000000,1788306605593000000,0
FilePageCache.disposedBuffers,1788305620784000000,1788306605593000000,0
DirectByteBufferAllocator.misses,1788305620784000000,1788306605593000000,0
StreamlinedBlobStorage.recordsDeleted,1788305620784000000,1788306605593000000,0
FilePageCacheLockFree.totalBytesRead,1788305620784000000,1788306605593000000,0
FilePageCache.maxRegisteredFiles,1788305620784000000,1788306605593000000,555
DirectByteBufferAllocator.totalSizeOfBuffersCachedInBytes,1788305620784000000,1788306605593000000,0
MappedFileStorage.totalPagesMapped,1788305620784000000,1788306605593000000,15
FilePageCacheLockFree.totalNativeBytesReclaimed,1788305620784000000,1788306605593000000,0
StreamlinedBlobStorage.totalLiveRecordsPayloadBytes,1788305620784000000,1788306605593000000,0
StreamlinedBlobStorage.recordsRelocated,1788305620784000000,1788306605593000000,0
MappedFileStorage.totalTimeSpentOnMappingUs,1788305620784000000,1788306605593000000,10166
VFS.fileChildByName,1788305620784000000,1788306605593000000,29
VFS.invertedFileNameIndex.requests,1788305620784000000,1788306605593000000,0
VFS.fileByIdCache.misses,1788305620784000000,1788306605593000000,0
FileNameCache.queries,1788305620784000000,1788306605593000000,576
VFS.fileByIdCache.hits,1788305620784000000,1788306605593000000,0
FileNameCache.totalMisses,1788305620784000000,1788306605593000000,0
workspaceModel.workspaceFileIndexData.processFileSets.ms,1788305620784000000,1788306605593000000,0
workspaceModel.workspaceFileIndexData.updateDirtyEntities.ms,1788305620784000000,1788306605593000000,0
workspaceModel.entityStorageSnapshotImpl.instances.count,1788305620784000000,1788306605593000000,0
workspaceModel.cachedValueWithParameters.calculated.ms,1788305620784000000,1788306605593000000,0
workspaceModel.cachedValueWithParameters.from.cache.ms,1788305620784000000,1788306605593000000,0
workspaceModel.workspaceFileIndexData.getDirectoriesByPackageName.ms,1788305620784000000,1788306605593000000,0
workspaceModel.workspaceFileIndexData.getPackageName.ms,1788305620784000000,1788306605593000000,0
workspaceModel.cachedValue.clear.ms,1788305620784000000,1788306605593000000,0
workspaceModel.check.recursive.update.ms,1788305620784000000,1788306605593000000,0
workspaceModel.loading.from.cache.ms,1788305620784000000,1788306605593000000,0
workspaceModel.workspaceFileIndexData.getFileInfo.ms,1788305620784000000,1788306605593000000,0
workspaceModel.workspaceFileIndexData.visitFileSets.ms,1788305620784000000,1788306605593000000,0
workspaceModel.cachedValue.from.cache.ms,1788305620784000000,1788306605593000000,0
workspaceModel.loading.total.ms,1788305620784000000,1788306605593000000,0
workspaceModel.updates.ms,1788305620784000000,1788306605593000000,0
workspaceModel.cachedValue.total.get.ms,1788305620784000000,1788306605593000000,0
workspaceModel.init.bridges.ms,1788305620784000000,1788306605593000000,0
workspaceModel.full.replace.project.model.ms,1788305620784000000,1788306605593000000,0
workspaceModel.workspaceFileIndexData.instances.count,1788305620784000000,1788306605593000000,0
workspaceModel.update.unloaded.entities.ms,1788305620784000000,1788306605593000000,0
workspaceModel.updates.count,1788305620784000000,1788306605593000000,0
workspaceModel.pre.handlers.ms,1788305620784000000,1788306605593000000,0
workspaceModel.cachedValueWithParameters.clear.ms,1788305620784000000,1788306605593000000,0
workspaceModel.collect.changes.ms,1788305620784000000,1788306605593000000,0
workspaceModel.workspaceFileIndexData.init.ms,1788305620784000000,1788306605593000000,0
workspaceModel.workspaceFileIndexData.markDirty.ms,1788305620784000000,1788306605593000000,0
workspaceModel.cachedValueWithParameters.total.get.ms,1788305620784000000,1788306605593000000,0
workspaceModel.to.snapshot.ms,1788305620784000000,1788306605593000000,0
workspaceModel.updates.precise.ms,1788305620784000000,1788306605593000000,0
workspaceModel.initializing.ms,1788305620784000000,1788306605593000000,0
workspaceModel.cachedValue.calculated.ms,1788305620784000000,1788306605593000000,0
workspaceModel.replace.project.model.ms,1788305620784000000,1788306605593000000,0
workspaceModel.workspaceFileIndexData.onEntitiesChanged.ms,1788305620784000000,1788306605593000000,0
workspaceModel.workspaceFileIndexContributor.registerFileSets.ms,1788305620784000000,1788306605593000000,0
Indexes.stubs.lookupDuration90PMs,1788305620784000000,1788306605593000000,0.0
Indexes.entries.lookupDurationMaxMs,1788305620784000000,1788306605593000000,0.0
Indexes.stubs.lookups,1788305620784000000,1788306605593000000,0.0
IndexesFlusher.totalFlushes,1788305620784000000,1788306605593000000,57
Indexes.entries.lookupDurationAvgMs,1788305620784000000,1788306605593000000,0.0
Indexes.allKeys.lookups,1788305620784000000,1788306605593000000,0.0
Indexes.allKeys.lookupDurationAvgMs,1788305620784000000,1788306605593000000,0.0
IndexesFlusher.totalFlushesRetried,1788305620784000000,1788306605593000000,0
IndexesFlusher.totalFlushingTimeUs,1788305620784000000,1788306605593000000,276434
Indexes.entries.lookupDuration90PMs,1788305620784000000,1788306605593000000,0.0
Indexes.allKeys.lookupDurationMaxMs,1788305620784000000,1788306605593000000,0.0
Indexes.stubs.lookupDurationMaxMs,1788305620784000000,1788306605593000000,0.0
Indexes.stubs.lookupDurationAvgMs,1788305620784000000,1788306605593000000,0.0
Indexes.entries.lookups,1788305620784000000,1788306605593000000,0.0
IndexesFlusher.totalContentionQuotaSpent,1788305620784000000,1788306605593000000,0
Indexes.allKeys.lookupDuration90PMs,1788305620784000000,1788306605593000000,0.0
compiler.ArtifactManagerBridge.addArtifact.ms,1788305620784000000,1788306605593000000,0
compiler.ArtifactManagerBridge.initBridges.ms,1788305620784000000,1788306605593000000,0
compiler.ArtifactManagerBridge.getArtifacts.ms,1788305620784000000,1788306605593000000,0
compiler.ArtifactManagerBridge.findArtifact.ms,1788305620784000000,1788306605593000000,0
compiler.ArtifactVirtualFileListener.propertyChanged.ms,1788305620784000000,1788306605593000000,0
compiler.ArtifactVirtualFileListener.filePathChanged.ms,1788305620784000000,1788306605593000000,0
compiler.ArtifactManagerBridge.dropMappings.ms,1788305620784000000,1788306605593000000,0
compiler.ArtifactManagerBridge.commit.ms,1788305620784000000,1788306605593000000,0
compiler.ArtifactManagerBridge.getArtifactsByType.ms,1788305620784000000,1788306605593000000,0
cacheStateStorage.get.counter,1788305620784000000,1788306605593000000,1
cacheStateStorage.get.duration,1788305620784000000,1788306605593000000,0
cacheStateStorage.set.counter,1788305620784000000,1788306605593000000,1
cacheStateStorage.set.duration,1788305620784000000,1788306605593000000,1
JVM.maxHeapBytes,1788305620784000000,1788306605593000000,2147483648
JVM.GC.collections,1788305620784000000,1788306605593000000,0
JVM.totalDirectByteBuffersBytes,1788305620784000000,1788306605593000000,233278888
JVM.maxThreadCount,1788305620784000000,1788306605593000000,178
JVM.usedHeapBytes,1788305620784000000,1788306605593000000,217467232
JVM.newThreadsCount,1788305620784000000,1788306605593000000,1
JVM.usedNativeBytes,1788305620784000000,1788306605593000000,278625664
JVM.totalCpuTimeMs,1788305620784000000,1788306605593000000,1067
JVM.totalBytesAllocated,1788305620784000000,1788306605593000000,10945864
JVM.GC.collectionTimesMs,1788305620784000000,1788306605593000000,0
OS.loadAverage,1788305620784000000,1788306605593000000,3.576171875
JVM.threadCount,1788305620784000000,1788306605593000000,51
writeAction.count,1788306605593000000,1788307590313000000,0
writeAction.median.wait.ms,1788306605593000000,1788307590313000000,0
writeAction.max.wait.ms,1788306605593000000,1788307590313000000,6
writeAction.wait.ms,1788306605593000000,1788307590313000000,0
AWTEventQueue.dispatchTime90PNs,1788306605593000000,1788307590313000000,323583
FlushQueue.executionTimeAvgNs,1788306605593000000,1788307590313000000,98563.46666666666
AWTEventQueue.dispatchTimeTotalNS,1788306605593000000,1788307590313000000,92613705
FlushQueue.waitingTime90PNs,1788306605593000000,1788307590313000000,444415
AWTEventQueue.dispatchTimeAvgNs,1788306605593000000,1788307590313000000,385978.4
FlushQueue.queueSizeAvg,1788306605593000000,1788307590313000000,0.18333333333333332
ReadAction.executionsCount,1788306605593000000,1788307590313000000,51096
FlushQueue.queueSizeMax,1788306605593000000,1788307590313000000,1
NonBlockingReadAction.failedExecutionsCount,1788306605593000000,1788307590313000000,0
AWTEventQueue.eventsDispatched,1788306605593000000,1788307590313000000,240
NonBlockingReadAction.finalizedExecutionTimeUs,1788306605593000000,1788307590313000000,0
FlushQueue.queueSize90P,1788306605593000000,1788307590313000000,1
FlushQueue.waitingTimeAvgNs,1788306605593000000,1788307590313000000,343541.3333333333
NonBlockingReadAction.failedExecutionTimeUs,1788306605593000000,1788307590313000000,0
AWTEventQueue.dispatchTimeMaxNs,1788306605593000000,1788307590313000000,17563647
NonBlockingReadAction.finalizedExecutionsCount,1788306605593000000,1788307590313000000,0
WriteAction.executionsCount,1788306605593000000,1788307590313000000,0
FlushQueue.executionTime90PNs,1788306605593000000,1788307590313000000,103935
FlushQueue.tasksExecuted,1788306605593000000,1788307590313000000,120
FlushQueue.waitingTimeMaxNs,1788306605593000000,1788307590313000000,1482751
FlushQueue.executionTimeMaxNs,1788306605593000000,1788307590313000000,2097151
workspaceModel.global.updates.count,1788306605593000000,1788307590313000000,0
jps.library.entities.serializer.load.entities.ms,1788306605593000000,1788307590313000000,0
workspaceModel.global.apply.state.to.project.builder.ms,1788306605593000000,1788307590313000000,0
workspaceModel.moduleBridge.facet.initialization.ms,1788306605593000000,1788307590313000000,0
workspaceModel.orphan.listener.update.ms,1788306605593000000,1788307590313000000,0
workspaceModel.mutableEntityStorage.put.entity.ms,1788306605593000000,1788307590313000000,0
workspaceModel.mutableEntityStorage.mutable.vfurl.index.ms,1788306605593000000,1788307590313000000,0
jps.app.storage.content.reader.load.component.ms,1788306605593000000,1788307590313000000,0
workspaceModel.moduleManagerBridge.load.module.ms,1788306605593000000,1788307590313000000,0
workspaceModel.moduleManagerBridge.new.nonPersistent.module.ms,1788306605593000000,1788307590313000000,0
workspaceModel.mutableEntityStorage.apply.changes.from.ms,1788306605593000000,1788307590313000000,0
workspaceModel.do.save.caches.ms,1788306605593000000,1788307590313000000,0
workspaceModel.mutableEntityStorage.entities.by.source.ms,1788306605593000000,1788307590313000000,0
jps.load.initial.state.ms,1788306605593000000,1788307590313000000,0
jps.module.iml.entities.serializer.save.entities.ms,1788306605593000000,1788307590313000000,0
workspaceModel.mutableEntityStorage.instances.count,1788306605593000000,1788307590313000000,0
jps.artifact.entities.serializer.save.entities.ms,1788306605593000000,1788307590313000000,0
workspaceModel.moduleBridge.update.option.ms,1788306605593000000,1788307590313000000,0
jps.global.handle.before.change.events.ms,1788306605593000000,1788307590313000000,0
workspaceModel.delayed.project.synchronizer.sync.ms,1788306605593000000,1788307590313000000,0
workspaceModel.moduleManagerBridge.set.unloadedModules.ms,1788306605593000000,1788307590313000000,0
jps.facet.change.listener.init.bridge.ms,1788306605593000000,1788307590313000000,0
jps.project.serializers.load.ms,1788306605593000000,1788307590313000000,0
jps.global.initialize.library.bridges.after.loading.ms,1788306605593000000,1788307590313000000,0
jps.reload.project.entities.ms,1788306605593000000,1788307590313000000,0
workspaceModel.mutableEntityStorage.resolve.ms,1788306605593000000,1788307590313000000,0
jps.save.changed.project.entities.ms,1788306605593000000,1788307590313000000,0
workspaceModel.global.apply.state.to.project.ms,1788306605593000000,1788307590313000000,0
jps.facet.change.listener.before.change.events.ms,1788306605593000000,1788307590313000000,0
jps.global.get.libraries.ms,1788306605593000000,1788307590313000000,0
workspaceModel.moduleBridgeLoader.loading.modules.ms,1788306605593000000,1788307590313000000,0
workspaceModel.mutableEntityStorage.has.same.entities.ms,1788306605593000000,1788307590313000000,0
workspaceModel.mutableEntityStorage.replace.by.source.ms,1788306605593000000,1788307590313000000,0
jps.global.initialize.library.bridges.ms,1788306605593000000,1788307590313000000,0
workspaceModel.mutableEntityStorage.remove.entity.ms,1788306605593000000,1788307590313000000,0
workspaceModel.moduleManagerBridge.newModule.ms,1788306605593000000,1788307590313000000,0
jps.facet.change.listener.process.change.events.ms,1788306605593000000,1788307590313000000,0
workspaceModel.load.cache.from.file.ms,1788306605593000000,1788307590313000000,0
workspaceModel.sync.entities.ms,1788306605593000000,1788307590313000000,0
jps.library.entities.serializer.save.entities.ms,1788306605593000000,1788307590313000000,0
jps.global.handle.changed.events.ms,1788306605593000000,1788307590313000000,0
workspaceModel.moduleManagerBridge.load.all.modules.ms,1788306605593000000,1788307590313000000,0
jps.apply.loaded.storage.ms,1788306605593000000,1788307590313000000,0
jps.module.iml.entities.serializer.load.entities.ms,1788306605593000000,1788307590313000000,0
jps.save.global.entities.ms,1788306605593000000,1788307590313000000,0
workspaceModel.mutableEntityStorage.to.snapshot.ms,1788306605593000000,1788307590313000000,0
workspaceModel.mutableEntityStorage.mutable.ext.mapping.ms,1788306605593000000,1788307590313000000,0
jps.project.serializers.save.ms,1788306605593000000,1788307590313000000,0
workspaceModel.mutableEntityStorage.referrers.ms,1788306605593000000,1788307590313000000,0
workspaceModel.mutableEntityStorage.add.entity.ms,1788306605593000000,1788307590313000000,0
jps.load.project.to.empty.storage.ms,1788306605593000000,1788307590313000000,0
workspaceModel.save.cache.to.file.ms,1788306605593000000,1788307590313000000,0
jps.storage.jps.conf.reader.load.component.ms,1788306605593000000,1788307590313000000,0
jps.artifact.entities.serializer.load.entities.ms,1788306605593000000,1788307590313000000,0
workspaceModel.global.updates.ms,1788306605593000000,1788307590313000000,0
workspaceModel.mutableEntityStorage.collect.changes.ms,1788306605593000000,1788307590313000000,0
workspaceModel.moduleManagerBridge.get.modules.ms,1788306605593000000,1788307590313000000,0
jps.global.get.library.ms,1788306605593000000,1788307590313000000,0
workspaceModel.moduleBridge.before.changed.ms,1788306605593000000,1788307590313000000,0
workspaceModel.load.cache.metadata.from.file.ms,1788306605593000000,1788307590313000000,0
workspaceModel.moduleManagerBridge.create.module.instance.ms,1788306605593000000,1788307590313000000,0
workspaceModel.moduleManagerBridge.build.module.graph.ms,1788306605593000000,1788307590313000000,0
workspaceModel.mutableEntityStorage.entities.ms,1788306605593000000,1788307590313000000,0
workspaceModel.mutableEntityStorage.modify.entity.ms,1788306605593000000,1788307590313000000,0
jps.global.get.library.by.name.ms,1788306605593000000,1788307590313000000,0
FilePageCache.maxCacheSizeInBytes,1788306605593000000,1788307590313000000,231751680
FilePageCacheLockFree.totalPagesAllocated,1788306605593000000,1788307590313000000,0
FilePageCache.pageLoadsAboveSizeThreshold,1788306605593000000,1788307590313000000,0
StorageLockContext.competingThreads.avg,1788306605593000000,1788307590313000000,0.0
MappedFileStorage.storages,1788306605593000000,1788307590313000000,15
FilePageCacheLockFree.totalPagesWritten,1788306605593000000,1788307590313000000,0
FilePageCacheLockFree.housekeeperTurnsSkipped,1788306605593000000,1788307590313000000,0
FilePageCacheLockFree.totalPagesRequestsMs,1788306605593000000,1788307590313000000,0
FilePageCacheLockFree.totalHeapBytesReclaimed,1788306605593000000,1788307590313000000,0
FilePageCache.pageHits,1788306605593000000,1788307590313000000,0
StreamlinedBlobStorage.recordsAllocated,1788306605593000000,1788307590313000000,0
MappedFileStorage.totalBytesMapped,1788306605593000000,1788307590313000000,198443008
FilePageCacheLockFree.totalPageAllocationsWaited,1788306605593000000,1788307590313000000,0
FilePageCache.uncachedFileAccess,1788306605593000000,1788307590313000000,0
StorageLockContext.competingThreads.max,1788306605593000000,1788307590313000000,0
FilePageCacheLockFree.totalBytesWritten,1788306605593000000,1788307590313000000,0
FilePageCacheLockFree.totalClosedStoragesReclaimed,1788306605593000000,1788307590313000000,0
FilePageCacheLockFree.totalPagesRequested,1788306605593000000,1788307590313000000,0
StreamlinedBlobStorage.totalLiveRecordsCapacityBytes,1788306605593000000,1788307590313000000,0
FilePageCacheLockFree.totalHeapBytesAllocated,1788306605593000000,1788307590313000000,0
FilePageCacheLockFree.heapBytesInUse,1788306605593000000,1788307590313000000,0
FilePageCache.totalPageDisposalsUs,1788306605593000000,1788307590313000000,0
FilePageCacheLockFree.totalPagesReclaimed,1788306605593000000,1788307590313000000,0
DirectByteBufferAllocator.totalSizeOfBuffersAllocatedInBytes,1788306605593000000,1788307590313000000,231751680
FilePageCacheLockFree.nativeBytesInUse,1788306605593000000,1788307590313000000,0
FilePageCacheLockFree.housekeeperTurnsDone,1788306605593000000,1788307590313000000,0
FilePageCache.totalPageLoadsUs,1788306605593000000,1788307590313000000,0
FilePageCacheLockFree.totalPagesWriteMs,1788306605593000000,1788307590313000000,0
StorageLockContext.competingThreads.90P,1788306605593000000,1788307590313000000,0
FilePageCache.capacityInBytes,1788306605593000000,1788307590313000000,503316478
DirectByteBufferAllocator.reclaimed,1788306605593000000,1788307590313000000,0
DirectByteBufferAllocator.disposed,1788306605593000000,1788307590313000000,0
FileChannelInterruptsRetryer.totalRetriedAttempts,1788306605593000000,1788307590313000000,0
FilePageCacheLockFree.totalPagesHandedOver,1788306605593000000,1788307590313000000,0
FilePageCache.pageFastCacheHits,1788306605593000000,1788307590313000000,0
FilePageCache.pageLoads,1788306605593000000,1788307590313000000,0
FilePageCacheLockFree.housekeeperTimeSpentMs,1788306605593000000,1788307590313000000,0
FilePageCacheLockFree.totalPagesReadMs,1788306605593000000,1788307590313000000,0
DirectByteBufferAllocator.hits,1788306605593000000,1788307590313000000,0
FilePageCacheLockFree.totalBytesRequested,1788306605593000000,1788307590313000000,0
FilePageCacheLockFree.totalNativeBytesAllocated,1788306605593000000,1788307590313000000,0
FilePageCache.disposedBuffers,1788306605593000000,1788307590313000000,0
DirectByteBufferAllocator.misses,1788306605593000000,1788307590313000000,0
StreamlinedBlobStorage.recordsDeleted,1788306605593000000,1788307590313000000,0
FilePageCacheLockFree.totalBytesRead,1788306605593000000,1788307590313000000,0
FilePageCache.maxRegisteredFiles,1788306605593000000,1788307590313000000,555
DirectByteBufferAllocator.totalSizeOfBuffersCachedInBytes,1788306605593000000,1788307590313000000,0
MappedFileStorage.totalPagesMapped,1788306605593000000,1788307590313000000,15
FilePageCacheLockFree.totalNativeBytesReclaimed,1788306605593000000,1788307590313000000,0
StreamlinedBlobStorage.totalLiveRecordsPayloadBytes,1788306605593000000,1788307590313000000,0
StreamlinedBlobStorage.recordsRelocated,1788306605593000000,1788307590313000000,0
MappedFileStorage.totalTimeSpentOnMappingUs,1788306605593000000,1788307590313000000,10166
VFS.fileChildByName,1788306605593000000,1788307590313000000,0
VFS.invertedFileNameIndex.requests,1788306605593000000,1788307590313000000,0
VFS.fileByIdCache.misses,1788306605593000000,1788307590313000000,0
FileNameCache.queries,1788306605593000000,1788307590313000000,0
VFS.fileByIdCache.hits,1788306605593000000,1788307590313000000,0
FileNameCache.totalMisses,1788306605593000000,1788307590313000000,0
workspaceModel.workspaceFileIndexData.processFileSets.ms,1788306605593000000,1788307590313000000,0
workspaceModel.workspaceFileIndexData.updateDirtyEntities.ms,1788306605593000000,1788307590313000000,0
workspaceModel.entityStorageSnapshotImpl.instances.count,1788306605593000000,1788307590313000000,0
workspaceModel.cachedValueWithParameters.calculated.ms,1788306605593000000,1788307590313000000,0
workspaceModel.cachedValueWithParameters.from.cache.ms,1788306605593000000,1788307590313000000,0
workspaceModel.workspaceFileIndexData.getDirectoriesByPackageName.ms,1788306605593000000,1788307590313000000,0
workspaceModel.workspaceFileIndexData.getPackageName.ms,1788306605593000000,1788307590313000000,0
workspaceModel.cachedValue.clear.ms,1788306605593000000,1788307590313000000,0
workspaceModel.check.recursive.update.ms,1788306605593000000,1788307590313000000,0
workspaceModel.loading.from.cache.ms,1788306605593000000,1788307590313000000,0
workspaceModel.workspaceFileIndexData.getFileInfo.ms,1788306605593000000,1788307590313000000,0
workspaceModel.workspaceFileIndexData.visitFileSets.ms,1788306605593000000,1788307590313000000,0
workspaceModel.cachedValue.from.cache.ms,1788306605593000000,1788307590313000000,0
workspaceModel.loading.total.ms,1788306605593000000,1788307590313000000,0
workspaceModel.updates.ms,1788306605593000000,1788307590313000000,0
workspaceModel.cachedValue.total.get.ms,1788306605593000000,1788307590313000000,0
workspaceModel.init.bridges.ms,1788306605593000000,1788307590313000000,0
workspaceModel.full.replace.project.model.ms,1788306605593000000,1788307590313000000,0
workspaceModel.workspaceFileIndexData.instances.count,1788306605593000000,1788307590313000000,0
workspaceModel.update.unloaded.entities.ms,1788306605593000000,1788307590313000000,0
workspaceModel.updates.count,1788306605593000000,1788307590313000000,0
workspaceModel.pre.handlers.ms,1788306605593000000,1788307590313000000,0
workspaceModel.cachedValueWithParameters.clear.ms,1788306605593000000,1788307590313000000,0
workspaceModel.collect.changes.ms,1788306605593000000,1788307590313000000,0
workspaceModel.workspaceFileIndexData.init.ms,1788306605593000000,1788307590313000000,0
workspaceModel.workspaceFileIndexData.markDirty.ms,1788306605593000000,1788307590313000000,0
workspaceModel.cachedValueWithParameters.total.get.ms,1788306605593000000,1788307590313000000,0
workspaceModel.to.snapshot.ms,1788306605593000000,1788307590313000000,0
workspaceModel.updates.precise.ms,1788306605593000000,1788307590313000000,0
workspaceModel.initializing.ms,1788306605593000000,1788307590313000000,0
workspaceModel.cachedValue.calculated.ms,1788306605593000000,1788307590313000000,0
workspaceModel.replace.project.model.ms,1788306605593000000,1788307590313000000,0
workspaceModel.workspaceFileIndexData.onEntitiesChanged.ms,1788306605593000000,1788307590313000000,0
workspaceModel.workspaceFileIndexContributor.registerFileSets.ms,1788306605593000000,1788307590313000000,0
Indexes.stubs.lookupDuration90PMs,1788306605593000000,1788307590313000000,0.0
Indexes.entries.lookupDurationMaxMs,1788306605593000000,1788307590313000000,0.0
Indexes.stubs.lookups,1788306605593000000,1788307590313000000,0.0
IndexesFlusher.totalFlushes,1788306605593000000,1788307590313000000,57
Indexes.entries.lookupDurationAvgMs,1788306605593000000,1788307590313000000,0.0
Indexes.allKeys.lookups,1788306605593000000,1788307590313000000,0.0
Indexes.allKeys.lookupDurationAvgMs,1788306605593000000,1788307590313000000,0.0
IndexesFlusher.totalFlushesRetried,1788306605593000000,1788307590313000000,0
IndexesFlusher.totalFlushingTimeUs,1788306605593000000,1788307590313000000,473341
Indexes.entries.lookupDuration90PMs,1788306605593000000,1788307590313000000,0.0
Indexes.allKeys.lookupDurationMaxMs,1788306605593000000,1788307590313000000,0.0
Indexes.stubs.lookupDurationMaxMs,1788306605593000000,1788307590313000000,0.0
Indexes.stubs.lookupDurationAvgMs,1788306605593000000,1788307590313000000,0.0
Indexes.entries.lookups,1788306605593000000,1788307590313000000,0.0
IndexesFlusher.totalContentionQuotaSpent,1788306605593000000,1788307590313000000,0
Indexes.allKeys.lookupDuration90PMs,1788306605593000000,1788307590313000000,0.0
compiler.ArtifactManagerBridge.addArtifact.ms,1788306605593000000,1788307590313000000,0
compiler.ArtifactManagerBridge.initBridges.ms,1788306605593000000,1788307590313000000,0
compiler.ArtifactManagerBridge.getArtifacts.ms,1788306605593000000,1788307590313000000,0
compiler.ArtifactManagerBridge.findArtifact.ms,1788306605593000000,1788307590313000000,0
compiler.ArtifactVirtualFileListener.propertyChanged.ms,1788306605593000000,1788307590313000000,0
compiler.ArtifactVirtualFileListener.filePathChanged.ms,1788306605593000000,1788307590313000000,0
compiler.ArtifactManagerBridge.dropMappings.ms,1788306605593000000,1788307590313000000,0
compiler.ArtifactManagerBridge.commit.ms,1788306605593000000,1788307590313000000,0
compiler.ArtifactManagerBridge.getArtifactsByType.ms,1788306605593000000,1788307590313000000,0
cacheStateStorage.get.counter,1788306605593000000,1788307590313000000,0
cacheStateStorage.get.duration,1788306605593000000,1788307590313000000,0
cacheStateStorage.set.counter,1788306605593000000,1788307590313000000,0
cacheStateStorage.set.duration,1788306605593000000,1788307590313000000,0
JVM.maxHeapBytes,1788306605593000000,1788307590313000000,2147483648
JVM.GC.collections,1788306605593000000,1788307590313000000,0
JVM.totalDirectByteBuffersBytes,1788306605593000000,1788307590313000000,232745971
JVM.maxThreadCount,1788306605593000000,1788307590313000000,178
JVM.usedHeapBytes,1788306605593000000,1788307590313000000,367413600
JVM.newThreadsCount,1788306605593000000,1788307590313000000,1
JVM.usedNativeBytes,1788306605593000000,1788307590313000000,277273200
JVM.totalCpuTimeMs,1788306605593000000,1788307590313000000,4356
JVM.totalBytesAllocated,1788306605593000000,1788307590313000000,148573160
JVM.GC.collectionTimesMs,1788306605593000000,1788307590313000000,0
OS.loadAverage,1788306605593000000,1788307590313000000,2.49169921875
JVM.threadCount,1788306605593000000,1788307590313000000,50
writeAction.count,1788307590313000000,1788307716691000000,1
writeAction.median.wait.ms,1788307590313000000,1788307716691000000,0
writeAction.max.wait.ms,1788307590313000000,1788307716691000000,6
writeAction.wait.ms,1788307590313000000,1788307716691000000,0
AWTEventQueue.dispatchTime90PNs,1788307590313000000,1788307716691000000,647167
FlushQueue.executionTimeAvgNs,1788307590313000000,1788307716691000000,228718.5968778696
AWTEventQueue.dispatchTimeTotalNS,1788307590313000000,1788307716691000000,2160528398
FlushQueue.waitingTime90PNs,1788307590313000000,1788307716691000000,1826815
AWTEventQueue.dispatchTimeAvgNs,1788307590313000000,1788307716691000000,797267.8508674788
FlushQueue.queueSizeAvg,1788307590313000000,1788307716691000000,1.4710743801652892
ReadAction.executionsCount,1788307590313000000,1788307716691000000,8570
FlushQueue.queueSizeMax,1788307590313000000,1788307716691000000,8
NonBlockingReadAction.failedExecutionsCount,1788307590313000000,1788307716691000000,1
AWTEventQueue.eventsDispatched,1788307590313000000,1788307716691000000,2709
NonBlockingReadAction.finalizedExecutionTimeUs,1788307590313000000,1788307716691000000,23829
FlushQueue.queueSize90P,1788307590313000000,1788307716691000000,4
FlushQueue.waitingTimeAvgNs,1788307590313000000,1788307716691000000,1778623.9191919193
NonBlockingReadAction.failedExecutionTimeUs,1788307590313000000,1788307716691000000,1897
AWTEventQueue.dispatchTimeMaxNs,1788307590313000000,1788307716691000000,333447167
NonBlockingReadAction.finalizedExecutionsCount,1788307590313000000,1788307716691000000,35
WriteAction.executionsCount,1788307590313000000,1788307716691000000,1
FlushQueue.executionTime90PNs,1788307590313000000,1788307716691000000,228351
FlushQueue.tasksExecuted,1788307590313000000,1788307716691000000,1089
FlushQueue.waitingTimeMaxNs,1788307590313000000,1788307716691000000,285212671
FlushQueue.executionTimeMaxNs,1788307590313000000,1788307716691000000,46137343
workspaceModel.global.updates.count,1788307590313000000,1788307716691000000,0
jps.library.entities.serializer.load.entities.ms,1788307590313000000,1788307716691000000,0
workspaceModel.global.apply.state.to.project.builder.ms,1788307590313000000,1788307716691000000,0
workspaceModel.moduleBridge.facet.initialization.ms,1788307590313000000,1788307716691000000,0
workspaceModel.orphan.listener.update.ms,1788307590313000000,1788307716691000000,0
workspaceModel.mutableEntityStorage.put.entity.ms,1788307590313000000,1788307716691000000,0
workspaceModel.mutableEntityStorage.mutable.vfurl.index.ms,1788307590313000000,1788307716691000000,0
jps.app.storage.content.reader.load.component.ms,1788307590313000000,1788307716691000000,0
workspaceModel.moduleManagerBridge.load.module.ms,1788307590313000000,1788307716691000000,0
workspaceModel.moduleManagerBridge.new.nonPersistent.module.ms,1788307590313000000,1788307716691000000,0
workspaceModel.mutableEntityStorage.apply.changes.from.ms,1788307590313000000,1788307716691000000,0
workspaceModel.do.save.caches.ms,1788307590313000000,1788307716691000000,0
workspaceModel.mutableEntityStorage.entities.by.source.ms,1788307590313000000,1788307716691000000,0
jps.load.initial.state.ms,1788307590313000000,1788307716691000000,0
jps.module.iml.entities.serializer.save.entities.ms,1788307590313000000,1788307716691000000,0
workspaceModel.mutableEntityStorage.instances.count,1788307590313000000,1788307716691000000,0
jps.artifact.entities.serializer.save.entities.ms,1788307590313000000,1788307716691000000,0
workspaceModel.moduleBridge.update.option.ms,1788307590313000000,1788307716691000000,0
jps.global.handle.before.change.events.ms,1788307590313000000,1788307716691000000,0
workspaceModel.delayed.project.synchronizer.sync.ms,1788307590313000000,1788307716691000000,0
workspaceModel.moduleManagerBridge.set.unloadedModules.ms,1788307590313000000,1788307716691000000,0
jps.facet.change.listener.init.bridge.ms,1788307590313000000,1788307716691000000,0
jps.app.storage.content.writer.save.component.ms,1788307590313000000,1788307716691000000,1
jps.project.serializers.load.ms,1788307590313000000,1788307716691000000,0
jps.global.initialize.library.bridges.after.loading.ms,1788307590313000000,1788307716691000000,0
jps.reload.project.entities.ms,1788307590313000000,1788307716691000000,0
workspaceModel.mutableEntityStorage.resolve.ms,1788307590313000000,1788307716691000000,0
jps.save.changed.project.entities.ms,1788307590313000000,1788307716691000000,1
workspaceModel.global.apply.state.to.project.ms,1788307590313000000,1788307716691000000,0
jps.facet.change.listener.before.change.events.ms,1788307590313000000,1788307716691000000,0
jps.global.get.libraries.ms,1788307590313000000,1788307716691000000,0
workspaceModel.moduleBridgeLoader.loading.modules.ms,1788307590313000000,1788307716691000000,0
workspaceModel.mutableEntityStorage.has.same.entities.ms,1788307590313000000,1788307716691000000,0
workspaceModel.mutableEntityStorage.replace.by.source.ms,1788307590313000000,1788307716691000000,0
jps.global.initialize.library.bridges.ms,1788307590313000000,1788307716691000000,0
workspaceModel.mutableEntityStorage.remove.entity.ms,1788307590313000000,1788307716691000000,0
workspaceModel.moduleManagerBridge.newModule.ms,1788307590313000000,1788307716691000000,0
jps.facet.change.listener.process.change.events.ms,1788307590313000000,1788307716691000000,0
workspaceModel.load.cache.from.file.ms,1788307590313000000,1788307716691000000,0
workspaceModel.sync.entities.ms,1788307590313000000,1788307716691000000,0
jps.library.entities.serializer.save.entities.ms,1788307590313000000,1788307716691000000,0
jps.global.handle.changed.events.ms,1788307590313000000,1788307716691000000,0
workspaceModel.moduleManagerBridge.load.all.modules.ms,1788307590313000000,1788307716691000000,0
jps.apply.loaded.storage.ms,1788307590313000000,1788307716691000000,0
jps.module.iml.entities.serializer.load.entities.ms,1788307590313000000,1788307716691000000,0
jps.save.global.entities.ms,1788307590313000000,1788307716691000000,5
workspaceModel.mutableEntityStorage.to.snapshot.ms,1788307590313000000,1788307716691000000,0
workspaceModel.mutableEntityStorage.mutable.ext.mapping.ms,1788307590313000000,1788307716691000000,0
jps.project.serializers.save.ms,1788307590313000000,1788307716691000000,1
workspaceModel.mutableEntityStorage.referrers.ms,1788307590313000000,1788307716691000000,0
workspaceModel.mutableEntityStorage.add.entity.ms,1788307590313000000,1788307716691000000,0
jps.load.project.to.empty.storage.ms,1788307590313000000,1788307716691000000,0
workspaceModel.save.cache.to.file.ms,1788307590313000000,1788307716691000000,0
jps.storage.jps.conf.reader.load.component.ms,1788307590313000000,1788307716691000000,0
jps.artifact.entities.serializer.load.entities.ms,1788307590313000000,1788307716691000000,0
workspaceModel.global.updates.ms,1788307590313000000,1788307716691000000,0
workspaceModel.mutableEntityStorage.collect.changes.ms,1788307590313000000,1788307716691000000,0
workspaceModel.moduleManagerBridge.get.modules.ms,1788307590313000000,1788307716691000000,0
jps.global.get.library.ms,1788307590313000000,1788307716691000000,0
workspaceModel.moduleBridge.before.changed.ms,1788307590313000000,1788307716691000000,0
workspaceModel.load.cache.metadata.from.file.ms,1788307590313000000,1788307716691000000,0
workspaceModel.moduleManagerBridge.create.module.instance.ms,1788307590313000000,1788307716691000000,0
workspaceModel.moduleManagerBridge.build.module.graph.ms,1788307590313000000,1788307716691000000,0
workspaceModel.mutableEntityStorage.entities.ms,1788307590313000000,1788307716691000000,0
workspaceModel.mutableEntityStorage.modify.entity.ms,1788307590313000000,1788307716691000000,0
jps.global.get.library.by.name.ms,1788307590313000000,1788307716691000000,0
FilePageCache.maxCacheSizeInBytes,1788307590313000000,1788307716691000000,231751680
FilePageCacheLockFree.totalPagesAllocated,1788307590313000000,1788307716691000000,0
FilePageCache.pageLoadsAboveSizeThreshold,1788307590313000000,1788307716691000000,0
StorageLockContext.competingThreads.avg,1788307590313000000,1788307716691000000,0.0
MappedFileStorage.storages,1788307590313000000,1788307716691000000,15
FilePageCacheLockFree.totalPagesWritten,1788307590313000000,1788307716691000000,0
FilePageCacheLockFree.housekeeperTurnsSkipped,1788307590313000000,1788307716691000000,0
FilePageCacheLockFree.totalPagesRequestsMs,1788307590313000000,1788307716691000000,0
FilePageCacheLockFree.totalHeapBytesReclaimed,1788307590313000000,1788307716691000000,0
FilePageCache.pageHits,1788307590313000000,1788307716691000000,0
StreamlinedBlobStorage.recordsAllocated,1788307590313000000,1788307716691000000,0
MappedFileStorage.totalBytesMapped,1788307590313000000,1788307716691000000,198443008
FilePageCacheLockFree.totalPageAllocationsWaited,1788307590313000000,1788307716691000000,0
FilePageCache.uncachedFileAccess,1788307590313000000,1788307716691000000,2
StorageLockContext.competingThreads.max,1788307590313000000,1788307716691000000,0
FilePageCacheLockFree.totalBytesWritten,1788307590313000000,1788307716691000000,0
FilePageCacheLockFree.totalClosedStoragesReclaimed,1788307590313000000,1788307716691000000,0
FilePageCacheLockFree.totalPagesRequested,1788307590313000000,1788307716691000000,0
StreamlinedBlobStorage.totalLiveRecordsCapacityBytes,1788307590313000000,1788307716691000000,0
FilePageCacheLockFree.totalHeapBytesAllocated,1788307590313000000,1788307716691000000,0
FilePageCacheLockFree.heapBytesInUse,1788307590313000000,1788307716691000000,0
FilePageCache.totalPageDisposalsUs,1788307590313000000,1788307716691000000,0
FilePageCacheLockFree.totalPagesReclaimed,1788307590313000000,1788307716691000000,0
DirectByteBufferAllocator.totalSizeOfBuffersAllocatedInBytes,1788307590313000000,1788307716691000000,231751680
FilePageCacheLockFree.nativeBytesInUse,1788307590313000000,1788307716691000000,0
FilePageCacheLockFree.housekeeperTurnsDone,1788307590313000000,1788307716691000000,0
FilePageCache.totalPageLoadsUs,1788307590313000000,1788307716691000000,0
FilePageCacheLockFree.totalPagesWriteMs,1788307590313000000,1788307716691000000,0
StorageLockContext.competingThreads.90P,1788307590313000000,1788307716691000000,0
FilePageCache.capacityInBytes,1788307590313000000,1788307716691000000,503316478
DirectByteBufferAllocator.reclaimed,1788307590313000000,1788307716691000000,0
DirectByteBufferAllocator.disposed,1788307590313000000,1788307716691000000,0
FileChannelInterruptsRetryer.totalRetriedAttempts,1788307590313000000,1788307716691000000,0
FilePageCacheLockFree.totalPagesHandedOver,1788307590313000000,1788307716691000000,0
FilePageCache.pageFastCacheHits,1788307590313000000,1788307716691000000,73
FilePageCache.pageLoads,1788307590313000000,1788307716691000000,0
FilePageCacheLockFree.housekeeperTimeSpentMs,1788307590313000000,1788307716691000000,0
FilePageCacheLockFree.totalPagesReadMs,1788307590313000000,1788307716691000000,0
DirectByteBufferAllocator.hits,1788307590313000000,1788307716691000000,0
FilePageCacheLockFree.totalBytesRequested,1788307590313000000,1788307716691000000,0
FilePageCacheLockFree.totalNativeBytesAllocated,1788307590313000000,1788307716691000000,0
FilePageCache.disposedBuffers,1788307590313000000,1788307716691000000,0
DirectByteBufferAllocator.misses,1788307590313000000,1788307716691000000,0
StreamlinedBlobStorage.recordsDeleted,1788307590313000000,1788307716691000000,0
FilePageCacheLockFree.totalBytesRead,1788307590313000000,1788307716691000000,0
FilePageCache.maxRegisteredFiles,1788307590313000000,1788307716691000000,555
DirectByteBufferAllocator.totalSizeOfBuffersCachedInBytes,1788307590313000000,1788307716691000000,0
MappedFileStorage.totalPagesMapped,1788307590313000000,1788307716691000000,15
FilePageCacheLockFree.totalNativeBytesReclaimed,1788307590313000000,1788307716691000000,0
StreamlinedBlobStorage.totalLiveRecordsPayloadBytes,1788307590313000000,1788307716691000000,0
StreamlinedBlobStorage.recordsRelocated,1788307590313000000,1788307716691000000,0
MappedFileStorage.totalTimeSpentOnMappingUs,1788307590313000000,1788307716691000000,10166
VFS.fileChildByName,1788307590313000000,1788307716691000000,151
VFS.invertedFileNameIndex.requests,1788307590313000000,1788307716691000000,0
VFS.fileByIdCache.misses,1788307590313000000,1788307716691000000,0
FileNameCache.queries,1788307590313000000,1788307716691000000,3968
VFS.fileByIdCache.hits,1788307590313000000,1788307716691000000,0
FileNameCache.totalMisses,1788307590313000000,1788307716691000000,0
workspaceModel.workspaceFileIndexData.processFileSets.ms,1788307590313000000,1788307716691000000,0
workspaceModel.workspaceFileIndexData.updateDirtyEntities.ms,1788307590313000000,1788307716691000000,0
workspaceModel.entityStorageSnapshotImpl.instances.count,1788307590313000000,1788307716691000000,0
workspaceModel.cachedValueWithParameters.calculated.ms,1788307590313000000,1788307716691000000,0
workspaceModel.cachedValueWithParameters.from.cache.ms,1788307590313000000,1788307716691000000,0
workspaceModel.workspaceFileIndexData.getDirectoriesByPackageName.ms,1788307590313000000,1788307716691000000,0
workspaceModel.workspaceFileIndexData.getPackageName.ms,1788307590313000000,1788307716691000000,0
workspaceModel.cachedValue.clear.ms,1788307590313000000,1788307716691000000,0
workspaceModel.check.recursive.update.ms,1788307590313000000,1788307716691000000,0
workspaceModel.loading.from.cache.ms,1788307590313000000,1788307716691000000,0
workspaceModel.workspaceFileIndexData.getFileInfo.ms,1788307590313000000,1788307716691000000,1
workspaceModel.workspaceFileIndexData.visitFileSets.ms,1788307590313000000,1788307716691000000,0
workspaceModel.cachedValue.from.cache.ms,1788307590313000000,1788307716691000000,0
workspaceModel.loading.total.ms,1788307590313000000,1788307716691000000,0
workspaceModel.updates.ms,1788307590313000000,1788307716691000000,0
workspaceModel.cachedValue.total.get.ms,1788307590313000000,1788307716691000000,0
workspaceModel.init.bridges.ms,1788307590313000000,1788307716691000000,0
workspaceModel.full.replace.project.model.ms,1788307590313000000,1788307716691000000,0
workspaceModel.workspaceFileIndexData.instances.count,1788307590313000000,1788307716691000000,0
workspaceModel.update.unloaded.entities.ms,1788307590313000000,1788307716691000000,0
workspaceModel.updates.count,1788307590313000000,1788307716691000000,0
workspaceModel.pre.handlers.ms,1788307590313000000,1788307716691000000,0
workspaceModel.cachedValueWithParameters.clear.ms,1788307590313000000,1788307716691000000,0
workspaceModel.collect.changes.ms,1788307590313000000,1788307716691000000,0
workspaceModel.workspaceFileIndexData.init.ms,1788307590313000000,1788307716691000000,0
workspaceModel.workspaceFileIndexData.markDirty.ms,1788307590313000000,1788307716691000000,0
workspaceModel.cachedValueWithParameters.total.get.ms,1788307590313000000,1788307716691000000,0
workspaceModel.to.snapshot.ms,1788307590313000000,1788307716691000000,0
workspaceModel.updates.precise.ms,1788307590313000000,1788307716691000000,0
workspaceModel.initializing.ms,1788307590313000000,1788307716691000000,0
workspaceModel.cachedValue.calculated.ms,1788307590313000000,1788307716691000000,0
workspaceModel.replace.project.model.ms,1788307590313000000,1788307716691000000,0
workspaceModel.workspaceFileIndexData.onEntitiesChanged.ms,1788307590313000000,1788307716691000000,0
workspaceModel.workspaceFileIndexContributor.registerFileSets.ms,1788307590313000000,1788307716691000000,0
Indexes.stubs.lookupDuration90PMs,1788307590313000000,1788307716691000000,0.0
Indexes.entries.lookupDurationMaxMs,1788307590313000000,1788307716691000000,0.0
Indexes.stubs.lookups,1788307590313000000,1788307716691000000,0.0
IndexesFlusher.totalFlushes,1788307590313000000,1788307716691000000,57
Indexes.entries.lookupDurationAvgMs,1788307590313000000,1788307716691000000,0.0
Indexes.allKeys.lookups,1788307590313000000,1788307716691000000,0.0
Indexes.allKeys.lookupDurationAvgMs,1788307590313000000,1788307716691000000,0.0
IndexesFlusher.totalFlushesRetried,1788307590313000000,1788307716691000000,0
IndexesFlusher.totalFlushingTimeUs,1788307590313000000,1788307716691000000,381200
Indexes.entries.lookupDuration90PMs,1788307590313000000,1788307716691000000,0.0
Indexes.allKeys.lookupDurationMaxMs,1788307590313000000,1788307716691000000,0.0
Indexes.stubs.lookupDurationMaxMs,1788307590313000000,1788307716691000000,0.0
Indexes.stubs.lookupDurationAvgMs,1788307590313000000,1788307716691000000,0.0
Indexes.entries.lookups,1788307590313000000,1788307716691000000,0.0
IndexesFlusher.totalContentionQuotaSpent,1788307590313000000,1788307716691000000,0
Indexes.allKeys.lookupDuration90PMs,1788307590313000000,1788307716691000000,0.0
compiler.ArtifactManagerBridge.addArtifact.ms,1788307590313000000,1788307716691000000,0
compiler.ArtifactManagerBridge.initBridges.ms,1788307590313000000,1788307716691000000,0
compiler.ArtifactManagerBridge.getArtifacts.ms,1788307590313000000,1788307716691000000,0
compiler.ArtifactManagerBridge.findArtifact.ms,1788307590313000000,1788307716691000000,0
compiler.ArtifactVirtualFileListener.propertyChanged.ms,1788307590313000000,1788307716691000000,0
compiler.ArtifactVirtualFileListener.filePathChanged.ms,1788307590313000000,1788307716691000000,0
compiler.ArtifactManagerBridge.dropMappings.ms,1788307590313000000,1788307716691000000,0
compiler.ArtifactManagerBridge.commit.ms,1788307590313000000,1788307716691000000,0
compiler.ArtifactManagerBridge.getArtifactsByType.ms,1788307590313000000,1788307716691000000,0
cacheStateStorage.get.counter,1788307590313000000,1788307716691000000,0
cacheStateStorage.get.duration,1788307590313000000,1788307716691000000,0
cacheStateStorage.set.counter,1788307590313000000,1788307716691000000,1
cacheStateStorage.set.duration,1788307590313000000,1788307716691000000,2
JVM.maxHeapBytes,1788307590313000000,1788307716691000000,2147483648
JVM.GC.collections,1788307590313000000,1788307716691000000,1
JVM.totalDirectByteBuffersBytes,1788307590313000000,1788307716691000000,232741877
JVM.maxThreadCount,1788307590313000000,1788307716691000000,178
JVM.usedHeapBytes,1788307590313000000,1788307716691000000,233265728
JVM.newThreadsCount,1788307590313000000,1788307716691000000,16
JVM.usedNativeBytes,1788307590313000000,1788307716691000000,303081000
JVM.totalCpuTimeMs,1788307590313000000,1788307716691000000,12572
JVM.totalBytesAllocated,1788307590313000000,1788307716691000000,115844664
JVM.GC.collectionTimesMs,1788307590313000000,1788307716691000000,32
OS.loadAverage,1788307590313000000,1788307716691000000,3.337890625
JVM.threadCount,1788307590313000000,1788307716691000000,59
writeAction.count,1788307716691000000,1788307776688000000,0
writeAction.median.wait.ms,1788307716691000000,1788307776688000000,0
writeAction.max.wait.ms,1788307716691000000,1788307776688000000,6
writeAction.wait.ms,1788307716691000000,1788307776688000000,0
AWTEventQueue.dispatchTime90PNs,1788307716691000000,1788307776688000000,305151
FlushQueue.executionTimeAvgNs,1788307716691000000,1788307776688000000,85709.5632183908
AWTEventQueue.dispatchTimeTotalNS,1788307716691000000,1788307776688000000,1994543677
FlushQueue.waitingTime90PNs,1788307716691000000,1788307776688000000,1417215
AWTEventQueue.dispatchTimeAvgNs,1788307716691000000,1788307776688000000,348694.1982864137
FlushQueue.queueSizeAvg,1788307716691000000,1788307776688000000,1.5943204868154157
ReadAction.executionsCount,1788307716691000000,1788307776688000000,5667
FlushQueue.queueSizeMax,1788307716691000000,1788307776688000000,12
NonBlockingReadAction.failedExecutionsCount,1788307716691000000,1788307776688000000,0
AWTEventQueue.eventsDispatched,1788307716691000000,1788307776688000000,5719
NonBlockingReadAction.finalizedExecutionTimeUs,1788307716691000000,1788307776688000000,2171
FlushQueue.queueSize90P,1788307716691000000,1788307776688000000,5
FlushQueue.waitingTimeAvgNs,1788307716691000000,1788307776688000000,784946.9046653144
NonBlockingReadAction.failedExecutionTimeUs,1788307716691000000,1788307776688000000,0
AWTEventQueue.dispatchTimeMaxNs,1788307716691000000,1788307776688000000,98566143
NonBlockingReadAction.finalizedExecutionsCount,1788307716691000000,1788307776688000000,23
WriteAction.executionsCount,1788307716691000000,1788307776688000000,0
FlushQueue.executionTime90PNs,1788307716691000000,1788307776688000000,169983
FlushQueue.tasksExecuted,1788307716691000000,1788307776688000000,1479
FlushQueue.waitingTimeMaxNs,1788307716691000000,1788307776688000000,100663295
FlushQueue.executionTimeMaxNs,1788307716691000000,1788307776688000000,4014079
workspaceModel.global.updates.count,1788307716691000000,1788307776688000000,0
jps.library.entities.serializer.load.entities.ms,1788307716691000000,1788307776688000000,0
workspaceModel.global.apply.state.to.project.builder.ms,1788307716691000000,1788307776688000000,0
workspaceModel.moduleBridge.facet.initialization.ms,1788307716691000000,1788307776688000000,0
workspaceModel.orphan.listener.update.ms,1788307716691000000,1788307776688000000,0
workspaceModel.mutableEntityStorage.put.entity.ms,1788307716691000000,1788307776688000000,0
workspaceModel.mutableEntityStorage.mutable.vfurl.index.ms,1788307716691000000,1788307776688000000,0
jps.app.storage.content.reader.load.component.ms,1788307716691000000,1788307776688000000,0
workspaceModel.moduleManagerBridge.load.module.ms,1788307716691000000,1788307776688000000,0
workspaceModel.moduleManagerBridge.new.nonPersistent.module.ms,1788307716691000000,1788307776688000000,0
workspaceModel.mutableEntityStorage.apply.changes.from.ms,1788307716691000000,1788307776688000000,0
workspaceModel.do.save.caches.ms,1788307716691000000,1788307776688000000,0
workspaceModel.mutableEntityStorage.entities.by.source.ms,1788307716691000000,1788307776688000000,0
jps.load.initial.state.ms,1788307716691000000,1788307776688000000,0
jps.module.iml.entities.serializer.save.entities.ms,1788307716691000000,1788307776688000000,0
workspaceModel.mutableEntityStorage.instances.count,1788307716691000000,1788307776688000000,0
jps.artifact.entities.serializer.save.entities.ms,1788307716691000000,1788307776688000000,0
workspaceModel.moduleBridge.update.option.ms,1788307716691000000,1788307776688000000,0
jps.global.handle.before.change.events.ms,1788307716691000000,1788307776688000000,0
workspaceModel.delayed.project.synchronizer.sync.ms,1788307716691000000,1788307776688000000,0
workspaceModel.moduleManagerBridge.set.unloadedModules.ms,1788307716691000000,1788307776688000000,0
jps.facet.change.listener.init.bridge.ms,1788307716691000000,1788307776688000000,0
jps.app.storage.content.writer.save.component.ms,1788307716691000000,1788307776688000000,0
jps.project.serializers.load.ms,1788307716691000000,1788307776688000000,0
jps.global.initialize.library.bridges.after.loading.ms,1788307716691000000,1788307776688000000,0
jps.reload.project.entities.ms,1788307716691000000,1788307776688000000,0
workspaceModel.mutableEntityStorage.resolve.ms,1788307716691000000,1788307776688000000,0
jps.save.changed.project.entities.ms,1788307716691000000,1788307776688000000,0
workspaceModel.global.apply.state.to.project.ms,1788307716691000000,1788307776688000000,0
jps.facet.change.listener.before.change.events.ms,1788307716691000000,1788307776688000000,0
jps.global.get.libraries.ms,1788307716691000000,1788307776688000000,0
workspaceModel.moduleBridgeLoader.loading.modules.ms,1788307716691000000,1788307776688000000,0
workspaceModel.mutableEntityStorage.has.same.entities.ms,1788307716691000000,1788307776688000000,0
workspaceModel.mutableEntityStorage.replace.by.source.ms,1788307716691000000,1788307776688000000,0
jps.global.initialize.library.bridges.ms,1788307716691000000,1788307776688000000,0
workspaceModel.mutableEntityStorage.remove.entity.ms,1788307716691000000,1788307776688000000,0
workspaceModel.moduleManagerBridge.newModule.ms,1788307716691000000,1788307776688000000,0
jps.facet.change.listener.process.change.events.ms,1788307716691000000,1788307776688000000,0
workspaceModel.load.cache.from.file.ms,1788307716691000000,1788307776688000000,0
workspaceModel.sync.entities.ms,1788307716691000000,1788307776688000000,0
jps.library.entities.serializer.save.entities.ms,1788307716691000000,1788307776688000000,0
jps.global.handle.changed.events.ms,1788307716691000000,1788307776688000000,0
workspaceModel.moduleManagerBridge.load.all.modules.ms,1788307716691000000,1788307776688000000,0
jps.apply.loaded.storage.ms,1788307716691000000,1788307776688000000,0
jps.module.iml.entities.serializer.load.entities.ms,1788307716691000000,1788307776688000000,0
jps.save.global.entities.ms,1788307716691000000,1788307776688000000,3
workspaceModel.mutableEntityStorage.to.snapshot.ms,1788307716691000000,1788307776688000000,0
workspaceModel.mutableEntityStorage.mutable.ext.mapping.ms,1788307716691000000,1788307776688000000,0
jps.project.serializers.save.ms,1788307716691000000,1788307776688000000,0
workspaceModel.mutableEntityStorage.referrers.ms,1788307716691000000,1788307776688000000,0
workspaceModel.mutableEntityStorage.add.entity.ms,1788307716691000000,1788307776688000000,0
jps.load.project.to.empty.storage.ms,1788307716691000000,1788307776688000000,0
workspaceModel.save.cache.to.file.ms,1788307716691000000,1788307776688000000,0
jps.storage.jps.conf.reader.load.component.ms,1788307716691000000,1788307776688000000,0
jps.artifact.entities.serializer.load.entities.ms,1788307716691000000,1788307776688000000,0
workspaceModel.global.updates.ms,1788307716691000000,1788307776688000000,0
workspaceModel.mutableEntityStorage.collect.changes.ms,1788307716691000000,1788307776688000000,0
workspaceModel.moduleManagerBridge.get.modules.ms,1788307716691000000,1788307776688000000,0
jps.global.get.library.ms,1788307716691000000,1788307776688000000,0
workspaceModel.moduleBridge.before.changed.ms,1788307716691000000,1788307776688000000,0
workspaceModel.load.cache.metadata.from.file.ms,1788307716691000000,1788307776688000000,0
workspaceModel.moduleManagerBridge.create.module.instance.ms,1788307716691000000,1788307776688000000,0
workspaceModel.moduleManagerBridge.build.module.graph.ms,1788307716691000000,1788307776688000000,0
workspaceModel.mutableEntityStorage.entities.ms,1788307716691000000,1788307776688000000,0
workspaceModel.mutableEntityStorage.modify.entity.ms,1788307716691000000,1788307776688000000,0
jps.global.get.library.by.name.ms,1788307716691000000,1788307776688000000,0
FilePageCache.maxCacheSizeInBytes,1788307716691000000,1788307776688000000,231751680
FilePageCacheLockFree.totalPagesAllocated,1788307716691000000,1788307776688000000,0
FilePageCache.pageLoadsAboveSizeThreshold,1788307716691000000,1788307776688000000,0
StorageLockContext.competingThreads.avg,1788307716691000000,1788307776688000000,0.0
MappedFileStorage.storages,1788307716691000000,1788307776688000000,15
FilePageCacheLockFree.totalPagesWritten,1788307716691000000,1788307776688000000,0
FilePageCacheLockFree.housekeeperTurnsSkipped,1788307716691000000,1788307776688000000,0
FilePageCacheLockFree.totalPagesRequestsMs,1788307716691000000,1788307776688000000,0
FilePageCacheLockFree.totalHeapBytesReclaimed,1788307716691000000,1788307776688000000,0
FilePageCache.pageHits,1788307716691000000,1788307776688000000,0
StreamlinedBlobStorage.recordsAllocated,1788307716691000000,1788307776688000000,0
MappedFileStorage.totalBytesMapped,1788307716691000000,1788307776688000000,198443008
FilePageCacheLockFree.totalPageAllocationsWaited,1788307716691000000,1788307776688000000,0
FilePageCache.uncachedFileAccess,1788307716691000000,1788307776688000000,0
StorageLockContext.competingThreads.max,1788307716691000000,1788307776688000000,0
FilePageCacheLockFree.totalBytesWritten,1788307716691000000,1788307776688000000,0
FilePageCacheLockFree.totalClosedStoragesReclaimed,1788307716691000000,1788307776688000000,0
FilePageCacheLockFree.totalPagesRequested,1788307716691000000,1788307776688000000,0
StreamlinedBlobStorage.totalLiveRecordsCapacityBytes,1788307716691000000,1788307776688000000,0
FilePageCacheLockFree.totalHeapBytesAllocated,1788307716691000000,1788307776688000000,0
FilePageCacheLockFree.heapBytesInUse,1788307716691000000,1788307776688000000,0
FilePageCache.totalPageDisposalsUs,1788307716691000000,1788307776688000000,0
FilePageCacheLockFree.totalPagesReclaimed,1788307716691000000,1788307776688000000,0
DirectByteBufferAllocator.totalSizeOfBuffersAllocatedInBytes,1788307716691000000,1788307776688000000,231751680
FilePageCacheLockFree.nativeBytesInUse,1788307716691000000,1788307776688000000,0
FilePageCacheLockFree.housekeeperTurnsDone,1788307716691000000,1788307776688000000,0
FilePageCache.totalPageLoadsUs,1788307716691000000,1788307776688000000,0
FilePageCacheLockFree.totalPagesWriteMs,1788307716691000000,1788307776688000000,0
StorageLockContext.competingThreads.90P,1788307716691000000,1788307776688000000,0
FilePageCache.capacityInBytes,1788307716691000000,1788307776688000000,503316478
DirectByteBufferAllocator.reclaimed,1788307716691000000,1788307776688000000,0
DirectByteBufferAllocator.disposed,1788307716691000000,1788307776688000000,0
FileChannelInterruptsRetryer.totalRetriedAttempts,1788307716691000000,1788307776688000000,0
FilePageCacheLockFree.totalPagesHandedOver,1788307716691000000,1788307776688000000,0
FilePageCache.pageFastCacheHits,1788307716691000000,1788307776688000000,0
FilePageCache.pageLoads,1788307716691000000,1788307776688000000,0
FilePageCacheLockFree.housekeeperTimeSpentMs,1788307716691000000,1788307776688000000,0
FilePageCacheLockFree.totalPagesReadMs,1788307716691000000,1788307776688000000,0
DirectByteBufferAllocator.hits,1788307716691000000,1788307776688000000,0
FilePageCacheLockFree.totalBytesRequested,1788307716691000000,1788307776688000000,0
FilePageCacheLockFree.totalNativeBytesAllocated,1788307716691000000,1788307776688000000,0
FilePageCache.disposedBuffers,1788307716691000000,1788307776688000000,0
DirectByteBufferAllocator.misses,1788307716691000000,1788307776688000000,0
StreamlinedBlobStorage.recordsDeleted,1788307716691000000,1788307776688000000,0
FilePageCacheLockFree.totalBytesRead,1788307716691000000,1788307776688000000,0
FilePageCache.maxRegisteredFiles,1788307716691000000,1788307776688000000,555
DirectByteBufferAllocator.totalSizeOfBuffersCachedInBytes,1788307716691000000,1788307776688000000,0
MappedFileStorage.totalPagesMapped,1788307716691000000,1788307776688000000,15
FilePageCacheLockFree.totalNativeBytesReclaimed,1788307716691000000,1788307776688000000,0
StreamlinedBlobStorage.totalLiveRecordsPayloadBytes,1788307716691000000,1788307776688000000,0
StreamlinedBlobStorage.recordsRelocated,1788307716691000000,1788307776688000000,0
MappedFileStorage.totalTimeSpentOnMappingUs,1788307716691000000,1788307776688000000,10166
VFS.fileChildByName,1788307716691000000,1788307776688000000,16
VFS.invertedFileNameIndex.requests,1788307716691000000,1788307776688000000,0
VFS.fileByIdCache.misses,1788307716691000000,1788307776688000000,0
FileNameCache.queries,1788307716691000000,1788307776688000000,0
VFS.fileByIdCache.hits,1788307716691000000,1788307776688000000,0
FileNameCache.totalMisses,1788307716691000000,1788307776688000000,0
workspaceModel.workspaceFileIndexData.processFileSets.ms,1788307716691000000,1788307776688000000,0
workspaceModel.workspaceFileIndexData.updateDirtyEntities.ms,1788307716691000000,1788307776688000000,0
workspaceModel.entityStorageSnapshotImpl.instances.count,1788307716691000000,1788307776688000000,0
workspaceModel.cachedValueWithParameters.calculated.ms,1788307716691000000,1788307776688000000,0
workspaceModel.cachedValueWithParameters.from.cache.ms,1788307716691000000,1788307776688000000,0
workspaceModel.workspaceFileIndexData.getDirectoriesByPackageName.ms,1788307716691000000,1788307776688000000,0
workspaceModel.workspaceFileIndexData.getPackageName.ms,1788307716691000000,1788307776688000000,0
workspaceModel.cachedValue.clear.ms,1788307716691000000,1788307776688000000,0
workspaceModel.check.recursive.update.ms,1788307716691000000,1788307776688000000,0
workspaceModel.loading.from.cache.ms,1788307716691000000,1788307776688000000,0
workspaceModel.workspaceFileIndexData.getFileInfo.ms,1788307716691000000,1788307776688000000,1
workspaceModel.workspaceFileIndexData.visitFileSets.ms,1788307716691000000,1788307776688000000,0
workspaceModel.cachedValue.from.cache.ms,1788307716691000000,1788307776688000000,0
workspaceModel.loading.total.ms,1788307716691000000,1788307776688000000,0
workspaceModel.updates.ms,1788307716691000000,1788307776688000000,0
workspaceModel.cachedValue.total.get.ms,1788307716691000000,1788307776688000000,0
workspaceModel.init.bridges.ms,1788307716691000000,1788307776688000000,0
workspaceModel.full.replace.project.model.ms,1788307716691000000,1788307776688000000,0
workspaceModel.workspaceFileIndexData.instances.count,1788307716691000000,1788307776688000000,0
workspaceModel.update.unloaded.entities.ms,1788307716691000000,1788307776688000000,0
workspaceModel.updates.count,1788307716691000000,1788307776688000000,0
workspaceModel.pre.handlers.ms,1788307716691000000,1788307776688000000,0
workspaceModel.cachedValueWithParameters.clear.ms,1788307716691000000,1788307776688000000,0
workspaceModel.collect.changes.ms,1788307716691000000,1788307776688000000,0
workspaceModel.workspaceFileIndexData.init.ms,1788307716691000000,1788307776688000000,0
workspaceModel.workspaceFileIndexData.markDirty.ms,1788307716691000000,1788307776688000000,0
workspaceModel.cachedValueWithParameters.total.get.ms,1788307716691000000,1788307776688000000,0
workspaceModel.to.snapshot.ms,1788307716691000000,1788307776688000000,0
workspaceModel.updates.precise.ms,1788307716691000000,1788307776688000000,0
workspaceModel.initializing.ms,1788307716691000000,1788307776688000000,0
workspaceModel.cachedValue.calculated.ms,1788307716691000000,1788307776688000000,0
workspaceModel.replace.project.model.ms,1788307716691000000,1788307776688000000,0
workspaceModel.workspaceFileIndexData.onEntitiesChanged.ms,1788307716691000000,1788307776688000000,0
workspaceModel.workspaceFileIndexContributor.registerFileSets.ms,1788307716691000000,1788307776688000000,0
Indexes.stubs.lookupDuration90PMs,1788307716691000000,1788307776688000000,0.0
Indexes.entries.lookupDurationMaxMs,1788307716691000000,1788307776688000000,0.0
Indexes.stubs.lookups,1788307716691000000,1788307776688000000,0.0
IndexesFlusher.totalFlushes,1788307716691000000,1788307776688000000,59
Indexes.entries.lookupDurationAvgMs,1788307716691000000,1788307776688000000,0.0
Indexes.allKeys.lookups,1788307716691000000,1788307776688000000,0.0
Indexes.allKeys.lookupDurationAvgMs,1788307716691000000,1788307776688000000,0.0
IndexesFlusher.totalFlushesRetried,1788307716691000000,1788307776688000000,0
IndexesFlusher.totalFlushingTimeUs,1788307716691000000,1788307776688000000,268962
Indexes.entries.lookupDuration90PMs,1788307716691000000,1788307776688000000,0.0
Indexes.allKeys.lookupDurationMaxMs,1788307716691000000,1788307776688000000,0.0
Indexes.stubs.lookupDurationMaxMs,1788307716691000000,1788307776688000000,0.0
Indexes.stubs.lookupDurationAvgMs,1788307716691000000,1788307776688000000,0.0
Indexes.entries.lookups,1788307716691000000,1788307776688000000,0.0
IndexesFlusher.totalContentionQuotaSpent,1788307716691000000,1788307776688000000,0
Indexes.allKeys.lookupDuration90PMs,1788307716691000000,1788307776688000000,0.0
compiler.ArtifactManagerBridge.addArtifact.ms,1788307716691000000,1788307776688000000,0
compiler.ArtifactManagerBridge.initBridges.ms,1788307716691000000,1788307776688000000,0
compiler.ArtifactManagerBridge.getArtifacts.ms,1788307716691000000,1788307776688000000,0
compiler.ArtifactManagerBridge.findArtifact.ms,1788307716691000000,1788307776688000000,0
compiler.ArtifactVirtualFileListener.propertyChanged.ms,1788307716691000000,1788307776688000000,0
compiler.ArtifactVirtualFileListener.filePathChanged.ms,1788307716691000000,1788307776688000000,0
compiler.ArtifactManagerBridge.dropMappings.ms,1788307716691000000,1788307776688000000,0
compiler.ArtifactManagerBridge.commit.ms,1788307716691000000,1788307776688000000,0
compiler.ArtifactManagerBridge.getArtifactsByType.ms,1788307716691000000,1788307776688000000,0
cacheStateStorage.get.counter,1788307716691000000,1788307776688000000,0
cacheStateStorage.get.duration,1788307716691000000,1788307776688000000,0
cacheStateStorage.set.counter,1788307716691000000,1788307776688000000,0
cacheStateStorage.set.duration,1788307716691000000,1788307776688000000,0
JVM.maxHeapBytes,1788307716691000000,1788307776688000000,2147483648
JVM.GC.collections,1788307716691000000,1788307776688000000,0
JVM.totalDirectByteBuffersBytes,1788307716691000000,1788307776688000000,232756522
JVM.maxThreadCount,1788307716691000000,1788307776688000000,178
JVM.usedHeapBytes,1788307716691000000,1788307776688000000,385309248
JVM.newThreadsCount,1788307716691000000,1788307776688000000,4
JVM.usedNativeBytes,1788307716691000000,1788307776688000000,309033912
JVM.totalCpuTimeMs,1788307716691000000,1788307776688000000,10736
JVM.totalBytesAllocated,1788307716691000000,1788307776688000000,147302968
JVM.GC.collectionTimesMs,1788307716691000000,1788307776688000000,0
OS.loadAverage,1788307716691000000,1788307776688000000,3.46923828125
JVM.threadCount,1788307716691000000,1788307776688000000,55
writeAction.count,1788307776688000000,1788307836684000000,0
writeAction.median.wait.ms,1788307776688000000,1788307836684000000,0
writeAction.max.wait.ms,1788307776688000000,1788307836684000000,6
writeAction.wait.ms,1788307776688000000,1788307836684000000,0
AWTEventQueue.dispatchTime90PNs,1788307776688000000,1788307836684000000,430079
FlushQueue.executionTimeAvgNs,1788307776688000000,1788307836684000000,69736.658436214
AWTEventQueue.dispatchTimeTotalNS,1788307776688000000,1788307836684000000,1781846525
FlushQueue.waitingTime90PNs,1788307776688000000,1788307836684000000,495615
AWTEventQueue.dispatchTimeAvgNs,1788307776688000000,1788307836684000000,586052.9546351085
FlushQueue.queueSizeAvg,1788307776688000000,1788307836684000000,1.0397805212620028
ReadAction.executionsCount,1788307776688000000,1788307836684000000,6282
FlushQueue.queueSizeMax,1788307776688000000,1788307836684000000,7
NonBlockingReadAction.failedExecutionsCount,1788307776688000000,1788307836684000000,0
AWTEventQueue.eventsDispatched,1788307776688000000,1788307836684000000,3042
NonBlockingReadAction.finalizedExecutionTimeUs,1788307776688000000,1788307836684000000,1313
FlushQueue.queueSize90P,1788307776688000000,1788307836684000000,3
FlushQueue.waitingTimeAvgNs,1788307776688000000,1788307836684000000,3872470.562414266
NonBlockingReadAction.failedExecutionTimeUs,1788307776688000000,1788307836684000000,0
AWTEventQueue.dispatchTimeMaxNs,1788307776688000000,1788307836684000000,1002438655
NonBlockingReadAction.finalizedExecutionsCount,1788307776688000000,1788307836684000000,12
WriteAction.executionsCount,1788307776688000000,1788307836684000000,0
FlushQueue.executionTime90PNs,1788307776688000000,1788307836684000000,132095
FlushQueue.tasksExecuted,1788307776688000000,1788307836684000000,729
FlushQueue.waitingTimeMaxNs,1788307776688000000,1788307836684000000,952107007
FlushQueue.executionTimeMaxNs,1788307776688000000,1788307836684000000,3489791
workspaceModel.global.updates.count,1788307776688000000,1788307836684000000,0
jps.library.entities.serializer.load.entities.ms,1788307776688000000,1788307836684000000,0
workspaceModel.global.apply.state.to.project.builder.ms,1788307776688000000,1788307836684000000,0
workspaceModel.moduleBridge.facet.initialization.ms,1788307776688000000,1788307836684000000,0
workspaceModel.orphan.listener.update.ms,1788307776688000000,1788307836684000000,0
workspaceModel.mutableEntityStorage.put.entity.ms,1788307776688000000,1788307836684000000,0
workspaceModel.mutableEntityStorage.mutable.vfurl.index.ms,1788307776688000000,1788307836684000000,0
jps.app.storage.content.reader.load.component.ms,1788307776688000000,1788307836684000000,0
workspaceModel.moduleManagerBridge.load.module.ms,1788307776688000000,1788307836684000000,0
workspaceModel.moduleManagerBridge.new.nonPersistent.module.ms,1788307776688000000,1788307836684000000,0
workspaceModel.mutableEntityStorage.apply.changes.from.ms,1788307776688000000,1788307836684000000,0
workspaceModel.do.save.caches.ms,1788307776688000000,1788307836684000000,0
workspaceModel.mutableEntityStorage.entities.by.source.ms,1788307776688000000,1788307836684000000,0
jps.load.initial.state.ms,1788307776688000000,1788307836684000000,0
jps.module.iml.entities.serializer.save.entities.ms,1788307776688000000,1788307836684000000,0
workspaceModel.mutableEntityStorage.instances.count,1788307776688000000,1788307836684000000,0
jps.artifact.entities.serializer.save.entities.ms,1788307776688000000,1788307836684000000,0
workspaceModel.moduleBridge.update.option.ms,1788307776688000000,1788307836684000000,0
jps.global.handle.before.change.events.ms,1788307776688000000,1788307836684000000,0
workspaceModel.delayed.project.synchronizer.sync.ms,1788307776688000000,1788307836684000000,0
workspaceModel.moduleManagerBridge.set.unloadedModules.ms,1788307776688000000,1788307836684000000,0
jps.facet.change.listener.init.bridge.ms,1788307776688000000,1788307836684000000,0
jps.app.storage.content.writer.save.component.ms,1788307776688000000,1788307836684000000,0
jps.project.serializers.load.ms,1788307776688000000,1788307836684000000,0
jps.global.initialize.library.bridges.after.loading.ms,1788307776688000000,1788307836684000000,0
jps.reload.project.entities.ms,1788307776688000000,1788307836684000000,0
workspaceModel.mutableEntityStorage.resolve.ms,1788307776688000000,1788307836684000000,0
jps.save.changed.project.entities.ms,1788307776688000000,1788307836684000000,0
workspaceModel.global.apply.state.to.project.ms,1788307776688000000,1788307836684000000,0
jps.facet.change.listener.before.change.events.ms,1788307776688000000,1788307836684000000,0
jps.global.get.libraries.ms,1788307776688000000,1788307836684000000,0
workspaceModel.moduleBridgeLoader.loading.modules.ms,1788307776688000000,1788307836684000000,0
workspaceModel.mutableEntityStorage.has.same.entities.ms,1788307776688000000,1788307836684000000,0
workspaceModel.mutableEntityStorage.replace.by.source.ms,1788307776688000000,1788307836684000000,0
jps.global.initialize.library.bridges.ms,1788307776688000000,1788307836684000000,0
workspaceModel.mutableEntityStorage.remove.entity.ms,1788307776688000000,1788307836684000000,0
workspaceModel.moduleManagerBridge.newModule.ms,1788307776688000000,1788307836684000000,0
jps.facet.change.listener.process.change.events.ms,1788307776688000000,1788307836684000000,0
workspaceModel.load.cache.from.file.ms,1788307776688000000,1788307836684000000,0
workspaceModel.sync.entities.ms,1788307776688000000,1788307836684000000,0
jps.library.entities.serializer.save.entities.ms,1788307776688000000,1788307836684000000,0
jps.global.handle.changed.events.ms,1788307776688000000,1788307836684000000,0
workspaceModel.moduleManagerBridge.load.all.modules.ms,1788307776688000000,1788307836684000000,0
jps.apply.loaded.storage.ms,1788307776688000000,1788307836684000000,0
jps.module.iml.entities.serializer.load.entities.ms,1788307776688000000,1788307836684000000,0
jps.save.global.entities.ms,1788307776688000000,1788307836684000000,1
workspaceModel.mutableEntityStorage.to.snapshot.ms,1788307776688000000,1788307836684000000,0
workspaceModel.mutableEntityStorage.mutable.ext.mapping.ms,1788307776688000000,1788307836684000000,0
jps.project.serializers.save.ms,1788307776688000000,1788307836684000000,0
workspaceModel.mutableEntityStorage.referrers.ms,1788307776688000000,1788307836684000000,0
workspaceModel.mutableEntityStorage.add.entity.ms,1788307776688000000,1788307836684000000,0
jps.load.project.to.empty.storage.ms,1788307776688000000,1788307836684000000,0
workspaceModel.save.cache.to.file.ms,1788307776688000000,1788307836684000000,0
jps.storage.jps.conf.reader.load.component.ms,1788307776688000000,1788307836684000000,0
jps.artifact.entities.serializer.load.entities.ms,1788307776688000000,1788307836684000000,0
workspaceModel.global.updates.ms,1788307776688000000,1788307836684000000,0
workspaceModel.mutableEntityStorage.collect.changes.ms,1788307776688000000,1788307836684000000,0
workspaceModel.moduleManagerBridge.get.modules.ms,1788307776688000000,1788307836684000000,0
jps.global.get.library.ms,1788307776688000000,1788307836684000000,0
workspaceModel.moduleBridge.before.changed.ms,1788307776688000000,1788307836684000000,0
workspaceModel.load.cache.metadata.from.file.ms,1788307776688000000,1788307836684000000,0
workspaceModel.moduleManagerBridge.create.module.instance.ms,1788307776688000000,1788307836684000000,0
workspaceModel.moduleManagerBridge.build.module.graph.ms,1788307776688000000,1788307836684000000,0
workspaceModel.mutableEntityStorage.entities.ms,1788307776688000000,1788307836684000000,0
workspaceModel.mutableEntityStorage.modify.entity.ms,1788307776688000000,1788307836684000000,0
jps.global.get.library.by.name.ms,1788307776688000000,1788307836684000000,0
FilePageCache.maxCacheSizeInBytes,1788307776688000000,1788307836684000000,231751680
FilePageCacheLockFree.totalPagesAllocated,1788307776688000000,1788307836684000000,0
FilePageCache.pageLoadsAboveSizeThreshold,1788307776688000000,1788307836684000000,0
StorageLockContext.competingThreads.avg,1788307776688000000,1788307836684000000,0.0
MappedFileStorage.storages,1788307776688000000,1788307836684000000,15
FilePageCacheLockFree.totalPagesWritten,1788307776688000000,1788307836684000000,0
FilePageCacheLockFree.housekeeperTurnsSkipped,1788307776688000000,1788307836684000000,0
FilePageCacheLockFree.totalPagesRequestsMs,1788307776688000000,1788307836684000000,0
FilePageCacheLockFree.totalHeapBytesReclaimed,1788307776688000000,1788307836684000000,0
FilePageCache.pageHits,1788307776688000000,1788307836684000000,0
StreamlinedBlobStorage.recordsAllocated,1788307776688000000,1788307836684000000,0
MappedFileStorage.totalBytesMapped,1788307776688000000,1788307836684000000,198443008
FilePageCacheLockFree.totalPageAllocationsWaited,1788307776688000000,1788307836684000000,0
FilePageCache.uncachedFileAccess,1788307776688000000,1788307836684000000,0
StorageLockContext.competingThreads.max,1788307776688000000,1788307836684000000,0
FilePageCacheLockFree.totalBytesWritten,1788307776688000000,1788307836684000000,0
FilePageCacheLockFree.totalClosedStoragesReclaimed,1788307776688000000,1788307836684000000,0
FilePageCacheLockFree.totalPagesRequested,1788307776688000000,1788307836684000000,0
StreamlinedBlobStorage.totalLiveRecordsCapacityBytes,1788307776688000000,1788307836684000000,0
FilePageCacheLockFree.totalHeapBytesAllocated,1788307776688000000,1788307836684000000,0
FilePageCacheLockFree.heapBytesInUse,1788307776688000000,1788307836684000000,0
FilePageCache.totalPageDisposalsUs,1788307776688000000,1788307836684000000,0
FilePageCacheLockFree.totalPagesReclaimed,1788307776688000000,1788307836684000000,0
DirectByteBufferAllocator.totalSizeOfBuffersAllocatedInBytes,1788307776688000000,1788307836684000000,231751680
FilePageCacheLockFree.nativeBytesInUse,1788307776688000000,1788307836684000000,0
FilePageCacheLockFree.housekeeperTurnsDone,1788307776688000000,1788307836684000000,0
FilePageCache.totalPageLoadsUs,1788307776688000000,1788307836684000000,0
FilePageCacheLockFree.totalPagesWriteMs,1788307776688000000,1788307836684000000,0
StorageLockContext.competingThreads.90P,1788307776688000000,1788307836684000000,0
FilePageCache.capacityInBytes,1788307776688000000,1788307836684000000,503316478
DirectByteBufferAllocator.reclaimed,1788307776688000000,1788307836684000000,0
DirectByteBufferAllocator.disposed,1788307776688000000,1788307836684000000,0
FileChannelInterruptsRetryer.totalRetriedAttempts,1788307776688000000,1788307836684000000,0
FilePageCacheLockFree.totalPagesHandedOver,1788307776688000000,1788307836684000000,0
FilePageCache.pageFastCacheHits,1788307776688000000,1788307836684000000,0
FilePageCache.pageLoads,1788307776688000000,1788307836684000000,0
FilePageCacheLockFree.housekeeperTimeSpentMs,1788307776688000000,1788307836684000000,0
FilePageCacheLockFree.totalPagesReadMs,1788307776688000000,1788307836684000000,0
DirectByteBufferAllocator.hits,1788307776688000000,1788307836684000000,0
FilePageCacheLockFree.totalBytesRequested,1788307776688000000,1788307836684000000,0
FilePageCacheLockFree.totalNativeBytesAllocated,1788307776688000000,1788307836684000000,0
FilePageCache.disposedBuffers,1788307776688000000,1788307836684000000,0
DirectByteBufferAllocator.misses,1788307776688000000,1788307836684000000,0
StreamlinedBlobStorage.recordsDeleted,1788307776688000000,1788307836684000000,0
FilePageCacheLockFree.totalBytesRead,1788307776688000000,1788307836684000000,0
FilePageCache.maxRegisteredFiles,1788307776688000000,1788307836684000000,555
DirectByteBufferAllocator.totalSizeOfBuffersCachedInBytes,1788307776688000000,1788307836684000000,0
MappedFileStorage.totalPagesMapped,1788307776688000000,1788307836684000000,15
FilePageCacheLockFree.totalNativeBytesReclaimed,1788307776688000000,1788307836684000000,0
StreamlinedBlobStorage.totalLiveRecordsPayloadBytes,1788307776688000000,1788307836684000000,0
StreamlinedBlobStorage.recordsRelocated,1788307776688000000,1788307836684000000,0
MappedFileStorage.totalTimeSpentOnMappingUs,1788307776688000000,1788307836684000000,10166
VFS.fileChildByName,1788307776688000000,1788307836684000000,0
VFS.invertedFileNameIndex.requests,1788307776688000000,1788307836684000000,0
VFS.fileByIdCache.misses,1788307776688000000,1788307836684000000,0
FileNameCache.queries,1788307776688000000,1788307836684000000,0
VFS.fileByIdCache.hits,1788307776688000000,1788307836684000000,0
FileNameCache.totalMisses,1788307776688000000,1788307836684000000,0
workspaceModel.workspaceFileIndexData.processFileSets.ms,1788307776688000000,1788307836684000000,0
workspaceModel.workspaceFileIndexData.updateDirtyEntities.ms,1788307776688000000,1788307836684000000,0
workspaceModel.entityStorageSnapshotImpl.instances.count,1788307776688000000,1788307836684000000,0
workspaceModel.cachedValueWithParameters.calculated.ms,1788307776688000000,1788307836684000000,0
workspaceModel.cachedValueWithParameters.from.cache.ms,1788307776688000000,1788307836684000000,0
workspaceModel.workspaceFileIndexData.getDirectoriesByPackageName.ms,1788307776688000000,1788307836684000000,0
workspaceModel.workspaceFileIndexData.getPackageName.ms,1788307776688000000,1788307836684000000,0
workspaceModel.cachedValue.clear.ms,1788307776688000000,1788307836684000000,0
workspaceModel.check.recursive.update.ms,1788307776688000000,1788307836684000000,0
workspaceModel.loading.from.cache.ms,1788307776688000000,1788307836684000000,0
workspaceModel.workspaceFileIndexData.getFileInfo.ms,1788307776688000000,1788307836684000000,0
workspaceModel.workspaceFileIndexData.visitFileSets.ms,1788307776688000000,1788307836684000000,0
workspaceModel.cachedValue.from.cache.ms,1788307776688000000,1788307836684000000,0
workspaceModel.loading.total.ms,1788307776688000000,1788307836684000000,0
workspaceModel.updates.ms,1788307776688000000,1788307836684000000,0
workspaceModel.cachedValue.total.get.ms,1788307776688000000,1788307836684000000,0
workspaceModel.init.bridges.ms,1788307776688000000,1788307836684000000,0
workspaceModel.full.replace.project.model.ms,1788307776688000000,1788307836684000000,0
workspaceModel.workspaceFileIndexData.instances.count,1788307776688000000,1788307836684000000,0
workspaceModel.update.unloaded.entities.ms,1788307776688000000,1788307836684000000,0
workspaceModel.updates.count,1788307776688000000,1788307836684000000,0
workspaceModel.pre.handlers.ms,1788307776688000000,1788307836684000000,0
workspaceModel.cachedValueWithParameters.clear.ms,1788307776688000000,1788307836684000000,0
workspaceModel.collect.changes.ms,1788307776688000000,1788307836684000000,0
workspaceModel.workspaceFileIndexData.init.ms,1788307776688000000,1788307836684000000,0
workspaceModel.workspaceFileIndexData.markDirty.ms,1788307776688000000,1788307836684000000,0
workspaceModel.cachedValueWithParameters.total.get.ms,1788307776688000000,1788307836684000000,0
workspaceModel.to.snapshot.ms,1788307776688000000,1788307836684000000,0
workspaceModel.updates.precise.ms,1788307776688000000,1788307836684000000,0
workspaceModel.initializing.ms,1788307776688000000,1788307836684000000,0
workspaceModel.cachedValue.calculated.ms,1788307776688000000,1788307836684000000,0
workspaceModel.replace.project.model.ms,1788307776688000000,1788307836684000000,0
workspaceModel.workspaceFileIndexData.onEntitiesChanged.ms,1788307776688000000,1788307836684000000,0
workspaceModel.workspaceFileIndexContributor.registerFileSets.ms,1788307776688000000,1788307836684000000,0
Indexes.stubs.lookupDuration90PMs,1788307776688000000,1788307836684000000,0.0
Indexes.entries.lookupDurationMaxMs,1788307776688000000,1788307836684000000,0.0
Indexes.stubs.lookups,1788307776688000000,1788307836684000000,0.0
IndexesFlusher.totalFlushes,1788307776688000000,1788307836684000000,59
Indexes.entries.lookupDurationAvgMs,1788307776688000000,1788307836684000000,0.0
Indexes.allKeys.lookups,1788307776688000000,1788307836684000000,0.0
Indexes.allKeys.lookupDurationAvgMs,1788307776688000000,1788307836684000000,0.0
IndexesFlusher.totalFlushesRetried,1788307776688000000,1788307836684000000,0
IndexesFlusher.totalFlushingTimeUs,1788307776688000000,1788307836684000000,291170
Indexes.entries.lookupDuration90PMs,1788307776688000000,1788307836684000000,0.0
Indexes.allKeys.lookupDurationMaxMs,1788307776688000000,1788307836684000000,0.0
Indexes.stubs.lookupDurationMaxMs,1788307776688000000,1788307836684000000,0.0
Indexes.stubs.lookupDurationAvgMs,1788307776688000000,1788307836684000000,0.0
Indexes.entries.lookups,1788307776688000000,1788307836684000000,0.0
IndexesFlusher.totalContentionQuotaSpent,1788307776688000000,1788307836684000000,0
Indexes.allKeys.lookupDuration90PMs,1788307776688000000,1788307836684000000,0.0
compiler.ArtifactManagerBridge.addArtifact.ms,1788307776688000000,1788307836684000000,0
compiler.ArtifactManagerBridge.initBridges.ms,1788307776688000000,1788307836684000000,0
compiler.ArtifactManagerBridge.getArtifacts.ms,1788307776688000000,1788307836684000000,0
compiler.ArtifactManagerBridge.findArtifact.ms,1788307776688000000,1788307836684000000,0
compiler.ArtifactVirtualFileListener.propertyChanged.ms,1788307776688000000,1788307836684000000,0
compiler.ArtifactVirtualFileListener.filePathChanged.ms,1788307776688000000,1788307836684000000,0
compiler.ArtifactManagerBridge.dropMappings.ms,1788307776688000000,1788307836684000000,0
compiler.ArtifactManagerBridge.commit.ms,1788307776688000000,1788307836684000000,0
compiler.ArtifactManagerBridge.getArtifactsByType.ms,1788307776688000000,1788307836684000000,0
cacheStateStorage.get.counter,1788307776688000000,1788307836684000000,0
cacheStateStorage.get.duration,1788307776688000000,1788307836684000000,0
cacheStateStorage.set.counter,1788307776688000000,1788307836684000000,0
cacheStateStorage.set.duration,1788307776688000000,1788307836684000000,0
JVM.maxHeapBytes,1788307776688000000,1788307836684000000,2147483648
JVM.GC.collections,1788307776688000000,1788307836684000000,0
JVM.totalDirectByteBuffersBytes,1788307776688000000,1788307836684000000,232756522
JVM.maxThreadCount,1788307776688000000,1788307836684000000,178
JVM.usedHeapBytes,1788307776688000000,1788307836684000000,446126656
JVM.newThreadsCount,1788307776688000000,1788307836684000000,1
JVM.usedNativeBytes,1788307776688000000,1788307836684000000,312717536
JVM.totalCpuTimeMs,1788307776688000000,1788307836684000000,5120
JVM.totalBytesAllocated,1788307776688000000,1788307836684000000,59393832
JVM.GC.collectionTimesMs,1788307776688000000,1788307836684000000,0
OS.loadAverage,1788307776688000000,1788307836684000000,2.18994140625
JVM.threadCount,1788307776688000000,1788307836684000000,56
writeAction.count,1788307836684000000,1788307896683000000,0
writeAction.median.wait.ms,1788307836684000000,1788307896683000000,0
writeAction.max.wait.ms,1788307836684000000,1788307896683000000,6
writeAction.wait.ms,1788307836684000000,1788307896683000000,0
AWTEventQueue.dispatchTime90PNs,1788307836684000000,1788307896683000000,137215
FlushQueue.executionTimeAvgNs,1788307836684000000,1788307896683000000,28432.727272727272
AWTEventQueue.dispatchTimeTotalNS,1788307836684000000,1788307896683000000,28102768
FlushQueue.waitingTime90PNs,1788307836684000000,1788307896683000000,197631
AWTEventQueue.dispatchTimeAvgNs,1788307836684000000,1788307896683000000,110160.81568627451
FlushQueue.queueSizeAvg,1788307836684000000,1788307896683000000,0.004132231404958678
ReadAction.executionsCount,1788307836684000000,1788307896683000000,34
FlushQueue.queueSizeMax,1788307836684000000,1788307896683000000,1
NonBlockingReadAction.failedExecutionsCount,1788307836684000000,1788307896683000000,0
AWTEventQueue.eventsDispatched,1788307836684000000,1788307896683000000,255
NonBlockingReadAction.finalizedExecutionTimeUs,1788307836684000000,1788307896683000000,5673
FlushQueue.queueSize90P,1788307836684000000,1788307896683000000,0
FlushQueue.waitingTimeAvgNs,1788307836684000000,1788307896683000000,142764.42975206612
NonBlockingReadAction.failedExecutionTimeUs,1788307836684000000,1788307896683000000,0
AWTEventQueue.dispatchTimeMaxNs,1788307836684000000,1788307896683000000,4718591
NonBlockingReadAction.finalizedExecutionsCount,1788307836684000000,1788307896683000000,3
WriteAction.executionsCount,1788307836684000000,1788307896683000000,0
FlushQueue.executionTime90PNs,1788307836684000000,1788307896683000000,55807
FlushQueue.tasksExecuted,1788307836684000000,1788307896683000000,242
FlushQueue.waitingTimeMaxNs,1788307836684000000,1788307896683000000,495615
FlushQueue.executionTimeMaxNs,1788307836684000000,1788307896683000000,819199
workspaceModel.global.updates.count,1788307836684000000,1788307896683000000,0
jps.library.entities.serializer.load.entities.ms,1788307836684000000,1788307896683000000,0
workspaceModel.global.apply.state.to.project.builder.ms,1788307836684000000,1788307896683000000,0
workspaceModel.moduleBridge.facet.initialization.ms,1788307836684000000,1788307896683000000,0
workspaceModel.orphan.listener.update.ms,1788307836684000000,1788307896683000000,0
workspaceModel.mutableEntityStorage.put.entity.ms,1788307836684000000,1788307896683000000,0
workspaceModel.mutableEntityStorage.mutable.vfurl.index.ms,1788307836684000000,1788307896683000000,0
jps.app.storage.content.reader.load.component.ms,1788307836684000000,1788307896683000000,0
workspaceModel.moduleManagerBridge.load.module.ms,1788307836684000000,1788307896683000000,0
workspaceModel.moduleManagerBridge.new.nonPersistent.module.ms,1788307836684000000,1788307896683000000,0
workspaceModel.mutableEntityStorage.apply.changes.from.ms,1788307836684000000,1788307896683000000,0
workspaceModel.do.save.caches.ms,1788307836684000000,1788307896683000000,0
workspaceModel.mutableEntityStorage.entities.by.source.ms,1788307836684000000,1788307896683000000,0
jps.load.initial.state.ms,1788307836684000000,1788307896683000000,0
jps.module.iml.entities.serializer.save.entities.ms,1788307836684000000,1788307896683000000,0
workspaceModel.mutableEntityStorage.instances.count,1788307836684000000,1788307896683000000,0
jps.artifact.entities.serializer.save.entities.ms,1788307836684000000,1788307896683000000,0
workspaceModel.moduleBridge.update.option.ms,1788307836684000000,1788307896683000000,0
jps.global.handle.before.change.events.ms,1788307836684000000,1788307896683000000,0
workspaceModel.delayed.project.synchronizer.sync.ms,1788307836684000000,1788307896683000000,0
workspaceModel.moduleManagerBridge.set.unloadedModules.ms,1788307836684000000,1788307896683000000,0
jps.facet.change.listener.init.bridge.ms,1788307836684000000,1788307896683000000,0
jps.app.storage.content.writer.save.component.ms,1788307836684000000,1788307896683000000,0
jps.project.serializers.load.ms,1788307836684000000,1788307896683000000,0
jps.global.initialize.library.bridges.after.loading.ms,1788307836684000000,1788307896683000000,0
jps.reload.project.entities.ms,1788307836684000000,1788307896683000000,0
workspaceModel.mutableEntityStorage.resolve.ms,1788307836684000000,1788307896683000000,0
jps.save.changed.project.entities.ms,1788307836684000000,1788307896683000000,0
workspaceModel.global.apply.state.to.project.ms,1788307836684000000,1788307896683000000,0
jps.facet.change.listener.before.change.events.ms,1788307836684000000,1788307896683000000,0
jps.global.get.libraries.ms,1788307836684000000,1788307896683000000,0
workspaceModel.moduleBridgeLoader.loading.modules.ms,1788307836684000000,1788307896683000000,0
workspaceModel.mutableEntityStorage.has.same.entities.ms,1788307836684000000,1788307896683000000,0
workspaceModel.mutableEntityStorage.replace.by.source.ms,1788307836684000000,1788307896683000000,0
jps.global.initialize.library.bridges.ms,1788307836684000000,1788307896683000000,0
workspaceModel.mutableEntityStorage.remove.entity.ms,1788307836684000000,1788307896683000000,0
workspaceModel.moduleManagerBridge.newModule.ms,1788307836684000000,1788307896683000000,0
jps.facet.change.listener.process.change.events.ms,1788307836684000000,1788307896683000000,0
workspaceModel.load.cache.from.file.ms,1788307836684000000,1788307896683000000,0
workspaceModel.sync.entities.ms,1788307836684000000,1788307896683000000,0
jps.library.entities.serializer.save.entities.ms,1788307836684000000,1788307896683000000,0
jps.global.handle.changed.events.ms,1788307836684000000,1788307896683000000,0
workspaceModel.moduleManagerBridge.load.all.modules.ms,1788307836684000000,1788307896683000000,0
jps.apply.loaded.storage.ms,1788307836684000000,1788307896683000000,0
jps.module.iml.entities.serializer.load.entities.ms,1788307836684000000,1788307896683000000,0
jps.save.global.entities.ms,1788307836684000000,1788307896683000000,0
workspaceModel.mutableEntityStorage.to.snapshot.ms,1788307836684000000,1788307896683000000,0
workspaceModel.mutableEntityStorage.mutable.ext.mapping.ms,1788307836684000000,1788307896683000000,0
jps.project.serializers.save.ms,1788307836684000000,1788307896683000000,0
workspaceModel.mutableEntityStorage.referrers.ms,1788307836684000000,1788307896683000000,0
workspaceModel.mutableEntityStorage.add.entity.ms,1788307836684000000,1788307896683000000,0
jps.load.project.to.empty.storage.ms,1788307836684000000,1788307896683000000,0
workspaceModel.save.cache.to.file.ms,1788307836684000000,1788307896683000000,0
jps.storage.jps.conf.reader.load.component.ms,1788307836684000000,1788307896683000000,0
jps.artifact.entities.serializer.load.entities.ms,1788307836684000000,1788307896683000000,0
workspaceModel.global.updates.ms,1788307836684000000,1788307896683000000,0
workspaceModel.mutableEntityStorage.collect.changes.ms,1788307836684000000,1788307896683000000,0
workspaceModel.moduleManagerBridge.get.modules.ms,1788307836684000000,1788307896683000000,0
jps.global.get.library.ms,1788307836684000000,1788307896683000000,0
workspaceModel.moduleBridge.before.changed.ms,1788307836684000000,1788307896683000000,0
workspaceModel.load.cache.metadata.from.file.ms,1788307836684000000,1788307896683000000,0
workspaceModel.moduleManagerBridge.create.module.instance.ms,1788307836684000000,1788307896683000000,0
workspaceModel.moduleManagerBridge.build.module.graph.ms,1788307836684000000,1788307896683000000,0
workspaceModel.mutableEntityStorage.entities.ms,1788307836684000000,1788307896683000000,0
workspaceModel.mutableEntityStorage.modify.entity.ms,1788307836684000000,1788307896683000000,0
jps.global.get.library.by.name.ms,1788307836684000000,1788307896683000000,0
FilePageCache.maxCacheSizeInBytes,1788307836684000000,1788307896683000000,231751680
FilePageCacheLockFree.totalPagesAllocated,1788307836684000000,1788307896683000000,0
FilePageCache.pageLoadsAboveSizeThreshold,1788307836684000000,1788307896683000000,0
StorageLockContext.competingThreads.avg,1788307836684000000,1788307896683000000,0.0
MappedFileStorage.storages,1788307836684000000,1788307896683000000,15
FilePageCacheLockFree.totalPagesWritten,1788307836684000000,1788307896683000000,0
FilePageCacheLockFree.housekeeperTurnsSkipped,1788307836684000000,1788307896683000000,0
FilePageCacheLockFree.totalPagesRequestsMs,1788307836684000000,1788307896683000000,0
FilePageCacheLockFree.totalHeapBytesReclaimed,1788307836684000000,1788307896683000000,0
FilePageCache.pageHits,1788307836684000000,1788307896683000000,0
StreamlinedBlobStorage.recordsAllocated,1788307836684000000,1788307896683000000,0
MappedFileStorage.totalBytesMapped,1788307836684000000,1788307896683000000,198443008
FilePageCacheLockFree.totalPageAllocationsWaited,1788307836684000000,1788307896683000000,0
FilePageCache.uncachedFileAccess,1788307836684000000,1788307896683000000,0
StorageLockContext.competingThreads.max,1788307836684000000,1788307896683000000,0
FilePageCacheLockFree.totalBytesWritten,1788307836684000000,1788307896683000000,0
FilePageCacheLockFree.totalClosedStoragesReclaimed,1788307836684000000,1788307896683000000,0
FilePageCacheLockFree.totalPagesRequested,1788307836684000000,1788307896683000000,0
StreamlinedBlobStorage.totalLiveRecordsCapacityBytes,1788307836684000000,1788307896683000000,0
FilePageCacheLockFree.totalHeapBytesAllocated,1788307836684000000,1788307896683000000,0
FilePageCacheLockFree.heapBytesInUse,1788307836684000000,1788307896683000000,0
FilePageCache.totalPageDisposalsUs,1788307836684000000,1788307896683000000,0
FilePageCacheLockFree.totalPagesReclaimed,1788307836684000000,1788307896683000000,0
DirectByteBufferAllocator.totalSizeOfBuffersAllocatedInBytes,1788307836684000000,1788307896683000000,231751680
FilePageCacheLockFree.nativeBytesInUse,1788307836684000000,1788307896683000000,0
FilePageCacheLockFree.housekeeperTurnsDone,1788307836684000000,1788307896683000000,0
FilePageCache.totalPageLoadsUs,1788307836684000000,1788307896683000000,0
FilePageCacheLockFree.totalPagesWriteMs,1788307836684000000,1788307896683000000,0
StorageLockContext.competingThreads.90P,1788307836684000000,1788307896683000000,0
FilePageCache.capacityInBytes,1788307836684000000,1788307896683000000,503316478
DirectByteBufferAllocator.reclaimed,1788307836684000000,1788307896683000000,0
DirectByteBufferAllocator.disposed,1788307836684000000,1788307896683000000,0
FileChannelInterruptsRetryer.totalRetriedAttempts,1788307836684000000,1788307896683000000,0
FilePageCacheLockFree.totalPagesHandedOver,1788307836684000000,1788307896683000000,0
FilePageCache.pageFastCacheHits,1788307836684000000,1788307896683000000,0
FilePageCache.pageLoads,1788307836684000000,1788307896683000000,0
FilePageCacheLockFree.housekeeperTimeSpentMs,1788307836684000000,1788307896683000000,0
FilePageCacheLockFree.totalPagesReadMs,1788307836684000000,1788307896683000000,0
DirectByteBufferAllocator.hits,1788307836684000000,1788307896683000000,0
FilePageCacheLockFree.totalBytesRequested,1788307836684000000,1788307896683000000,0
FilePageCacheLockFree.totalNativeBytesAllocated,1788307836684000000,1788307896683000000,0
FilePageCache.disposedBuffers,1788307836684000000,1788307896683000000,0
DirectByteBufferAllocator.misses,1788307836684000000,1788307896683000000,0
StreamlinedBlobStorage.recordsDeleted,1788307836684000000,1788307896683000000,0
FilePageCacheLockFree.totalBytesRead,1788307836684000000,1788307896683000000,0
FilePageCache.maxRegisteredFiles,1788307836684000000,1788307896683000000,555
DirectByteBufferAllocator.totalSizeOfBuffersCachedInBytes,1788307836684000000,1788307896683000000,0
MappedFileStorage.totalPagesMapped,1788307836684000000,1788307896683000000,15
FilePageCacheLockFree.totalNativeBytesReclaimed,1788307836684000000,1788307896683000000,0
StreamlinedBlobStorage.totalLiveRecordsPayloadBytes,1788307836684000000,1788307896683000000,0
StreamlinedBlobStorage.recordsRelocated,1788307836684000000,1788307896683000000,0
MappedFileStorage.totalTimeSpentOnMappingUs,1788307836684000000,1788307896683000000,10166
VFS.fileChildByName,1788307836684000000,1788307896683000000,93
VFS.invertedFileNameIndex.requests,1788307836684000000,1788307896683000000,0
VFS.fileByIdCache.misses,1788307836684000000,1788307896683000000,0
FileNameCache.queries,1788307836684000000,1788307896683000000,576
VFS.fileByIdCache.hits,1788307836684000000,1788307896683000000,0
FileNameCache.totalMisses,1788307836684000000,1788307896683000000,0
workspaceModel.workspaceFileIndexData.processFileSets.ms,1788307836684000000,1788307896683000000,0
workspaceModel.workspaceFileIndexData.updateDirtyEntities.ms,1788307836684000000,1788307896683000000,0
workspaceModel.entityStorageSnapshotImpl.instances.count,1788307836684000000,1788307896683000000,0
workspaceModel.cachedValueWithParameters.calculated.ms,1788307836684000000,1788307896683000000,0
workspaceModel.cachedValueWithParameters.from.cache.ms,1788307836684000000,1788307896683000000,0
workspaceModel.workspaceFileIndexData.getDirectoriesByPackageName.ms,1788307836684000000,1788307896683000000,0
workspaceModel.workspaceFileIndexData.getPackageName.ms,1788307836684000000,1788307896683000000,0
workspaceModel.cachedValue.clear.ms,1788307836684000000,1788307896683000000,0
workspaceModel.check.recursive.update.ms,1788307836684000000,1788307896683000000,0
workspaceModel.loading.from.cache.ms,1788307836684000000,1788307896683000000,0
workspaceModel.workspaceFileIndexData.getFileInfo.ms,1788307836684000000,1788307896683000000,0
workspaceModel.workspaceFileIndexData.visitFileSets.ms,1788307836684000000,1788307896683000000,0
workspaceModel.cachedValue.from.cache.ms,1788307836684000000,1788307896683000000,0
workspaceModel.loading.total.ms,1788307836684000000,1788307896683000000,0
workspaceModel.updates.ms,1788307836684000000,1788307896683000000,0
workspaceModel.cachedValue.total.get.ms,1788307836684000000,1788307896683000000,0
workspaceModel.init.bridges.ms,1788307836684000000,1788307896683000000,0
workspaceModel.full.replace.project.model.ms,1788307836684000000,1788307896683000000,0
workspaceModel.workspaceFileIndexData.instances.count,1788307836684000000,1788307896683000000,0
workspaceModel.update.unloaded.entities.ms,1788307836684000000,1788307896683000000,0
workspaceModel.updates.count,1788307836684000000,1788307896683000000,0
workspaceModel.pre.handlers.ms,1788307836684000000,1788307896683000000,0
workspaceModel.cachedValueWithParameters.clear.ms,1788307836684000000,1788307896683000000,0
workspaceModel.collect.changes.ms,1788307836684000000,1788307896683000000,0
workspaceModel.workspaceFileIndexData.init.ms,1788307836684000000,1788307896683000000,0
workspaceModel.workspaceFileIndexData.markDirty.ms,1788307836684000000,1788307896683000000,0
workspaceModel.cachedValueWithParameters.total.get.ms,1788307836684000000,1788307896683000000,0
workspaceModel.to.snapshot.ms,1788307836684000000,1788307896683000000,0
workspaceModel.updates.precise.ms,1788307836684000000,1788307896683000000,0
workspaceModel.initializing.ms,1788307836684000000,1788307896683000000,0
workspaceModel.cachedValue.calculated.ms,1788307836684000000,1788307896683000000,0
workspaceModel.replace.project.model.ms,1788307836684000000,1788307896683000000,0
workspaceModel.workspaceFileIndexData.onEntitiesChanged.ms,1788307836684000000,1788307896683000000,0
workspaceModel.workspaceFileIndexContributor.registerFileSets.ms,1788307836684000000,1788307896683000000,0
Indexes.stubs.lookupDuration90PMs,1788307836684000000,1788307896683000000,0.0
Indexes.entries.lookupDurationMaxMs,1788307836684000000,1788307896683000000,0.0
Indexes.stubs.lookups,1788307836684000000,1788307896683000000,0.0
IndexesFlusher.totalFlushes,1788307836684000000,1788307896683000000,59
Indexes.entries.lookupDurationAvgMs,1788307836684000000,1788307896683000000,0.0
Indexes.allKeys.lookups,1788307836684000000,1788307896683000000,0.0
Indexes.allKeys.lookupDurationAvgMs,1788307836684000000,1788307896683000000,0.0
IndexesFlusher.totalFlushesRetried,1788307836684000000,1788307896683000000,0
IndexesFlusher.totalFlushingTimeUs,1788307836684000000,1788307896683000000,232563
Indexes.entries.lookupDuration90PMs,1788307836684000000,1788307896683000000,0.0
Indexes.allKeys.lookupDurationMaxMs,1788307836684000000,1788307896683000000,0.0
Indexes.stubs.lookupDurationMaxMs,1788307836684000000,1788307896683000000,0.0
Indexes.stubs.lookupDurationAvgMs,1788307836684000000,1788307896683000000,0.0
Indexes.entries.lookups,1788307836684000000,1788307896683000000,0.0
IndexesFlusher.totalContentionQuotaSpent,1788307836684000000,1788307896683000000,0
Indexes.allKeys.lookupDuration90PMs,1788307836684000000,1788307896683000000,0.0
compiler.ArtifactManagerBridge.addArtifact.ms,1788307836684000000,1788307896683000000,0
compiler.ArtifactManagerBridge.initBridges.ms,1788307836684000000,1788307896683000000,0
compiler.ArtifactManagerBridge.getArtifacts.ms,1788307836684000000,1788307896683000000,0
compiler.ArtifactManagerBridge.findArtifact.ms,1788307836684000000,1788307896683000000,0
compiler.ArtifactVirtualFileListener.propertyChanged.ms,1788307836684000000,1788307896683000000,0
compiler.ArtifactVirtualFileListener.filePathChanged.ms,1788307836684000000,1788307896683000000,0
compiler.ArtifactManagerBridge.dropMappings.ms,1788307836684000000,1788307896683000000,0
compiler.ArtifactManagerBridge.commit.ms,1788307836684000000,1788307896683000000,0
compiler.ArtifactManagerBridge.getArtifactsByType.ms,1788307836684000000,1788307896683000000,0
cacheStateStorage.get.counter,1788307836684000000,1788307896683000000,0
cacheStateStorage.get.duration,1788307836684000000,1788307896683000000,0
cacheStateStorage.set.counter,1788307836684000000,1788307896683000000,0
cacheStateStorage.set.duration,1788307836684000000,1788307896683000000,0
JVM.maxHeapBytes,1788307836684000000,1788307896683000000,2147483648
JVM.GC.collections,1788307836684000000,1788307896683000000,0
JVM.totalDirectByteBuffersBytes,1788307836684000000,1788307896683000000,232756522
JVM.maxThreadCount,1788307836684000000,1788307896683000000,178
JVM.usedHeapBytes,1788307836684000000,1788307896683000000,454515264
JVM.newThreadsCount,1788307836684000000,1788307896683000000,0
JVM.usedNativeBytes,1788307836684000000,1788307896683000000,312946496
JVM.totalCpuTimeMs,1788307836684000000,1788307896683000000,853
JVM.totalBytesAllocated,1788307836684000000,1788307896683000000,10226712
JVM.GC.collectionTimesMs,1788307836684000000,1788307896683000000,0
OS.loadAverage,1788307836684000000,1788307896683000000,2.818359375
JVM.threadCount,1788307836684000000,1788307896683000000,54
writeAction.count,1788307896683000000,1788307956682000000,0
writeAction.median.wait.ms,1788307896683000000,1788307956682000000,0
writeAction.max.wait.ms,1788307896683000000,1788307956682000000,6
writeAction.wait.ms,1788307896683000000,1788307956682000000,0
AWTEventQueue.dispatchTime90PNs,1788307896683000000,1788307956682000000,127487
FlushQueue.executionTimeAvgNs,1788307896683000000,1788307956682000000,29214.733333333334
AWTEventQueue.dispatchTimeTotalNS,1788307896683000000,1788307956682000000,29922323
FlushQueue.waitingTime90PNs,1788307896683000000,1788307956682000000,183295
AWTEventQueue.dispatchTimeAvgNs,1788307896683000000,1788307956682000000,118212.80632411067
FlushQueue.queueSizeAvg,1788307896683000000,1788307956682000000,0.0
ReadAction.executionsCount,1788307896683000000,1788307956682000000,0
FlushQueue.queueSizeMax,1788307896683000000,1788307956682000000,0
NonBlockingReadAction.failedExecutionsCount,1788307896683000000,1788307956682000000,0
AWTEventQueue.eventsDispatched,1788307896683000000,1788307956682000000,253
NonBlockingReadAction.finalizedExecutionTimeUs,1788307896683000000,1788307956682000000,0
FlushQueue.queueSize90P,1788307896683000000,1788307956682000000,0
FlushQueue.waitingTimeAvgNs,1788307896683000000,1788307956682000000,172263.46666666667
NonBlockingReadAction.failedExecutionTimeUs,1788307896683000000,1788307956682000000,0
AWTEventQueue.dispatchTimeMaxNs,1788307896683000000,1788307956682000000,7700479
NonBlockingReadAction.finalizedExecutionsCount,1788307896683000000,1788307956682000000,0
WriteAction.executionsCount,1788307896683000000,1788307956682000000,0
FlushQueue.executionTime90PNs,1788307896683000000,1788307956682000000,48383
FlushQueue.tasksExecuted,1788307896683000000,1788307956682000000,240
FlushQueue.waitingTimeMaxNs,1788307896683000000,1788307956682000000,9306111
FlushQueue.executionTimeMaxNs,1788307896683000000,1788307956682000000,1163263
workspaceModel.global.updates.count,1788307896683000000,1788307956682000000,0
jps.library.entities.serializer.load.entities.ms,1788307896683000000,1788307956682000000,0
workspaceModel.global.apply.state.to.project.builder.ms,1788307896683000000,1788307956682000000,0
workspaceModel.moduleBridge.facet.initialization.ms,1788307896683000000,1788307956682000000,0
workspaceModel.orphan.listener.update.ms,1788307896683000000,1788307956682000000,0
workspaceModel.mutableEntityStorage.put.entity.ms,1788307896683000000,1788307956682000000,0
workspaceModel.mutableEntityStorage.mutable.vfurl.index.ms,1788307896683000000,1788307956682000000,0
jps.app.storage.content.reader.load.component.ms,1788307896683000000,1788307956682000000,0
workspaceModel.moduleManagerBridge.load.module.ms,1788307896683000000,1788307956682000000,0
workspaceModel.moduleManagerBridge.new.nonPersistent.module.ms,1788307896683000000,1788307956682000000,0
workspaceModel.mutableEntityStorage.apply.changes.from.ms,1788307896683000000,1788307956682000000,0
workspaceModel.do.save.caches.ms,1788307896683000000,1788307956682000000,0
workspaceModel.mutableEntityStorage.entities.by.source.ms,1788307896683000000,1788307956682000000,0
jps.load.initial.state.ms,1788307896683000000,1788307956682000000,0
jps.module.iml.entities.serializer.save.entities.ms,1788307896683000000,1788307956682000000,0
workspaceModel.mutableEntityStorage.instances.count,1788307896683000000,1788307956682000000,0
jps.artifact.entities.serializer.save.entities.ms,1788307896683000000,1788307956682000000,0
workspaceModel.moduleBridge.update.option.ms,1788307896683000000,1788307956682000000,0
jps.global.handle.before.change.events.ms,1788307896683000000,1788307956682000000,0
workspaceModel.delayed.project.synchronizer.sync.ms,1788307896683000000,1788307956682000000,0
workspaceModel.moduleManagerBridge.set.unloadedModules.ms,1788307896683000000,1788307956682000000,0
jps.facet.change.listener.init.bridge.ms,1788307896683000000,1788307956682000000,0
jps.app.storage.content.writer.save.component.ms,1788307896683000000,1788307956682000000,0
jps.project.serializers.load.ms,1788307896683000000,1788307956682000000,0
jps.global.initialize.library.bridges.after.loading.ms,1788307896683000000,1788307956682000000,0
jps.reload.project.entities.ms,1788307896683000000,1788307956682000000,0
workspaceModel.mutableEntityStorage.resolve.ms,1788307896683000000,1788307956682000000,0
jps.save.changed.project.entities.ms,1788307896683000000,1788307956682000000,0
workspaceModel.global.apply.state.to.project.ms,1788307896683000000,1788307956682000000,0
jps.facet.change.listener.before.change.events.ms,1788307896683000000,1788307956682000000,0
jps.global.get.libraries.ms,1788307896683000000,1788307956682000000,0
workspaceModel.moduleBridgeLoader.loading.modules.ms,1788307896683000000,1788307956682000000,0
workspaceModel.mutableEntityStorage.has.same.entities.ms,1788307896683000000,1788307956682000000,0
workspaceModel.mutableEntityStorage.replace.by.source.ms,1788307896683000000,1788307956682000000,0
jps.global.initialize.library.bridges.ms,1788307896683000000,1788307956682000000,0
workspaceModel.mutableEntityStorage.remove.entity.ms,1788307896683000000,1788307956682000000,0
workspaceModel.moduleManagerBridge.newModule.ms,1788307896683000000,1788307956682000000,0
jps.facet.change.listener.process.change.events.ms,1788307896683000000,1788307956682000000,0
workspaceModel.load.cache.from.file.ms,1788307896683000000,1788307956682000000,0
workspaceModel.sync.entities.ms,1788307896683000000,1788307956682000000,0
jps.library.entities.serializer.save.entities.ms,1788307896683000000,1788307956682000000,0
jps.global.handle.changed.events.ms,1788307896683000000,1788307956682000000,0
workspaceModel.moduleManagerBridge.load.all.modules.ms,1788307896683000000,1788307956682000000,0
jps.apply.loaded.storage.ms,1788307896683000000,1788307956682000000,0
jps.module.iml.entities.serializer.load.entities.ms,1788307896683000000,1788307956682000000,0
jps.save.global.entities.ms,1788307896683000000,1788307956682000000,0
workspaceModel.mutableEntityStorage.to.snapshot.ms,1788307896683000000,1788307956682000000,0
workspaceModel.mutableEntityStorage.mutable.ext.mapping.ms,1788307896683000000,1788307956682000000,0
jps.project.serializers.save.ms,1788307896683000000,1788307956682000000,0
workspaceModel.mutableEntityStorage.referrers.ms,1788307896683000000,1788307956682000000,0
workspaceModel.mutableEntityStorage.add.entity.ms,1788307896683000000,1788307956682000000,0
jps.load.project.to.empty.storage.ms,1788307896683000000,1788307956682000000,0
workspaceModel.save.cache.to.file.ms,1788307896683000000,1788307956682000000,0
jps.storage.jps.conf.reader.load.component.ms,1788307896683000000,1788307956682000000,0
jps.artifact.entities.serializer.load.entities.ms,1788307896683000000,1788307956682000000,0
workspaceModel.global.updates.ms,1788307896683000000,1788307956682000000,0
workspaceModel.mutableEntityStorage.collect.changes.ms,1788307896683000000,1788307956682000000,0
workspaceModel.moduleManagerBridge.get.modules.ms,1788307896683000000,1788307956682000000,0
jps.global.get.library.ms,1788307896683000000,1788307956682000000,0
workspaceModel.moduleBridge.before.changed.ms,1788307896683000000,1788307956682000000,0
workspaceModel.load.cache.metadata.from.file.ms,1788307896683000000,1788307956682000000,0
workspaceModel.moduleManagerBridge.create.module.instance.ms,1788307896683000000,1788307956682000000,0
workspaceModel.moduleManagerBridge.build.module.graph.ms,1788307896683000000,1788307956682000000,0
workspaceModel.mutableEntityStorage.entities.ms,1788307896683000000,1788307956682000000,0
workspaceModel.mutableEntityStorage.modify.entity.ms,1788307896683000000,1788307956682000000,0
jps.global.get.library.by.name.ms,1788307896683000000,1788307956682000000,0
FilePageCache.maxCacheSizeInBytes,1788307896683000000,1788307956682000000,231751680
FilePageCacheLockFree.totalPagesAllocated,1788307896683000000,1788307956682000000,0
FilePageCache.pageLoadsAboveSizeThreshold,1788307896683000000,1788307956682000000,0
StorageLockContext.competingThreads.avg,1788307896683000000,1788307956682000000,0.0
MappedFileStorage.storages,1788307896683000000,1788307956682000000,15
FilePageCacheLockFree.totalPagesWritten,1788307896683000000,1788307956682000000,0
FilePageCacheLockFree.housekeeperTurnsSkipped,1788307896683000000,1788307956682000000,0
FilePageCacheLockFree.totalPagesRequestsMs,1788307896683000000,1788307956682000000,0
FilePageCacheLockFree.totalHeapBytesReclaimed,1788307896683000000,1788307956682000000,0
FilePageCache.pageHits,1788307896683000000,1788307956682000000,0
StreamlinedBlobStorage.recordsAllocated,1788307896683000000,1788307956682000000,0
MappedFileStorage.totalBytesMapped,1788307896683000000,1788307956682000000,198443008
FilePageCacheLockFree.totalPageAllocationsWaited,1788307896683000000,1788307956682000000,0
FilePageCache.uncachedFileAccess,1788307896683000000,1788307956682000000,0
StorageLockContext.competingThreads.max,1788307896683000000,1788307956682000000,0
FilePageCacheLockFree.totalBytesWritten,1788307896683000000,1788307956682000000,0
FilePageCacheLockFree.totalClosedStoragesReclaimed,1788307896683000000,1788307956682000000,0
FilePageCacheLockFree.totalPagesRequested,1788307896683000000,1788307956682000000,0
StreamlinedBlobStorage.totalLiveRecordsCapacityBytes,1788307896683000000,1788307956682000000,0
FilePageCacheLockFree.totalHeapBytesAllocated,1788307896683000000,1788307956682000000,0
FilePageCacheLockFree.heapBytesInUse,1788307896683000000,1788307956682000000,0
FilePageCache.totalPageDisposalsUs,1788307896683000000,1788307956682000000,0
FilePageCacheLockFree.totalPagesReclaimed,1788307896683000000,1788307956682000000,0
DirectByteBufferAllocator.totalSizeOfBuffersAllocatedInBytes,1788307896683000000,1788307956682000000,231751680
FilePageCacheLockFree.nativeBytesInUse,1788307896683000000,1788307956682000000,0
FilePageCacheLockFree.housekeeperTurnsDone,1788307896683000000,1788307956682000000,0
FilePageCache.totalPageLoadsUs,1788307896683000000,1788307956682000000,0
FilePageCacheLockFree.totalPagesWriteMs,1788307896683000000,1788307956682000000,0
StorageLockContext.competingThreads.90P,1788307896683000000,1788307956682000000,0
FilePageCache.capacityInBytes,1788307896683000000,1788307956682000000,503316478
DirectByteBufferAllocator.reclaimed,1788307896683000000,1788307956682000000,0
DirectByteBufferAllocator.disposed,1788307896683000000,1788307956682000000,0
FileChannelInterruptsRetryer.totalRetriedAttempts,1788307896683000000,1788307956682000000,0
FilePageCacheLockFree.totalPagesHandedOver,1788307896683000000,1788307956682000000,0
FilePageCache.pageFastCacheHits,1788307896683000000,1788307956682000000,0
FilePageCache.pageLoads,1788307896683000000,1788307956682000000,0
FilePageCacheLockFree.housekeeperTimeSpentMs,1788307896683000000,1788307956682000000,0
FilePageCacheLockFree.totalPagesReadMs,1788307896683000000,1788307956682000000,0
DirectByteBufferAllocator.hits,1788307896683000000,1788307956682000000,0
FilePageCacheLockFree.totalBytesRequested,1788307896683000000,1788307956682000000,0
FilePageCacheLockFree.totalNativeBytesAllocated,1788307896683000000,1788307956682000000,0
FilePageCache.disposedBuffers,1788307896683000000,1788307956682000000,0
DirectByteBufferAllocator.misses,1788307896683000000,1788307956682000000,0
StreamlinedBlobStorage.recordsDeleted,1788307896683000000,1788307956682000000,0
FilePageCacheLockFree.totalBytesRead,1788307896683000000,1788307956682000000,0
FilePageCache.maxRegisteredFiles,1788307896683000000,1788307956682000000,555
DirectByteBufferAllocator.totalSizeOfBuffersCachedInBytes,1788307896683000000,1788307956682000000,0
MappedFileStorage.totalPagesMapped,1788307896683000000,1788307956682000000,15
FilePageCacheLockFree.totalNativeBytesReclaimed,1788307896683000000,1788307956682000000,0
StreamlinedBlobStorage.totalLiveRecordsPayloadBytes,1788307896683000000,1788307956682000000,0
StreamlinedBlobStorage.recordsRelocated,1788307896683000000,1788307956682000000,0
MappedFileStorage.totalTimeSpentOnMappingUs,1788307896683000000,1788307956682000000,10166
VFS.fileChildByName,1788307896683000000,1788307956682000000,0
VFS.invertedFileNameIndex.requests,1788307896683000000,1788307956682000000,0
VFS.fileByIdCache.misses,1788307896683000000,1788307956682000000,0
FileNameCache.queries,1788307896683000000,1788307956682000000,0
VFS.fileByIdCache.hits,1788307896683000000,1788307956682000000,0
FileNameCache.totalMisses,1788307896683000000,1788307956682000000,0
workspaceModel.workspaceFileIndexData.processFileSets.ms,1788307896683000000,1788307956682000000,0
workspaceModel.workspaceFileIndexData.updateDirtyEntities.ms,1788307896683000000,1788307956682000000,0
workspaceModel.entityStorageSnapshotImpl.instances.count,1788307896683000000,1788307956682000000,0
workspaceModel.cachedValueWithParameters.calculated.ms,1788307896683000000,1788307956682000000,0
workspaceModel.cachedValueWithParameters.from.cache.ms,1788307896683000000,1788307956682000000,0
workspaceModel.workspaceFileIndexData.getDirectoriesByPackageName.ms,1788307896683000000,1788307956682000000,0
workspaceModel.workspaceFileIndexData.getPackageName.ms,1788307896683000000,1788307956682000000,0
workspaceModel.cachedValue.clear.ms,1788307896683000000,1788307956682000000,0
workspaceModel.check.recursive.update.ms,1788307896683000000,1788307956682000000,0
workspaceModel.loading.from.cache.ms,1788307896683000000,1788307956682000000,0
workspaceModel.workspaceFileIndexData.getFileInfo.ms,1788307896683000000,1788307956682000000,0
workspaceModel.workspaceFileIndexData.visitFileSets.ms,1788307896683000000,1788307956682000000,0
workspaceModel.cachedValue.from.cache.ms,1788307896683000000,1788307956682000000,0
workspaceModel.loading.total.ms,1788307896683000000,1788307956682000000,0
workspaceModel.updates.ms,1788307896683000000,1788307956682000000,0
workspaceModel.cachedValue.total.get.ms,1788307896683000000,1788307956682000000,0
workspaceModel.init.bridges.ms,1788307896683000000,1788307956682000000,0
workspaceModel.full.replace.project.model.ms,1788307896683000000,1788307956682000000,0
workspaceModel.workspaceFileIndexData.instances.count,1788307896683000000,1788307956682000000,0
workspaceModel.update.unloaded.entities.ms,1788307896683000000,1788307956682000000,0
workspaceModel.updates.count,1788307896683000000,1788307956682000000,0
workspaceModel.pre.handlers.ms,1788307896683000000,1788307956682000000,0
workspaceModel.cachedValueWithParameters.clear.ms,1788307896683000000,1788307956682000000,0
workspaceModel.collect.changes.ms,1788307896683000000,1788307956682000000,0
workspaceModel.workspaceFileIndexData.init.ms,1788307896683000000,1788307956682000000,0
workspaceModel.workspaceFileIndexData.markDirty.ms,1788307896683000000,1788307956682000000,0
workspaceModel.cachedValueWithParameters.total.get.ms,1788307896683000000,1788307956682000000,0
workspaceModel.to.snapshot.ms,1788307896683000000,1788307956682000000,0
workspaceModel.updates.precise.ms,1788307896683000000,1788307956682000000,0
workspaceModel.initializing.ms,1788307896683000000,1788307956682000000,0
workspaceModel.cachedValue.calculated.ms,1788307896683000000,1788307956682000000,0
workspaceModel.replace.project.model.ms,1788307896683000000,1788307956682000000,0
workspaceModel.workspaceFileIndexData.onEntitiesChanged.ms,1788307896683000000,1788307956682000000,0
workspaceModel.workspaceFileIndexContributor.registerFileSets.ms,1788307896683000000,1788307956682000000,0
Indexes.stubs.lookupDuration90PMs,1788307896683000000,1788307956682000000,0.0
Indexes.entries.lookupDurationMaxMs,1788307896683000000,1788307956682000000,0.0
Indexes.stubs.lookups,1788307896683000000,1788307956682000000,0.0
IndexesFlusher.totalFlushes,1788307896683000000,1788307956682000000,59
Indexes.entries.lookupDurationAvgMs,1788307896683000000,1788307956682000000,0.0
Indexes.allKeys.lookups,1788307896683000000,1788307956682000000,0.0
Indexes.allKeys.lookupDurationAvgMs,1788307896683000000,1788307956682000000,0.0
IndexesFlusher.totalFlushesRetried,1788307896683000000,1788307956682000000,0
IndexesFlusher.totalFlushingTimeUs,1788307896683000000,1788307956682000000,209966
Indexes.entries.lookupDuration90PMs,1788307896683000000,1788307956682000000,0.0
Indexes.allKeys.lookupDurationMaxMs,1788307896683000000,1788307956682000000,0.0
Indexes.stubs.lookupDurationMaxMs,1788307896683000000,1788307956682000000,0.0
Indexes.stubs.lookupDurationAvgMs,1788307896683000000,1788307956682000000,0.0
Indexes.entries.lookups,1788307896683000000,1788307956682000000,0.0
IndexesFlusher.totalContentionQuotaSpent,1788307896683000000,1788307956682000000,0
Indexes.allKeys.lookupDuration90PMs,1788307896683000000,1788307956682000000,0.0
compiler.ArtifactManagerBridge.addArtifact.ms,1788307896683000000,1788307956682000000,0
compiler.ArtifactManagerBridge.initBridges.ms,1788307896683000000,1788307956682000000,0
compiler.ArtifactManagerBridge.getArtifacts.ms,1788307896683000000,1788307956682000000,0
compiler.ArtifactManagerBridge.findArtifact.ms,1788307896683000000,1788307956682000000,0
compiler.ArtifactVirtualFileListener.propertyChanged.ms,1788307896683000000,1788307956682000000,0
compiler.ArtifactVirtualFileListener.filePathChanged.ms,1788307896683000000,1788307956682000000,0
compiler.ArtifactManagerBridge.dropMappings.ms,1788307896683000000,1788307956682000000,0
compiler.ArtifactManagerBridge.commit.ms,1788307896683000000,1788307956682000000,0
compiler.ArtifactManagerBridge.getArtifactsByType.ms,1788307896683000000,1788307956682000000,0
cacheStateStorage.get.counter,1788307896683000000,1788307956682000000,0
cacheStateStorage.get.duration,1788307896683000000,1788307956682000000,0
cacheStateStorage.set.counter,1788307896683000000,1788307956682000000,0
cacheStateStorage.set.duration,1788307896683000000,1788307956682000000,0
JVM.maxHeapBytes,1788307896683000000,1788307956682000000,2147483648
JVM.GC.collections,1788307896683000000,1788307956682000000,0
JVM.totalDirectByteBuffersBytes,1788307896683000000,1788307956682000000,232756522
JVM.maxThreadCount,1788307896683000000,1788307956682000000,178
JVM.usedHeapBytes,1788307896683000000,1788307956682000000,465001024
JVM.newThreadsCount,1788307896683000000,1788307956682000000,0
JVM.usedNativeBytes,1788307896683000000,1788307956682000000,313107424
JVM.totalCpuTimeMs,1788307896683000000,1788307956682000000,930
JVM.totalBytesAllocated,1788307896683000000,1788307956682000000,9771736
JVM.GC.collectionTimesMs,1788307896683000000,1788307956682000000,0
OS.loadAverage,1788307896683000000,1788307956682000000,3.2529296875
JVM.threadCount,1788307896683000000,1788307956682000000,53
writeAction.count,1788307956682000000,1788308016682000000,0
writeAction.median.wait.ms,1788307956682000000,1788308016682000000,0
writeAction.max.wait.ms,1788307956682000000,1788308016682000000,6
writeAction.wait.ms,1788307956682000000,1788308016682000000,0
AWTEventQueue.dispatchTime90PNs,1788307956682000000,1788308016682000000,135167
FlushQueue.executionTimeAvgNs,1788307956682000000,1788308016682000000,26451.03734439834
AWTEventQueue.dispatchTimeTotalNS,1788307956682000000,1788308016682000000,25465773
FlushQueue.waitingTime90PNs,1788307956682000000,1788308016682000000,201727
AWTEventQueue.dispatchTimeAvgNs,1788307956682000000,1788308016682000000,100247.24409448818
FlushQueue.queueSizeAvg,1788307956682000000,1788308016682000000,0.016597510373443983
ReadAction.executionsCount,1788307956682000000,1788308016682000000,0
FlushQueue.queueSizeMax,1788307956682000000,1788308016682000000,1
NonBlockingReadAction.failedExecutionsCount,1788307956682000000,1788308016682000000,0
AWTEventQueue.eventsDispatched,1788307956682000000,1788308016682000000,254
NonBlockingReadAction.finalizedExecutionTimeUs,1788307956682000000,1788308016682000000,0
FlushQueue.queueSize90P,1788307956682000000,1788308016682000000,0
FlushQueue.waitingTimeAvgNs,1788307956682000000,1788308016682000000,140679.96680497925
NonBlockingReadAction.failedExecutionTimeUs,1788307956682000000,1788308016682000000,0
AWTEventQueue.dispatchTimeMaxNs,1788307956682000000,1788308016682000000,3801087
NonBlockingReadAction.finalizedExecutionsCount,1788307956682000000,1788308016682000000,0
WriteAction.executionsCount,1788307956682000000,1788308016682000000,0
FlushQueue.executionTime90PNs,1788307956682000000,1788308016682000000,54527
FlushQueue.tasksExecuted,1788307956682000000,1788308016682000000,241
FlushQueue.waitingTimeMaxNs,1788307956682000000,1788308016682000000,448511
FlushQueue.executionTimeMaxNs,1788307956682000000,1788308016682000000,663551
workspaceModel.global.updates.count,1788307956682000000,1788308016682000000,0
jps.library.entities.serializer.load.entities.ms,1788307956682000000,1788308016682000000,0
workspaceModel.global.apply.state.to.project.builder.ms,1788307956682000000,1788308016682000000,0
workspaceModel.moduleBridge.facet.initialization.ms,1788307956682000000,1788308016682000000,0
workspaceModel.orphan.listener.update.ms,1788307956682000000,1788308016682000000,0
workspaceModel.mutableEntityStorage.put.entity.ms,1788307956682000000,1788308016682000000,0
workspaceModel.mutableEntityStorage.mutable.vfurl.index.ms,1788307956682000000,1788308016682000000,0
jps.app.storage.content.reader.load.component.ms,1788307956682000000,1788308016682000000,0
workspaceModel.moduleManagerBridge.load.module.ms,1788307956682000000,1788308016682000000,0
workspaceModel.moduleManagerBridge.new.nonPersistent.module.ms,1788307956682000000,1788308016682000000,0
workspaceModel.mutableEntityStorage.apply.changes.from.ms,1788307956682000000,1788308016682000000,0
workspaceModel.do.save.caches.ms,1788307956682000000,1788308016682000000,0
workspaceModel.mutableEntityStorage.entities.by.source.ms,1788307956682000000,1788308016682000000,0
jps.load.initial.state.ms,1788307956682000000,1788308016682000000,0
jps.module.iml.entities.serializer.save.entities.ms,1788307956682000000,1788308016682000000,0
workspaceModel.mutableEntityStorage.instances.count,1788307956682000000,1788308016682000000,0
jps.artifact.entities.serializer.save.entities.ms,1788307956682000000,1788308016682000000,0
workspaceModel.moduleBridge.update.option.ms,1788307956682000000,1788308016682000000,0
jps.global.handle.before.change.events.ms,1788307956682000000,1788308016682000000,0
workspaceModel.delayed.project.synchronizer.sync.ms,1788307956682000000,1788308016682000000,0
workspaceModel.moduleManagerBridge.set.unloadedModules.ms,1788307956682000000,1788308016682000000,0
jps.facet.change.listener.init.bridge.ms,1788307956682000000,1788308016682000000,0
jps.app.storage.content.writer.save.component.ms,1788307956682000000,1788308016682000000,0
jps.project.serializers.load.ms,1788307956682000000,1788308016682000000,0
jps.global.initialize.library.bridges.after.loading.ms,1788307956682000000,1788308016682000000,0
jps.reload.project.entities.ms,1788307956682000000,1788308016682000000,0
workspaceModel.mutableEntityStorage.resolve.ms,1788307956682000000,1788308016682000000,0
jps.save.changed.project.entities.ms,1788307956682000000,1788308016682000000,0
workspaceModel.global.apply.state.to.project.ms,1788307956682000000,1788308016682000000,0
jps.facet.change.listener.before.change.events.ms,1788307956682000000,1788308016682000000,0
jps.global.get.libraries.ms,1788307956682000000,1788308016682000000,0
workspaceModel.moduleBridgeLoader.loading.modules.ms,1788307956682000000,1788308016682000000,0
workspaceModel.mutableEntityStorage.has.same.entities.ms,1788307956682000000,1788308016682000000,0
workspaceModel.mutableEntityStorage.replace.by.source.ms,1788307956682000000,1788308016682000000,0
jps.global.initialize.library.bridges.ms,1788307956682000000,1788308016682000000,0
workspaceModel.mutableEntityStorage.remove.entity.ms,1788307956682000000,1788308016682000000,0
workspaceModel.moduleManagerBridge.newModule.ms,1788307956682000000,1788308016682000000,0
jps.facet.change.listener.process.change.events.ms,1788307956682000000,1788308016682000000,0
workspaceModel.load.cache.from.file.ms,1788307956682000000,1788308016682000000,0
workspaceModel.sync.entities.ms,1788307956682000000,1788308016682000000,0
jps.library.entities.serializer.save.entities.ms,1788307956682000000,1788308016682000000,0
jps.global.handle.changed.events.ms,1788307956682000000,1788308016682000000,0
workspaceModel.moduleManagerBridge.load.all.modules.ms,1788307956682000000,1788308016682000000,0
jps.apply.loaded.storage.ms,1788307956682000000,1788308016682000000,0
jps.module.iml.entities.serializer.load.entities.ms,1788307956682000000,1788308016682000000,0
jps.save.global.entities.ms,1788307956682000000,1788308016682000000,0
workspaceModel.mutableEntityStorage.to.snapshot.ms,1788307956682000000,1788308016682000000,0
workspaceModel.mutableEntityStorage.mutable.ext.mapping.ms,1788307956682000000,1788308016682000000,0
jps.project.serializers.save.ms,1788307956682000000,1788308016682000000,0
workspaceModel.mutableEntityStorage.referrers.ms,1788307956682000000,1788308016682000000,0
workspaceModel.mutableEntityStorage.add.entity.ms,1788307956682000000,1788308016682000000,0
jps.load.project.to.empty.storage.ms,1788307956682000000,1788308016682000000,0
workspaceModel.save.cache.to.file.ms,1788307956682000000,1788308016682000000,0
jps.storage.jps.conf.reader.load.component.ms,1788307956682000000,1788308016682000000,0
jps.artifact.entities.serializer.load.entities.ms,1788307956682000000,1788308016682000000,0
workspaceModel.global.updates.ms,1788307956682000000,1788308016682000000,0
workspaceModel.mutableEntityStorage.collect.changes.ms,1788307956682000000,1788308016682000000,0
workspaceModel.moduleManagerBridge.get.modules.ms,1788307956682000000,1788308016682000000,0
jps.global.get.library.ms,1788307956682000000,1788308016682000000,0
workspaceModel.moduleBridge.before.changed.ms,1788307956682000000,1788308016682000000,0
workspaceModel.load.cache.metadata.from.file.ms,1788307956682000000,1788308016682000000,0
workspaceModel.moduleManagerBridge.create.module.instance.ms,1788307956682000000,1788308016682000000,0
workspaceModel.moduleManagerBridge.build.module.graph.ms,1788307956682000000,1788308016682000000,0
workspaceModel.mutableEntityStorage.entities.ms,1788307956682000000,1788308016682000000,0
workspaceModel.mutableEntityStorage.modify.entity.ms,1788307956682000000,1788308016682000000,0
jps.global.get.library.by.name.ms,1788307956682000000,1788308016682000000,0
FilePageCache.maxCacheSizeInBytes,1788307956682000000,1788308016682000000,231751680
FilePageCacheLockFree.totalPagesAllocated,1788307956682000000,1788308016682000000,0
FilePageCache.pageLoadsAboveSizeThreshold,1788307956682000000,1788308016682000000,0
StorageLockContext.competingThreads.avg,1788307956682000000,1788308016682000000,0.0
MappedFileStorage.storages,1788307956682000000,1788308016682000000,15
FilePageCacheLockFree.totalPagesWritten,1788307956682000000,1788308016682000000,0
FilePageCacheLockFree.housekeeperTurnsSkipped,1788307956682000000,1788308016682000000,0
FilePageCacheLockFree.totalPagesRequestsMs,1788307956682000000,1788308016682000000,0
FilePageCacheLockFree.totalHeapBytesReclaimed,1788307956682000000,1788308016682000000,0
FilePageCache.pageHits,1788307956682000000,1788308016682000000,0
StreamlinedBlobStorage.recordsAllocated,1788307956682000000,1788308016682000000,0
MappedFileStorage.totalBytesMapped,1788307956682000000,1788308016682000000,198443008
FilePageCacheLockFree.totalPageAllocationsWaited,1788307956682000000,1788308016682000000,0
FilePageCache.uncachedFileAccess,1788307956682000000,1788308016682000000,0
StorageLockContext.competingThreads.max,1788307956682000000,1788308016682000000,0
FilePageCacheLockFree.totalBytesWritten,1788307956682000000,1788308016682000000,0
FilePageCacheLockFree.totalClosedStoragesReclaimed,1788307956682000000,1788308016682000000,0
FilePageCacheLockFree.totalPagesRequested,1788307956682000000,1788308016682000000,0
StreamlinedBlobStorage.totalLiveRecordsCapacityBytes,1788307956682000000,1788308016682000000,0
FilePageCacheLockFree.totalHeapBytesAllocated,1788307956682000000,1788308016682000000,0
FilePageCacheLockFree.heapBytesInUse,1788307956682000000,1788308016682000000,0
FilePageCache.totalPageDisposalsUs,1788307956682000000,1788308016682000000,0
FilePageCacheLockFree.totalPagesReclaimed,1788307956682000000,1788308016682000000,0
DirectByteBufferAllocator.totalSizeOfBuffersAllocatedInBytes,1788307956682000000,1788308016682000000,231751680
FilePageCacheLockFree.nativeBytesInUse,1788307956682000000,1788308016682000000,0
FilePageCacheLockFree.housekeeperTurnsDone,1788307956682000000,1788308016682000000,0
FilePageCache.totalPageLoadsUs,1788307956682000000,1788308016682000000,0
FilePageCacheLockFree.totalPagesWriteMs,1788307956682000000,1788308016682000000,0
StorageLockContext.competingThreads.90P,1788307956682000000,1788308016682000000,0
FilePageCache.capacityInBytes,1788307956682000000,1788308016682000000,503316478
DirectByteBufferAllocator.reclaimed,1788307956682000000,1788308016682000000,0
DirectByteBufferAllocator.disposed,1788307956682000000,1788308016682000000,0
FileChannelInterruptsRetryer.totalRetriedAttempts,1788307956682000000,1788308016682000000,0
FilePageCacheLockFree.totalPagesHandedOver,1788307956682000000,1788308016682000000,0
FilePageCache.pageFastCacheHits,1788307956682000000,1788308016682000000,0
FilePageCache.pageLoads,1788307956682000000,1788308016682000000,0
FilePageCacheLockFree.housekeeperTimeSpentMs,1788307956682000000,1788308016682000000,0
FilePageCacheLockFree.totalPagesReadMs,1788307956682000000,1788308016682000000,0
DirectByteBufferAllocator.hits,1788307956682000000,1788308016682000000,0
FilePageCacheLockFree.totalBytesRequested,1788307956682000000,1788308016682000000,0
FilePageCacheLockFree.totalNativeBytesAllocated,1788307956682000000,1788308016682000000,0
FilePageCache.disposedBuffers,1788307956682000000,1788308016682000000,0
DirectByteBufferAllocator.misses,1788307956682000000,1788308016682000000,0
StreamlinedBlobStorage.recordsDeleted,1788307956682000000,1788308016682000000,0
FilePageCacheLockFree.totalBytesRead,1788307956682000000,1788308016682000000,0
FilePageCache.maxRegisteredFiles,1788307956682000000,1788308016682000000,555
DirectByteBufferAllocator.totalSizeOfBuffersCachedInBytes,1788307956682000000,1788308016682000000,0
MappedFileStorage.totalPagesMapped,1788307956682000000,1788308016682000000,15
FilePageCacheLockFree.totalNativeBytesReclaimed,1788307956682000000,1788308016682000000,0
StreamlinedBlobStorage.totalLiveRecordsPayloadBytes,1788307956682000000,1788308016682000000,0
StreamlinedBlobStorage.recordsRelocated,1788307956682000000,1788308016682000000,0
MappedFileStorage.totalTimeSpentOnMappingUs,1788307956682000000,1788308016682000000,10166
VFS.fileChildByName,1788307956682000000,1788308016682000000,0
VFS.invertedFileNameIndex.requests,1788307956682000000,1788308016682000000,0
VFS.fileByIdCache.misses,1788307956682000000,1788308016682000000,0
FileNameCache.queries,1788307956682000000,1788308016682000000,0
VFS.fileByIdCache.hits,1788307956682000000,1788308016682000000,0
FileNameCache.totalMisses,1788307956682000000,1788308016682000000,0
workspaceModel.workspaceFileIndexData.processFileSets.ms,1788307956682000000,1788308016682000000,0
workspaceModel.workspaceFileIndexData.updateDirtyEntities.ms,1788307956682000000,1788308016682000000,0
workspaceModel.entityStorageSnapshotImpl.instances.count,1788307956682000000,1788308016682000000,0
workspaceModel.cachedValueWithParameters.calculated.ms,1788307956682000000,1788308016682000000,0
workspaceModel.cachedValueWithParameters.from.cache.ms,1788307956682000000,1788308016682000000,0
workspaceModel.workspaceFileIndexData.getDirectoriesByPackageName.ms,1788307956682000000,1788308016682000000,0
workspaceModel.workspaceFileIndexData.getPackageName.ms,1788307956682000000,1788308016682000000,0
workspaceModel.cachedValue.clear.ms,1788307956682000000,1788308016682000000,0
workspaceModel.check.recursive.update.ms,1788307956682000000,1788308016682000000,0
workspaceModel.loading.from.cache.ms,1788307956682000000,1788308016682000000,0
workspaceModel.workspaceFileIndexData.getFileInfo.ms,1788307956682000000,1788308016682000000,0
workspaceModel.workspaceFileIndexData.visitFileSets.ms,1788307956682000000,1788308016682000000,0
workspaceModel.cachedValue.from.cache.ms,1788307956682000000,1788308016682000000,0
workspaceModel.loading.total.ms,1788307956682000000,1788308016682000000,0
workspaceModel.updates.ms,1788307956682000000,1788308016682000000,0
workspaceModel.cachedValue.total.get.ms,1788307956682000000,1788308016682000000,0
workspaceModel.init.bridges.ms,1788307956682000000,1788308016682000000,0
workspaceModel.full.replace.project.model.ms,1788307956682000000,1788308016682000000,0
workspaceModel.workspaceFileIndexData.instances.count,1788307956682000000,1788308016682000000,0
workspaceModel.update.unloaded.entities.ms,1788307956682000000,1788308016682000000,0
workspaceModel.updates.count,1788307956682000000,1788308016682000000,0
workspaceModel.pre.handlers.ms,1788307956682000000,1788308016682000000,0
workspaceModel.cachedValueWithParameters.clear.ms,1788307956682000000,1788308016682000000,0
workspaceModel.collect.changes.ms,1788307956682000000,1788308016682000000,0
workspaceModel.workspaceFileIndexData.init.ms,1788307956682000000,1788308016682000000,0
workspaceModel.workspaceFileIndexData.markDirty.ms,1788307956682000000,1788308016682000000,0
workspaceModel.cachedValueWithParameters.total.get.ms,1788307956682000000,1788308016682000000,0
workspaceModel.to.snapshot.ms,1788307956682000000,1788308016682000000,0
workspaceModel.updates.precise.ms,1788307956682000000,1788308016682000000,0
workspaceModel.initializing.ms,1788307956682000000,1788308016682000000,0
workspaceModel.cachedValue.calculated.ms,1788307956682000000,1788308016682000000,0
workspaceModel.replace.project.model.ms,1788307956682000000,1788308016682000000,0
workspaceModel.workspaceFileIndexData.onEntitiesChanged.ms,1788307956682000000,1788308016682000000,0
workspaceModel.workspaceFileIndexContributor.registerFileSets.ms,1788307956682000000,1788308016682000000,0
Indexes.stubs.lookupDuration90PMs,1788307956682000000,1788308016682000000,0.0
Indexes.entries.lookupDurationMaxMs,1788307956682000000,1788308016682000000,0.0
Indexes.stubs.lookups,1788307956682000000,1788308016682000000,0.0
IndexesFlusher.totalFlushes,1788307956682000000,1788308016682000000,59
Indexes.entries.lookupDurationAvgMs,1788307956682000000,1788308016682000000,0.0
Indexes.allKeys.lookups,1788307956682000000,1788308016682000000,0.0
Indexes.allKeys.lookupDurationAvgMs,1788307956682000000,1788308016682000000,0.0
IndexesFlusher.totalFlushesRetried,1788307956682000000,1788308016682000000,0
IndexesFlusher.totalFlushingTimeUs,1788307956682000000,1788308016682000000,200717
Indexes.entries.lookupDuration90PMs,1788307956682000000,1788308016682000000,0.0
Indexes.allKeys.lookupDurationMaxMs,1788307956682000000,1788308016682000000,0.0
Indexes.stubs.lookupDurationMaxMs,1788307956682000000,1788308016682000000,0.0
Indexes.stubs.lookupDurationAvgMs,1788307956682000000,1788308016682000000,0.0
Indexes.entries.lookups,1788307956682000000,1788308016682000000,0.0
IndexesFlusher.totalContentionQuotaSpent,1788307956682000000,1788308016682000000,0
Indexes.allKeys.lookupDuration90PMs,1788307956682000000,1788308016682000000,0.0
compiler.ArtifactManagerBridge.addArtifact.ms,1788307956682000000,1788308016682000000,0
compiler.ArtifactManagerBridge.initBridges.ms,1788307956682000000,1788308016682000000,0
compiler.ArtifactManagerBridge.getArtifacts.ms,1788307956682000000,1788308016682000000,0
compiler.ArtifactManagerBridge.findArtifact.ms,1788307956682000000,1788308016682000000,0
compiler.ArtifactVirtualFileListener.propertyChanged.ms,1788307956682000000,1788308016682000000,0
compiler.ArtifactVirtualFileListener.filePathChanged.ms,1788307956682000000,1788308016682000000,0
compiler.ArtifactManagerBridge.dropMappings.ms,1788307956682000000,1788308016682000000,0
compiler.ArtifactManagerBridge.commit.ms,1788307956682000000,1788308016682000000,0
compiler.ArtifactManagerBridge.getArtifactsByType.ms,1788307956682000000,1788308016682000000,0
cacheStateStorage.get.counter,1788307956682000000,1788308016682000000,0
cacheStateStorage.get.duration,1788307956682000000,1788308016682000000,0
cacheStateStorage.set.counter,1788307956682000000,1788308016682000000,0
cacheStateStorage.set.duration,1788307956682000000,1788308016682000000,0
JVM.maxHeapBytes,1788307956682000000,1788308016682000000,2147483648
JVM.GC.collections,1788307956682000000,1788308016682000000,0
JVM.totalDirectByteBuffersBytes,1788307956682000000,1788308016682000000,232756522
JVM.maxThreadCount,1788307956682000000,1788308016682000000,178
JVM.usedHeapBytes,1788307956682000000,1788308016682000000,474438208
JVM.newThreadsCount,1788307956682000000,1788308016682000000,0
JVM.usedNativeBytes,1788307956682000000,1788308016682000000,313215480
JVM.totalCpuTimeMs,1788307956682000000,1788308016682000000,793
JVM.totalBytesAllocated,1788307956682000000,1788308016682000000,9454976
JVM.GC.collectionTimesMs,1788307956682000000,1788308016682000000,0
OS.loadAverage,1788307956682000000,1788308016682000000,3.5654296875
JVM.threadCount,1788307956682000000,1788308016682000000,52
writeAction.count,1788308016682000000,1788308076684000000,0
writeAction.median.wait.ms,1788308016682000000,1788308076684000000,0
writeAction.max.wait.ms,1788308016682000000,1788308076684000000,6
writeAction.wait.ms,1788308016682000000,1788308076684000000,0
AWTEventQueue.dispatchTime90PNs,1788308016682000000,1788308076684000000,124415
FlushQueue.executionTimeAvgNs,1788308016682000000,1788308076684000000,25022.07468879668
AWTEventQueue.dispatchTimeTotalNS,1788308016682000000,1788308076684000000,25024163
FlushQueue.waitingTime90PNs,1788308016682000000,1788308076684000000,182271
AWTEventQueue.dispatchTimeAvgNs,1788308016682000000,1788308076684000000,98559.49606299213
FlushQueue.queueSizeAvg,1788308016682000000,1788308076684000000,0.004149377593360996
ReadAction.executionsCount,1788308016682000000,1788308076684000000,0
FlushQueue.queueSizeMax,1788308016682000000,1788308076684000000,1
NonBlockingReadAction.failedExecutionsCount,1788308016682000000,1788308076684000000,0
AWTEventQueue.eventsDispatched,1788308016682000000,1788308076684000000,254
NonBlockingReadAction.finalizedExecutionTimeUs,1788308016682000000,1788308076684000000,0
FlushQueue.queueSize90P,1788308016682000000,1788308076684000000,0
FlushQueue.waitingTimeAvgNs,1788308016682000000,1788308076684000000,123641.62655601659
NonBlockingReadAction.failedExecutionTimeUs,1788308016682000000,1788308076684000000,0
AWTEventQueue.dispatchTimeMaxNs,1788308016682000000,1788308076684000000,4685823
NonBlockingReadAction.finalizedExecutionsCount,1788308016682000000,1788308076684000000,0
WriteAction.executionsCount,1788308016682000000,1788308076684000000,0
FlushQueue.executionTime90PNs,1788308016682000000,1788308076684000000,42751
FlushQueue.tasksExecuted,1788308016682000000,1788308076684000000,241
FlushQueue.waitingTimeMaxNs,1788308016682000000,1788308076684000000,415743
FlushQueue.executionTimeMaxNs,1788308016682000000,1788308076684000000,720895
workspaceModel.global.updates.count,1788308016682000000,1788308076684000000,0
jps.library.entities.serializer.load.entities.ms,1788308016682000000,1788308076684000000,0
workspaceModel.global.apply.state.to.project.builder.ms,1788308016682000000,1788308076684000000,0
workspaceModel.moduleBridge.facet.initialization.ms,1788308016682000000,1788308076684000000,0
workspaceModel.orphan.listener.update.ms,1788308016682000000,1788308076684000000,0
workspaceModel.mutableEntityStorage.put.entity.ms,1788308016682000000,1788308076684000000,0
workspaceModel.mutableEntityStorage.mutable.vfurl.index.ms,1788308016682000000,1788308076684000000,0
jps.app.storage.content.reader.load.component.ms,1788308016682000000,1788308076684000000,0
workspaceModel.moduleManagerBridge.load.module.ms,1788308016682000000,1788308076684000000,0
workspaceModel.moduleManagerBridge.new.nonPersistent.module.ms,1788308016682000000,1788308076684000000,0
workspaceModel.mutableEntityStorage.apply.changes.from.ms,1788308016682000000,1788308076684000000,0
workspaceModel.do.save.caches.ms,1788308016682000000,1788308076684000000,0
workspaceModel.mutableEntityStorage.entities.by.source.ms,1788308016682000000,1788308076684000000,0
jps.load.initial.state.ms,1788308016682000000,1788308076684000000,0
jps.module.iml.entities.serializer.save.entities.ms,1788308016682000000,1788308076684000000,0
workspaceModel.mutableEntityStorage.instances.count,1788308016682000000,1788308076684000000,0
jps.artifact.entities.serializer.save.entities.ms,1788308016682000000,1788308076684000000,0
workspaceModel.moduleBridge.update.option.ms,1788308016682000000,1788308076684000000,0
jps.global.handle.before.change.events.ms,1788308016682000000,1788308076684000000,0
workspaceModel.delayed.project.synchronizer.sync.ms,1788308016682000000,1788308076684000000,0
workspaceModel.moduleManagerBridge.set.unloadedModules.ms,1788308016682000000,1788308076684000000,0
jps.facet.change.listener.init.bridge.ms,1788308016682000000,1788308076684000000,0
jps.app.storage.content.writer.save.component.ms,1788308016682000000,1788308076684000000,0
jps.project.serializers.load.ms,1788308016682000000,1788308076684000000,0
jps.global.initialize.library.bridges.after.loading.ms,1788308016682000000,1788308076684000000,0
jps.reload.project.entities.ms,1788308016682000000,1788308076684000000,0
workspaceModel.mutableEntityStorage.resolve.ms,1788308016682000000,1788308076684000000,0
jps.save.changed.project.entities.ms,1788308016682000000,1788308076684000000,0
workspaceModel.global.apply.state.to.project.ms,1788308016682000000,1788308076684000000,0
jps.facet.change.listener.before.change.events.ms,1788308016682000000,1788308076684000000,0
jps.global.get.libraries.ms,1788308016682000000,1788308076684000000,0
workspaceModel.moduleBridgeLoader.loading.modules.ms,1788308016682000000,1788308076684000000,0
workspaceModel.mutableEntityStorage.has.same.entities.ms,1788308016682000000,1788308076684000000,0
workspaceModel.mutableEntityStorage.replace.by.source.ms,1788308016682000000,1788308076684000000,0
jps.global.initialize.library.bridges.ms,1788308016682000000,1788308076684000000,0
workspaceModel.mutableEntityStorage.remove.entity.ms,1788308016682000000,1788308076684000000,0
workspaceModel.moduleManagerBridge.newModule.ms,1788308016682000000,1788308076684000000,0
jps.facet.change.listener.process.change.events.ms,1788308016682000000,1788308076684000000,0
workspaceModel.load.cache.from.file.ms,1788308016682000000,1788308076684000000,0
workspaceModel.sync.entities.ms,1788308016682000000,1788308076684000000,0
jps.library.entities.serializer.save.entities.ms,1788308016682000000,1788308076684000000,0
jps.global.handle.changed.events.ms,1788308016682000000,1788308076684000000,0
workspaceModel.moduleManagerBridge.load.all.modules.ms,1788308016682000000,1788308076684000000,0
jps.apply.loaded.storage.ms,1788308016682000000,1788308076684000000,0
jps.module.iml.entities.serializer.load.entities.ms,1788308016682000000,1788308076684000000,0
jps.save.global.entities.ms,1788308016682000000,1788308076684000000,0
workspaceModel.mutableEntityStorage.to.snapshot.ms,1788308016682000000,1788308076684000000,0
workspaceModel.mutableEntityStorage.mutable.ext.mapping.ms,1788308016682000000,1788308076684000000,0
jps.project.serializers.save.ms,1788308016682000000,1788308076684000000,0
workspaceModel.mutableEntityStorage.referrers.ms,1788308016682000000,1788308076684000000,0
workspaceModel.mutableEntityStorage.add.entity.ms,1788308016682000000,1788308076684000000,0
jps.load.project.to.empty.storage.ms,1788308016682000000,1788308076684000000,0
workspaceModel.save.cache.to.file.ms,1788308016682000000,1788308076684000000,0
jps.storage.jps.conf.reader.load.component.ms,1788308016682000000,1788308076684000000,0
jps.artifact.entities.serializer.load.entities.ms,1788308016682000000,1788308076684000000,0
workspaceModel.global.updates.ms,1788308016682000000,1788308076684000000,0
workspaceModel.mutableEntityStorage.collect.changes.ms,1788308016682000000,1788308076684000000,0
workspaceModel.moduleManagerBridge.get.modules.ms,1788308016682000000,1788308076684000000,0
jps.global.get.library.ms,1788308016682000000,1788308076684000000,0
workspaceModel.moduleBridge.before.changed.ms,1788308016682000000,1788308076684000000,0
workspaceModel.load.cache.metadata.from.file.ms,1788308016682000000,1788308076684000000,0
workspaceModel.moduleManagerBridge.create.module.instance.ms,1788308016682000000,1788308076684000000,0
workspaceModel.moduleManagerBridge.build.module.graph.ms,1788308016682000000,1788308076684000000,0
workspaceModel.mutableEntityStorage.entities.ms,1788308016682000000,1788308076684000000,0
workspaceModel.mutableEntityStorage.modify.entity.ms,1788308016682000000,1788308076684000000,0
jps.global.get.library.by.name.ms,1788308016682000000,1788308076684000000,0
FilePageCache.maxCacheSizeInBytes,1788308016682000000,1788308076684000000,231751680
FilePageCacheLockFree.totalPagesAllocated,1788308016682000000,1788308076684000000,0
FilePageCache.pageLoadsAboveSizeThreshold,1788308016682000000,1788308076684000000,0
StorageLockContext.competingThreads.avg,1788308016682000000,1788308076684000000,0.0
MappedFileStorage.storages,1788308016682000000,1788308076684000000,15
FilePageCacheLockFree.totalPagesWritten,1788308016682000000,1788308076684000000,0
FilePageCacheLockFree.housekeeperTurnsSkipped,1788308016682000000,1788308076684000000,0
FilePageCacheLockFree.totalPagesRequestsMs,1788308016682000000,1788308076684000000,0
FilePageCacheLockFree.totalHeapBytesReclaimed,1788308016682000000,1788308076684000000,0
FilePageCache.pageHits,1788308016682000000,1788308076684000000,0
StreamlinedBlobStorage.recordsAllocated,1788308016682000000,1788308076684000000,0
MappedFileStorage.totalBytesMapped,1788308016682000000,1788308076684000000,198443008
FilePageCacheLockFree.totalPageAllocationsWaited,1788308016682000000,1788308076684000000,0
FilePageCache.uncachedFileAccess,1788308016682000000,1788308076684000000,0
StorageLockContext.competingThreads.max,1788308016682000000,1788308076684000000,0
FilePageCacheLockFree.totalBytesWritten,1788308016682000000,1788308076684000000,0
FilePageCacheLockFree.totalClosedStoragesReclaimed,1788308016682000000,1788308076684000000,0
FilePageCacheLockFree.totalPagesRequested,1788308016682000000,1788308076684000000,0
StreamlinedBlobStorage.totalLiveRecordsCapacityBytes,1788308016682000000,1788308076684000000,0
FilePageCacheLockFree.totalHeapBytesAllocated,1788308016682000000,1788308076684000000,0
FilePageCacheLockFree.heapBytesInUse,1788308016682000000,1788308076684000000,0
FilePageCache.totalPageDisposalsUs,1788308016682000000,1788308076684000000,0
FilePageCacheLockFree.totalPagesReclaimed,1788308016682000000,1788308076684000000,0
DirectByteBufferAllocator.totalSizeOfBuffersAllocatedInBytes,1788308016682000000,1788308076684000000,231751680
FilePageCacheLockFree.nativeBytesInUse,1788308016682000000,1788308076684000000,0
FilePageCacheLockFree.housekeeperTurnsDone,1788308016682000000,1788308076684000000,0
FilePageCache.totalPageLoadsUs,1788308016682000000,1788308076684000000,0
FilePageCacheLockFree.totalPagesWriteMs,1788308016682000000,1788308076684000000,0
StorageLockContext.competingThreads.90P,1788308016682000000,1788308076684000000,0
FilePageCache.capacityInBytes,1788308016682000000,1788308076684000000,503316478
DirectByteBufferAllocator.reclaimed,1788308016682000000,1788308076684000000,0
DirectByteBufferAllocator.disposed,1788308016682000000,1788308076684000000,0
FileChannelInterruptsRetryer.totalRetriedAttempts,1788308016682000000,1788308076684000000,0
FilePageCacheLockFree.totalPagesHandedOver,1788308016682000000,1788308076684000000,0
FilePageCache.pageFastCacheHits,1788308016682000000,1788308076684000000,0
FilePageCache.pageLoads,1788308016682000000,1788308076684000000,0
FilePageCacheLockFree.housekeeperTimeSpentMs,1788308016682000000,1788308076684000000,0
FilePageCacheLockFree.totalPagesReadMs,1788308016682000000,1788308076684000000,0
DirectByteBufferAllocator.hits,1788308016682000000,1788308076684000000,0
FilePageCacheLockFree.totalBytesRequested,1788308016682000000,1788308076684000000,0
FilePageCacheLockFree.totalNativeBytesAllocated,1788308016682000000,1788308076684000000,0
FilePageCache.disposedBuffers,1788308016682000000,1788308076684000000,0
DirectByteBufferAllocator.misses,1788308016682000000,1788308076684000000,0
StreamlinedBlobStorage.recordsDeleted,1788308016682000000,1788308076684000000,0
FilePageCacheLockFree.totalBytesRead,1788308016682000000,1788308076684000000,0
FilePageCache.maxRegisteredFiles,1788308016682000000,1788308076684000000,555
DirectByteBufferAllocator.totalSizeOfBuffersCachedInBytes,1788308016682000000,1788308076684000000,0
MappedFileStorage.totalPagesMapped,1788308016682000000,1788308076684000000,15
FilePageCacheLockFree.totalNativeBytesReclaimed,1788308016682000000,1788308076684000000,0
StreamlinedBlobStorage.totalLiveRecordsPayloadBytes,1788308016682000000,1788308076684000000,0
StreamlinedBlobStorage.recordsRelocated,1788308016682000000,1788308076684000000,0
MappedFileStorage.totalTimeSpentOnMappingUs,1788308016682000000,1788308076684000000,10166
VFS.fileChildByName,1788308016682000000,1788308076684000000,0
VFS.invertedFileNameIndex.requests,1788308016682000000,1788308076684000000,0
VFS.fileByIdCache.misses,1788308016682000000,1788308076684000000,0
FileNameCache.queries,1788308016682000000,1788308076684000000,0
VFS.fileByIdCache.hits,1788308016682000000,1788308076684000000,0
FileNameCache.totalMisses,1788308016682000000,1788308076684000000,0
workspaceModel.workspaceFileIndexData.processFileSets.ms,1788308016682000000,1788308076684000000,0
workspaceModel.workspaceFileIndexData.updateDirtyEntities.ms,1788308016682000000,1788308076684000000,0
workspaceModel.entityStorageSnapshotImpl.instances.count,1788308016682000000,1788308076684000000,0
workspaceModel.cachedValueWithParameters.calculated.ms,1788308016682000000,1788308076684000000,0
workspaceModel.cachedValueWithParameters.from.cache.ms,1788308016682000000,1788308076684000000,0
workspaceModel.workspaceFileIndexData.getDirectoriesByPackageName.ms,1788308016682000000,1788308076684000000,0
workspaceModel.workspaceFileIndexData.getPackageName.ms,1788308016682000000,1788308076684000000,0
workspaceModel.cachedValue.clear.ms,1788308016682000000,1788308076684000000,0
workspaceModel.check.recursive.update.ms,1788308016682000000,1788308076684000000,0
workspaceModel.loading.from.cache.ms,1788308016682000000,1788308076684000000,0
workspaceModel.workspaceFileIndexData.getFileInfo.ms,1788308016682000000,1788308076684000000,0
workspaceModel.workspaceFileIndexData.visitFileSets.ms,1788308016682000000,1788308076684000000,0
workspaceModel.cachedValue.from.cache.ms,1788308016682000000,1788308076684000000,0
workspaceModel.loading.total.ms,1788308016682000000,1788308076684000000,0
workspaceModel.updates.ms,1788308016682000000,1788308076684000000,0
workspaceModel.cachedValue.total.get.ms,1788308016682000000,1788308076684000000,0
workspaceModel.init.bridges.ms,1788308016682000000,1788308076684000000,0
workspaceModel.full.replace.project.model.ms,1788308016682000000,1788308076684000000,0
workspaceModel.workspaceFileIndexData.instances.count,1788308016682000000,1788308076684000000,0
workspaceModel.update.unloaded.entities.ms,1788308016682000000,1788308076684000000,0
workspaceModel.updates.count,1788308016682000000,1788308076684000000,0
workspaceModel.pre.handlers.ms,1788308016682000000,1788308076684000000,0
workspaceModel.cachedValueWithParameters.clear.ms,1788308016682000000,1788308076684000000,0
workspaceModel.collect.changes.ms,1788308016682000000,1788308076684000000,0
workspaceModel.workspaceFileIndexData.init.ms,1788308016682000000,1788308076684000000,0
workspaceModel.workspaceFileIndexData.markDirty.ms,1788308016682000000,1788308076684000000,0
workspaceModel.cachedValueWithParameters.total.get.ms,1788308016682000000,1788308076684000000,0
workspaceModel.to.snapshot.ms,1788308016682000000,1788308076684000000,0
workspaceModel.updates.precise.ms,1788308016682000000,1788308076684000000,0
workspaceModel.initializing.ms,1788308016682000000,1788308076684000000,0
workspaceModel.cachedValue.calculated.ms,1788308016682000000,1788308076684000000,0
workspaceModel.replace.project.model.ms,1788308016682000000,1788308076684000000,0
workspaceModel.workspaceFileIndexData.onEntitiesChanged.ms,1788308016682000000,1788308076684000000,0
workspaceModel.workspaceFileIndexContributor.registerFileSets.ms,1788308016682000000,1788308076684000000,0
Indexes.stubs.lookupDuration90PMs,1788308016682000000,1788308076684000000,0.0
Indexes.entries.lookupDurationMaxMs,1788308016682000000,1788308076684000000,0.0
Indexes.stubs.lookups,1788308016682000000,1788308076684000000,0.0
IndexesFlusher.totalFlushes,1788308016682000000,1788308076684000000,59
Indexes.entries.lookupDurationAvgMs,1788308016682000000,1788308076684000000,0.0
Indexes.allKeys.lookups,1788308016682000000,1788308076684000000,0.0
Indexes.allKeys.lookupDurationAvgMs,1788308016682000000,1788308076684000000,0.0
IndexesFlusher.totalFlushesRetried,1788308016682000000,1788308076684000000,0
IndexesFlusher.totalFlushingTimeUs,1788308016682000000,1788308076684000000,196566
Indexes.entries.lookupDuration90PMs,1788308016682000000,1788308076684000000,0.0
Indexes.allKeys.lookupDurationMaxMs,1788308016682000000,1788308076684000000,0.0
Indexes.stubs.lookupDurationMaxMs,1788308016682000000,1788308076684000000,0.0
Indexes.stubs.lookupDurationAvgMs,1788308016682000000,1788308076684000000,0.0
Indexes.entries.lookups,1788308016682000000,1788308076684000000,0.0
IndexesFlusher.totalContentionQuotaSpent,1788308016682000000,1788308076684000000,0
Indexes.allKeys.lookupDuration90PMs,1788308016682000000,1788308076684000000,0.0
compiler.ArtifactManagerBridge.addArtifact.ms,1788308016682000000,1788308076684000000,0
compiler.ArtifactManagerBridge.initBridges.ms,1788308016682000000,1788308076684000000,0
compiler.ArtifactManagerBridge.getArtifacts.ms,1788308016682000000,1788308076684000000,0
compiler.ArtifactManagerBridge.findArtifact.ms,1788308016682000000,1788308076684000000,0
compiler.ArtifactVirtualFileListener.propertyChanged.ms,1788308016682000000,1788308076684000000,0
compiler.ArtifactVirtualFileListener.filePathChanged.ms,1788308016682000000,1788308076684000000,0
compiler.ArtifactManagerBridge.dropMappings.ms,1788308016682000000,1788308076684000000,0
compiler.ArtifactManagerBridge.commit.ms,1788308016682000000,1788308076684000000,0
compiler.ArtifactManagerBridge.getArtifactsByType.ms,1788308016682000000,1788308076684000000,0
cacheStateStorage.get.counter,1788308016682000000,1788308076684000000,0
cacheStateStorage.get.duration,1788308016682000000,1788308076684000000,0
cacheStateStorage.set.counter,1788308016682000000,1788308076684000000,0
cacheStateStorage.set.duration,1788308016682000000,1788308076684000000,0
JVM.maxHeapBytes,1788308016682000000,1788308076684000000,2147483648
JVM.GC.collections,1788308016682000000,1788308076684000000,0
JVM.totalDirectByteBuffersBytes,1788308016682000000,1788308076684000000,232756522
JVM.maxThreadCount,1788308016682000000,1788308076684000000,178
JVM.usedHeapBytes,1788308016682000000,1788308076684000000,483875392
JVM.newThreadsCount,1788308016682000000,1788308076684000000,0
JVM.usedNativeBytes,1788308016682000000,1788308076684000000,313248848
JVM.totalCpuTimeMs,1788308016682000000,1788308076684000000,585
JVM.totalBytesAllocated,1788308016682000000,1788308076684000000,9508096
JVM.GC.collectionTimesMs,1788308016682000000,1788308076684000000,0
OS.loadAverage,1788308016682000000,1788308076684000000,2.830078125
JVM.threadCount,1788308016682000000,1788308076684000000,51
writeAction.count,1788308076684000000,1788308084930000000,0
writeAction.median.wait.ms,1788308076684000000,1788308084930000000,0
writeAction.max.wait.ms,1788308076684000000,1788308084930000000,6
writeAction.wait.ms,1788308076684000000,1788308084930000000,0
AWTEventQueue.dispatchTime90PNs,1788308076684000000,1788308084930000000,152575
FlushQueue.executionTimeAvgNs,1788308076684000000,1788308084930000000,26440.242424242424
AWTEventQueue.dispatchTimeTotalNS,1788308076684000000,1788308084930000000,3322818
FlushQueue.waitingTime90PNs,1788308076684000000,1788308084930000000,192511
AWTEventQueue.dispatchTimeAvgNs,1788308076684000000,1788308084930000000,92312.88888888889
FlushQueue.queueSizeAvg,1788308076684000000,1788308084930000000,0.0
ReadAction.executionsCount,1788308076684000000,1788308084930000000,1
FlushQueue.queueSizeMax,1788308076684000000,1788308084930000000,0
NonBlockingReadAction.failedExecutionsCount,1788308076684000000,1788308084930000000,0
AWTEventQueue.eventsDispatched,1788308076684000000,1788308084930000000,36
NonBlockingReadAction.finalizedExecutionTimeUs,1788308076684000000,1788308084930000000,0
FlushQueue.queueSize90P,1788308076684000000,1788308084930000000,0
FlushQueue.waitingTimeAvgNs,1788308076684000000,1788308084930000000,142398.0606060606
NonBlockingReadAction.failedExecutionTimeUs,1788308076684000000,1788308084930000000,0
AWTEventQueue.dispatchTimeMaxNs,1788308076684000000,1788308084930000000,230399
NonBlockingReadAction.finalizedExecutionsCount,1788308076684000000,1788308084930000000,0
WriteAction.executionsCount,1788308076684000000,1788308084930000000,0
FlushQueue.executionTime90PNs,1788308076684000000,1788308084930000000,73727
FlushQueue.tasksExecuted,1788308076684000000,1788308084930000000,33
FlushQueue.waitingTimeMaxNs,1788308076684000000,1788308084930000000,214015
FlushQueue.executionTimeMaxNs,1788308076684000000,1788308084930000000,119295
workspaceModel.global.updates.count,1788308076684000000,1788308084930000000,0
jps.library.entities.serializer.load.entities.ms,1788308076684000000,1788308084930000000,0
workspaceModel.global.apply.state.to.project.builder.ms,1788308076684000000,1788308084930000000,0
workspaceModel.moduleBridge.facet.initialization.ms,1788308076684000000,1788308084930000000,0
workspaceModel.orphan.listener.update.ms,1788308076684000000,1788308084930000000,0
workspaceModel.mutableEntityStorage.put.entity.ms,1788308076684000000,1788308084930000000,0
workspaceModel.mutableEntityStorage.mutable.vfurl.index.ms,1788308076684000000,1788308084930000000,0
jps.app.storage.content.reader.load.component.ms,1788308076684000000,1788308084930000000,0
workspaceModel.moduleManagerBridge.load.module.ms,1788308076684000000,1788308084930000000,0
workspaceModel.moduleManagerBridge.new.nonPersistent.module.ms,1788308076684000000,1788308084930000000,0
workspaceModel.mutableEntityStorage.apply.changes.from.ms,1788308076684000000,1788308084930000000,0
workspaceModel.do.save.caches.ms,1788308076684000000,1788308084930000000,0
workspaceModel.mutableEntityStorage.entities.by.source.ms,1788308076684000000,1788308084930000000,0
jps.load.initial.state.ms,1788308076684000000,1788308084930000000,0
jps.module.iml.entities.serializer.save.entities.ms,1788308076684000000,1788308084930000000,0
workspaceModel.mutableEntityStorage.instances.count,1788308076684000000,1788308084930000000,0
jps.artifact.entities.serializer.save.entities.ms,1788308076684000000,1788308084930000000,0
workspaceModel.moduleBridge.update.option.ms,1788308076684000000,1788308084930000000,0
jps.global.handle.before.change.events.ms,1788308076684000000,1788308084930000000,0
workspaceModel.delayed.project.synchronizer.sync.ms,1788308076684000000,1788308084930000000,0
workspaceModel.moduleManagerBridge.set.unloadedModules.ms,1788308076684000000,1788308084930000000,0
jps.facet.change.listener.init.bridge.ms,1788308076684000000,1788308084930000000,0
jps.app.storage.content.writer.save.component.ms,1788308076684000000,1788308084930000000,0
jps.project.serializers.load.ms,1788308076684000000,1788308084930000000,0
jps.global.initialize.library.bridges.after.loading.ms,1788308076684000000,1788308084930000000,0
jps.reload.project.entities.ms,1788308076684000000,1788308084930000000,0
workspaceModel.mutableEntityStorage.resolve.ms,1788308076684000000,1788308084930000000,0
jps.save.changed.project.entities.ms,1788308076684000000,1788308084930000000,0
workspaceModel.global.apply.state.to.project.ms,1788308076684000000,1788308084930000000,0
jps.facet.change.listener.before.change.events.ms,1788308076684000000,1788308084930000000,0
jps.global.get.libraries.ms,1788308076684000000,1788308084930000000,0
workspaceModel.moduleBridgeLoader.loading.modules.ms,1788308076684000000,1788308084930000000,0
workspaceModel.mutableEntityStorage.has.same.entities.ms,1788308076684000000,1788308084930000000,0
workspaceModel.mutableEntityStorage.replace.by.source.ms,1788308076684000000,1788308084930000000,0
jps.global.initialize.library.bridges.ms,1788308076684000000,1788308084930000000,0
workspaceModel.mutableEntityStorage.remove.entity.ms,1788308076684000000,1788308084930000000,0
workspaceModel.moduleManagerBridge.newModule.ms,1788308076684000000,1788308084930000000,0
jps.facet.change.listener.process.change.events.ms,1788308076684000000,1788308084930000000,0
workspaceModel.load.cache.from.file.ms,1788308076684000000,1788308084930000000,0
workspaceModel.sync.entities.ms,1788308076684000000,1788308084930000000,0
jps.library.entities.serializer.save.entities.ms,1788308076684000000,1788308084930000000,0
jps.global.handle.changed.events.ms,1788308076684000000,1788308084930000000,0
workspaceModel.moduleManagerBridge.load.all.modules.ms,1788308076684000000,1788308084930000000,0
jps.apply.loaded.storage.ms,1788308076684000000,1788308084930000000,0
jps.module.iml.entities.serializer.load.entities.ms,1788308076684000000,1788308084930000000,0
jps.save.global.entities.ms,1788308076684000000,1788308084930000000,0
workspaceModel.mutableEntityStorage.to.snapshot.ms,1788308076684000000,1788308084930000000,0
workspaceModel.mutableEntityStorage.mutable.ext.mapping.ms,1788308076684000000,1788308084930000000,0
jps.project.serializers.save.ms,1788308076684000000,1788308084930000000,0
workspaceModel.mutableEntityStorage.referrers.ms,1788308076684000000,1788308084930000000,0
workspaceModel.mutableEntityStorage.add.entity.ms,1788308076684000000,1788308084930000000,0
jps.load.project.to.empty.storage.ms,1788308076684000000,1788308084930000000,0
workspaceModel.save.cache.to.file.ms,1788308076684000000,1788308084930000000,0
jps.storage.jps.conf.reader.load.component.ms,1788308076684000000,1788308084930000000,0
jps.artifact.entities.serializer.load.entities.ms,1788308076684000000,1788308084930000000,0
workspaceModel.global.updates.ms,1788308076684000000,1788308084930000000,0
workspaceModel.mutableEntityStorage.collect.changes.ms,1788308076684000000,1788308084930000000,0
workspaceModel.moduleManagerBridge.get.modules.ms,1788308076684000000,1788308084930000000,0
jps.global.get.library.ms,1788308076684000000,1788308084930000000,0
workspaceModel.moduleBridge.before.changed.ms,1788308076684000000,1788308084930000000,0
workspaceModel.load.cache.metadata.from.file.ms,1788308076684000000,1788308084930000000,0
workspaceModel.moduleManagerBridge.create.module.instance.ms,1788308076684000000,1788308084930000000,0
workspaceModel.moduleManagerBridge.build.module.graph.ms,1788308076684000000,1788308084930000000,0
workspaceModel.mutableEntityStorage.entities.ms,1788308076684000000,1788308084930000000,0
workspaceModel.mutableEntityStorage.modify.entity.ms,1788308076684000000,1788308084930000000,0
jps.global.get.library.by.name.ms,1788308076684000000,1788308084930000000,0
FilePageCache.maxCacheSizeInBytes,1788308076684000000,1788308084930000000,231751680
FilePageCacheLockFree.totalPagesAllocated,1788308076684000000,1788308084930000000,0
FilePageCache.pageLoadsAboveSizeThreshold,1788308076684000000,1788308084930000000,0
StorageLockContext.competingThreads.avg,1788308076684000000,1788308084930000000,0.0
MappedFileStorage.storages,1788308076684000000,1788308084930000000,0
FilePageCacheLockFree.totalPagesWritten,1788308076684000000,1788308084930000000,0
FilePageCacheLockFree.housekeeperTurnsSkipped,1788308076684000000,1788308084930000000,0
FilePageCacheLockFree.totalPagesRequestsMs,1788308076684000000,1788308084930000000,0
FilePageCacheLockFree.totalHeapBytesReclaimed,1788308076684000000,1788308084930000000,0
FilePageCache.pageHits,1788308076684000000,1788308084930000000,0
MappedFileStorage.totalBytesMapped,1788308076684000000,1788308084930000000,0
FilePageCacheLockFree.totalPageAllocationsWaited,1788308076684000000,1788308084930000000,0
FilePageCache.uncachedFileAccess,1788308076684000000,1788308084930000000,0
StorageLockContext.competingThreads.max,1788308076684000000,1788308084930000000,0
FilePageCacheLockFree.totalBytesWritten,1788308076684000000,1788308084930000000,0
FilePageCacheLockFree.totalClosedStoragesReclaimed,1788308076684000000,1788308084930000000,0
FilePageCacheLockFree.totalPagesRequested,1788308076684000000,1788308084930000000,0
FilePageCacheLockFree.totalHeapBytesAllocated,1788308076684000000,1788308084930000000,0
FilePageCacheLockFree.heapBytesInUse,1788308076684000000,1788308084930000000,0
FilePageCache.totalPageDisposalsUs,1788308076684000000,1788308084930000000,0
FilePageCacheLockFree.totalPagesReclaimed,1788308076684000000,1788308084930000000,0
DirectByteBufferAllocator.totalSizeOfBuffersAllocatedInBytes,1788308076684000000,1788308084930000000,46153728
FilePageCacheLockFree.nativeBytesInUse,1788308076684000000,1788308084930000000,0
FilePageCacheLockFree.housekeeperTurnsDone,1788308076684000000,1788308084930000000,0
FilePageCache.totalPageLoadsUs,1788308076684000000,1788308084930000000,0
FilePageCacheLockFree.totalPagesWriteMs,1788308076684000000,1788308084930000000,0
StorageLockContext.competingThreads.90P,1788308076684000000,1788308084930000000,0
FilePageCache.capacityInBytes,1788308076684000000,1788308084930000000,503316478
DirectByteBufferAllocator.reclaimed,1788308076684000000,1788308084930000000,42
DirectByteBufferAllocator.disposed,1788308076684000000,1788308084930000000,177
FileChannelInterruptsRetryer.totalRetriedAttempts,1788308076684000000,1788308084930000000,0
FilePageCacheLockFree.totalPagesHandedOver,1788308076684000000,1788308084930000000,0
FilePageCache.pageFastCacheHits,1788308076684000000,1788308084930000000,0
FilePageCache.pageLoads,1788308076684000000,1788308084930000000,0
FilePageCacheLockFree.housekeeperTimeSpentMs,1788308076684000000,1788308084930000000,0
FilePageCacheLockFree.totalPagesReadMs,1788308076684000000,1788308084930000000,0
DirectByteBufferAllocator.hits,1788308076684000000,1788308084930000000,0
FilePageCacheLockFree.totalBytesRequested,1788308076684000000,1788308084930000000,0
FilePageCacheLockFree.totalNativeBytesAllocated,1788308076684000000,1788308084930000000,0
FilePageCache.disposedBuffers,1788308076684000000,1788308084930000000,219
DirectByteBufferAllocator.misses,1788308076684000000,1788308084930000000,0
FilePageCacheLockFree.totalBytesRead,1788308076684000000,1788308084930000000,0
FilePageCache.maxRegisteredFiles,1788308076684000000,1788308084930000000,555
DirectByteBufferAllocator.totalSizeOfBuffersCachedInBytes,1788308076684000000,1788308084930000000,41959424
MappedFileStorage.totalPagesMapped,1788308076684000000,1788308084930000000,0
FilePageCacheLockFree.totalNativeBytesReclaimed,1788308076684000000,1788308084930000000,0
MappedFileStorage.totalTimeSpentOnMappingUs,1788308076684000000,1788308084930000000,10166
VFS.fileChildByName,1788308076684000000,1788308084930000000,0
VFS.invertedFileNameIndex.requests,1788308076684000000,1788308084930000000,0
VFS.fileByIdCache.misses,1788308076684000000,1788308084930000000,0
VFS.fileByIdCache.hits,1788308076684000000,1788308084930000000,0
workspaceModel.workspaceFileIndexData.processFileSets.ms,1788308076684000000,1788308084930000000,0
workspaceModel.workspaceFileIndexData.updateDirtyEntities.ms,1788308076684000000,1788308084930000000,0
workspaceModel.entityStorageSnapshotImpl.instances.count,1788308076684000000,1788308084930000000,0
workspaceModel.cachedValueWithParameters.calculated.ms,1788308076684000000,1788308084930000000,0
workspaceModel.cachedValueWithParameters.from.cache.ms,1788308076684000000,1788308084930000000,0
workspaceModel.workspaceFileIndexData.getDirectoriesByPackageName.ms,1788308076684000000,1788308084930000000,0
workspaceModel.workspaceFileIndexData.getPackageName.ms,1788308076684000000,1788308084930000000,0
workspaceModel.cachedValue.clear.ms,1788308076684000000,1788308084930000000,0
workspaceModel.check.recursive.update.ms,1788308076684000000,1788308084930000000,0
workspaceModel.loading.from.cache.ms,1788308076684000000,1788308084930000000,0
workspaceModel.workspaceFileIndexData.getFileInfo.ms,1788308076684000000,1788308084930000000,0
workspaceModel.workspaceFileIndexData.visitFileSets.ms,1788308076684000000,1788308084930000000,0
workspaceModel.cachedValue.from.cache.ms,1788308076684000000,1788308084930000000,0
workspaceModel.loading.total.ms,1788308076684000000,1788308084930000000,0
workspaceModel.updates.ms,1788308076684000000,1788308084930000000,0
workspaceModel.cachedValue.total.get.ms,1788308076684000000,1788308084930000000,0
workspaceModel.init.bridges.ms,1788308076684000000,1788308084930000000,0
workspaceModel.full.replace.project.model.ms,1788308076684000000,1788308084930000000,0
workspaceModel.workspaceFileIndexData.instances.count,1788308076684000000,1788308084930000000,0
workspaceModel.update.unloaded.entities.ms,1788308076684000000,1788308084930000000,0
workspaceModel.updates.count,1788308076684000000,1788308084930000000,0
workspaceModel.pre.handlers.ms,1788308076684000000,1788308084930000000,0
workspaceModel.cachedValueWithParameters.clear.ms,1788308076684000000,1788308084930000000,0
workspaceModel.collect.changes.ms,1788308076684000000,1788308084930000000,0
workspaceModel.workspaceFileIndexData.init.ms,1788308076684000000,1788308084930000000,0
workspaceModel.workspaceFileIndexData.markDirty.ms,1788308076684000000,1788308084930000000,0
workspaceModel.cachedValueWithParameters.total.get.ms,1788308076684000000,1788308084930000000,0
workspaceModel.to.snapshot.ms,1788308076684000000,1788308084930000000,0
workspaceModel.updates.precise.ms,1788308076684000000,1788308084930000000,0
workspaceModel.initializing.ms,1788308076684000000,1788308084930000000,0
workspaceModel.cachedValue.calculated.ms,1788308076684000000,1788308084930000000,0
workspaceModel.replace.project.model.ms,1788308076684000000,1788308084930000000,0
workspaceModel.workspaceFileIndexData.onEntitiesChanged.ms,1788308076684000000,1788308084930000000,0
workspaceModel.workspaceFileIndexContributor.registerFileSets.ms,1788308076684000000,1788308084930000000,0
Indexes.stubs.lookupDuration90PMs,1788308076684000000,1788308084930000000,0.0
Indexes.entries.lookupDurationMaxMs,1788308076684000000,1788308084930000000,0.0
Indexes.stubs.lookups,1788308076684000000,1788308084930000000,0.0
Indexes.entries.lookupDurationAvgMs,1788308076684000000,1788308084930000000,0.0
Indexes.allKeys.lookups,1788308076684000000,1788308084930000000,0.0
Indexes.allKeys.lookupDurationAvgMs,1788308076684000000,1788308084930000000,0.0
Indexes.entries.lookupDuration90PMs,1788308076684000000,1788308084930000000,0.0
Indexes.allKeys.lookupDurationMaxMs,1788308076684000000,1788308084930000000,0.0
Indexes.stubs.lookupDurationMaxMs,1788308076684000000,1788308084930000000,0.0
Indexes.stubs.lookupDurationAvgMs,1788308076684000000,1788308084930000000,0.0
Indexes.entries.lookups,1788308076684000000,1788308084930000000,0.0
Indexes.allKeys.lookupDuration90PMs,1788308076684000000,1788308084930000000,0.0
compiler.ArtifactManagerBridge.addArtifact.ms,1788308076684000000,1788308084930000000,0
compiler.ArtifactManagerBridge.initBridges.ms,1788308076684000000,1788308084930000000,0
compiler.ArtifactManagerBridge.getArtifacts.ms,1788308076684000000,1788308084930000000,0
compiler.ArtifactManagerBridge.findArtifact.ms,1788308076684000000,1788308084930000000,0
compiler.ArtifactVirtualFileListener.propertyChanged.ms,1788308076684000000,1788308084930000000,0
compiler.ArtifactVirtualFileListener.filePathChanged.ms,1788308076684000000,1788308084930000000,0
compiler.ArtifactManagerBridge.dropMappings.ms,1788308076684000000,1788308084930000000,0
compiler.ArtifactManagerBridge.commit.ms,1788308076684000000,1788308084930000000,0
compiler.ArtifactManagerBridge.getArtifactsByType.ms,1788308076684000000,1788308084930000000,0
cacheStateStorage.get.counter,1788308076684000000,1788308084930000000,0
cacheStateStorage.get.duration,1788308076684000000,1788308084930000000,0
cacheStateStorage.set.counter,1788308076684000000,1788308084930000000,0
cacheStateStorage.set.duration,1788308076684000000,1788308084930000000,0
JVM.maxHeapBytes,1788308076684000000,1788308084930000000,2147483648
JVM.GC.collections,1788308076684000000,1788308084930000000,0
JVM.totalDirectByteBuffersBytes,1788308076684000000,1788308084930000000,47150670
JVM.maxThreadCount,1788308076684000000,1788308084930000000,178
JVM.usedHeapBytes,1788308076684000000,1788308084930000000,491215424
JVM.newThreadsCount,1788308076684000000,1788308084930000000,18
JVM.usedNativeBytes,1788308076684000000,1788308084930000000,313675120
JVM.totalCpuTimeMs,1788308076684000000,1788308084930000000,308
JVM.totalBytesAllocated,1788308076684000000,1788308084930000000,5224104
JVM.GC.collectionTimesMs,1788308076684000000,1788308084930000000,0
OS.loadAverage,1788308076684000000,1788308084930000000,3.255859375
JVM.threadCount,1788308076684000000,1788308084930000000,66
