# OpenTelemetry Metrics report: .csv, 4 fields: 
# <metric name>, <period start, nanoseconds>, <period end, nanoseconds>, <metric value>
# See CsvMetricsExporter for details.
# 
# NAME, PERIOD_START_NANOS, PERIOD_END_NANOS, VALUE
FilePageCacheLockFree.totalPagesRequested,1788965554653000000,1788965614668000000,0
FilePageCacheLockFree.housekeeperTimeSpentMs,1788965554653000000,1788965614668000000,0
FilePageCacheLockFree.totalPagesReadMs,1788965554653000000,1788965614668000000,0
MappedFileStorage.totalTimeSpentOnMappingUs,1788965554653000000,1788965614668000000,20887
StreamlinedBlobStorage.recordsAllocated,1788965554653000000,1788965614668000000,2665
FilePageCacheLockFree.totalHeapBytesReclaimed,1788965554653000000,1788965614668000000,0
FilePageCacheLockFree.totalPagesWriteMs,1788965554653000000,1788965614668000000,0
FilePageCache.disposedBuffers,1788965554653000000,1788965614668000000,3
FilePageCacheLockFree.totalBytesRequested,1788965554653000000,1788965614668000000,0
MappedFileStorage.totalBytesMapped,1788965554653000000,1788965614668000000,198443008
StreamlinedBlobStorage.recordsDeleted,1788965554653000000,1788965614668000000,19
MappedFileStorage.storages,1788965554653000000,1788965614668000000,15
StorageLockContext.competingThreads.max,1788965554653000000,1788965614668000000,15
FilePageCacheLockFree.totalPagesReclaimed,1788965554653000000,1788965614668000000,0
FilePageCacheLockFree.heapBytesInUse,1788965554653000000,1788965614668000000,0
FilePageCacheLockFree.totalPagesWritten,1788965554653000000,1788965614668000000,0
FilePageCacheLockFree.nativeBytesInUse,1788965554653000000,1788965614668000000,0
FilePageCache.capacityInBytes,1788965554653000000,1788965614668000000,503316478
FilePageCache.totalPageLoadsUs,1788965554653000000,1788965614668000000,324127
FilePageCache.uncachedFileAccess,1788965554653000000,1788965614668000000,120
StorageLockContext.competingThreads.90P,1788965554653000000,1788965614668000000,0
FilePageCache.totalPageDisposalsUs,1788965554653000000,1788965614668000000,2242
FilePageCache.pageFastCacheHits,1788965554653000000,1788965614668000000,4420
FilePageCacheLockFree.totalBytesRead,1788965554653000000,1788965614668000000,0
StorageLockContext.competingThreads.avg,1788965554653000000,1788965614668000000,0.1271186440677966
DirectByteBufferAllocator.totalSizeOfBuffersCachedInBytes,1788965554653000000,1788965614668000000,0
FilePageCacheLockFree.totalNativeBytesAllocated,1788965554653000000,1788965614668000000,0
StreamlinedBlobStorage.recordsRelocated,1788965554653000000,1788965614668000000,0
DirectByteBufferAllocator.misses,1788965554653000000,1788965614668000000,225
StreamlinedBlobStorage.totalLiveRecordsPayloadBytes,1788965554653000000,1788965614668000000,69851
FileChannelInterruptsRetryer.totalRetriedAttempts,1788965554653000000,1788965614668000000,0
FilePageCache.pageLoads,1788965554653000000,1788965614668000000,228
FilePageCacheLockFree.housekeeperTurnsDone,1788965554653000000,1788965614668000000,0
FilePageCacheLockFree.totalPageAllocationsWaited,1788965554653000000,1788965614668000000,0
FilePageCache.maxRegisteredFiles,1788965554653000000,1788965614668000000,555
FilePageCacheLockFree.totalNativeBytesReclaimed,1788965554653000000,1788965614668000000,0
FilePageCacheLockFree.totalPagesAllocated,1788965554653000000,1788965614668000000,0
FilePageCacheLockFree.totalClosedStoragesReclaimed,1788965554653000000,1788965614668000000,0
DirectByteBufferAllocator.disposed,1788965554653000000,1788965614668000000,0
StreamlinedBlobStorage.totalLiveRecordsCapacityBytes,1788965554653000000,1788965614668000000,213058
FilePageCacheLockFree.totalPagesRequestsMs,1788965554653000000,1788965614668000000,0
FilePageCache.pageHits,1788965554653000000,1788965614668000000,0
FilePageCacheLockFree.totalPagesHandedOver,1788965554653000000,1788965614668000000,0
FilePageCache.maxCacheSizeInBytes,1788965554653000000,1788965614668000000,233848832
DirectByteBufferAllocator.totalSizeOfBuffersAllocatedInBytes,1788965554653000000,1788965614668000000,233848832
FilePageCacheLockFree.totalBytesWritten,1788965554653000000,1788965614668000000,0
DirectByteBufferAllocator.hits,1788965554653000000,1788965614668000000,3
FilePageCacheLockFree.housekeeperTurnsSkipped,1788965554653000000,1788965614668000000,0
DirectByteBufferAllocator.reclaimed,1788965554653000000,1788965614668000000,3
MappedFileStorage.totalPagesMapped,1788965554653000000,1788965614668000000,15
FilePageCacheLockFree.totalHeapBytesAllocated,1788965554653000000,1788965614668000000,0
FilePageCache.pageLoadsAboveSizeThreshold,1788965554653000000,1788965614668000000,0
workspaceModel.mutableEntityStorage.modify.entity.ms,1788965554653000000,1788965614668000000,1
jps.module.iml.entities.serializer.save.entities.ms,1788965554653000000,1788965614668000000,0
workspaceModel.mutableEntityStorage.mutable.ext.mapping.ms,1788965554653000000,1788965614668000000,2
workspaceModel.mutableEntityStorage.entities.by.source.ms,1788965554653000000,1788965614668000000,1
jps.global.get.library.ms,1788965554653000000,1788965614668000000,0
workspaceModel.mutableEntityStorage.collect.changes.ms,1788965554653000000,1788965614668000000,0
workspaceModel.moduleBridgeLoader.loading.modules.ms,1788965554653000000,1788965614668000000,593
workspaceModel.mutableEntityStorage.replace.by.source.ms,1788965554653000000,1788965614668000000,10
workspaceModel.load.cache.metadata.from.file.ms,1788965554653000000,1788965614668000000,20
jps.save.changed.project.entities.ms,1788965554653000000,1788965614668000000,1
workspaceModel.orphan.listener.update.ms,1788965554653000000,1788965614668000000,2
workspaceModel.global.updates.ms,1788965554653000000,1788965614668000000,0
workspaceModel.moduleManagerBridge.set.unloadedModules.ms,1788965554653000000,1788965614668000000,0
workspaceModel.moduleManagerBridge.newModule.ms,1788965554653000000,1788965614668000000,0
workspaceModel.mutableEntityStorage.remove.entity.ms,1788965554653000000,1788965614668000000,0
jps.global.get.libraries.ms,1788965554653000000,1788965614668000000,0
jps.project.serializers.save.ms,1788965554653000000,1788965614668000000,1
jps.global.handle.before.change.events.ms,1788965554653000000,1788965614668000000,0
jps.facet.change.listener.before.change.events.ms,1788965554653000000,1788965614668000000,0
jps.global.initialize.library.bridges.ms,1788965554653000000,1788965614668000000,0
workspaceModel.delayed.project.synchronizer.sync.ms,1788965554653000000,1788965614668000000,85
workspaceModel.moduleBridge.facet.initialization.ms,1788965554653000000,1788965614668000000,0
jps.load.initial.state.ms,1788965554653000000,1788965614668000000,30
workspaceModel.moduleBridge.update.option.ms,1788965554653000000,1788965614668000000,0
jps.app.storage.content.writer.save.component.ms,1788965554653000000,1788965614668000000,3
workspaceModel.mutableEntityStorage.apply.changes.from.ms,1788965554653000000,1788965614668000000,7
workspaceModel.mutableEntityStorage.entities.ms,1788965554653000000,1788965614668000000,1
jps.artifact.entities.serializer.save.entities.ms,1788965554653000000,1788965614668000000,0
workspaceModel.moduleManagerBridge.build.module.graph.ms,1788965554653000000,1788965614668000000,3
workspaceModel.mutableEntityStorage.has.same.entities.ms,1788965554653000000,1788965614668000000,0
workspaceModel.load.cache.from.file.ms,1788965554653000000,1788965614668000000,254
jps.project.serializers.load.ms,1788965554653000000,1788965614668000000,33
workspaceModel.moduleBridge.before.changed.ms,1788965554653000000,1788965614668000000,0
jps.global.handle.changed.events.ms,1788965554653000000,1788965614668000000,0
workspaceModel.sync.entities.ms,1788965554653000000,1788965614668000000,0
jps.facet.change.listener.process.change.events.ms,1788965554653000000,1788965614668000000,0
workspaceModel.moduleManagerBridge.load.module.ms,1788965554653000000,1788965614668000000,0
workspaceModel.moduleManagerBridge.create.module.instance.ms,1788965554653000000,1788965614668000000,0
workspaceModel.mutableEntityStorage.to.snapshot.ms,1788965554653000000,1788965614668000000,8
jps.app.storage.content.reader.load.component.ms,1788965554653000000,1788965614668000000,0
workspaceModel.moduleManagerBridge.new.nonPersistent.module.ms,1788965554653000000,1788965614668000000,0
jps.artifact.entities.serializer.load.entities.ms,1788965554653000000,1788965614668000000,0
jps.storage.jps.conf.reader.load.component.ms,1788965554653000000,1788965614668000000,5
jps.global.get.library.by.name.ms,1788965554653000000,1788965614668000000,0
workspaceModel.mutableEntityStorage.resolve.ms,1788965554653000000,1788965614668000000,0
workspaceModel.mutableEntityStorage.add.entity.ms,1788965554653000000,1788965614668000000,15
jps.module.iml.entities.serializer.load.entities.ms,1788965554653000000,1788965614668000000,17
workspaceModel.mutableEntityStorage.referrers.ms,1788965554653000000,1788965614668000000,0
workspaceModel.moduleManagerBridge.get.modules.ms,1788965554653000000,1788965614668000000,0
jps.library.entities.serializer.save.entities.ms,1788965554653000000,1788965614668000000,0
workspaceModel.mutableEntityStorage.instances.count,1788965554653000000,1788965614668000000,21
jps.library.entities.serializer.load.entities.ms,1788965554653000000,1788965614668000000,0
jps.apply.loaded.storage.ms,1788965554653000000,1788965614668000000,18
workspaceModel.global.updates.count,1788965554653000000,1788965614668000000,0
jps.reload.project.entities.ms,1788965554653000000,1788965614668000000,0
workspaceModel.global.apply.state.to.project.ms,1788965554653000000,1788965614668000000,51
workspaceModel.mutableEntityStorage.put.entity.ms,1788965554653000000,1788965614668000000,3
workspaceModel.mutableEntityStorage.mutable.vfurl.index.ms,1788965554653000000,1788965614668000000,0
workspaceModel.moduleManagerBridge.load.all.modules.ms,1788965554653000000,1788965614668000000,189
workspaceModel.do.save.caches.ms,1788965554653000000,1788965614668000000,69
jps.facet.change.listener.init.bridge.ms,1788965554653000000,1788965614668000000,0
jps.global.initialize.library.bridges.after.loading.ms,1788965554653000000,1788965614668000000,1
workspaceModel.save.cache.to.file.ms,1788965554653000000,1788965614668000000,57
jps.save.global.entities.ms,1788965554653000000,1788965614668000000,9
workspaceModel.global.apply.state.to.project.builder.ms,1788965554653000000,1788965614668000000,1
jps.load.project.to.empty.storage.ms,1788965554653000000,1788965614668000000,64
writeAction.count,1788965554653000000,1788965614668000000,7
writeAction.median.wait.ms,1788965554653000000,1788965614668000000,0
writeAction.max.wait.ms,1788965554653000000,1788965614668000000,13
writeAction.wait.ms,1788965554653000000,1788965614668000000,15
VFS.fileByIdCache.misses,1788965554653000000,1788965614668000000,22
FileNameCache.totalMisses,1788965554653000000,1788965614668000000,0
FileNameCache.queries,1788965554653000000,1788965614668000000,0
VFS.invertedFileNameIndex.requests,1788965554653000000,1788965614668000000,0
VFS.fileChildByName,1788965554653000000,1788965614668000000,1020
VFS.fileByIdCache.hits,1788965554653000000,1788965614668000000,0
Indexes.allKeys.lookupDurationAvgMs,1788965554653000000,1788965614668000000,0.0
Indexes.allKeys.lookupDuration90PMs,1788965554653000000,1788965614668000000,0.0
Indexes.stubs.lookupDuration90PMs,1788965554653000000,1788965614668000000,0.0
IndexesFlusher.totalFlushesRetried,1788965554653000000,1788965614668000000,2
Indexes.stubs.lookupDurationMaxMs,1788965554653000000,1788965614668000000,0.0
IndexesFlusher.totalContentionQuotaSpent,1788965554653000000,1788965614668000000,60
IndexesFlusher.totalFlushes,1788965554653000000,1788965614668000000,60
Indexes.stubs.lookups,1788965554653000000,1788965614668000000,0.0
Indexes.entries.lookupDurationMaxMs,1788965554653000000,1788965614668000000,18.0
IndexesFlusher.totalFlushingTimeUs,1788965554653000000,1788965614668000000,335523
Indexes.allKeys.lookups,1788965554653000000,1788965614668000000,0.0
Indexes.allKeys.lookupDurationMaxMs,1788965554653000000,1788965614668000000,0.0
Indexes.entries.lookupDurationAvgMs,1788965554653000000,1788965614668000000,11.571428571428571
Indexes.stubs.lookupDurationAvgMs,1788965554653000000,1788965614668000000,0.0
Indexes.entries.lookups,1788965554653000000,1788965614668000000,7.0
Indexes.entries.lookupDuration90PMs,1788965554653000000,1788965614668000000,18.0
JVM.GC.collections,1788965554653000000,1788965614668000000,19
OS.loadAverage,1788965554653000000,1788965614668000000,2.7666015625
JVM.maxThreadCount,1788965554653000000,1788965614668000000,134
JVM.threadCount,1788965554653000000,1788965614668000000,133
JVM.totalCpuTimeMs,1788965554653000000,1788965614668000000,57280
JVM.GC.collectionTimesMs,1788965554653000000,1788965614668000000,151
JVM.maxHeapBytes,1788965554653000000,1788965614668000000,2147483648
JVM.totalDirectByteBuffersBytes,1788965554653000000,1788965614668000000,236327169
JVM.totalBytesAllocated,1788965554653000000,1788965614668000000,1100723016
JVM.newThreadsCount,1788965554653000000,1788965614668000000,158
JVM.usedNativeBytes,1788965554653000000,1788965614668000000,299939680
JVM.usedHeapBytes,1788965554653000000,1788965614668000000,291143672
workspaceModel.updates.precise.ms,1788965554653000000,1788965614668000000,12
workspaceModel.workspaceFileIndexData.getPackageName.ms,1788965554653000000,1788965614668000000,0
workspaceModel.init.bridges.ms,1788965554653000000,1788965614668000000,4
workspaceModel.cachedValueWithParameters.clear.ms,1788965554653000000,1788965614668000000,0
workspaceModel.cachedValue.clear.ms,1788965554653000000,1788965614668000000,0
workspaceModel.replace.project.model.ms,1788965554653000000,1788965614668000000,0
workspaceModel.workspaceFileIndexData.init.ms,1788965554653000000,1788965614668000000,48
workspaceModel.cachedValueWithParameters.total.get.ms,1788965554653000000,1788965614668000000,0
workspaceModel.check.recursive.update.ms,1788965554653000000,1788965614668000000,0
workspaceModel.cachedValueWithParameters.from.cache.ms,1788965554653000000,1788965614668000000,0
workspaceModel.workspaceFileIndexData.visitFileSets.ms,1788965554653000000,1788965614668000000,8
workspaceModel.updates.ms,1788965554653000000,1788965614668000000,61
workspaceModel.cachedValue.calculated.ms,1788965554653000000,1788965614668000000,11
workspaceModel.workspaceFileIndexData.onEntitiesChanged.ms,1788965554653000000,1788965614668000000,0
workspaceModel.cachedValue.total.get.ms,1788965554653000000,1788965614668000000,11
workspaceModel.updates.count,1788965554653000000,1788965614668000000,2
workspaceModel.workspaceFileIndexContributor.registerFileSets.ms,1788965554653000000,1788965614668000000,90
workspaceModel.loading.from.cache.ms,1788965554653000000,1788965614668000000,263
workspaceModel.workspaceFileIndexData.markDirty.ms,1788965554653000000,1788965614668000000,0
workspaceModel.workspaceFileIndexData.getFileInfo.ms,1788965554653000000,1788965614668000000,65
workspaceModel.cachedValueWithParameters.calculated.ms,1788965554653000000,1788965614668000000,0
workspaceModel.to.snapshot.ms,1788965554653000000,1788965614668000000,0
workspaceModel.workspaceFileIndexData.instances.count,1788965554653000000,1788965614668000000,1
workspaceModel.workspaceFileIndexData.getDirectoriesByPackageName.ms,1788965554653000000,1788965614668000000,5
workspaceModel.collect.changes.ms,1788965554653000000,1788965614668000000,0
workspaceModel.entityStorageSnapshotImpl.instances.count,1788965554653000000,1788965614668000000,14
workspaceModel.workspaceFileIndexData.updateDirtyEntities.ms,1788965554653000000,1788965614668000000,0
workspaceModel.workspaceFileIndexData.processFileSets.ms,1788965554653000000,1788965614668000000,0
workspaceModel.full.replace.project.model.ms,1788965554653000000,1788965614668000000,5
workspaceModel.loading.total.ms,1788965554653000000,1788965614668000000,284
workspaceModel.pre.handlers.ms,1788965554653000000,1788965614668000000,1
workspaceModel.update.unloaded.entities.ms,1788965554653000000,1788965614668000000,0
workspaceModel.initializing.ms,1788965554653000000,1788965614668000000,4
workspaceModel.cachedValue.from.cache.ms,1788965554653000000,1788965614668000000,0
cacheStateStorage.set.counter,1788965554653000000,1788965614668000000,3
cacheStateStorage.get.counter,1788965554653000000,1788965614668000000,23
cacheStateStorage.set.duration,1788965554653000000,1788965614668000000,9
cacheStateStorage.get.duration,1788965554653000000,1788965614668000000,291
AWTEventQueue.dispatchTimeTotalNS,1788965554653000000,1788965614668000000,8199068744
AWTEventQueue.dispatchTimeMaxNs,1788965554653000000,1788965614668000000,507510783
FlushQueue.waitingTimeAvgNs,1788965554653000000,1788965614668000000,9.111360223339659E7
FlushQueue.tasksExecuted,1788965554653000000,1788965614668000000,2108
NonBlockingReadAction.failedExecutionsCount,1788965554653000000,1788965614668000000,0
AWTEventQueue.dispatchTimeAvgNs,1788965554653000000,1788965614668000000,1609683.2163329406
ReadAction.executionsCount,1788965554653000000,1788965614668000000,37169
FlushQueue.executionTimeMaxNs,1788965554653000000,1788965614668000000,505413631
FlushQueue.executionTimeAvgNs,1788965554653000000,1788965614668000000,1563262.174573055
FlushQueue.waitingTime90PNs,1788965554653000000,1788965614668000000,341835775
FlushQueue.executionTime90PNs,1788965554653000000,1788965614668000000,522239
FlushQueue.queueSizeMax,1788965554653000000,1788965614668000000,85
AWTEventQueue.dispatchTime90PNs,1788965554653000000,1788965614668000000,1138687
NonBlockingReadAction.failedExecutionTimeUs,1788965554653000000,1788965614668000000,0
FlushQueue.waitingTimeMaxNs,1788965554653000000,1788965614668000000,1216348159
NonBlockingReadAction.finalizedExecutionTimeUs,1788965554653000000,1788965614668000000,763949
WriteAction.executionsCount,1788965554653000000,1788965614668000000,7
FlushQueue.queueSize90P,1788965554653000000,1788965614668000000,59
FlushQueue.queueSizeAvg,1788965554653000000,1788965614668000000,15.342030360531309
NonBlockingReadAction.finalizedExecutionsCount,1788965554653000000,1788965614668000000,138
AWTEventQueue.eventsDispatched,1788965554653000000,1788965614668000000,5094
compiler.ArtifactVirtualFileListener.propertyChanged.ms,1788965554653000000,1788965614668000000,0
compiler.ArtifactManagerBridge.dropMappings.ms,1788965554653000000,1788965614668000000,0
compiler.ArtifactManagerBridge.commit.ms,1788965554653000000,1788965614668000000,0
compiler.ArtifactManagerBridge.initBridges.ms,1788965554653000000,1788965614668000000,1
compiler.ArtifactManagerBridge.findArtifact.ms,1788965554653000000,1788965614668000000,0
compiler.ArtifactVirtualFileListener.filePathChanged.ms,1788965554653000000,1788965614668000000,0
compiler.ArtifactManagerBridge.addArtifact.ms,1788965554653000000,1788965614668000000,0
compiler.ArtifactManagerBridge.getArtifacts.ms,1788965554653000000,1788965614668000000,0
compiler.ArtifactManagerBridge.getArtifactsByType.ms,1788965554653000000,1788965614668000000,3
FilePageCacheLockFree.totalPagesRequested,1788965614668000000,1788965674662000000,0
FilePageCacheLockFree.housekeeperTimeSpentMs,1788965614668000000,1788965674662000000,0
FilePageCacheLockFree.totalPagesReadMs,1788965614668000000,1788965674662000000,0
MappedFileStorage.totalTimeSpentOnMappingUs,1788965614668000000,1788965674662000000,20887
StreamlinedBlobStorage.recordsAllocated,1788965614668000000,1788965674662000000,0
FilePageCacheLockFree.totalHeapBytesReclaimed,1788965614668000000,1788965674662000000,0
FilePageCacheLockFree.totalPagesWriteMs,1788965614668000000,1788965674662000000,0
FilePageCache.disposedBuffers,1788965614668000000,1788965674662000000,0
FilePageCacheLockFree.totalBytesRequested,1788965614668000000,1788965674662000000,0
MappedFileStorage.totalBytesMapped,1788965614668000000,1788965674662000000,198443008
StreamlinedBlobStorage.recordsDeleted,1788965614668000000,1788965674662000000,0
MappedFileStorage.storages,1788965614668000000,1788965674662000000,15
StorageLockContext.competingThreads.max,1788965614668000000,1788965674662000000,0
FilePageCacheLockFree.totalPagesReclaimed,1788965614668000000,1788965674662000000,0
FilePageCacheLockFree.heapBytesInUse,1788965614668000000,1788965674662000000,0
FilePageCacheLockFree.totalPagesWritten,1788965614668000000,1788965674662000000,0
FilePageCacheLockFree.nativeBytesInUse,1788965614668000000,1788965674662000000,0
FilePageCache.capacityInBytes,1788965614668000000,1788965674662000000,503316478
FilePageCache.totalPageLoadsUs,1788965614668000000,1788965674662000000,0
FilePageCache.uncachedFileAccess,1788965614668000000,1788965674662000000,0
StorageLockContext.competingThreads.90P,1788965614668000000,1788965674662000000,0
FilePageCache.totalPageDisposalsUs,1788965614668000000,1788965674662000000,0
FilePageCache.pageFastCacheHits,1788965614668000000,1788965674662000000,3
FilePageCacheLockFree.totalBytesRead,1788965614668000000,1788965674662000000,0
StorageLockContext.competingThreads.avg,1788965614668000000,1788965674662000000,0.0
DirectByteBufferAllocator.totalSizeOfBuffersCachedInBytes,1788965614668000000,1788965674662000000,0
FilePageCacheLockFree.totalNativeBytesAllocated,1788965614668000000,1788965674662000000,0
StreamlinedBlobStorage.recordsRelocated,1788965614668000000,1788965674662000000,0
DirectByteBufferAllocator.misses,1788965614668000000,1788965674662000000,0
StreamlinedBlobStorage.totalLiveRecordsPayloadBytes,1788965614668000000,1788965674662000000,0
FileChannelInterruptsRetryer.totalRetriedAttempts,1788965614668000000,1788965674662000000,0
FilePageCache.pageLoads,1788965614668000000,1788965674662000000,0
FilePageCacheLockFree.housekeeperTurnsDone,1788965614668000000,1788965674662000000,0
FilePageCacheLockFree.totalPageAllocationsWaited,1788965614668000000,1788965674662000000,0
FilePageCache.maxRegisteredFiles,1788965614668000000,1788965674662000000,555
FilePageCacheLockFree.totalNativeBytesReclaimed,1788965614668000000,1788965674662000000,0
FilePageCacheLockFree.totalPagesAllocated,1788965614668000000,1788965674662000000,0
FilePageCacheLockFree.totalClosedStoragesReclaimed,1788965614668000000,1788965674662000000,0
DirectByteBufferAllocator.disposed,1788965614668000000,1788965674662000000,0
StreamlinedBlobStorage.totalLiveRecordsCapacityBytes,1788965614668000000,1788965674662000000,0
FilePageCacheLockFree.totalPagesRequestsMs,1788965614668000000,1788965674662000000,0
FilePageCache.pageHits,1788965614668000000,1788965674662000000,0
FilePageCacheLockFree.totalPagesHandedOver,1788965614668000000,1788965674662000000,0
FilePageCache.maxCacheSizeInBytes,1788965614668000000,1788965674662000000,233848832
DirectByteBufferAllocator.totalSizeOfBuffersAllocatedInBytes,1788965614668000000,1788965674662000000,233848832
FilePageCacheLockFree.totalBytesWritten,1788965614668000000,1788965674662000000,0
DirectByteBufferAllocator.hits,1788965614668000000,1788965674662000000,0
FilePageCacheLockFree.housekeeperTurnsSkipped,1788965614668000000,1788965674662000000,0
DirectByteBufferAllocator.reclaimed,1788965614668000000,1788965674662000000,0
MappedFileStorage.totalPagesMapped,1788965614668000000,1788965674662000000,15
FilePageCacheLockFree.totalHeapBytesAllocated,1788965614668000000,1788965674662000000,0
FilePageCache.pageLoadsAboveSizeThreshold,1788965614668000000,1788965674662000000,0
workspaceModel.mutableEntityStorage.modify.entity.ms,1788965614668000000,1788965674662000000,0
jps.module.iml.entities.serializer.save.entities.ms,1788965614668000000,1788965674662000000,0
workspaceModel.mutableEntityStorage.mutable.ext.mapping.ms,1788965614668000000,1788965674662000000,0
workspaceModel.mutableEntityStorage.entities.by.source.ms,1788965614668000000,1788965674662000000,0
jps.global.get.library.ms,1788965614668000000,1788965674662000000,0
workspaceModel.mutableEntityStorage.collect.changes.ms,1788965614668000000,1788965674662000000,0
workspaceModel.moduleBridgeLoader.loading.modules.ms,1788965614668000000,1788965674662000000,0
workspaceModel.mutableEntityStorage.replace.by.source.ms,1788965614668000000,1788965674662000000,0
workspaceModel.load.cache.metadata.from.file.ms,1788965614668000000,1788965674662000000,0
jps.save.changed.project.entities.ms,1788965614668000000,1788965674662000000,0
workspaceModel.orphan.listener.update.ms,1788965614668000000,1788965674662000000,0
workspaceModel.global.updates.ms,1788965614668000000,1788965674662000000,0
workspaceModel.moduleManagerBridge.set.unloadedModules.ms,1788965614668000000,1788965674662000000,0
workspaceModel.moduleManagerBridge.newModule.ms,1788965614668000000,1788965674662000000,0
workspaceModel.mutableEntityStorage.remove.entity.ms,1788965614668000000,1788965674662000000,0
jps.global.get.libraries.ms,1788965614668000000,1788965674662000000,0
jps.project.serializers.save.ms,1788965614668000000,1788965674662000000,0
jps.global.handle.before.change.events.ms,1788965614668000000,1788965674662000000,0
jps.facet.change.listener.before.change.events.ms,1788965614668000000,1788965674662000000,0
jps.global.initialize.library.bridges.ms,1788965614668000000,1788965674662000000,0
workspaceModel.delayed.project.synchronizer.sync.ms,1788965614668000000,1788965674662000000,0
workspaceModel.moduleBridge.facet.initialization.ms,1788965614668000000,1788965674662000000,0
jps.load.initial.state.ms,1788965614668000000,1788965674662000000,0
workspaceModel.moduleBridge.update.option.ms,1788965614668000000,1788965674662000000,0
jps.app.storage.content.writer.save.component.ms,1788965614668000000,1788965674662000000,0
workspaceModel.mutableEntityStorage.apply.changes.from.ms,1788965614668000000,1788965674662000000,0
workspaceModel.mutableEntityStorage.entities.ms,1788965614668000000,1788965674662000000,0
jps.artifact.entities.serializer.save.entities.ms,1788965614668000000,1788965674662000000,0
workspaceModel.moduleManagerBridge.build.module.graph.ms,1788965614668000000,1788965674662000000,0
workspaceModel.mutableEntityStorage.has.same.entities.ms,1788965614668000000,1788965674662000000,0
workspaceModel.load.cache.from.file.ms,1788965614668000000,1788965674662000000,0
jps.project.serializers.load.ms,1788965614668000000,1788965674662000000,0
workspaceModel.moduleBridge.before.changed.ms,1788965614668000000,1788965674662000000,0
jps.global.handle.changed.events.ms,1788965614668000000,1788965674662000000,0
workspaceModel.sync.entities.ms,1788965614668000000,1788965674662000000,0
jps.facet.change.listener.process.change.events.ms,1788965614668000000,1788965674662000000,0
workspaceModel.moduleManagerBridge.load.module.ms,1788965614668000000,1788965674662000000,0
workspaceModel.moduleManagerBridge.create.module.instance.ms,1788965614668000000,1788965674662000000,0
workspaceModel.mutableEntityStorage.to.snapshot.ms,1788965614668000000,1788965674662000000,0
jps.app.storage.content.reader.load.component.ms,1788965614668000000,1788965674662000000,0
workspaceModel.moduleManagerBridge.new.nonPersistent.module.ms,1788965614668000000,1788965674662000000,0
jps.artifact.entities.serializer.load.entities.ms,1788965614668000000,1788965674662000000,0
jps.storage.jps.conf.reader.load.component.ms,1788965614668000000,1788965674662000000,0
jps.global.get.library.by.name.ms,1788965614668000000,1788965674662000000,0
workspaceModel.mutableEntityStorage.resolve.ms,1788965614668000000,1788965674662000000,0
workspaceModel.mutableEntityStorage.add.entity.ms,1788965614668000000,1788965674662000000,0
jps.module.iml.entities.serializer.load.entities.ms,1788965614668000000,1788965674662000000,0
workspaceModel.mutableEntityStorage.referrers.ms,1788965614668000000,1788965674662000000,0
workspaceModel.moduleManagerBridge.get.modules.ms,1788965614668000000,1788965674662000000,0
jps.library.entities.serializer.save.entities.ms,1788965614668000000,1788965674662000000,0
workspaceModel.mutableEntityStorage.instances.count,1788965614668000000,1788965674662000000,0
jps.library.entities.serializer.load.entities.ms,1788965614668000000,1788965674662000000,0
jps.apply.loaded.storage.ms,1788965614668000000,1788965674662000000,0
workspaceModel.global.updates.count,1788965614668000000,1788965674662000000,0
jps.reload.project.entities.ms,1788965614668000000,1788965674662000000,0
workspaceModel.global.apply.state.to.project.ms,1788965614668000000,1788965674662000000,0
workspaceModel.mutableEntityStorage.put.entity.ms,1788965614668000000,1788965674662000000,0
workspaceModel.mutableEntityStorage.mutable.vfurl.index.ms,1788965614668000000,1788965674662000000,0
workspaceModel.moduleManagerBridge.load.all.modules.ms,1788965614668000000,1788965674662000000,0
workspaceModel.do.save.caches.ms,1788965614668000000,1788965674662000000,0
jps.facet.change.listener.init.bridge.ms,1788965614668000000,1788965674662000000,0
jps.global.initialize.library.bridges.after.loading.ms,1788965614668000000,1788965674662000000,0
workspaceModel.save.cache.to.file.ms,1788965614668000000,1788965674662000000,0
jps.save.global.entities.ms,1788965614668000000,1788965674662000000,0
workspaceModel.global.apply.state.to.project.builder.ms,1788965614668000000,1788965674662000000,0
jps.load.project.to.empty.storage.ms,1788965614668000000,1788965674662000000,0
writeAction.count,1788965614668000000,1788965674662000000,2
writeAction.median.wait.ms,1788965614668000000,1788965674662000000,0
writeAction.max.wait.ms,1788965614668000000,1788965674662000000,13
writeAction.wait.ms,1788965614668000000,1788965674662000000,0
VFS.fileByIdCache.misses,1788965614668000000,1788965674662000000,0
FileNameCache.totalMisses,1788965614668000000,1788965674662000000,0
FileNameCache.queries,1788965614668000000,1788965674662000000,0
VFS.invertedFileNameIndex.requests,1788965614668000000,1788965674662000000,0
VFS.fileChildByName,1788965614668000000,1788965674662000000,66
VFS.fileByIdCache.hits,1788965614668000000,1788965674662000000,0
Indexes.allKeys.lookupDurationAvgMs,1788965614668000000,1788965674662000000,0.0
Indexes.allKeys.lookupDuration90PMs,1788965614668000000,1788965674662000000,0.0
Indexes.stubs.lookupDuration90PMs,1788965614668000000,1788965674662000000,0.0
IndexesFlusher.totalFlushesRetried,1788965614668000000,1788965674662000000,0
Indexes.stubs.lookupDurationMaxMs,1788965614668000000,1788965674662000000,0.0
IndexesFlusher.totalContentionQuotaSpent,1788965614668000000,1788965674662000000,0
IndexesFlusher.totalFlushes,1788965614668000000,1788965674662000000,59
Indexes.stubs.lookups,1788965614668000000,1788965674662000000,0.0
Indexes.entries.lookupDurationMaxMs,1788965614668000000,1788965674662000000,5.0
IndexesFlusher.totalFlushingTimeUs,1788965614668000000,1788965674662000000,150400
Indexes.allKeys.lookups,1788965614668000000,1788965674662000000,0.0
Indexes.allKeys.lookupDurationMaxMs,1788965614668000000,1788965674662000000,0.0
Indexes.entries.lookupDurationAvgMs,1788965614668000000,1788965674662000000,5.0
Indexes.stubs.lookupDurationAvgMs,1788965614668000000,1788965674662000000,0.0
Indexes.entries.lookups,1788965614668000000,1788965674662000000,2.0
Indexes.entries.lookupDuration90PMs,1788965614668000000,1788965674662000000,5.0
JVM.GC.collections,1788965614668000000,1788965674662000000,16
OS.loadAverage,1788965614668000000,1788965674662000000,3.1572265625
JVM.maxThreadCount,1788965614668000000,1788965674662000000,134
JVM.threadCount,1788965614668000000,1788965674662000000,63
JVM.totalCpuTimeMs,1788965614668000000,1788965674662000000,23884
JVM.GC.collectionTimesMs,1788965614668000000,1788965674662000000,97
JVM.maxHeapBytes,1788965614668000000,1788965674662000000,2147483648
JVM.totalDirectByteBuffersBytes,1788965614668000000,1788965674662000000,234827789
JVM.totalBytesAllocated,1788965614668000000,1788965674662000000,3519234720
JVM.newThreadsCount,1788965614668000000,1788965674662000000,0
JVM.usedNativeBytes,1788965614668000000,1788965674662000000,306599920
JVM.usedHeapBytes,1788965614668000000,1788965674662000000,404326872
workspaceModel.updates.precise.ms,1788965614668000000,1788965674662000000,0
workspaceModel.workspaceFileIndexData.getPackageName.ms,1788965614668000000,1788965674662000000,0
workspaceModel.init.bridges.ms,1788965614668000000,1788965674662000000,0
workspaceModel.cachedValueWithParameters.clear.ms,1788965614668000000,1788965674662000000,0
workspaceModel.cachedValue.clear.ms,1788965614668000000,1788965674662000000,0
workspaceModel.replace.project.model.ms,1788965614668000000,1788965674662000000,0
workspaceModel.workspaceFileIndexData.init.ms,1788965614668000000,1788965674662000000,0
workspaceModel.cachedValueWithParameters.total.get.ms,1788965614668000000,1788965674662000000,0
workspaceModel.check.recursive.update.ms,1788965614668000000,1788965674662000000,0
workspaceModel.cachedValueWithParameters.from.cache.ms,1788965614668000000,1788965674662000000,0
workspaceModel.workspaceFileIndexData.visitFileSets.ms,1788965614668000000,1788965674662000000,0
workspaceModel.updates.ms,1788965614668000000,1788965674662000000,0
workspaceModel.cachedValue.calculated.ms,1788965614668000000,1788965674662000000,0
workspaceModel.workspaceFileIndexData.onEntitiesChanged.ms,1788965614668000000,1788965674662000000,0
workspaceModel.cachedValue.total.get.ms,1788965614668000000,1788965674662000000,0
workspaceModel.updates.count,1788965614668000000,1788965674662000000,0
workspaceModel.workspaceFileIndexContributor.registerFileSets.ms,1788965614668000000,1788965674662000000,0
workspaceModel.loading.from.cache.ms,1788965614668000000,1788965674662000000,0
workspaceModel.workspaceFileIndexData.markDirty.ms,1788965614668000000,1788965674662000000,0
workspaceModel.workspaceFileIndexData.getFileInfo.ms,1788965614668000000,1788965674662000000,0
workspaceModel.cachedValueWithParameters.calculated.ms,1788965614668000000,1788965674662000000,0
workspaceModel.to.snapshot.ms,1788965614668000000,1788965674662000000,0
workspaceModel.workspaceFileIndexData.instances.count,1788965614668000000,1788965674662000000,0
workspaceModel.workspaceFileIndexData.getDirectoriesByPackageName.ms,1788965614668000000,1788965674662000000,0
workspaceModel.collect.changes.ms,1788965614668000000,1788965674662000000,0
workspaceModel.entityStorageSnapshotImpl.instances.count,1788965614668000000,1788965674662000000,0
workspaceModel.workspaceFileIndexData.updateDirtyEntities.ms,1788965614668000000,1788965674662000000,0
workspaceModel.workspaceFileIndexData.processFileSets.ms,1788965614668000000,1788965674662000000,0
workspaceModel.full.replace.project.model.ms,1788965614668000000,1788965674662000000,0
workspaceModel.loading.total.ms,1788965614668000000,1788965674662000000,0
workspaceModel.pre.handlers.ms,1788965614668000000,1788965674662000000,0
workspaceModel.update.unloaded.entities.ms,1788965614668000000,1788965674662000000,0
workspaceModel.initializing.ms,1788965614668000000,1788965674662000000,0
workspaceModel.cachedValue.from.cache.ms,1788965614668000000,1788965674662000000,0
cacheStateStorage.set.counter,1788965614668000000,1788965674662000000,0
cacheStateStorage.get.counter,1788965614668000000,1788965674662000000,1
cacheStateStorage.set.duration,1788965614668000000,1788965674662000000,0
cacheStateStorage.get.duration,1788965614668000000,1788965674662000000,0
AWTEventQueue.dispatchTimeTotalNS,1788965614668000000,1788965674662000000,10977835206
AWTEventQueue.dispatchTimeMaxNs,1788965614668000000,1788965674662000000,1149239295
FlushQueue.waitingTimeAvgNs,1788965614668000000,1788965674662000000,2.2158626807344522E9
FlushQueue.tasksExecuted,1788965614668000000,1788965674662000000,1013
NonBlockingReadAction.failedExecutionsCount,1788965614668000000,1788965674662000000,0
AWTEventQueue.dispatchTimeAvgNs,1788965614668000000,1788965674662000000,2983123.222614841
ReadAction.executionsCount,1788965614668000000,1788965674662000000,4610
FlushQueue.executionTimeMaxNs,1788965614668000000,1788965674662000000,77070335
FlushQueue.executionTimeAvgNs,1788965614668000000,1788965674662000000,2905955.577492596
FlushQueue.waitingTime90PNs,1788965614668000000,1788965674662000000,6140461055
FlushQueue.executionTime90PNs,1788965614668000000,1788965674662000000,5668863
FlushQueue.queueSizeMax,1788965614668000000,1788965674662000000,463
AWTEventQueue.dispatchTime90PNs,1788965614668000000,1788965674662000000,10027007
NonBlockingReadAction.failedExecutionTimeUs,1788965614668000000,1788965674662000000,0
FlushQueue.waitingTimeMaxNs,1788965614668000000,1788965674662000000,7113539583
NonBlockingReadAction.finalizedExecutionTimeUs,1788965614668000000,1788965674662000000,15149
WriteAction.executionsCount,1788965614668000000,1788965674662000000,2
FlushQueue.queueSize90P,1788965614668000000,1788965674662000000,383
FlushQueue.queueSizeAvg,1788965614668000000,1788965674662000000,131.0700888450148
NonBlockingReadAction.finalizedExecutionsCount,1788965614668000000,1788965674662000000,23
AWTEventQueue.eventsDispatched,1788965614668000000,1788965674662000000,3679
compiler.ArtifactVirtualFileListener.propertyChanged.ms,1788965614668000000,1788965674662000000,0
compiler.ArtifactManagerBridge.dropMappings.ms,1788965614668000000,1788965674662000000,0
compiler.ArtifactManagerBridge.commit.ms,1788965614668000000,1788965674662000000,0
compiler.ArtifactManagerBridge.initBridges.ms,1788965614668000000,1788965674662000000,0
compiler.ArtifactManagerBridge.findArtifact.ms,1788965614668000000,1788965674662000000,0
compiler.ArtifactVirtualFileListener.filePathChanged.ms,1788965614668000000,1788965674662000000,0
compiler.ArtifactManagerBridge.addArtifact.ms,1788965614668000000,1788965674662000000,0
compiler.ArtifactManagerBridge.getArtifacts.ms,1788965614668000000,1788965674662000000,0
compiler.ArtifactManagerBridge.getArtifactsByType.ms,1788965614668000000,1788965674662000000,0
FilePageCacheLockFree.totalPagesRequested,1788965674662000000,1788965734661000000,0
FilePageCacheLockFree.housekeeperTimeSpentMs,1788965674662000000,1788965734661000000,0
FilePageCacheLockFree.totalPagesReadMs,1788965674662000000,1788965734661000000,0
MappedFileStorage.totalTimeSpentOnMappingUs,1788965674662000000,1788965734661000000,20887
StreamlinedBlobStorage.recordsAllocated,1788965674662000000,1788965734661000000,0
FilePageCacheLockFree.totalHeapBytesReclaimed,1788965674662000000,1788965734661000000,0
FilePageCacheLockFree.totalPagesWriteMs,1788965674662000000,1788965734661000000,0
FilePageCache.disposedBuffers,1788965674662000000,1788965734661000000,0
FilePageCacheLockFree.totalBytesRequested,1788965674662000000,1788965734661000000,0
MappedFileStorage.totalBytesMapped,1788965674662000000,1788965734661000000,198443008
StreamlinedBlobStorage.recordsDeleted,1788965674662000000,1788965734661000000,0
MappedFileStorage.storages,1788965674662000000,1788965734661000000,15
StorageLockContext.competingThreads.max,1788965674662000000,1788965734661000000,0
FilePageCacheLockFree.totalPagesReclaimed,1788965674662000000,1788965734661000000,0
FilePageCacheLockFree.heapBytesInUse,1788965674662000000,1788965734661000000,0
FilePageCacheLockFree.totalPagesWritten,1788965674662000000,1788965734661000000,0
FilePageCacheLockFree.nativeBytesInUse,1788965674662000000,1788965734661000000,0
FilePageCache.capacityInBytes,1788965674662000000,1788965734661000000,503316478
FilePageCache.totalPageLoadsUs,1788965674662000000,1788965734661000000,0
FilePageCache.uncachedFileAccess,1788965674662000000,1788965734661000000,0
StorageLockContext.competingThreads.90P,1788965674662000000,1788965734661000000,0
FilePageCache.totalPageDisposalsUs,1788965674662000000,1788965734661000000,0
FilePageCache.pageFastCacheHits,1788965674662000000,1788965734661000000,66
FilePageCacheLockFree.totalBytesRead,1788965674662000000,1788965734661000000,0
StorageLockContext.competingThreads.avg,1788965674662000000,1788965734661000000,0.0
DirectByteBufferAllocator.totalSizeOfBuffersCachedInBytes,1788965674662000000,1788965734661000000,0
FilePageCacheLockFree.totalNativeBytesAllocated,1788965674662000000,1788965734661000000,0
StreamlinedBlobStorage.recordsRelocated,1788965674662000000,1788965734661000000,0
DirectByteBufferAllocator.misses,1788965674662000000,1788965734661000000,0
StreamlinedBlobStorage.totalLiveRecordsPayloadBytes,1788965674662000000,1788965734661000000,0
FileChannelInterruptsRetryer.totalRetriedAttempts,1788965674662000000,1788965734661000000,0
FilePageCache.pageLoads,1788965674662000000,1788965734661000000,0
FilePageCacheLockFree.housekeeperTurnsDone,1788965674662000000,1788965734661000000,0
FilePageCacheLockFree.totalPageAllocationsWaited,1788965674662000000,1788965734661000000,0
FilePageCache.maxRegisteredFiles,1788965674662000000,1788965734661000000,555
FilePageCacheLockFree.totalNativeBytesReclaimed,1788965674662000000,1788965734661000000,0
FilePageCacheLockFree.totalPagesAllocated,1788965674662000000,1788965734661000000,0
FilePageCacheLockFree.totalClosedStoragesReclaimed,1788965674662000000,1788965734661000000,0
DirectByteBufferAllocator.disposed,1788965674662000000,1788965734661000000,0
StreamlinedBlobStorage.totalLiveRecordsCapacityBytes,1788965674662000000,1788965734661000000,0
FilePageCacheLockFree.totalPagesRequestsMs,1788965674662000000,1788965734661000000,0
FilePageCache.pageHits,1788965674662000000,1788965734661000000,0
FilePageCacheLockFree.totalPagesHandedOver,1788965674662000000,1788965734661000000,0
FilePageCache.maxCacheSizeInBytes,1788965674662000000,1788965734661000000,233848832
DirectByteBufferAllocator.totalSizeOfBuffersAllocatedInBytes,1788965674662000000,1788965734661000000,233848832
FilePageCacheLockFree.totalBytesWritten,1788965674662000000,1788965734661000000,0
DirectByteBufferAllocator.hits,1788965674662000000,1788965734661000000,0
FilePageCacheLockFree.housekeeperTurnsSkipped,1788965674662000000,1788965734661000000,0
DirectByteBufferAllocator.reclaimed,1788965674662000000,1788965734661000000,0
MappedFileStorage.totalPagesMapped,1788965674662000000,1788965734661000000,15
FilePageCacheLockFree.totalHeapBytesAllocated,1788965674662000000,1788965734661000000,0
FilePageCache.pageLoadsAboveSizeThreshold,1788965674662000000,1788965734661000000,0
workspaceModel.mutableEntityStorage.modify.entity.ms,1788965674662000000,1788965734661000000,0
jps.module.iml.entities.serializer.save.entities.ms,1788965674662000000,1788965734661000000,0
workspaceModel.mutableEntityStorage.mutable.ext.mapping.ms,1788965674662000000,1788965734661000000,0
workspaceModel.mutableEntityStorage.entities.by.source.ms,1788965674662000000,1788965734661000000,0
jps.global.get.library.ms,1788965674662000000,1788965734661000000,0
workspaceModel.mutableEntityStorage.collect.changes.ms,1788965674662000000,1788965734661000000,0
workspaceModel.moduleBridgeLoader.loading.modules.ms,1788965674662000000,1788965734661000000,0
workspaceModel.mutableEntityStorage.replace.by.source.ms,1788965674662000000,1788965734661000000,0
workspaceModel.load.cache.metadata.from.file.ms,1788965674662000000,1788965734661000000,0
jps.save.changed.project.entities.ms,1788965674662000000,1788965734661000000,0
workspaceModel.orphan.listener.update.ms,1788965674662000000,1788965734661000000,0
workspaceModel.global.updates.ms,1788965674662000000,1788965734661000000,0
workspaceModel.moduleManagerBridge.set.unloadedModules.ms,1788965674662000000,1788965734661000000,0
workspaceModel.moduleManagerBridge.newModule.ms,1788965674662000000,1788965734661000000,0
workspaceModel.mutableEntityStorage.remove.entity.ms,1788965674662000000,1788965734661000000,0
jps.global.get.libraries.ms,1788965674662000000,1788965734661000000,0
jps.project.serializers.save.ms,1788965674662000000,1788965734661000000,0
jps.global.handle.before.change.events.ms,1788965674662000000,1788965734661000000,0
jps.facet.change.listener.before.change.events.ms,1788965674662000000,1788965734661000000,0
jps.global.initialize.library.bridges.ms,1788965674662000000,1788965734661000000,0
workspaceModel.delayed.project.synchronizer.sync.ms,1788965674662000000,1788965734661000000,0
workspaceModel.moduleBridge.facet.initialization.ms,1788965674662000000,1788965734661000000,0
jps.load.initial.state.ms,1788965674662000000,1788965734661000000,0
workspaceModel.moduleBridge.update.option.ms,1788965674662000000,1788965734661000000,0
jps.app.storage.content.writer.save.component.ms,1788965674662000000,1788965734661000000,0
workspaceModel.mutableEntityStorage.apply.changes.from.ms,1788965674662000000,1788965734661000000,0
workspaceModel.mutableEntityStorage.entities.ms,1788965674662000000,1788965734661000000,0
jps.artifact.entities.serializer.save.entities.ms,1788965674662000000,1788965734661000000,0
workspaceModel.moduleManagerBridge.build.module.graph.ms,1788965674662000000,1788965734661000000,0
workspaceModel.mutableEntityStorage.has.same.entities.ms,1788965674662000000,1788965734661000000,0
workspaceModel.load.cache.from.file.ms,1788965674662000000,1788965734661000000,0
jps.project.serializers.load.ms,1788965674662000000,1788965734661000000,0
workspaceModel.moduleBridge.before.changed.ms,1788965674662000000,1788965734661000000,0
jps.global.handle.changed.events.ms,1788965674662000000,1788965734661000000,0
workspaceModel.sync.entities.ms,1788965674662000000,1788965734661000000,0
jps.facet.change.listener.process.change.events.ms,1788965674662000000,1788965734661000000,0
workspaceModel.moduleManagerBridge.load.module.ms,1788965674662000000,1788965734661000000,0
workspaceModel.moduleManagerBridge.create.module.instance.ms,1788965674662000000,1788965734661000000,0
workspaceModel.mutableEntityStorage.to.snapshot.ms,1788965674662000000,1788965734661000000,0
jps.app.storage.content.reader.load.component.ms,1788965674662000000,1788965734661000000,0
workspaceModel.moduleManagerBridge.new.nonPersistent.module.ms,1788965674662000000,1788965734661000000,0
jps.artifact.entities.serializer.load.entities.ms,1788965674662000000,1788965734661000000,0
jps.storage.jps.conf.reader.load.component.ms,1788965674662000000,1788965734661000000,0
jps.global.get.library.by.name.ms,1788965674662000000,1788965734661000000,0
workspaceModel.mutableEntityStorage.resolve.ms,1788965674662000000,1788965734661000000,0
workspaceModel.mutableEntityStorage.add.entity.ms,1788965674662000000,1788965734661000000,0
jps.module.iml.entities.serializer.load.entities.ms,1788965674662000000,1788965734661000000,0
workspaceModel.mutableEntityStorage.referrers.ms,1788965674662000000,1788965734661000000,0
workspaceModel.moduleManagerBridge.get.modules.ms,1788965674662000000,1788965734661000000,0
jps.library.entities.serializer.save.entities.ms,1788965674662000000,1788965734661000000,0
workspaceModel.mutableEntityStorage.instances.count,1788965674662000000,1788965734661000000,0
jps.library.entities.serializer.load.entities.ms,1788965674662000000,1788965734661000000,0
jps.apply.loaded.storage.ms,1788965674662000000,1788965734661000000,0
workspaceModel.global.updates.count,1788965674662000000,1788965734661000000,0
jps.reload.project.entities.ms,1788965674662000000,1788965734661000000,0
workspaceModel.global.apply.state.to.project.ms,1788965674662000000,1788965734661000000,0
workspaceModel.mutableEntityStorage.put.entity.ms,1788965674662000000,1788965734661000000,0
workspaceModel.mutableEntityStorage.mutable.vfurl.index.ms,1788965674662000000,1788965734661000000,0
workspaceModel.moduleManagerBridge.load.all.modules.ms,1788965674662000000,1788965734661000000,0
workspaceModel.do.save.caches.ms,1788965674662000000,1788965734661000000,0
jps.facet.change.listener.init.bridge.ms,1788965674662000000,1788965734661000000,0
jps.global.initialize.library.bridges.after.loading.ms,1788965674662000000,1788965734661000000,0
workspaceModel.save.cache.to.file.ms,1788965674662000000,1788965734661000000,0
jps.save.global.entities.ms,1788965674662000000,1788965734661000000,0
workspaceModel.global.apply.state.to.project.builder.ms,1788965674662000000,1788965734661000000,0
jps.load.project.to.empty.storage.ms,1788965674662000000,1788965734661000000,0
writeAction.count,1788965674662000000,1788965734661000000,0
writeAction.median.wait.ms,1788965674662000000,1788965734661000000,0
writeAction.max.wait.ms,1788965674662000000,1788965734661000000,13
writeAction.wait.ms,1788965674662000000,1788965734661000000,0
VFS.fileByIdCache.misses,1788965674662000000,1788965734661000000,0
FileNameCache.totalMisses,1788965674662000000,1788965734661000000,0
FileNameCache.queries,1788965674662000000,1788965734661000000,0
VFS.invertedFileNameIndex.requests,1788965674662000000,1788965734661000000,0
VFS.fileChildByName,1788965674662000000,1788965734661000000,365
VFS.fileByIdCache.hits,1788965674662000000,1788965734661000000,0
Indexes.allKeys.lookupDurationAvgMs,1788965674662000000,1788965734661000000,0.0
Indexes.allKeys.lookupDuration90PMs,1788965674662000000,1788965734661000000,0.0
Indexes.stubs.lookupDuration90PMs,1788965674662000000,1788965734661000000,0.0
IndexesFlusher.totalFlushesRetried,1788965674662000000,1788965734661000000,0
Indexes.stubs.lookupDurationMaxMs,1788965674662000000,1788965734661000000,0.0
IndexesFlusher.totalContentionQuotaSpent,1788965674662000000,1788965734661000000,0
IndexesFlusher.totalFlushes,1788965674662000000,1788965734661000000,59
Indexes.stubs.lookups,1788965674662000000,1788965734661000000,0.0
Indexes.entries.lookupDurationMaxMs,1788965674662000000,1788965734661000000,7.0
IndexesFlusher.totalFlushingTimeUs,1788965674662000000,1788965734661000000,143605
Indexes.allKeys.lookups,1788965674662000000,1788965734661000000,0.0
Indexes.allKeys.lookupDurationMaxMs,1788965674662000000,1788965734661000000,0.0
Indexes.entries.lookupDurationAvgMs,1788965674662000000,1788965734661000000,6.0
Indexes.stubs.lookupDurationAvgMs,1788965674662000000,1788965734661000000,0.0
Indexes.entries.lookups,1788965674662000000,1788965734661000000,2.0
Indexes.entries.lookupDuration90PMs,1788965674662000000,1788965734661000000,7.0
JVM.GC.collections,1788965674662000000,1788965734661000000,1
OS.loadAverage,1788965674662000000,1788965734661000000,3.06298828125
JVM.maxThreadCount,1788965674662000000,1788965734661000000,134
JVM.threadCount,1788965674662000000,1788965734661000000,64
JVM.totalCpuTimeMs,1788965674662000000,1788965734661000000,21879
JVM.GC.collectionTimesMs,1788965674662000000,1788965734661000000,6
JVM.maxHeapBytes,1788965674662000000,1788965734661000000,2147483648
JVM.totalDirectByteBuffersBytes,1788965674662000000,1788965734661000000,234863672
JVM.totalBytesAllocated,1788965674662000000,1788965734661000000,267067704
JVM.newThreadsCount,1788965674662000000,1788965734661000000,3
JVM.usedNativeBytes,1788965674662000000,1788965734661000000,320553056
JVM.usedHeapBytes,1788965674662000000,1788965734661000000,394071808
workspaceModel.updates.precise.ms,1788965674662000000,1788965734661000000,0
workspaceModel.workspaceFileIndexData.getPackageName.ms,1788965674662000000,1788965734661000000,0
workspaceModel.init.bridges.ms,1788965674662000000,1788965734661000000,0
workspaceModel.cachedValueWithParameters.clear.ms,1788965674662000000,1788965734661000000,0
workspaceModel.cachedValue.clear.ms,1788965674662000000,1788965734661000000,0
workspaceModel.replace.project.model.ms,1788965674662000000,1788965734661000000,0
workspaceModel.workspaceFileIndexData.init.ms,1788965674662000000,1788965734661000000,0
workspaceModel.cachedValueWithParameters.total.get.ms,1788965674662000000,1788965734661000000,0
workspaceModel.check.recursive.update.ms,1788965674662000000,1788965734661000000,0
workspaceModel.cachedValueWithParameters.from.cache.ms,1788965674662000000,1788965734661000000,0
workspaceModel.workspaceFileIndexData.visitFileSets.ms,1788965674662000000,1788965734661000000,0
workspaceModel.updates.ms,1788965674662000000,1788965734661000000,0
workspaceModel.cachedValue.calculated.ms,1788965674662000000,1788965734661000000,0
workspaceModel.workspaceFileIndexData.onEntitiesChanged.ms,1788965674662000000,1788965734661000000,0
workspaceModel.cachedValue.total.get.ms,1788965674662000000,1788965734661000000,0
workspaceModel.updates.count,1788965674662000000,1788965734661000000,0
workspaceModel.workspaceFileIndexContributor.registerFileSets.ms,1788965674662000000,1788965734661000000,0
workspaceModel.loading.from.cache.ms,1788965674662000000,1788965734661000000,0
workspaceModel.workspaceFileIndexData.markDirty.ms,1788965674662000000,1788965734661000000,0
workspaceModel.workspaceFileIndexData.getFileInfo.ms,1788965674662000000,1788965734661000000,1
workspaceModel.cachedValueWithParameters.calculated.ms,1788965674662000000,1788965734661000000,0
workspaceModel.to.snapshot.ms,1788965674662000000,1788965734661000000,0
workspaceModel.workspaceFileIndexData.instances.count,1788965674662000000,1788965734661000000,0
workspaceModel.workspaceFileIndexData.getDirectoriesByPackageName.ms,1788965674662000000,1788965734661000000,0
workspaceModel.collect.changes.ms,1788965674662000000,1788965734661000000,0
workspaceModel.entityStorageSnapshotImpl.instances.count,1788965674662000000,1788965734661000000,0
workspaceModel.workspaceFileIndexData.updateDirtyEntities.ms,1788965674662000000,1788965734661000000,0
workspaceModel.workspaceFileIndexData.processFileSets.ms,1788965674662000000,1788965734661000000,0
workspaceModel.full.replace.project.model.ms,1788965674662000000,1788965734661000000,0
workspaceModel.loading.total.ms,1788965674662000000,1788965734661000000,0
workspaceModel.pre.handlers.ms,1788965674662000000,1788965734661000000,0
workspaceModel.update.unloaded.entities.ms,1788965674662000000,1788965734661000000,0
workspaceModel.initializing.ms,1788965674662000000,1788965734661000000,0
workspaceModel.cachedValue.from.cache.ms,1788965674662000000,1788965734661000000,0
cacheStateStorage.set.counter,1788965674662000000,1788965734661000000,0
cacheStateStorage.get.counter,1788965674662000000,1788965734661000000,2
cacheStateStorage.set.duration,1788965674662000000,1788965734661000000,0
cacheStateStorage.get.duration,1788965674662000000,1788965734661000000,45
AWTEventQueue.dispatchTimeTotalNS,1788965674662000000,1788965734661000000,5938849448
AWTEventQueue.dispatchTimeMaxNs,1788965674662000000,1788965734661000000,331350015
FlushQueue.waitingTimeAvgNs,1788965674662000000,1788965734661000000,2.0935273842139594E7
FlushQueue.tasksExecuted,1788965674662000000,1788965734661000000,1533
NonBlockingReadAction.failedExecutionsCount,1788965674662000000,1788965734661000000,0
AWTEventQueue.dispatchTimeAvgNs,1788965674662000000,1788965734661000000,727234.8602914166
ReadAction.executionsCount,1788965674662000000,1788965734661000000,158385
FlushQueue.executionTimeMaxNs,1788965674662000000,1788965734661000000,331350015
FlushQueue.executionTimeAvgNs,1788965674662000000,1788965734661000000,376643.34964122635
FlushQueue.waitingTime90PNs,1788965674662000000,1788965734661000000,60555263
FlushQueue.executionTime90PNs,1788965674662000000,1788965734661000000,181247
FlushQueue.queueSizeMax,1788965674662000000,1788965734661000000,78
AWTEventQueue.dispatchTime90PNs,1788965674662000000,1788965734661000000,454655
NonBlockingReadAction.failedExecutionTimeUs,1788965674662000000,1788965734661000000,0
FlushQueue.waitingTimeMaxNs,1788965674662000000,1788965734661000000,281018367
NonBlockingReadAction.finalizedExecutionTimeUs,1788965674662000000,1788965734661000000,89217
WriteAction.executionsCount,1788965674662000000,1788965734661000000,0
FlushQueue.queueSize90P,1788965674662000000,1788965734661000000,17
FlushQueue.queueSizeAvg,1788965674662000000,1788965734661000000,6.036529680365297
NonBlockingReadAction.finalizedExecutionsCount,1788965674662000000,1788965734661000000,297
AWTEventQueue.eventsDispatched,1788965674662000000,1788965734661000000,8167
compiler.ArtifactVirtualFileListener.propertyChanged.ms,1788965674662000000,1788965734661000000,0
compiler.ArtifactManagerBridge.dropMappings.ms,1788965674662000000,1788965734661000000,0
compiler.ArtifactManagerBridge.commit.ms,1788965674662000000,1788965734661000000,0
compiler.ArtifactManagerBridge.initBridges.ms,1788965674662000000,1788965734661000000,0
compiler.ArtifactManagerBridge.findArtifact.ms,1788965674662000000,1788965734661000000,0
compiler.ArtifactVirtualFileListener.filePathChanged.ms,1788965674662000000,1788965734661000000,0
compiler.ArtifactManagerBridge.addArtifact.ms,1788965674662000000,1788965734661000000,0
compiler.ArtifactManagerBridge.getArtifacts.ms,1788965674662000000,1788965734661000000,0
compiler.ArtifactManagerBridge.getArtifactsByType.ms,1788965674662000000,1788965734661000000,0
FilePageCacheLockFree.totalPagesRequested,1788965734661000000,1788965794657000000,0
FilePageCacheLockFree.housekeeperTimeSpentMs,1788965734661000000,1788965794657000000,0
FilePageCacheLockFree.totalPagesReadMs,1788965734661000000,1788965794657000000,0
MappedFileStorage.totalTimeSpentOnMappingUs,1788965734661000000,1788965794657000000,20887
StreamlinedBlobStorage.recordsAllocated,1788965734661000000,1788965794657000000,0
FilePageCacheLockFree.totalHeapBytesReclaimed,1788965734661000000,1788965794657000000,0
FilePageCacheLockFree.totalPagesWriteMs,1788965734661000000,1788965794657000000,0
FilePageCache.disposedBuffers,1788965734661000000,1788965794657000000,0
FilePageCacheLockFree.totalBytesRequested,1788965734661000000,1788965794657000000,0
MappedFileStorage.totalBytesMapped,1788965734661000000,1788965794657000000,198443008
StreamlinedBlobStorage.recordsDeleted,1788965734661000000,1788965794657000000,0
MappedFileStorage.storages,1788965734661000000,1788965794657000000,15
StorageLockContext.competingThreads.max,1788965734661000000,1788965794657000000,0
FilePageCacheLockFree.totalPagesReclaimed,1788965734661000000,1788965794657000000,0
FilePageCacheLockFree.heapBytesInUse,1788965734661000000,1788965794657000000,0
FilePageCacheLockFree.totalPagesWritten,1788965734661000000,1788965794657000000,0
FilePageCacheLockFree.nativeBytesInUse,1788965734661000000,1788965794657000000,0
FilePageCache.capacityInBytes,1788965734661000000,1788965794657000000,503316478
FilePageCache.totalPageLoadsUs,1788965734661000000,1788965794657000000,0
FilePageCache.uncachedFileAccess,1788965734661000000,1788965794657000000,0
StorageLockContext.competingThreads.90P,1788965734661000000,1788965794657000000,0
FilePageCache.totalPageDisposalsUs,1788965734661000000,1788965794657000000,0
FilePageCache.pageFastCacheHits,1788965734661000000,1788965794657000000,3
FilePageCacheLockFree.totalBytesRead,1788965734661000000,1788965794657000000,0
StorageLockContext.competingThreads.avg,1788965734661000000,1788965794657000000,0.0
DirectByteBufferAllocator.totalSizeOfBuffersCachedInBytes,1788965734661000000,1788965794657000000,0
FilePageCacheLockFree.totalNativeBytesAllocated,1788965734661000000,1788965794657000000,0
StreamlinedBlobStorage.recordsRelocated,1788965734661000000,1788965794657000000,0
DirectByteBufferAllocator.misses,1788965734661000000,1788965794657000000,0
StreamlinedBlobStorage.totalLiveRecordsPayloadBytes,1788965734661000000,1788965794657000000,0
FileChannelInterruptsRetryer.totalRetriedAttempts,1788965734661000000,1788965794657000000,0
FilePageCache.pageLoads,1788965734661000000,1788965794657000000,0
FilePageCacheLockFree.housekeeperTurnsDone,1788965734661000000,1788965794657000000,0
FilePageCacheLockFree.totalPageAllocationsWaited,1788965734661000000,1788965794657000000,0
FilePageCache.maxRegisteredFiles,1788965734661000000,1788965794657000000,555
FilePageCacheLockFree.totalNativeBytesReclaimed,1788965734661000000,1788965794657000000,0
FilePageCacheLockFree.totalPagesAllocated,1788965734661000000,1788965794657000000,0
FilePageCacheLockFree.totalClosedStoragesReclaimed,1788965734661000000,1788965794657000000,0
DirectByteBufferAllocator.disposed,1788965734661000000,1788965794657000000,0
StreamlinedBlobStorage.totalLiveRecordsCapacityBytes,1788965734661000000,1788965794657000000,0
FilePageCacheLockFree.totalPagesRequestsMs,1788965734661000000,1788965794657000000,0
FilePageCache.pageHits,1788965734661000000,1788965794657000000,0
FilePageCacheLockFree.totalPagesHandedOver,1788965734661000000,1788965794657000000,0
FilePageCache.maxCacheSizeInBytes,1788965734661000000,1788965794657000000,233848832
DirectByteBufferAllocator.totalSizeOfBuffersAllocatedInBytes,1788965734661000000,1788965794657000000,233848832
FilePageCacheLockFree.totalBytesWritten,1788965734661000000,1788965794657000000,0
DirectByteBufferAllocator.hits,1788965734661000000,1788965794657000000,0
FilePageCacheLockFree.housekeeperTurnsSkipped,1788965734661000000,1788965794657000000,0
DirectByteBufferAllocator.reclaimed,1788965734661000000,1788965794657000000,0
MappedFileStorage.totalPagesMapped,1788965734661000000,1788965794657000000,15
FilePageCacheLockFree.totalHeapBytesAllocated,1788965734661000000,1788965794657000000,0
FilePageCache.pageLoadsAboveSizeThreshold,1788965734661000000,1788965794657000000,0
workspaceModel.mutableEntityStorage.modify.entity.ms,1788965734661000000,1788965794657000000,0
jps.module.iml.entities.serializer.save.entities.ms,1788965734661000000,1788965794657000000,0
workspaceModel.mutableEntityStorage.mutable.ext.mapping.ms,1788965734661000000,1788965794657000000,0
workspaceModel.mutableEntityStorage.entities.by.source.ms,1788965734661000000,1788965794657000000,0
jps.global.get.library.ms,1788965734661000000,1788965794657000000,0
workspaceModel.mutableEntityStorage.collect.changes.ms,1788965734661000000,1788965794657000000,0
workspaceModel.moduleBridgeLoader.loading.modules.ms,1788965734661000000,1788965794657000000,0
workspaceModel.mutableEntityStorage.replace.by.source.ms,1788965734661000000,1788965794657000000,0
workspaceModel.load.cache.metadata.from.file.ms,1788965734661000000,1788965794657000000,0
jps.save.changed.project.entities.ms,1788965734661000000,1788965794657000000,0
workspaceModel.orphan.listener.update.ms,1788965734661000000,1788965794657000000,0
workspaceModel.global.updates.ms,1788965734661000000,1788965794657000000,0
workspaceModel.moduleManagerBridge.set.unloadedModules.ms,1788965734661000000,1788965794657000000,0
workspaceModel.moduleManagerBridge.newModule.ms,1788965734661000000,1788965794657000000,0
workspaceModel.mutableEntityStorage.remove.entity.ms,1788965734661000000,1788965794657000000,0
jps.global.get.libraries.ms,1788965734661000000,1788965794657000000,0
jps.project.serializers.save.ms,1788965734661000000,1788965794657000000,0
jps.global.handle.before.change.events.ms,1788965734661000000,1788965794657000000,0
jps.facet.change.listener.before.change.events.ms,1788965734661000000,1788965794657000000,0
jps.global.initialize.library.bridges.ms,1788965734661000000,1788965794657000000,0
workspaceModel.delayed.project.synchronizer.sync.ms,1788965734661000000,1788965794657000000,0
workspaceModel.moduleBridge.facet.initialization.ms,1788965734661000000,1788965794657000000,0
jps.load.initial.state.ms,1788965734661000000,1788965794657000000,0
workspaceModel.moduleBridge.update.option.ms,1788965734661000000,1788965794657000000,0
jps.app.storage.content.writer.save.component.ms,1788965734661000000,1788965794657000000,0
workspaceModel.mutableEntityStorage.apply.changes.from.ms,1788965734661000000,1788965794657000000,0
workspaceModel.mutableEntityStorage.entities.ms,1788965734661000000,1788965794657000000,0
jps.artifact.entities.serializer.save.entities.ms,1788965734661000000,1788965794657000000,0
workspaceModel.moduleManagerBridge.build.module.graph.ms,1788965734661000000,1788965794657000000,0
workspaceModel.mutableEntityStorage.has.same.entities.ms,1788965734661000000,1788965794657000000,0
workspaceModel.load.cache.from.file.ms,1788965734661000000,1788965794657000000,0
jps.project.serializers.load.ms,1788965734661000000,1788965794657000000,0
workspaceModel.moduleBridge.before.changed.ms,1788965734661000000,1788965794657000000,0
jps.global.handle.changed.events.ms,1788965734661000000,1788965794657000000,0
workspaceModel.sync.entities.ms,1788965734661000000,1788965794657000000,0
jps.facet.change.listener.process.change.events.ms,1788965734661000000,1788965794657000000,0
workspaceModel.moduleManagerBridge.load.module.ms,1788965734661000000,1788965794657000000,0
workspaceModel.moduleManagerBridge.create.module.instance.ms,1788965734661000000,1788965794657000000,0
workspaceModel.mutableEntityStorage.to.snapshot.ms,1788965734661000000,1788965794657000000,0
jps.app.storage.content.reader.load.component.ms,1788965734661000000,1788965794657000000,0
workspaceModel.moduleManagerBridge.new.nonPersistent.module.ms,1788965734661000000,1788965794657000000,0
jps.artifact.entities.serializer.load.entities.ms,1788965734661000000,1788965794657000000,0
jps.storage.jps.conf.reader.load.component.ms,1788965734661000000,1788965794657000000,0
jps.global.get.library.by.name.ms,1788965734661000000,1788965794657000000,0
workspaceModel.mutableEntityStorage.resolve.ms,1788965734661000000,1788965794657000000,0
workspaceModel.mutableEntityStorage.add.entity.ms,1788965734661000000,1788965794657000000,0
jps.module.iml.entities.serializer.load.entities.ms,1788965734661000000,1788965794657000000,0
workspaceModel.mutableEntityStorage.referrers.ms,1788965734661000000,1788965794657000000,0
workspaceModel.moduleManagerBridge.get.modules.ms,1788965734661000000,1788965794657000000,0
jps.library.entities.serializer.save.entities.ms,1788965734661000000,1788965794657000000,0
workspaceModel.mutableEntityStorage.instances.count,1788965734661000000,1788965794657000000,0
jps.library.entities.serializer.load.entities.ms,1788965734661000000,1788965794657000000,0
jps.apply.loaded.storage.ms,1788965734661000000,1788965794657000000,0
workspaceModel.global.updates.count,1788965734661000000,1788965794657000000,0
jps.reload.project.entities.ms,1788965734661000000,1788965794657000000,0
workspaceModel.global.apply.state.to.project.ms,1788965734661000000,1788965794657000000,0
workspaceModel.mutableEntityStorage.put.entity.ms,1788965734661000000,1788965794657000000,0
workspaceModel.mutableEntityStorage.mutable.vfurl.index.ms,1788965734661000000,1788965794657000000,0
workspaceModel.moduleManagerBridge.load.all.modules.ms,1788965734661000000,1788965794657000000,0
workspaceModel.do.save.caches.ms,1788965734661000000,1788965794657000000,0
jps.facet.change.listener.init.bridge.ms,1788965734661000000,1788965794657000000,0
jps.global.initialize.library.bridges.after.loading.ms,1788965734661000000,1788965794657000000,0
workspaceModel.save.cache.to.file.ms,1788965734661000000,1788965794657000000,0
jps.save.global.entities.ms,1788965734661000000,1788965794657000000,0
workspaceModel.global.apply.state.to.project.builder.ms,1788965734661000000,1788965794657000000,0
jps.load.project.to.empty.storage.ms,1788965734661000000,1788965794657000000,0
writeAction.count,1788965734661000000,1788965794657000000,0
writeAction.median.wait.ms,1788965734661000000,1788965794657000000,0
writeAction.max.wait.ms,1788965734661000000,1788965794657000000,13
writeAction.wait.ms,1788965734661000000,1788965794657000000,0
VFS.fileByIdCache.misses,1788965734661000000,1788965794657000000,0
FileNameCache.totalMisses,1788965734661000000,1788965794657000000,0
FileNameCache.queries,1788965734661000000,1788965794657000000,0
VFS.invertedFileNameIndex.requests,1788965734661000000,1788965794657000000,0
VFS.fileChildByName,1788965734661000000,1788965794657000000,357
VFS.fileByIdCache.hits,1788965734661000000,1788965794657000000,0
Indexes.allKeys.lookupDurationAvgMs,1788965734661000000,1788965794657000000,0.0
Indexes.allKeys.lookupDuration90PMs,1788965734661000000,1788965794657000000,0.0
Indexes.stubs.lookupDuration90PMs,1788965734661000000,1788965794657000000,0.0
IndexesFlusher.totalFlushesRetried,1788965734661000000,1788965794657000000,0
Indexes.stubs.lookupDurationMaxMs,1788965734661000000,1788965794657000000,0.0
IndexesFlusher.totalContentionQuotaSpent,1788965734661000000,1788965794657000000,0
IndexesFlusher.totalFlushes,1788965734661000000,1788965794657000000,59
Indexes.stubs.lookups,1788965734661000000,1788965794657000000,0.0
Indexes.entries.lookupDurationMaxMs,1788965734661000000,1788965794657000000,1.0
IndexesFlusher.totalFlushingTimeUs,1788965734661000000,1788965794657000000,139444
Indexes.allKeys.lookups,1788965734661000000,1788965794657000000,0.0
Indexes.allKeys.lookupDurationMaxMs,1788965734661000000,1788965794657000000,0.0
Indexes.entries.lookupDurationAvgMs,1788965734661000000,1788965794657000000,1.0
Indexes.stubs.lookupDurationAvgMs,1788965734661000000,1788965794657000000,0.0
Indexes.entries.lookups,1788965734661000000,1788965794657000000,2.0
Indexes.entries.lookupDuration90PMs,1788965734661000000,1788965794657000000,1.0
JVM.GC.collections,1788965734661000000,1788965794657000000,2
OS.loadAverage,1788965734661000000,1788965794657000000,4.05029296875
JVM.maxThreadCount,1788965734661000000,1788965794657000000,134
JVM.threadCount,1788965734661000000,1788965794657000000,63
JVM.totalCpuTimeMs,1788965734661000000,1788965794657000000,16703
JVM.GC.collectionTimesMs,1788965734661000000,1788965794657000000,10
JVM.maxHeapBytes,1788965734661000000,1788965794657000000,2147483648
JVM.totalDirectByteBuffersBytes,1788965734661000000,1788965794657000000,234871864
JVM.totalBytesAllocated,1788965734661000000,1788965794657000000,277293008
JVM.newThreadsCount,1788965734661000000,1788965794657000000,0
JVM.usedNativeBytes,1788965734661000000,1788965794657000000,326476744
JVM.usedHeapBytes,1788965734661000000,1788965794657000000,375293152
workspaceModel.updates.precise.ms,1788965734661000000,1788965794657000000,0
workspaceModel.workspaceFileIndexData.getPackageName.ms,1788965734661000000,1788965794657000000,0
workspaceModel.init.bridges.ms,1788965734661000000,1788965794657000000,0
workspaceModel.cachedValueWithParameters.clear.ms,1788965734661000000,1788965794657000000,0
workspaceModel.cachedValue.clear.ms,1788965734661000000,1788965794657000000,0
workspaceModel.replace.project.model.ms,1788965734661000000,1788965794657000000,0
workspaceModel.workspaceFileIndexData.init.ms,1788965734661000000,1788965794657000000,0
workspaceModel.cachedValueWithParameters.total.get.ms,1788965734661000000,1788965794657000000,0
workspaceModel.check.recursive.update.ms,1788965734661000000,1788965794657000000,0
workspaceModel.cachedValueWithParameters.from.cache.ms,1788965734661000000,1788965794657000000,0
workspaceModel.workspaceFileIndexData.visitFileSets.ms,1788965734661000000,1788965794657000000,1
workspaceModel.updates.ms,1788965734661000000,1788965794657000000,0
workspaceModel.cachedValue.calculated.ms,1788965734661000000,1788965794657000000,0
workspaceModel.workspaceFileIndexData.onEntitiesChanged.ms,1788965734661000000,1788965794657000000,0
workspaceModel.cachedValue.total.get.ms,1788965734661000000,1788965794657000000,0
workspaceModel.updates.count,1788965734661000000,1788965794657000000,0
workspaceModel.workspaceFileIndexContributor.registerFileSets.ms,1788965734661000000,1788965794657000000,0
workspaceModel.loading.from.cache.ms,1788965734661000000,1788965794657000000,0
workspaceModel.workspaceFileIndexData.markDirty.ms,1788965734661000000,1788965794657000000,0
workspaceModel.workspaceFileIndexData.getFileInfo.ms,1788965734661000000,1788965794657000000,0
workspaceModel.cachedValueWithParameters.calculated.ms,1788965734661000000,1788965794657000000,0
workspaceModel.to.snapshot.ms,1788965734661000000,1788965794657000000,0
workspaceModel.workspaceFileIndexData.instances.count,1788965734661000000,1788965794657000000,0
workspaceModel.workspaceFileIndexData.getDirectoriesByPackageName.ms,1788965734661000000,1788965794657000000,0
workspaceModel.collect.changes.ms,1788965734661000000,1788965794657000000,0
workspaceModel.entityStorageSnapshotImpl.instances.count,1788965734661000000,1788965794657000000,0
workspaceModel.workspaceFileIndexData.updateDirtyEntities.ms,1788965734661000000,1788965794657000000,0
workspaceModel.workspaceFileIndexData.processFileSets.ms,1788965734661000000,1788965794657000000,0
workspaceModel.full.replace.project.model.ms,1788965734661000000,1788965794657000000,0
workspaceModel.loading.total.ms,1788965734661000000,1788965794657000000,0
workspaceModel.pre.handlers.ms,1788965734661000000,1788965794657000000,0
workspaceModel.update.unloaded.entities.ms,1788965734661000000,1788965794657000000,0
workspaceModel.initializing.ms,1788965734661000000,1788965794657000000,0
workspaceModel.cachedValue.from.cache.ms,1788965734661000000,1788965794657000000,0
cacheStateStorage.set.counter,1788965734661000000,1788965794657000000,0
cacheStateStorage.get.counter,1788965734661000000,1788965794657000000,2
cacheStateStorage.set.duration,1788965734661000000,1788965794657000000,0
cacheStateStorage.get.duration,1788965734661000000,1788965794657000000,41
AWTEventQueue.dispatchTimeTotalNS,1788965734661000000,1788965794657000000,5035799967
AWTEventQueue.dispatchTimeMaxNs,1788965734661000000,1788965794657000000,91750399
FlushQueue.waitingTimeAvgNs,1788965734661000000,1788965794657000000,6939854.65229722
FlushQueue.tasksExecuted,1788965734661000000,1788965794657000000,1763
NonBlockingReadAction.failedExecutionsCount,1788965734661000000,1788965794657000000,0
AWTEventQueue.dispatchTimeAvgNs,1788965734661000000,1788965794657000000,581214.9806094182
ReadAction.executionsCount,1788965734661000000,1788965794657000000,189166
FlushQueue.executionTimeMaxNs,1788965734661000000,1788965794657000000,91750399
FlushQueue.executionTimeAvgNs,1788965734661000000,1788965794657000000,139772.94724900738
FlushQueue.waitingTime90PNs,1788965734661000000,1788965794657000000,24641535
FlushQueue.executionTime90PNs,1788965734661000000,1788965794657000000,141311
FlushQueue.queueSizeMax,1788965734661000000,1788965794657000000,65
AWTEventQueue.dispatchTime90PNs,1788965734661000000,1788965794657000000,464895
NonBlockingReadAction.failedExecutionTimeUs,1788965734661000000,1788965794657000000,0
FlushQueue.waitingTimeMaxNs,1788965734661000000,1788965794657000000,114294783
NonBlockingReadAction.finalizedExecutionTimeUs,1788965734661000000,1788965794657000000,18805
WriteAction.executionsCount,1788965734661000000,1788965794657000000,0
FlushQueue.queueSize90P,1788965734661000000,1788965794657000000,16
FlushQueue.queueSizeAvg,1788965734661000000,1788965794657000000,4.838343732274532
NonBlockingReadAction.finalizedExecutionsCount,1788965734661000000,1788965794657000000,162
AWTEventQueue.eventsDispatched,1788965734661000000,1788965794657000000,8664
compiler.ArtifactVirtualFileListener.propertyChanged.ms,1788965734661000000,1788965794657000000,0
compiler.ArtifactManagerBridge.dropMappings.ms,1788965734661000000,1788965794657000000,0
compiler.ArtifactManagerBridge.commit.ms,1788965734661000000,1788965794657000000,0
compiler.ArtifactManagerBridge.initBridges.ms,1788965734661000000,1788965794657000000,0
compiler.ArtifactManagerBridge.findArtifact.ms,1788965734661000000,1788965794657000000,0
compiler.ArtifactVirtualFileListener.filePathChanged.ms,1788965734661000000,1788965794657000000,0
compiler.ArtifactManagerBridge.addArtifact.ms,1788965734661000000,1788965794657000000,0
compiler.ArtifactManagerBridge.getArtifacts.ms,1788965734661000000,1788965794657000000,0
compiler.ArtifactManagerBridge.getArtifactsByType.ms,1788965734661000000,1788965794657000000,0
FilePageCacheLockFree.totalPagesRequested,1788965794657000000,1788965854594000000,0
FilePageCacheLockFree.housekeeperTimeSpentMs,1788965794657000000,1788965854594000000,0
FilePageCacheLockFree.totalPagesReadMs,1788965794657000000,1788965854594000000,0
MappedFileStorage.totalTimeSpentOnMappingUs,1788965794657000000,1788965854594000000,20887
StreamlinedBlobStorage.recordsAllocated,1788965794657000000,1788965854594000000,0
FilePageCacheLockFree.totalHeapBytesReclaimed,1788965794657000000,1788965854594000000,0
FilePageCacheLockFree.totalPagesWriteMs,1788965794657000000,1788965854594000000,0
FilePageCache.disposedBuffers,1788965794657000000,1788965854594000000,0
FilePageCacheLockFree.totalBytesRequested,1788965794657000000,1788965854594000000,0
MappedFileStorage.totalBytesMapped,1788965794657000000,1788965854594000000,198443008
StreamlinedBlobStorage.recordsDeleted,1788965794657000000,1788965854594000000,0
MappedFileStorage.storages,1788965794657000000,1788965854594000000,15
StorageLockContext.competingThreads.max,1788965794657000000,1788965854594000000,0
FilePageCacheLockFree.totalPagesReclaimed,1788965794657000000,1788965854594000000,0
FilePageCacheLockFree.heapBytesInUse,1788965794657000000,1788965854594000000,0
FilePageCacheLockFree.totalPagesWritten,1788965794657000000,1788965854594000000,0
FilePageCacheLockFree.nativeBytesInUse,1788965794657000000,1788965854594000000,0
FilePageCache.capacityInBytes,1788965794657000000,1788965854594000000,503316478
FilePageCache.totalPageLoadsUs,1788965794657000000,1788965854594000000,0
FilePageCache.uncachedFileAccess,1788965794657000000,1788965854594000000,2
StorageLockContext.competingThreads.90P,1788965794657000000,1788965854594000000,0
FilePageCache.totalPageDisposalsUs,1788965794657000000,1788965854594000000,0
FilePageCache.pageFastCacheHits,1788965794657000000,1788965854594000000,34
FilePageCacheLockFree.totalBytesRead,1788965794657000000,1788965854594000000,0
StorageLockContext.competingThreads.avg,1788965794657000000,1788965854594000000,0.0
DirectByteBufferAllocator.totalSizeOfBuffersCachedInBytes,1788965794657000000,1788965854594000000,0
FilePageCacheLockFree.totalNativeBytesAllocated,1788965794657000000,1788965854594000000,0
StreamlinedBlobStorage.recordsRelocated,1788965794657000000,1788965854594000000,0
DirectByteBufferAllocator.misses,1788965794657000000,1788965854594000000,0
StreamlinedBlobStorage.totalLiveRecordsPayloadBytes,1788965794657000000,1788965854594000000,0
FileChannelInterruptsRetryer.totalRetriedAttempts,1788965794657000000,1788965854594000000,0
FilePageCache.pageLoads,1788965794657000000,1788965854594000000,0
FilePageCacheLockFree.housekeeperTurnsDone,1788965794657000000,1788965854594000000,0
FilePageCacheLockFree.totalPageAllocationsWaited,1788965794657000000,1788965854594000000,0
FilePageCache.maxRegisteredFiles,1788965794657000000,1788965854594000000,555
FilePageCacheLockFree.totalNativeBytesReclaimed,1788965794657000000,1788965854594000000,0
FilePageCacheLockFree.totalPagesAllocated,1788965794657000000,1788965854594000000,0
FilePageCacheLockFree.totalClosedStoragesReclaimed,1788965794657000000,1788965854594000000,0
DirectByteBufferAllocator.disposed,1788965794657000000,1788965854594000000,0
StreamlinedBlobStorage.totalLiveRecordsCapacityBytes,1788965794657000000,1788965854594000000,0
FilePageCacheLockFree.totalPagesRequestsMs,1788965794657000000,1788965854594000000,0
FilePageCache.pageHits,1788965794657000000,1788965854594000000,0
FilePageCacheLockFree.totalPagesHandedOver,1788965794657000000,1788965854594000000,0
FilePageCache.maxCacheSizeInBytes,1788965794657000000,1788965854594000000,233848832
DirectByteBufferAllocator.totalSizeOfBuffersAllocatedInBytes,1788965794657000000,1788965854594000000,233848832
FilePageCacheLockFree.totalBytesWritten,1788965794657000000,1788965854594000000,0
DirectByteBufferAllocator.hits,1788965794657000000,1788965854594000000,0
FilePageCacheLockFree.housekeeperTurnsSkipped,1788965794657000000,1788965854594000000,0
DirectByteBufferAllocator.reclaimed,1788965794657000000,1788965854594000000,0
MappedFileStorage.totalPagesMapped,1788965794657000000,1788965854594000000,15
FilePageCacheLockFree.totalHeapBytesAllocated,1788965794657000000,1788965854594000000,0
FilePageCache.pageLoadsAboveSizeThreshold,1788965794657000000,1788965854594000000,0
workspaceModel.mutableEntityStorage.modify.entity.ms,1788965794657000000,1788965854594000000,0
jps.module.iml.entities.serializer.save.entities.ms,1788965794657000000,1788965854594000000,0
workspaceModel.mutableEntityStorage.mutable.ext.mapping.ms,1788965794657000000,1788965854594000000,0
workspaceModel.mutableEntityStorage.entities.by.source.ms,1788965794657000000,1788965854594000000,0
jps.global.get.library.ms,1788965794657000000,1788965854594000000,0
workspaceModel.mutableEntityStorage.collect.changes.ms,1788965794657000000,1788965854594000000,0
workspaceModel.moduleBridgeLoader.loading.modules.ms,1788965794657000000,1788965854594000000,0
workspaceModel.mutableEntityStorage.replace.by.source.ms,1788965794657000000,1788965854594000000,0
workspaceModel.load.cache.metadata.from.file.ms,1788965794657000000,1788965854594000000,0
jps.save.changed.project.entities.ms,1788965794657000000,1788965854594000000,0
workspaceModel.orphan.listener.update.ms,1788965794657000000,1788965854594000000,0
workspaceModel.global.updates.ms,1788965794657000000,1788965854594000000,0
workspaceModel.moduleManagerBridge.set.unloadedModules.ms,1788965794657000000,1788965854594000000,0
workspaceModel.moduleManagerBridge.newModule.ms,1788965794657000000,1788965854594000000,0
workspaceModel.mutableEntityStorage.remove.entity.ms,1788965794657000000,1788965854594000000,0
jps.global.get.libraries.ms,1788965794657000000,1788965854594000000,0
jps.project.serializers.save.ms,1788965794657000000,1788965854594000000,0
jps.global.handle.before.change.events.ms,1788965794657000000,1788965854594000000,0
jps.facet.change.listener.before.change.events.ms,1788965794657000000,1788965854594000000,0
jps.global.initialize.library.bridges.ms,1788965794657000000,1788965854594000000,0
workspaceModel.delayed.project.synchronizer.sync.ms,1788965794657000000,1788965854594000000,0
workspaceModel.moduleBridge.facet.initialization.ms,1788965794657000000,1788965854594000000,0
jps.load.initial.state.ms,1788965794657000000,1788965854594000000,0
workspaceModel.moduleBridge.update.option.ms,1788965794657000000,1788965854594000000,0
jps.app.storage.content.writer.save.component.ms,1788965794657000000,1788965854594000000,1
workspaceModel.mutableEntityStorage.apply.changes.from.ms,1788965794657000000,1788965854594000000,0
workspaceModel.mutableEntityStorage.entities.ms,1788965794657000000,1788965854594000000,0
jps.artifact.entities.serializer.save.entities.ms,1788965794657000000,1788965854594000000,0
workspaceModel.moduleManagerBridge.build.module.graph.ms,1788965794657000000,1788965854594000000,0
workspaceModel.mutableEntityStorage.has.same.entities.ms,1788965794657000000,1788965854594000000,0
workspaceModel.load.cache.from.file.ms,1788965794657000000,1788965854594000000,0
jps.project.serializers.load.ms,1788965794657000000,1788965854594000000,0
workspaceModel.moduleBridge.before.changed.ms,1788965794657000000,1788965854594000000,0
jps.global.handle.changed.events.ms,1788965794657000000,1788965854594000000,0
workspaceModel.sync.entities.ms,1788965794657000000,1788965854594000000,0
jps.facet.change.listener.process.change.events.ms,1788965794657000000,1788965854594000000,0
workspaceModel.moduleManagerBridge.load.module.ms,1788965794657000000,1788965854594000000,0
workspaceModel.moduleManagerBridge.create.module.instance.ms,1788965794657000000,1788965854594000000,0
workspaceModel.mutableEntityStorage.to.snapshot.ms,1788965794657000000,1788965854594000000,0
jps.app.storage.content.reader.load.component.ms,1788965794657000000,1788965854594000000,0
workspaceModel.moduleManagerBridge.new.nonPersistent.module.ms,1788965794657000000,1788965854594000000,0
jps.artifact.entities.serializer.load.entities.ms,1788965794657000000,1788965854594000000,0
jps.storage.jps.conf.reader.load.component.ms,1788965794657000000,1788965854594000000,0
jps.global.get.library.by.name.ms,1788965794657000000,1788965854594000000,0
workspaceModel.mutableEntityStorage.resolve.ms,1788965794657000000,1788965854594000000,0
workspaceModel.mutableEntityStorage.add.entity.ms,1788965794657000000,1788965854594000000,0
jps.module.iml.entities.serializer.load.entities.ms,1788965794657000000,1788965854594000000,0
workspaceModel.mutableEntityStorage.referrers.ms,1788965794657000000,1788965854594000000,0
workspaceModel.moduleManagerBridge.get.modules.ms,1788965794657000000,1788965854594000000,0
jps.library.entities.serializer.save.entities.ms,1788965794657000000,1788965854594000000,0
workspaceModel.mutableEntityStorage.instances.count,1788965794657000000,1788965854594000000,0
jps.library.entities.serializer.load.entities.ms,1788965794657000000,1788965854594000000,0
jps.apply.loaded.storage.ms,1788965794657000000,1788965854594000000,0
workspaceModel.global.updates.count,1788965794657000000,1788965854594000000,0
jps.reload.project.entities.ms,1788965794657000000,1788965854594000000,0
workspaceModel.global.apply.state.to.project.ms,1788965794657000000,1788965854594000000,0
workspaceModel.mutableEntityStorage.put.entity.ms,1788965794657000000,1788965854594000000,0
workspaceModel.mutableEntityStorage.mutable.vfurl.index.ms,1788965794657000000,1788965854594000000,0
workspaceModel.moduleManagerBridge.load.all.modules.ms,1788965794657000000,1788965854594000000,0
workspaceModel.do.save.caches.ms,1788965794657000000,1788965854594000000,0
jps.facet.change.listener.init.bridge.ms,1788965794657000000,1788965854594000000,0
jps.global.initialize.library.bridges.after.loading.ms,1788965794657000000,1788965854594000000,0
workspaceModel.save.cache.to.file.ms,1788965794657000000,1788965854594000000,0
jps.save.global.entities.ms,1788965794657000000,1788965854594000000,25
workspaceModel.global.apply.state.to.project.builder.ms,1788965794657000000,1788965854594000000,0
jps.load.project.to.empty.storage.ms,1788965794657000000,1788965854594000000,0
writeAction.count,1788965794657000000,1788965854594000000,1
writeAction.median.wait.ms,1788965794657000000,1788965854594000000,0
writeAction.max.wait.ms,1788965794657000000,1788965854594000000,13
writeAction.wait.ms,1788965794657000000,1788965854594000000,0
VFS.fileByIdCache.misses,1788965794657000000,1788965854594000000,0
FileNameCache.totalMisses,1788965794657000000,1788965854594000000,0
FileNameCache.queries,1788965794657000000,1788965854594000000,0
VFS.invertedFileNameIndex.requests,1788965794657000000,1788965854594000000,0
VFS.fileChildByName,1788965794657000000,1788965854594000000,80
VFS.fileByIdCache.hits,1788965794657000000,1788965854594000000,0
Indexes.allKeys.lookupDurationAvgMs,1788965794657000000,1788965854594000000,0.0
Indexes.allKeys.lookupDuration90PMs,1788965794657000000,1788965854594000000,0.0
Indexes.stubs.lookupDuration90PMs,1788965794657000000,1788965854594000000,0.0
IndexesFlusher.totalFlushesRetried,1788965794657000000,1788965854594000000,0
Indexes.stubs.lookupDurationMaxMs,1788965794657000000,1788965854594000000,0.0
IndexesFlusher.totalContentionQuotaSpent,1788965794657000000,1788965854594000000,0
IndexesFlusher.totalFlushes,1788965794657000000,1788965854594000000,59
Indexes.stubs.lookups,1788965794657000000,1788965854594000000,0.0
Indexes.entries.lookupDurationMaxMs,1788965794657000000,1788965854594000000,0.0
IndexesFlusher.totalFlushingTimeUs,1788965794657000000,1788965854594000000,178618
Indexes.allKeys.lookups,1788965794657000000,1788965854594000000,0.0
Indexes.allKeys.lookupDurationMaxMs,1788965794657000000,1788965854594000000,0.0
Indexes.entries.lookupDurationAvgMs,1788965794657000000,1788965854594000000,0.0
Indexes.stubs.lookupDurationAvgMs,1788965794657000000,1788965854594000000,0.0
Indexes.entries.lookups,1788965794657000000,1788965854594000000,0.0
Indexes.entries.lookupDuration90PMs,1788965794657000000,1788965854594000000,0.0
JVM.GC.collections,1788965794657000000,1788965854594000000,20
OS.loadAverage,1788965794657000000,1788965854594000000,3.029296875
JVM.maxThreadCount,1788965794657000000,1788965854594000000,134
JVM.threadCount,1788965794657000000,1788965854594000000,66
JVM.totalCpuTimeMs,1788965794657000000,1788965854594000000,37363
JVM.GC.collectionTimesMs,1788965794657000000,1788965854594000000,64
JVM.maxHeapBytes,1788965794657000000,1788965854594000000,2147483648
JVM.totalDirectByteBuffersBytes,1788965794657000000,1788965854594000000,234876844
JVM.totalBytesAllocated,1788965794657000000,1788965854594000000,4468655192
JVM.newThreadsCount,1788965794657000000,1788965854594000000,3
JVM.usedNativeBytes,1788965794657000000,1788965854594000000,331844600
JVM.usedHeapBytes,1788965794657000000,1788965854594000000,471797856
workspaceModel.updates.precise.ms,1788965794657000000,1788965854594000000,0
workspaceModel.workspaceFileIndexData.getPackageName.ms,1788965794657000000,1788965854594000000,0
workspaceModel.init.bridges.ms,1788965794657000000,1788965854594000000,0
workspaceModel.cachedValueWithParameters.clear.ms,1788965794657000000,1788965854594000000,0
workspaceModel.cachedValue.clear.ms,1788965794657000000,1788965854594000000,0
workspaceModel.replace.project.model.ms,1788965794657000000,1788965854594000000,0
workspaceModel.workspaceFileIndexData.init.ms,1788965794657000000,1788965854594000000,0
workspaceModel.cachedValueWithParameters.total.get.ms,1788965794657000000,1788965854594000000,0
workspaceModel.check.recursive.update.ms,1788965794657000000,1788965854594000000,0
workspaceModel.cachedValueWithParameters.from.cache.ms,1788965794657000000,1788965854594000000,0
workspaceModel.workspaceFileIndexData.visitFileSets.ms,1788965794657000000,1788965854594000000,0
workspaceModel.updates.ms,1788965794657000000,1788965854594000000,0
workspaceModel.cachedValue.calculated.ms,1788965794657000000,1788965854594000000,0
workspaceModel.workspaceFileIndexData.onEntitiesChanged.ms,1788965794657000000,1788965854594000000,0
workspaceModel.cachedValue.total.get.ms,1788965794657000000,1788965854594000000,0
workspaceModel.updates.count,1788965794657000000,1788965854594000000,0
workspaceModel.workspaceFileIndexContributor.registerFileSets.ms,1788965794657000000,1788965854594000000,0
workspaceModel.loading.from.cache.ms,1788965794657000000,1788965854594000000,0
workspaceModel.workspaceFileIndexData.markDirty.ms,1788965794657000000,1788965854594000000,0
workspaceModel.workspaceFileIndexData.getFileInfo.ms,1788965794657000000,1788965854594000000,1
workspaceModel.cachedValueWithParameters.calculated.ms,1788965794657000000,1788965854594000000,0
workspaceModel.to.snapshot.ms,1788965794657000000,1788965854594000000,0
workspaceModel.workspaceFileIndexData.instances.count,1788965794657000000,1788965854594000000,0
workspaceModel.workspaceFileIndexData.getDirectoriesByPackageName.ms,1788965794657000000,1788965854594000000,0
workspaceModel.collect.changes.ms,1788965794657000000,1788965854594000000,0
workspaceModel.entityStorageSnapshotImpl.instances.count,1788965794657000000,1788965854594000000,0
workspaceModel.workspaceFileIndexData.updateDirtyEntities.ms,1788965794657000000,1788965854594000000,0
workspaceModel.workspaceFileIndexData.processFileSets.ms,1788965794657000000,1788965854594000000,0
workspaceModel.full.replace.project.model.ms,1788965794657000000,1788965854594000000,0
workspaceModel.loading.total.ms,1788965794657000000,1788965854594000000,0
workspaceModel.pre.handlers.ms,1788965794657000000,1788965854594000000,0
workspaceModel.update.unloaded.entities.ms,1788965794657000000,1788965854594000000,0
workspaceModel.initializing.ms,1788965794657000000,1788965854594000000,0
workspaceModel.cachedValue.from.cache.ms,1788965794657000000,1788965854594000000,0
cacheStateStorage.set.counter,1788965794657000000,1788965854594000000,0
cacheStateStorage.get.counter,1788965794657000000,1788965854594000000,0
cacheStateStorage.set.duration,1788965794657000000,1788965854594000000,0
cacheStateStorage.get.duration,1788965794657000000,1788965854594000000,0
AWTEventQueue.dispatchTimeTotalNS,1788965794657000000,1788965854594000000,17683679454
AWTEventQueue.dispatchTimeMaxNs,1788965794657000000,1788965854594000000,68681727
FlushQueue.waitingTimeAvgNs,1788965794657000000,1788965854594000000,3.4636684021151385E9
FlushQueue.tasksExecuted,1788965794657000000,1788965854594000000,938
NonBlockingReadAction.failedExecutionsCount,1788965794657000000,1788965854594000000,0
AWTEventQueue.dispatchTimeAvgNs,1788965794657000000,1788965854594000000,3248952.2072767364
ReadAction.executionsCount,1788965794657000000,1788965854594000000,1175
FlushQueue.executionTimeMaxNs,1788965794657000000,1788965854594000000,44040191
FlushQueue.executionTimeAvgNs,1788965794657000000,1788965854594000000,9095938.66098081
FlushQueue.waitingTime90PNs,1788965794657000000,1788965854594000000,11878268927
FlushQueue.executionTime90PNs,1788965794657000000,1788965854594000000,21889023
FlushQueue.queueSizeMax,1788965794657000000,1788965854594000000,381
AWTEventQueue.dispatchTime90PNs,1788965794657000000,1788965854594000000,15859711
NonBlockingReadAction.failedExecutionTimeUs,1788965794657000000,1788965854594000000,0
FlushQueue.waitingTimeMaxNs,1788965794657000000,1788965854594000000,15166603263
NonBlockingReadAction.finalizedExecutionTimeUs,1788965794657000000,1788965854594000000,112
WriteAction.executionsCount,1788965794657000000,1788965854594000000,1
FlushQueue.queueSize90P,1788965794657000000,1788965854594000000,299
FlushQueue.queueSizeAvg,1788965794657000000,1788965854594000000,89.76119402985074
NonBlockingReadAction.finalizedExecutionsCount,1788965794657000000,1788965854594000000,2
AWTEventQueue.eventsDispatched,1788965794657000000,1788965854594000000,5442
compiler.ArtifactVirtualFileListener.propertyChanged.ms,1788965794657000000,1788965854594000000,0
compiler.ArtifactManagerBridge.dropMappings.ms,1788965794657000000,1788965854594000000,0
compiler.ArtifactManagerBridge.commit.ms,1788965794657000000,1788965854594000000,0
compiler.ArtifactManagerBridge.initBridges.ms,1788965794657000000,1788965854594000000,0
compiler.ArtifactManagerBridge.findArtifact.ms,1788965794657000000,1788965854594000000,0
compiler.ArtifactVirtualFileListener.filePathChanged.ms,1788965794657000000,1788965854594000000,0
compiler.ArtifactManagerBridge.addArtifact.ms,1788965794657000000,1788965854594000000,0
compiler.ArtifactManagerBridge.getArtifacts.ms,1788965794657000000,1788965854594000000,0
compiler.ArtifactManagerBridge.getArtifactsByType.ms,1788965794657000000,1788965854594000000,0
FilePageCacheLockFree.totalPagesRequested,1788965854594000000,1788965914591000000,0
FilePageCacheLockFree.housekeeperTimeSpentMs,1788965854594000000,1788965914591000000,0
FilePageCacheLockFree.totalPagesReadMs,1788965854594000000,1788965914591000000,0
MappedFileStorage.totalTimeSpentOnMappingUs,1788965854594000000,1788965914591000000,20887
StreamlinedBlobStorage.recordsAllocated,1788965854594000000,1788965914591000000,0
FilePageCacheLockFree.totalHeapBytesReclaimed,1788965854594000000,1788965914591000000,0
FilePageCacheLockFree.totalPagesWriteMs,1788965854594000000,1788965914591000000,0
FilePageCache.disposedBuffers,1788965854594000000,1788965914591000000,0
FilePageCacheLockFree.totalBytesRequested,1788965854594000000,1788965914591000000,0
MappedFileStorage.totalBytesMapped,1788965854594000000,1788965914591000000,198443008
StreamlinedBlobStorage.recordsDeleted,1788965854594000000,1788965914591000000,0
MappedFileStorage.storages,1788965854594000000,1788965914591000000,15
StorageLockContext.competingThreads.max,1788965854594000000,1788965914591000000,0
FilePageCacheLockFree.totalPagesReclaimed,1788965854594000000,1788965914591000000,0
FilePageCacheLockFree.heapBytesInUse,1788965854594000000,1788965914591000000,0
FilePageCacheLockFree.totalPagesWritten,1788965854594000000,1788965914591000000,0
FilePageCacheLockFree.nativeBytesInUse,1788965854594000000,1788965914591000000,0
FilePageCache.capacityInBytes,1788965854594000000,1788965914591000000,503316478
FilePageCache.totalPageLoadsUs,1788965854594000000,1788965914591000000,0
FilePageCache.uncachedFileAccess,1788965854594000000,1788965914591000000,4
StorageLockContext.competingThreads.90P,1788965854594000000,1788965914591000000,0
FilePageCache.totalPageDisposalsUs,1788965854594000000,1788965914591000000,0
FilePageCache.pageFastCacheHits,1788965854594000000,1788965914591000000,124
FilePageCacheLockFree.totalBytesRead,1788965854594000000,1788965914591000000,0
StorageLockContext.competingThreads.avg,1788965854594000000,1788965914591000000,0.0
DirectByteBufferAllocator.totalSizeOfBuffersCachedInBytes,1788965854594000000,1788965914591000000,0
FilePageCacheLockFree.totalNativeBytesAllocated,1788965854594000000,1788965914591000000,0
StreamlinedBlobStorage.recordsRelocated,1788965854594000000,1788965914591000000,0
DirectByteBufferAllocator.misses,1788965854594000000,1788965914591000000,0
StreamlinedBlobStorage.totalLiveRecordsPayloadBytes,1788965854594000000,1788965914591000000,0
FileChannelInterruptsRetryer.totalRetriedAttempts,1788965854594000000,1788965914591000000,0
FilePageCache.pageLoads,1788965854594000000,1788965914591000000,0
FilePageCacheLockFree.housekeeperTurnsDone,1788965854594000000,1788965914591000000,0
FilePageCacheLockFree.totalPageAllocationsWaited,1788965854594000000,1788965914591000000,0
FilePageCache.maxRegisteredFiles,1788965854594000000,1788965914591000000,555
FilePageCacheLockFree.totalNativeBytesReclaimed,1788965854594000000,1788965914591000000,0
FilePageCacheLockFree.totalPagesAllocated,1788965854594000000,1788965914591000000,0
FilePageCacheLockFree.totalClosedStoragesReclaimed,1788965854594000000,1788965914591000000,0
DirectByteBufferAllocator.disposed,1788965854594000000,1788965914591000000,0
StreamlinedBlobStorage.totalLiveRecordsCapacityBytes,1788965854594000000,1788965914591000000,0
FilePageCacheLockFree.totalPagesRequestsMs,1788965854594000000,1788965914591000000,0
FilePageCache.pageHits,1788965854594000000,1788965914591000000,0
FilePageCacheLockFree.totalPagesHandedOver,1788965854594000000,1788965914591000000,0
FilePageCache.maxCacheSizeInBytes,1788965854594000000,1788965914591000000,233848832
DirectByteBufferAllocator.totalSizeOfBuffersAllocatedInBytes,1788965854594000000,1788965914591000000,233848832
FilePageCacheLockFree.totalBytesWritten,1788965854594000000,1788965914591000000,0
DirectByteBufferAllocator.hits,1788965854594000000,1788965914591000000,0
FilePageCacheLockFree.housekeeperTurnsSkipped,1788965854594000000,1788965914591000000,0
DirectByteBufferAllocator.reclaimed,1788965854594000000,1788965914591000000,0
MappedFileStorage.totalPagesMapped,1788965854594000000,1788965914591000000,15
FilePageCacheLockFree.totalHeapBytesAllocated,1788965854594000000,1788965914591000000,0
FilePageCache.pageLoadsAboveSizeThreshold,1788965854594000000,1788965914591000000,0
workspaceModel.mutableEntityStorage.modify.entity.ms,1788965854594000000,1788965914591000000,0
jps.module.iml.entities.serializer.save.entities.ms,1788965854594000000,1788965914591000000,0
workspaceModel.mutableEntityStorage.mutable.ext.mapping.ms,1788965854594000000,1788965914591000000,0
workspaceModel.mutableEntityStorage.entities.by.source.ms,1788965854594000000,1788965914591000000,0
jps.global.get.library.ms,1788965854594000000,1788965914591000000,0
workspaceModel.mutableEntityStorage.collect.changes.ms,1788965854594000000,1788965914591000000,0
workspaceModel.moduleBridgeLoader.loading.modules.ms,1788965854594000000,1788965914591000000,0
workspaceModel.mutableEntityStorage.replace.by.source.ms,1788965854594000000,1788965914591000000,0
workspaceModel.load.cache.metadata.from.file.ms,1788965854594000000,1788965914591000000,0
jps.save.changed.project.entities.ms,1788965854594000000,1788965914591000000,0
workspaceModel.orphan.listener.update.ms,1788965854594000000,1788965914591000000,0
workspaceModel.global.updates.ms,1788965854594000000,1788965914591000000,0
workspaceModel.moduleManagerBridge.set.unloadedModules.ms,1788965854594000000,1788965914591000000,0
workspaceModel.moduleManagerBridge.newModule.ms,1788965854594000000,1788965914591000000,0
workspaceModel.mutableEntityStorage.remove.entity.ms,1788965854594000000,1788965914591000000,0
jps.global.get.libraries.ms,1788965854594000000,1788965914591000000,0
jps.project.serializers.save.ms,1788965854594000000,1788965914591000000,0
jps.global.handle.before.change.events.ms,1788965854594000000,1788965914591000000,0
jps.facet.change.listener.before.change.events.ms,1788965854594000000,1788965914591000000,0
jps.global.initialize.library.bridges.ms,1788965854594000000,1788965914591000000,0
workspaceModel.delayed.project.synchronizer.sync.ms,1788965854594000000,1788965914591000000,0
workspaceModel.moduleBridge.facet.initialization.ms,1788965854594000000,1788965914591000000,0
jps.load.initial.state.ms,1788965854594000000,1788965914591000000,0
workspaceModel.moduleBridge.update.option.ms,1788965854594000000,1788965914591000000,0
jps.app.storage.content.writer.save.component.ms,1788965854594000000,1788965914591000000,0
workspaceModel.mutableEntityStorage.apply.changes.from.ms,1788965854594000000,1788965914591000000,0
workspaceModel.mutableEntityStorage.entities.ms,1788965854594000000,1788965914591000000,0
jps.artifact.entities.serializer.save.entities.ms,1788965854594000000,1788965914591000000,0
workspaceModel.moduleManagerBridge.build.module.graph.ms,1788965854594000000,1788965914591000000,0
workspaceModel.mutableEntityStorage.has.same.entities.ms,1788965854594000000,1788965914591000000,0
workspaceModel.load.cache.from.file.ms,1788965854594000000,1788965914591000000,0
jps.project.serializers.load.ms,1788965854594000000,1788965914591000000,0
workspaceModel.moduleBridge.before.changed.ms,1788965854594000000,1788965914591000000,0
jps.global.handle.changed.events.ms,1788965854594000000,1788965914591000000,0
workspaceModel.sync.entities.ms,1788965854594000000,1788965914591000000,0
jps.facet.change.listener.process.change.events.ms,1788965854594000000,1788965914591000000,0
workspaceModel.moduleManagerBridge.load.module.ms,1788965854594000000,1788965914591000000,0
workspaceModel.moduleManagerBridge.create.module.instance.ms,1788965854594000000,1788965914591000000,0
workspaceModel.mutableEntityStorage.to.snapshot.ms,1788965854594000000,1788965914591000000,0
jps.app.storage.content.reader.load.component.ms,1788965854594000000,1788965914591000000,0
workspaceModel.moduleManagerBridge.new.nonPersistent.module.ms,1788965854594000000,1788965914591000000,0
jps.artifact.entities.serializer.load.entities.ms,1788965854594000000,1788965914591000000,0
jps.storage.jps.conf.reader.load.component.ms,1788965854594000000,1788965914591000000,0
jps.global.get.library.by.name.ms,1788965854594000000,1788965914591000000,0
workspaceModel.mutableEntityStorage.resolve.ms,1788965854594000000,1788965914591000000,0
workspaceModel.mutableEntityStorage.add.entity.ms,1788965854594000000,1788965914591000000,0
jps.module.iml.entities.serializer.load.entities.ms,1788965854594000000,1788965914591000000,0
workspaceModel.mutableEntityStorage.referrers.ms,1788965854594000000,1788965914591000000,0
workspaceModel.moduleManagerBridge.get.modules.ms,1788965854594000000,1788965914591000000,0
jps.library.entities.serializer.save.entities.ms,1788965854594000000,1788965914591000000,0
workspaceModel.mutableEntityStorage.instances.count,1788965854594000000,1788965914591000000,0
jps.library.entities.serializer.load.entities.ms,1788965854594000000,1788965914591000000,0
jps.apply.loaded.storage.ms,1788965854594000000,1788965914591000000,0
workspaceModel.global.updates.count,1788965854594000000,1788965914591000000,0
jps.reload.project.entities.ms,1788965854594000000,1788965914591000000,0
workspaceModel.global.apply.state.to.project.ms,1788965854594000000,1788965914591000000,0
workspaceModel.mutableEntityStorage.put.entity.ms,1788965854594000000,1788965914591000000,0
workspaceModel.mutableEntityStorage.mutable.vfurl.index.ms,1788965854594000000,1788965914591000000,0
workspaceModel.moduleManagerBridge.load.all.modules.ms,1788965854594000000,1788965914591000000,0
workspaceModel.do.save.caches.ms,1788965854594000000,1788965914591000000,0
jps.facet.change.listener.init.bridge.ms,1788965854594000000,1788965914591000000,0
jps.global.initialize.library.bridges.after.loading.ms,1788965854594000000,1788965914591000000,0
workspaceModel.save.cache.to.file.ms,1788965854594000000,1788965914591000000,0
jps.save.global.entities.ms,1788965854594000000,1788965914591000000,2
workspaceModel.global.apply.state.to.project.builder.ms,1788965854594000000,1788965914591000000,0
jps.load.project.to.empty.storage.ms,1788965854594000000,1788965914591000000,0
writeAction.count,1788965854594000000,1788965914591000000,4
writeAction.median.wait.ms,1788965854594000000,1788965914591000000,0
writeAction.max.wait.ms,1788965854594000000,1788965914591000000,13
writeAction.wait.ms,1788965854594000000,1788965914591000000,1
VFS.fileByIdCache.misses,1788965854594000000,1788965914591000000,0
FileNameCache.totalMisses,1788965854594000000,1788965914591000000,0
FileNameCache.queries,1788965854594000000,1788965914591000000,0
VFS.invertedFileNameIndex.requests,1788965854594000000,1788965914591000000,1
VFS.fileChildByName,1788965854594000000,1788965914591000000,320
VFS.fileByIdCache.hits,1788965854594000000,1788965914591000000,0
Indexes.allKeys.lookupDurationAvgMs,1788965854594000000,1788965914591000000,0.0
Indexes.allKeys.lookupDuration90PMs,1788965854594000000,1788965914591000000,0.0
Indexes.stubs.lookupDuration90PMs,1788965854594000000,1788965914591000000,0.0
IndexesFlusher.totalFlushesRetried,1788965854594000000,1788965914591000000,0
Indexes.stubs.lookupDurationMaxMs,1788965854594000000,1788965914591000000,0.0
IndexesFlusher.totalContentionQuotaSpent,1788965854594000000,1788965914591000000,0
IndexesFlusher.totalFlushes,1788965854594000000,1788965914591000000,59
Indexes.stubs.lookups,1788965854594000000,1788965914591000000,0.0
Indexes.entries.lookupDurationMaxMs,1788965854594000000,1788965914591000000,14.0
IndexesFlusher.totalFlushingTimeUs,1788965854594000000,1788965914591000000,242382
Indexes.allKeys.lookups,1788965854594000000,1788965914591000000,0.0
Indexes.allKeys.lookupDurationMaxMs,1788965854594000000,1788965914591000000,0.0
Indexes.entries.lookupDurationAvgMs,1788965854594000000,1788965914591000000,6.0
Indexes.stubs.lookupDurationAvgMs,1788965854594000000,1788965914591000000,0.0
Indexes.entries.lookups,1788965854594000000,1788965914591000000,3.0
Indexes.entries.lookupDuration90PMs,1788965854594000000,1788965914591000000,14.0
JVM.GC.collections,1788965854594000000,1788965914591000000,15
OS.loadAverage,1788965854594000000,1788965914591000000,2.4814453125
JVM.maxThreadCount,1788965854594000000,1788965914591000000,134
JVM.threadCount,1788965854594000000,1788965914591000000,67
JVM.totalCpuTimeMs,1788965854594000000,1788965914591000000,20685
JVM.GC.collectionTimesMs,1788965854594000000,1788965914591000000,47
JVM.maxHeapBytes,1788965854594000000,1788965914591000000,2147483648
JVM.totalDirectByteBuffersBytes,1788965854594000000,1788965914591000000,234888635
JVM.totalBytesAllocated,1788965854594000000,1788965914591000000,3720873368
JVM.newThreadsCount,1788965854594000000,1788965914591000000,4
JVM.usedNativeBytes,1788965854594000000,1788965914591000000,344130520
JVM.usedHeapBytes,1788965854594000000,1788965914591000000,424293296
workspaceModel.updates.precise.ms,1788965854594000000,1788965914591000000,0
workspaceModel.workspaceFileIndexData.getPackageName.ms,1788965854594000000,1788965914591000000,0
workspaceModel.init.bridges.ms,1788965854594000000,1788965914591000000,0
workspaceModel.cachedValueWithParameters.clear.ms,1788965854594000000,1788965914591000000,0
workspaceModel.cachedValue.clear.ms,1788965854594000000,1788965914591000000,0
workspaceModel.replace.project.model.ms,1788965854594000000,1788965914591000000,0
workspaceModel.workspaceFileIndexData.init.ms,1788965854594000000,1788965914591000000,0
workspaceModel.cachedValueWithParameters.total.get.ms,1788965854594000000,1788965914591000000,0
workspaceModel.check.recursive.update.ms,1788965854594000000,1788965914591000000,0
workspaceModel.cachedValueWithParameters.from.cache.ms,1788965854594000000,1788965914591000000,0
workspaceModel.workspaceFileIndexData.visitFileSets.ms,1788965854594000000,1788965914591000000,0
workspaceModel.updates.ms,1788965854594000000,1788965914591000000,0
workspaceModel.cachedValue.calculated.ms,1788965854594000000,1788965914591000000,0
workspaceModel.workspaceFileIndexData.onEntitiesChanged.ms,1788965854594000000,1788965914591000000,0
workspaceModel.cachedValue.total.get.ms,1788965854594000000,1788965914591000000,0
workspaceModel.updates.count,1788965854594000000,1788965914591000000,0
workspaceModel.workspaceFileIndexContributor.registerFileSets.ms,1788965854594000000,1788965914591000000,0
workspaceModel.loading.from.cache.ms,1788965854594000000,1788965914591000000,0
workspaceModel.workspaceFileIndexData.markDirty.ms,1788965854594000000,1788965914591000000,0
workspaceModel.workspaceFileIndexData.getFileInfo.ms,1788965854594000000,1788965914591000000,3
workspaceModel.cachedValueWithParameters.calculated.ms,1788965854594000000,1788965914591000000,0
workspaceModel.to.snapshot.ms,1788965854594000000,1788965914591000000,0
workspaceModel.workspaceFileIndexData.instances.count,1788965854594000000,1788965914591000000,0
workspaceModel.workspaceFileIndexData.getDirectoriesByPackageName.ms,1788965854594000000,1788965914591000000,0
workspaceModel.collect.changes.ms,1788965854594000000,1788965914591000000,0
workspaceModel.entityStorageSnapshotImpl.instances.count,1788965854594000000,1788965914591000000,0
workspaceModel.workspaceFileIndexData.updateDirtyEntities.ms,1788965854594000000,1788965914591000000,0
workspaceModel.workspaceFileIndexData.processFileSets.ms,1788965854594000000,1788965914591000000,0
workspaceModel.full.replace.project.model.ms,1788965854594000000,1788965914591000000,0
workspaceModel.loading.total.ms,1788965854594000000,1788965914591000000,0
workspaceModel.pre.handlers.ms,1788965854594000000,1788965914591000000,0
workspaceModel.update.unloaded.entities.ms,1788965854594000000,1788965914591000000,0
workspaceModel.initializing.ms,1788965854594000000,1788965914591000000,0
workspaceModel.cachedValue.from.cache.ms,1788965854594000000,1788965914591000000,0
cacheStateStorage.set.counter,1788965854594000000,1788965914591000000,1
cacheStateStorage.get.counter,1788965854594000000,1788965914591000000,1
cacheStateStorage.set.duration,1788965854594000000,1788965914591000000,4
cacheStateStorage.get.duration,1788965854594000000,1788965914591000000,9
AWTEventQueue.dispatchTimeTotalNS,1788965854594000000,1788965914591000000,14368988887
AWTEventQueue.dispatchTimeMaxNs,1788965854594000000,1788965914591000000,1140850687
FlushQueue.waitingTimeAvgNs,1788965854594000000,1788965914591000000,7.797290410598393E9
FlushQueue.tasksExecuted,1788965854594000000,1788965914591000000,996
NonBlockingReadAction.failedExecutionsCount,1788965854594000000,1788965914591000000,0
AWTEventQueue.dispatchTimeAvgNs,1788965854594000000,1788965914591000000,3724204.428090179
ReadAction.executionsCount,1788965854594000000,1788965914591000000,7092
FlushQueue.executionTimeMaxNs,1788965854594000000,1788965914591000000,37486591
FlushQueue.executionTimeAvgNs,1788965854594000000,1788965914591000000,6373944.343373494
FlushQueue.waitingTime90PNs,1788965854594000000,1788965914591000000,23488102399
FlushQueue.executionTime90PNs,1788965854594000000,1788965914591000000,18612223
FlushQueue.queueSizeMax,1788965854594000000,1788965914591000000,683
AWTEventQueue.dispatchTime90PNs,1788965854594000000,1788965914591000000,16646143
NonBlockingReadAction.failedExecutionTimeUs,1788965854594000000,1788965914591000000,0
FlushQueue.waitingTimeMaxNs,1788965854594000000,1788965914591000000,26575110143
NonBlockingReadAction.finalizedExecutionTimeUs,1788965854594000000,1788965914591000000,44822
WriteAction.executionsCount,1788965854594000000,1788965914591000000,4
FlushQueue.queueSize90P,1788965854594000000,1788965914591000000,599
FlushQueue.queueSizeAvg,1788965854594000000,1788965914591000000,214.3132530120482
NonBlockingReadAction.finalizedExecutionsCount,1788965854594000000,1788965914591000000,16
AWTEventQueue.eventsDispatched,1788965854594000000,1788965914591000000,3859
compiler.ArtifactVirtualFileListener.propertyChanged.ms,1788965854594000000,1788965914591000000,0
compiler.ArtifactManagerBridge.dropMappings.ms,1788965854594000000,1788965914591000000,0
compiler.ArtifactManagerBridge.commit.ms,1788965854594000000,1788965914591000000,0
compiler.ArtifactManagerBridge.initBridges.ms,1788965854594000000,1788965914591000000,0
compiler.ArtifactManagerBridge.findArtifact.ms,1788965854594000000,1788965914591000000,0
compiler.ArtifactVirtualFileListener.filePathChanged.ms,1788965854594000000,1788965914591000000,0
compiler.ArtifactManagerBridge.addArtifact.ms,1788965854594000000,1788965914591000000,0
compiler.ArtifactManagerBridge.getArtifacts.ms,1788965854594000000,1788965914591000000,0
compiler.ArtifactManagerBridge.getArtifactsByType.ms,1788965854594000000,1788965914591000000,0
FilePageCacheLockFree.totalPagesRequested,1788965914591000000,1788965946691000000,0
FilePageCacheLockFree.housekeeperTimeSpentMs,1788965914591000000,1788965946691000000,0
FilePageCacheLockFree.totalPagesReadMs,1788965914591000000,1788965946691000000,0
MappedFileStorage.totalTimeSpentOnMappingUs,1788965914591000000,1788965946691000000,42887
FilePageCacheLockFree.totalHeapBytesReclaimed,1788965914591000000,1788965946691000000,0
FilePageCacheLockFree.totalPagesWriteMs,1788965914591000000,1788965946691000000,0
FilePageCache.disposedBuffers,1788965914591000000,1788965946691000000,446
FilePageCacheLockFree.totalBytesRequested,1788965914591000000,1788965946691000000,0
MappedFileStorage.totalBytesMapped,1788965914591000000,1788965946691000000,0
MappedFileStorage.storages,1788965914591000000,1788965946691000000,0
StorageLockContext.competingThreads.max,1788965914591000000,1788965946691000000,6
FilePageCacheLockFree.totalPagesReclaimed,1788965914591000000,1788965946691000000,0
FilePageCacheLockFree.heapBytesInUse,1788965914591000000,1788965946691000000,0
FilePageCacheLockFree.totalPagesWritten,1788965914591000000,1788965946691000000,0
FilePageCacheLockFree.nativeBytesInUse,1788965914591000000,1788965946691000000,0
FilePageCache.capacityInBytes,1788965914591000000,1788965946691000000,503316478
FilePageCache.totalPageLoadsUs,1788965914591000000,1788965946691000000,331549
FilePageCache.uncachedFileAccess,1788965914591000000,1788965946691000000,121
StorageLockContext.competingThreads.90P,1788965914591000000,1788965946691000000,0
FilePageCache.totalPageDisposalsUs,1788965914591000000,1788965946691000000,994
FilePageCache.pageFastCacheHits,1788965914591000000,1788965946691000000,5393
FilePageCacheLockFree.totalBytesRead,1788965914591000000,1788965946691000000,0
StorageLockContext.competingThreads.avg,1788965914591000000,1788965946691000000,0.09523809523809523
DirectByteBufferAllocator.totalSizeOfBuffersCachedInBytes,1788965914591000000,1788965946691000000,41959424
FilePageCacheLockFree.totalNativeBytesAllocated,1788965914591000000,1788965946691000000,0
DirectByteBufferAllocator.misses,1788965914591000000,1788965946691000000,183
FileChannelInterruptsRetryer.totalRetriedAttempts,1788965914591000000,1788965946691000000,0
FilePageCache.pageLoads,1788965914591000000,1788965946691000000,226
FilePageCacheLockFree.housekeeperTurnsDone,1788965914591000000,1788965946691000000,0
FilePageCacheLockFree.totalPageAllocationsWaited,1788965914591000000,1788965946691000000,0
FilePageCache.maxRegisteredFiles,1788965914591000000,1788965946691000000,558
FilePageCacheLockFree.totalNativeBytesReclaimed,1788965914591000000,1788965946691000000,0
FilePageCacheLockFree.totalPagesAllocated,1788965914591000000,1788965946691000000,0
FilePageCacheLockFree.totalClosedStoragesReclaimed,1788965914591000000,1788965946691000000,0
DirectByteBufferAllocator.disposed,1788965914591000000,1788965946691000000,361
FilePageCacheLockFree.totalPagesRequestsMs,1788965914591000000,1788965946691000000,0
FilePageCache.pageHits,1788965914591000000,1788965946691000000,0
FilePageCacheLockFree.totalPagesHandedOver,1788965914591000000,1788965946691000000,0
FilePageCache.maxCacheSizeInBytes,1788965914591000000,1788965946691000000,243286016
DirectByteBufferAllocator.totalSizeOfBuffersAllocatedInBytes,1788965914591000000,1788965946691000000,47202304
FilePageCacheLockFree.totalBytesWritten,1788965914591000000,1788965946691000000,0
DirectByteBufferAllocator.hits,1788965914591000000,1788965946691000000,43
FilePageCacheLockFree.housekeeperTurnsSkipped,1788965914591000000,1788965946691000000,0
DirectByteBufferAllocator.reclaimed,1788965914591000000,1788965946691000000,85
MappedFileStorage.totalPagesMapped,1788965914591000000,1788965946691000000,0
FilePageCacheLockFree.totalHeapBytesAllocated,1788965914591000000,1788965946691000000,0
FilePageCache.pageLoadsAboveSizeThreshold,1788965914591000000,1788965946691000000,0
workspaceModel.mutableEntityStorage.modify.entity.ms,1788965914591000000,1788965946691000000,0
jps.module.iml.entities.serializer.save.entities.ms,1788965914591000000,1788965946691000000,0
workspaceModel.mutableEntityStorage.mutable.ext.mapping.ms,1788965914591000000,1788965946691000000,0
workspaceModel.mutableEntityStorage.entities.by.source.ms,1788965914591000000,1788965946691000000,0
jps.global.get.library.ms,1788965914591000000,1788965946691000000,0
workspaceModel.mutableEntityStorage.collect.changes.ms,1788965914591000000,1788965946691000000,0
workspaceModel.moduleBridgeLoader.loading.modules.ms,1788965914591000000,1788965946691000000,0
workspaceModel.mutableEntityStorage.replace.by.source.ms,1788965914591000000,1788965946691000000,0
workspaceModel.load.cache.metadata.from.file.ms,1788965914591000000,1788965946691000000,0
jps.save.changed.project.entities.ms,1788965914591000000,1788965946691000000,0
workspaceModel.orphan.listener.update.ms,1788965914591000000,1788965946691000000,0
workspaceModel.global.updates.ms,1788965914591000000,1788965946691000000,0
workspaceModel.moduleManagerBridge.set.unloadedModules.ms,1788965914591000000,1788965946691000000,0
workspaceModel.moduleManagerBridge.newModule.ms,1788965914591000000,1788965946691000000,0
workspaceModel.mutableEntityStorage.remove.entity.ms,1788965914591000000,1788965946691000000,0
jps.global.get.libraries.ms,1788965914591000000,1788965946691000000,0
jps.project.serializers.save.ms,1788965914591000000,1788965946691000000,0
jps.global.handle.before.change.events.ms,1788965914591000000,1788965946691000000,0
jps.facet.change.listener.before.change.events.ms,1788965914591000000,1788965946691000000,0
jps.global.initialize.library.bridges.ms,1788965914591000000,1788965946691000000,0
workspaceModel.delayed.project.synchronizer.sync.ms,1788965914591000000,1788965946691000000,0
workspaceModel.moduleBridge.facet.initialization.ms,1788965914591000000,1788965946691000000,0
jps.load.initial.state.ms,1788965914591000000,1788965946691000000,0
workspaceModel.moduleBridge.update.option.ms,1788965914591000000,1788965946691000000,0
jps.app.storage.content.writer.save.component.ms,1788965914591000000,1788965946691000000,1
workspaceModel.mutableEntityStorage.apply.changes.from.ms,1788965914591000000,1788965946691000000,0
workspaceModel.mutableEntityStorage.entities.ms,1788965914591000000,1788965946691000000,0
jps.artifact.entities.serializer.save.entities.ms,1788965914591000000,1788965946691000000,0
workspaceModel.moduleManagerBridge.build.module.graph.ms,1788965914591000000,1788965946691000000,0
workspaceModel.mutableEntityStorage.has.same.entities.ms,1788965914591000000,1788965946691000000,0
workspaceModel.load.cache.from.file.ms,1788965914591000000,1788965946691000000,0
jps.project.serializers.load.ms,1788965914591000000,1788965946691000000,0
workspaceModel.moduleBridge.before.changed.ms,1788965914591000000,1788965946691000000,0
jps.global.handle.changed.events.ms,1788965914591000000,1788965946691000000,0
workspaceModel.sync.entities.ms,1788965914591000000,1788965946691000000,0
jps.facet.change.listener.process.change.events.ms,1788965914591000000,1788965946691000000,0
workspaceModel.moduleManagerBridge.load.module.ms,1788965914591000000,1788965946691000000,0
workspaceModel.moduleManagerBridge.create.module.instance.ms,1788965914591000000,1788965946691000000,0
workspaceModel.mutableEntityStorage.to.snapshot.ms,1788965914591000000,1788965946691000000,0
jps.app.storage.content.reader.load.component.ms,1788965914591000000,1788965946691000000,0
workspaceModel.moduleManagerBridge.new.nonPersistent.module.ms,1788965914591000000,1788965946691000000,0
jps.artifact.entities.serializer.load.entities.ms,1788965914591000000,1788965946691000000,0
jps.storage.jps.conf.reader.load.component.ms,1788965914591000000,1788965946691000000,0
jps.global.get.library.by.name.ms,1788965914591000000,1788965946691000000,0
workspaceModel.mutableEntityStorage.resolve.ms,1788965914591000000,1788965946691000000,0
workspaceModel.mutableEntityStorage.add.entity.ms,1788965914591000000,1788965946691000000,0
jps.module.iml.entities.serializer.load.entities.ms,1788965914591000000,1788965946691000000,0
workspaceModel.mutableEntityStorage.referrers.ms,1788965914591000000,1788965946691000000,0
workspaceModel.moduleManagerBridge.get.modules.ms,1788965914591000000,1788965946691000000,0
jps.library.entities.serializer.save.entities.ms,1788965914591000000,1788965946691000000,0
workspaceModel.mutableEntityStorage.instances.count,1788965914591000000,1788965946691000000,0
jps.library.entities.serializer.load.entities.ms,1788965914591000000,1788965946691000000,0
jps.apply.loaded.storage.ms,1788965914591000000,1788965946691000000,0
workspaceModel.global.updates.count,1788965914591000000,1788965946691000000,0
jps.reload.project.entities.ms,1788965914591000000,1788965946691000000,0
workspaceModel.global.apply.state.to.project.ms,1788965914591000000,1788965946691000000,0
workspaceModel.mutableEntityStorage.put.entity.ms,1788965914591000000,1788965946691000000,0
workspaceModel.mutableEntityStorage.mutable.vfurl.index.ms,1788965914591000000,1788965946691000000,0
workspaceModel.moduleManagerBridge.load.all.modules.ms,1788965914591000000,1788965946691000000,0
workspaceModel.do.save.caches.ms,1788965914591000000,1788965946691000000,0
jps.facet.change.listener.init.bridge.ms,1788965914591000000,1788965946691000000,0
jps.global.initialize.library.bridges.after.loading.ms,1788965914591000000,1788965946691000000,0
workspaceModel.save.cache.to.file.ms,1788965914591000000,1788965946691000000,0
jps.save.global.entities.ms,1788965914591000000,1788965946691000000,1
workspaceModel.global.apply.state.to.project.builder.ms,1788965914591000000,1788965946691000000,0
jps.load.project.to.empty.storage.ms,1788965914591000000,1788965946691000000,0
writeAction.count,1788965914591000000,1788965946691000000,16
writeAction.median.wait.ms,1788965914591000000,1788965946691000000,0
writeAction.max.wait.ms,1788965914591000000,1788965946691000000,13
writeAction.wait.ms,1788965914591000000,1788965946691000000,8
VFS.fileByIdCache.misses,1788965914591000000,1788965946691000000,0
VFS.invertedFileNameIndex.requests,1788965914591000000,1788965946691000000,0
VFS.fileChildByName,1788965914591000000,1788965946691000000,341
VFS.fileByIdCache.hits,1788965914591000000,1788965946691000000,0
Indexes.allKeys.lookupDurationAvgMs,1788965914591000000,1788965946691000000,0.0
Indexes.allKeys.lookupDuration90PMs,1788965914591000000,1788965946691000000,0.0
Indexes.stubs.lookupDuration90PMs,1788965914591000000,1788965946691000000,0.0
Indexes.stubs.lookupDurationMaxMs,1788965914591000000,1788965946691000000,0.0
Indexes.stubs.lookups,1788965914591000000,1788965946691000000,0.0
Indexes.entries.lookupDurationMaxMs,1788965914591000000,1788965946691000000,2.0
Indexes.allKeys.lookups,1788965914591000000,1788965946691000000,0.0
Indexes.allKeys.lookupDurationMaxMs,1788965914591000000,1788965946691000000,0.0
Indexes.entries.lookupDurationAvgMs,1788965914591000000,1788965946691000000,2.0
Indexes.stubs.lookupDurationAvgMs,1788965914591000000,1788965946691000000,0.0
Indexes.entries.lookups,1788965914591000000,1788965946691000000,2.0
Indexes.entries.lookupDuration90PMs,1788965914591000000,1788965946691000000,2.0
JVM.GC.collections,1788965914591000000,1788965946691000000,46
OS.loadAverage,1788965914591000000,1788965946691000000,2.51025390625
JVM.maxThreadCount,1788965914591000000,1788965946691000000,134
JVM.threadCount,1788965914591000000,1788965946691000000,88
JVM.totalCpuTimeMs,1788965914591000000,1788965946691000000,26409
JVM.GC.collectionTimesMs,1788965914591000000,1788965946691000000,1814
JVM.maxHeapBytes,1788965914591000000,1788965946691000000,2147483648
JVM.totalDirectByteBuffersBytes,1788965914591000000,1788965946691000000,48333454
JVM.totalBytesAllocated,1788965914591000000,1788965946691000000,15353805704
JVM.newThreadsCount,1788965914591000000,1788965946691000000,26
JVM.usedNativeBytes,1788965914591000000,1788965946691000000,353192144
JVM.usedHeapBytes,1788965914591000000,1788965946691000000,186007352
workspaceModel.updates.precise.ms,1788965914591000000,1788965946691000000,0
workspaceModel.workspaceFileIndexData.getPackageName.ms,1788965914591000000,1788965946691000000,0
workspaceModel.init.bridges.ms,1788965914591000000,1788965946691000000,0
workspaceModel.cachedValueWithParameters.clear.ms,1788965914591000000,1788965946691000000,0
workspaceModel.cachedValue.clear.ms,1788965914591000000,1788965946691000000,0
workspaceModel.replace.project.model.ms,1788965914591000000,1788965946691000000,0
workspaceModel.workspaceFileIndexData.init.ms,1788965914591000000,1788965946691000000,0
workspaceModel.cachedValueWithParameters.total.get.ms,1788965914591000000,1788965946691000000,0
workspaceModel.check.recursive.update.ms,1788965914591000000,1788965946691000000,0
workspaceModel.cachedValueWithParameters.from.cache.ms,1788965914591000000,1788965946691000000,0
workspaceModel.workspaceFileIndexData.visitFileSets.ms,1788965914591000000,1788965946691000000,0
workspaceModel.updates.ms,1788965914591000000,1788965946691000000,0
workspaceModel.cachedValue.calculated.ms,1788965914591000000,1788965946691000000,0
workspaceModel.workspaceFileIndexData.onEntitiesChanged.ms,1788965914591000000,1788965946691000000,0
workspaceModel.cachedValue.total.get.ms,1788965914591000000,1788965946691000000,0
workspaceModel.updates.count,1788965914591000000,1788965946691000000,0
workspaceModel.workspaceFileIndexContributor.registerFileSets.ms,1788965914591000000,1788965946691000000,0
workspaceModel.loading.from.cache.ms,1788965914591000000,1788965946691000000,0
workspaceModel.workspaceFileIndexData.markDirty.ms,1788965914591000000,1788965946691000000,0
workspaceModel.workspaceFileIndexData.getFileInfo.ms,1788965914591000000,1788965946691000000,14
workspaceModel.cachedValueWithParameters.calculated.ms,1788965914591000000,1788965946691000000,0
workspaceModel.to.snapshot.ms,1788965914591000000,1788965946691000000,0
workspaceModel.workspaceFileIndexData.instances.count,1788965914591000000,1788965946691000000,0
workspaceModel.workspaceFileIndexData.getDirectoriesByPackageName.ms,1788965914591000000,1788965946691000000,0
workspaceModel.collect.changes.ms,1788965914591000000,1788965946691000000,0
workspaceModel.entityStorageSnapshotImpl.instances.count,1788965914591000000,1788965946691000000,0
workspaceModel.workspaceFileIndexData.updateDirtyEntities.ms,1788965914591000000,1788965946691000000,0
workspaceModel.workspaceFileIndexData.processFileSets.ms,1788965914591000000,1788965946691000000,0
workspaceModel.full.replace.project.model.ms,1788965914591000000,1788965946691000000,0
workspaceModel.loading.total.ms,1788965914591000000,1788965946691000000,0
workspaceModel.pre.handlers.ms,1788965914591000000,1788965946691000000,0
workspaceModel.update.unloaded.entities.ms,1788965914591000000,1788965946691000000,0
workspaceModel.initializing.ms,1788965914591000000,1788965946691000000,0
workspaceModel.cachedValue.from.cache.ms,1788965914591000000,1788965946691000000,0
cacheStateStorage.set.counter,1788965914591000000,1788965946691000000,2
cacheStateStorage.get.counter,1788965914591000000,1788965946691000000,3
cacheStateStorage.set.duration,1788965914591000000,1788965946691000000,1
cacheStateStorage.get.duration,1788965914591000000,1788965946691000000,21
AWTEventQueue.dispatchTimeTotalNS,1788965914591000000,1788965946691000000,6098150051
AWTEventQueue.dispatchTimeMaxNs,1788965914591000000,1788965946691000000,5301600255
FlushQueue.waitingTimeAvgNs,1788965914591000000,1788965946691000000,1.2962823552742615E8
FlushQueue.tasksExecuted,1788965914591000000,1788965946691000000,711
NonBlockingReadAction.failedExecutionsCount,1788965914591000000,1788965946691000000,0
AWTEventQueue.dispatchTimeAvgNs,1788965914591000000,1788965946691000000,1.1211311970642202E7
ReadAction.executionsCount,1788965914591000000,1788965946691000000,6046
FlushQueue.executionTimeMaxNs,1788965914591000000,1788965946691000000,6006243327
FlushQueue.executionTimeAvgNs,1788965914591000000,1788965946691000000,8650684.912798874
FlushQueue.waitingTime90PNs,1788965914591000000,1788965946691000000,72351743
FlushQueue.executionTime90PNs,1788965914591000000,1788965946691000000,185343
FlushQueue.queueSizeMax,1788965914591000000,1788965946691000000,65
AWTEventQueue.dispatchTime90PNs,1788965914591000000,1788965946691000000,1212415
NonBlockingReadAction.failedExecutionTimeUs,1788965914591000000,1788965946691000000,0
FlushQueue.waitingTimeMaxNs,1788965914591000000,1788965946691000000,5268045823
NonBlockingReadAction.finalizedExecutionTimeUs,1788965914591000000,1788965946691000000,67149
WriteAction.executionsCount,1788965914591000000,1788965946691000000,16
FlushQueue.queueSize90P,1788965914591000000,1788965946691000000,24
FlushQueue.queueSizeAvg,1788965914591000000,1788965946691000000,7.1786216596343175
NonBlockingReadAction.finalizedExecutionsCount,1788965914591000000,1788965946691000000,9
AWTEventQueue.eventsDispatched,1788965914591000000,1788965946691000000,545
compiler.ArtifactVirtualFileListener.propertyChanged.ms,1788965914591000000,1788965946691000000,0
compiler.ArtifactManagerBridge.dropMappings.ms,1788965914591000000,1788965946691000000,0
compiler.ArtifactManagerBridge.commit.ms,1788965914591000000,1788965946691000000,0
compiler.ArtifactManagerBridge.initBridges.ms,1788965914591000000,1788965946691000000,0
compiler.ArtifactManagerBridge.findArtifact.ms,1788965914591000000,1788965946691000000,0
compiler.ArtifactVirtualFileListener.filePathChanged.ms,1788965914591000000,1788965946691000000,0
compiler.ArtifactManagerBridge.addArtifact.ms,1788965914591000000,1788965946691000000,0
compiler.ArtifactManagerBridge.getArtifacts.ms,1788965914591000000,1788965946691000000,0
compiler.ArtifactManagerBridge.getArtifactsByType.ms,1788965914591000000,1788965946691000000,0
