# OpenTelemetry Metrics report: .csv, 4 fields: 
# <metric name>, <period start, nanoseconds>, <period end, nanoseconds>, <metric value>
# See CsvMetricsExporter for details.
# 
# NAME, PERIOD_START_NANOS, PERIOD_END_NANOS, VALUE
JVM.totalBytesAllocated,1789084677224000000,1789084737234000000,1248736608
JVM.newThreadsCount,1789084677224000000,1789084737234000000,366
JVM.usedHeapBytes,1789084677224000000,1789084737234000000,201973248
OS.loadAverage,1789084677224000000,1789084737234000000,2.74658203125
JVM.maxHeapBytes,1789084677224000000,1789084737234000000,2147483648
JVM.totalCpuTimeMs,1789084677224000000,1789084737234000000,55810
JVM.maxThreadCount,1789084677224000000,1789084737234000000,165
JVM.GC.collectionTimesMs,1789084677224000000,1789084737234000000,163
JVM.totalDirectByteBuffersBytes,1789084677224000000,1789084737234000000,234673471
JVM.usedNativeBytes,1789084677224000000,1789084737234000000,276162568
JVM.GC.collections,1789084677224000000,1789084737234000000,21
JVM.threadCount,1789084677224000000,1789084737234000000,162
FilePageCacheLockFree.totalPagesReclaimed,1789084677224000000,1789084737234000000,0
MappedFileStorage.totalPagesMapped,1789084677224000000,1789084737234000000,15
FilePageCacheLockFree.totalPagesHandedOver,1789084677224000000,1789084737234000000,0
FilePageCache.uncachedFileAccess,1789084677224000000,1789084737234000000,118
FilePageCacheLockFree.totalPagesWritten,1789084677224000000,1789084737234000000,0
StreamlinedBlobStorage.totalLiveRecordsCapacityBytes,1789084677224000000,1789084737234000000,213198
FilePageCacheLockFree.totalBytesRequested,1789084677224000000,1789084737234000000,0
FilePageCacheLockFree.totalBytesWritten,1789084677224000000,1789084737234000000,0
FilePageCache.pageHits,1789084677224000000,1789084737234000000,0
StorageLockContext.competingThreads.avg,1789084677224000000,1789084737234000000,0.10084033613445378
FilePageCache.maxRegisteredFiles,1789084677224000000,1789084737234000000,555
FilePageCache.capacityInBytes,1789084677224000000,1789084737234000000,503316478
FilePageCache.totalPageLoadsUs,1789084677224000000,1789084737234000000,422171
StreamlinedBlobStorage.totalLiveRecordsPayloadBytes,1789084677224000000,1789084737234000000,69867
FilePageCache.totalPageDisposalsUs,1789084677224000000,1789084737234000000,2466
StorageLockContext.competingThreads.max,1789084677224000000,1789084737234000000,12
StorageLockContext.competingThreads.90P,1789084677224000000,1789084737234000000,0
FilePageCacheLockFree.totalNativeBytesAllocated,1789084677224000000,1789084737234000000,0
FilePageCacheLockFree.totalNativeBytesReclaimed,1789084677224000000,1789084737234000000,0
FilePageCacheLockFree.totalPagesRequestsMs,1789084677224000000,1789084737234000000,0
FilePageCacheLockFree.heapBytesInUse,1789084677224000000,1789084737234000000,0
FilePageCacheLockFree.nativeBytesInUse,1789084677224000000,1789084737234000000,0
FilePageCacheLockFree.housekeeperTurnsSkipped,1789084677224000000,1789084737234000000,0
FilePageCacheLockFree.totalClosedStoragesReclaimed,1789084677224000000,1789084737234000000,0
FileChannelInterruptsRetryer.totalRetriedAttempts,1789084677224000000,1789084737234000000,0
FilePageCache.disposedBuffers,1789084677224000000,1789084737234000000,3
DirectByteBufferAllocator.hits,1789084677224000000,1789084737234000000,3
DirectByteBufferAllocator.totalSizeOfBuffersAllocatedInBytes,1789084677224000000,1789084737234000000,231751680
FilePageCacheLockFree.housekeeperTimeSpentMs,1789084677224000000,1789084737234000000,0
MappedFileStorage.totalTimeSpentOnMappingUs,1789084677224000000,1789084737234000000,9841
FilePageCacheLockFree.housekeeperTurnsDone,1789084677224000000,1789084737234000000,0
MappedFileStorage.totalBytesMapped,1789084677224000000,1789084737234000000,198443008
DirectByteBufferAllocator.misses,1789084677224000000,1789084737234000000,223
MappedFileStorage.storages,1789084677224000000,1789084737234000000,15
StreamlinedBlobStorage.recordsRelocated,1789084677224000000,1789084737234000000,0
StreamlinedBlobStorage.recordsDeleted,1789084677224000000,1789084737234000000,19
FilePageCache.pageLoads,1789084677224000000,1789084737234000000,226
FilePageCache.pageFastCacheHits,1789084677224000000,1789084737234000000,4438
FilePageCacheLockFree.totalPageAllocationsWaited,1789084677224000000,1789084737234000000,0
FilePageCache.maxCacheSizeInBytes,1789084677224000000,1789084737234000000,231751680
FilePageCacheLockFree.totalBytesRead,1789084677224000000,1789084737234000000,0
DirectByteBufferAllocator.disposed,1789084677224000000,1789084737234000000,0
FilePageCacheLockFree.totalPagesWriteMs,1789084677224000000,1789084737234000000,0
FilePageCache.pageLoadsAboveSizeThreshold,1789084677224000000,1789084737234000000,0
FilePageCacheLockFree.totalPagesReadMs,1789084677224000000,1789084737234000000,0
FilePageCacheLockFree.totalHeapBytesReclaimed,1789084677224000000,1789084737234000000,0
FilePageCacheLockFree.totalPagesAllocated,1789084677224000000,1789084737234000000,0
FilePageCacheLockFree.totalPagesRequested,1789084677224000000,1789084737234000000,0
DirectByteBufferAllocator.reclaimed,1789084677224000000,1789084737234000000,3
FilePageCacheLockFree.totalHeapBytesAllocated,1789084677224000000,1789084737234000000,0
DirectByteBufferAllocator.totalSizeOfBuffersCachedInBytes,1789084677224000000,1789084737234000000,0
StreamlinedBlobStorage.recordsAllocated,1789084677224000000,1789084737234000000,2667
workspaceModel.moduleManagerBridge.load.module.ms,1789084677224000000,1789084737234000000,0
workspaceModel.moduleManagerBridge.build.module.graph.ms,1789084677224000000,1789084737234000000,1
workspaceModel.moduleManagerBridge.set.unloadedModules.ms,1789084677224000000,1789084737234000000,0
workspaceModel.mutableEntityStorage.has.same.entities.ms,1789084677224000000,1789084737234000000,0
jps.reload.project.entities.ms,1789084677224000000,1789084737234000000,0
workspaceModel.global.updates.ms,1789084677224000000,1789084737234000000,0
jps.global.initialize.library.bridges.after.loading.ms,1789084677224000000,1789084737234000000,1
workspaceModel.mutableEntityStorage.to.snapshot.ms,1789084677224000000,1789084737234000000,2
jps.save.global.entities.ms,1789084677224000000,1789084737234000000,0
workspaceModel.mutableEntityStorage.referrers.ms,1789084677224000000,1789084737234000000,0
jps.save.changed.project.entities.ms,1789084677224000000,1789084737234000000,0
jps.facet.change.listener.before.change.events.ms,1789084677224000000,1789084737234000000,0
workspaceModel.mutableEntityStorage.collect.changes.ms,1789084677224000000,1789084737234000000,0
jps.artifact.entities.serializer.save.entities.ms,1789084677224000000,1789084737234000000,0
workspaceModel.global.apply.state.to.project.builder.ms,1789084677224000000,1789084737234000000,0
jps.apply.loaded.storage.ms,1789084677224000000,1789084737234000000,19
jps.global.get.libraries.ms,1789084677224000000,1789084737234000000,1
workspaceModel.moduleBridge.before.changed.ms,1789084677224000000,1789084737234000000,0
workspaceModel.moduleManagerBridge.newModule.ms,1789084677224000000,1789084737234000000,0
workspaceModel.mutableEntityStorage.replace.by.source.ms,1789084677224000000,1789084737234000000,9
workspaceModel.orphan.listener.update.ms,1789084677224000000,1789084737234000000,2
workspaceModel.mutableEntityStorage.entities.ms,1789084677224000000,1789084737234000000,1
workspaceModel.moduleManagerBridge.get.modules.ms,1789084677224000000,1789084737234000000,0
workspaceModel.mutableEntityStorage.mutable.vfurl.index.ms,1789084677224000000,1789084737234000000,0
workspaceModel.mutableEntityStorage.mutable.ext.mapping.ms,1789084677224000000,1789084737234000000,3
workspaceModel.delayed.project.synchronizer.sync.ms,1789084677224000000,1789084737234000000,82
jps.app.storage.content.reader.load.component.ms,1789084677224000000,1789084737234000000,1
workspaceModel.do.save.caches.ms,1789084677224000000,1789084737234000000,53
jps.artifact.entities.serializer.load.entities.ms,1789084677224000000,1789084737234000000,0
workspaceModel.load.cache.metadata.from.file.ms,1789084677224000000,1789084737234000000,21
workspaceModel.moduleBridge.facet.initialization.ms,1789084677224000000,1789084737234000000,1
workspaceModel.mutableEntityStorage.add.entity.ms,1789084677224000000,1789084737234000000,11
jps.facet.change.listener.process.change.events.ms,1789084677224000000,1789084737234000000,0
workspaceModel.mutableEntityStorage.apply.changes.from.ms,1789084677224000000,1789084737234000000,6
workspaceModel.mutableEntityStorage.remove.entity.ms,1789084677224000000,1789084737234000000,0
workspaceModel.mutableEntityStorage.entities.by.source.ms,1789084677224000000,1789084737234000000,0
workspaceModel.global.apply.state.to.project.ms,1789084677224000000,1789084737234000000,43
workspaceModel.moduleBridge.update.option.ms,1789084677224000000,1789084737234000000,0
jps.library.entities.serializer.save.entities.ms,1789084677224000000,1789084737234000000,0
jps.global.initialize.library.bridges.ms,1789084677224000000,1789084737234000000,0
jps.module.iml.entities.serializer.save.entities.ms,1789084677224000000,1789084737234000000,0
jps.global.get.library.by.name.ms,1789084677224000000,1789084737234000000,0
workspaceModel.moduleManagerBridge.new.nonPersistent.module.ms,1789084677224000000,1789084737234000000,0
workspaceModel.sync.entities.ms,1789084677224000000,1789084737234000000,0
workspaceModel.load.cache.from.file.ms,1789084677224000000,1789084737234000000,213
jps.project.serializers.load.ms,1789084677224000000,1789084737234000000,30
jps.global.handle.changed.events.ms,1789084677224000000,1789084737234000000,0
workspaceModel.global.updates.count,1789084677224000000,1789084737234000000,0
workspaceModel.mutableEntityStorage.instances.count,1789084677224000000,1789084737234000000,21
workspaceModel.mutableEntityStorage.put.entity.ms,1789084677224000000,1789084737234000000,3
jps.project.serializers.save.ms,1789084677224000000,1789084737234000000,0
jps.global.handle.before.change.events.ms,1789084677224000000,1789084737234000000,0
workspaceModel.mutableEntityStorage.modify.entity.ms,1789084677224000000,1789084737234000000,1
workspaceModel.save.cache.to.file.ms,1789084677224000000,1789084737234000000,42
workspaceModel.moduleManagerBridge.create.module.instance.ms,1789084677224000000,1789084737234000000,0
workspaceModel.moduleBridgeLoader.loading.modules.ms,1789084677224000000,1789084737234000000,609
jps.library.entities.serializer.load.entities.ms,1789084677224000000,1789084737234000000,1
jps.load.initial.state.ms,1789084677224000000,1789084737234000000,27
jps.facet.change.listener.init.bridge.ms,1789084677224000000,1789084737234000000,0
jps.load.project.to.empty.storage.ms,1789084677224000000,1789084737234000000,61
jps.global.get.library.ms,1789084677224000000,1789084737234000000,0
workspaceModel.mutableEntityStorage.resolve.ms,1789084677224000000,1789084737234000000,0
workspaceModel.moduleManagerBridge.load.all.modules.ms,1789084677224000000,1789084737234000000,152
jps.module.iml.entities.serializer.load.entities.ms,1789084677224000000,1789084737234000000,15
jps.storage.jps.conf.reader.load.component.ms,1789084677224000000,1789084737234000000,6
compiler.ArtifactManagerBridge.getArtifacts.ms,1789084677224000000,1789084737234000000,0
compiler.ArtifactManagerBridge.initBridges.ms,1789084677224000000,1789084737234000000,1
compiler.ArtifactManagerBridge.getArtifactsByType.ms,1789084677224000000,1789084737234000000,2
compiler.ArtifactManagerBridge.findArtifact.ms,1789084677224000000,1789084737234000000,0
compiler.ArtifactManagerBridge.commit.ms,1789084677224000000,1789084737234000000,0
compiler.ArtifactManagerBridge.dropMappings.ms,1789084677224000000,1789084737234000000,0
compiler.ArtifactVirtualFileListener.filePathChanged.ms,1789084677224000000,1789084737234000000,0
compiler.ArtifactManagerBridge.addArtifact.ms,1789084677224000000,1789084737234000000,0
compiler.ArtifactVirtualFileListener.propertyChanged.ms,1789084677224000000,1789084737234000000,0
cacheStateStorage.get.counter,1789084677224000000,1789084737234000000,23
cacheStateStorage.get.duration,1789084677224000000,1789084737234000000,250
cacheStateStorage.set.duration,1789084677224000000,1789084737234000000,10
cacheStateStorage.set.counter,1789084677224000000,1789084737234000000,3
writeAction.count,1789084677224000000,1789084737234000000,7
writeAction.wait.ms,1789084677224000000,1789084737234000000,35
writeAction.median.wait.ms,1789084677224000000,1789084737234000000,0
writeAction.max.wait.ms,1789084677224000000,1789084737234000000,14
Indexes.allKeys.lookupDurationMaxMs,1789084677224000000,1789084737234000000,0.0
Indexes.entries.lookupDuration90PMs,1789084677224000000,1789084737234000000,10.0
Indexes.allKeys.lookups,1789084677224000000,1789084737234000000,0.0
Indexes.stubs.lookupDurationAvgMs,1789084677224000000,1789084737234000000,0.0
IndexesFlusher.totalFlushingTimeUs,1789084677224000000,1789084737234000000,503724
Indexes.entries.lookupDurationAvgMs,1789084677224000000,1789084737234000000,8.714285714285714
IndexesFlusher.totalFlushes,1789084677224000000,1789084737234000000,61
Indexes.stubs.lookups,1789084677224000000,1789084737234000000,0.0
IndexesFlusher.totalContentionQuotaSpent,1789084677224000000,1789084737234000000,90
Indexes.stubs.lookupDurationMaxMs,1789084677224000000,1789084737234000000,0.0
Indexes.entries.lookupDurationMaxMs,1789084677224000000,1789084737234000000,10.0
Indexes.allKeys.lookupDuration90PMs,1789084677224000000,1789084737234000000,0.0
Indexes.stubs.lookupDuration90PMs,1789084677224000000,1789084737234000000,0.0
IndexesFlusher.totalFlushesRetried,1789084677224000000,1789084737234000000,3
Indexes.entries.lookups,1789084677224000000,1789084737234000000,7.0
Indexes.allKeys.lookupDurationAvgMs,1789084677224000000,1789084737234000000,0.0
VFS.fileByIdCache.misses,1789084677224000000,1789084737234000000,22
VFS.fileByIdCache.hits,1789084677224000000,1789084737234000000,0
FileNameCache.totalMisses,1789084677224000000,1789084737234000000,0
VFS.invertedFileNameIndex.requests,1789084677224000000,1789084737234000000,0
VFS.fileChildByName,1789084677224000000,1789084737234000000,719
FileNameCache.queries,1789084677224000000,1789084737234000000,0
workspaceModel.entityStorageSnapshotImpl.instances.count,1789084677224000000,1789084737234000000,14
workspaceModel.cachedValueWithParameters.calculated.ms,1789084677224000000,1789084737234000000,0
workspaceModel.workspaceFileIndexData.visitFileSets.ms,1789084677224000000,1789084737234000000,6
workspaceModel.workspaceFileIndexData.processFileSets.ms,1789084677224000000,1789084737234000000,0
workspaceModel.pre.handlers.ms,1789084677224000000,1789084737234000000,1
workspaceModel.loading.total.ms,1789084677224000000,1789084737234000000,246
workspaceModel.cachedValue.clear.ms,1789084677224000000,1789084737234000000,0
workspaceModel.full.replace.project.model.ms,1789084677224000000,1789084737234000000,6
workspaceModel.collect.changes.ms,1789084677224000000,1789084737234000000,0
workspaceModel.updates.count,1789084677224000000,1789084737234000000,2
workspaceModel.workspaceFileIndexData.updateDirtyEntities.ms,1789084677224000000,1789084737234000000,0
workspaceModel.workspaceFileIndexContributor.registerFileSets.ms,1789084677224000000,1789084737234000000,85
workspaceModel.cachedValueWithParameters.total.get.ms,1789084677224000000,1789084737234000000,0
workspaceModel.workspaceFileIndexData.instances.count,1789084677224000000,1789084737234000000,1
workspaceModel.workspaceFileIndexData.markDirty.ms,1789084677224000000,1789084737234000000,0
workspaceModel.check.recursive.update.ms,1789084677224000000,1789084737234000000,0
workspaceModel.workspaceFileIndexData.getDirectoriesByPackageName.ms,1789084677224000000,1789084737234000000,2
workspaceModel.init.bridges.ms,1789084677224000000,1789084737234000000,3
workspaceModel.updates.ms,1789084677224000000,1789084737234000000,54
workspaceModel.to.snapshot.ms,1789084677224000000,1789084737234000000,0
workspaceModel.updates.precise.ms,1789084677224000000,1789084737234000000,12
workspaceModel.cachedValueWithParameters.clear.ms,1789084677224000000,1789084737234000000,0
workspaceModel.workspaceFileIndexData.onEntitiesChanged.ms,1789084677224000000,1789084737234000000,0
workspaceModel.workspaceFileIndexData.getFileInfo.ms,1789084677224000000,1789084737234000000,63
workspaceModel.initializing.ms,1789084677224000000,1789084737234000000,3
workspaceModel.replace.project.model.ms,1789084677224000000,1789084737234000000,0
workspaceModel.cachedValue.from.cache.ms,1789084677224000000,1789084737234000000,0
workspaceModel.cachedValue.calculated.ms,1789084677224000000,1789084737234000000,9
workspaceModel.cachedValueWithParameters.from.cache.ms,1789084677224000000,1789084737234000000,0
workspaceModel.loading.from.cache.ms,1789084677224000000,1789084737234000000,221
workspaceModel.workspaceFileIndexData.getPackageName.ms,1789084677224000000,1789084737234000000,0
workspaceModel.update.unloaded.entities.ms,1789084677224000000,1789084737234000000,0
workspaceModel.cachedValue.total.get.ms,1789084677224000000,1789084737234000000,9
workspaceModel.workspaceFileIndexData.init.ms,1789084677224000000,1789084737234000000,46
AWTEventQueue.dispatchTimeMaxNs,1789084677224000000,1789084737234000000,624951295
AWTEventQueue.dispatchTime90PNs,1789084677224000000,1789084737234000000,350207
FlushQueue.queueSizeAvg,1789084677224000000,1789084737234000000,16.79032258064516
ReadAction.executionsCount,1789084677224000000,1789084737234000000,11091
FlushQueue.executionTime90PNs,1789084677224000000,1789084737234000000,970751
FlushQueue.tasksExecuted,1789084677224000000,1789084737234000000,1364
AWTEventQueue.eventsDispatched,1789084677224000000,1789084737234000000,9199
FlushQueue.waitingTimeMaxNs,1789084677224000000,1789084737234000000,1367343103
FlushQueue.executionTimeAvgNs,1789084677224000000,1789084737234000000,2421510.0791788856
FlushQueue.waitingTimeAvgNs,1789084677224000000,1789084737234000000,1.39949354914956E8
FlushQueue.executionTimeMaxNs,1789084677224000000,1789084737234000000,620756991
NonBlockingReadAction.finalizedExecutionsCount,1789084677224000000,1789084737234000000,24
NonBlockingReadAction.finalizedExecutionTimeUs,1789084677224000000,1789084737234000000,685718
AWTEventQueue.dispatchTimeAvgNs,1789084677224000000,1789084737234000000,795407.3512338297
NonBlockingReadAction.failedExecutionsCount,1789084677224000000,1789084737234000000,0
FlushQueue.queueSizeMax,1789084677224000000,1789084737234000000,81
FlushQueue.queueSize90P,1789084677224000000,1789084737234000000,58
AWTEventQueue.dispatchTimeTotalNS,1789084677224000000,1789084737234000000,7314956718
FlushQueue.waitingTime90PNs,1789084677224000000,1789084737234000000,440401919
WriteAction.executionsCount,1789084677224000000,1789084737234000000,7
NonBlockingReadAction.failedExecutionTimeUs,1789084677224000000,1789084737234000000,0
JVM.totalBytesAllocated,1789084737234000000,1789084797234000000,129211752
JVM.newThreadsCount,1789084737234000000,1789084797234000000,79
JVM.usedHeapBytes,1789084737234000000,1789084797234000000,344579584
OS.loadAverage,1789084737234000000,1789084797234000000,2.9306640625
JVM.maxHeapBytes,1789084737234000000,1789084797234000000,2147483648
JVM.totalCpuTimeMs,1789084737234000000,1789084797234000000,10609
JVM.maxThreadCount,1789084737234000000,1789084797234000000,165
JVM.GC.collectionTimesMs,1789084737234000000,1789084797234000000,0
JVM.totalDirectByteBuffersBytes,1789084737234000000,1789084797234000000,233495046
JVM.usedNativeBytes,1789084737234000000,1789084797234000000,295202384
JVM.GC.collections,1789084737234000000,1789084797234000000,0
JVM.threadCount,1789084737234000000,1789084797234000000,59
FilePageCacheLockFree.totalPagesReclaimed,1789084737234000000,1789084797234000000,0
MappedFileStorage.totalPagesMapped,1789084737234000000,1789084797234000000,15
FilePageCacheLockFree.totalPagesHandedOver,1789084737234000000,1789084797234000000,0
FilePageCache.uncachedFileAccess,1789084737234000000,1789084797234000000,0
FilePageCacheLockFree.totalPagesWritten,1789084737234000000,1789084797234000000,0
StreamlinedBlobStorage.totalLiveRecordsCapacityBytes,1789084737234000000,1789084797234000000,0
FilePageCacheLockFree.totalBytesRequested,1789084737234000000,1789084797234000000,0
FilePageCacheLockFree.totalBytesWritten,1789084737234000000,1789084797234000000,0
FilePageCache.pageHits,1789084737234000000,1789084797234000000,0
StorageLockContext.competingThreads.avg,1789084737234000000,1789084797234000000,0.0
FilePageCache.maxRegisteredFiles,1789084737234000000,1789084797234000000,555
FilePageCache.capacityInBytes,1789084737234000000,1789084797234000000,503316478
FilePageCache.totalPageLoadsUs,1789084737234000000,1789084797234000000,0
StreamlinedBlobStorage.totalLiveRecordsPayloadBytes,1789084737234000000,1789084797234000000,0
FilePageCache.totalPageDisposalsUs,1789084737234000000,1789084797234000000,0
StorageLockContext.competingThreads.max,1789084737234000000,1789084797234000000,0
StorageLockContext.competingThreads.90P,1789084737234000000,1789084797234000000,0
FilePageCacheLockFree.totalNativeBytesAllocated,1789084737234000000,1789084797234000000,0
FilePageCacheLockFree.totalNativeBytesReclaimed,1789084737234000000,1789084797234000000,0
FilePageCacheLockFree.totalPagesRequestsMs,1789084737234000000,1789084797234000000,0
FilePageCacheLockFree.heapBytesInUse,1789084737234000000,1789084797234000000,0
FilePageCacheLockFree.nativeBytesInUse,1789084737234000000,1789084797234000000,0
FilePageCacheLockFree.housekeeperTurnsSkipped,1789084737234000000,1789084797234000000,0
FilePageCacheLockFree.totalClosedStoragesReclaimed,1789084737234000000,1789084797234000000,0
FileChannelInterruptsRetryer.totalRetriedAttempts,1789084737234000000,1789084797234000000,0
FilePageCache.disposedBuffers,1789084737234000000,1789084797234000000,0
DirectByteBufferAllocator.hits,1789084737234000000,1789084797234000000,0
DirectByteBufferAllocator.totalSizeOfBuffersAllocatedInBytes,1789084737234000000,1789084797234000000,231751680
FilePageCacheLockFree.housekeeperTimeSpentMs,1789084737234000000,1789084797234000000,0
MappedFileStorage.totalTimeSpentOnMappingUs,1789084737234000000,1789084797234000000,9841
FilePageCacheLockFree.housekeeperTurnsDone,1789084737234000000,1789084797234000000,0
MappedFileStorage.totalBytesMapped,1789084737234000000,1789084797234000000,198443008
DirectByteBufferAllocator.misses,1789084737234000000,1789084797234000000,0
MappedFileStorage.storages,1789084737234000000,1789084797234000000,15
StreamlinedBlobStorage.recordsRelocated,1789084737234000000,1789084797234000000,0
StreamlinedBlobStorage.recordsDeleted,1789084737234000000,1789084797234000000,0
FilePageCache.pageLoads,1789084737234000000,1789084797234000000,0
FilePageCache.pageFastCacheHits,1789084737234000000,1789084797234000000,35
FilePageCacheLockFree.totalPageAllocationsWaited,1789084737234000000,1789084797234000000,0
FilePageCache.maxCacheSizeInBytes,1789084737234000000,1789084797234000000,231751680
FilePageCacheLockFree.totalBytesRead,1789084737234000000,1789084797234000000,0
DirectByteBufferAllocator.disposed,1789084737234000000,1789084797234000000,0
FilePageCacheLockFree.totalPagesWriteMs,1789084737234000000,1789084797234000000,0
FilePageCache.pageLoadsAboveSizeThreshold,1789084737234000000,1789084797234000000,0
FilePageCacheLockFree.totalPagesReadMs,1789084737234000000,1789084797234000000,0
FilePageCacheLockFree.totalHeapBytesReclaimed,1789084737234000000,1789084797234000000,0
FilePageCacheLockFree.totalPagesAllocated,1789084737234000000,1789084797234000000,0
FilePageCacheLockFree.totalPagesRequested,1789084737234000000,1789084797234000000,0
DirectByteBufferAllocator.reclaimed,1789084737234000000,1789084797234000000,0
FilePageCacheLockFree.totalHeapBytesAllocated,1789084737234000000,1789084797234000000,0
DirectByteBufferAllocator.totalSizeOfBuffersCachedInBytes,1789084737234000000,1789084797234000000,0
StreamlinedBlobStorage.recordsAllocated,1789084737234000000,1789084797234000000,0
workspaceModel.moduleManagerBridge.load.module.ms,1789084737234000000,1789084797234000000,0
workspaceModel.moduleManagerBridge.build.module.graph.ms,1789084737234000000,1789084797234000000,0
workspaceModel.moduleManagerBridge.set.unloadedModules.ms,1789084737234000000,1789084797234000000,0
workspaceModel.mutableEntityStorage.has.same.entities.ms,1789084737234000000,1789084797234000000,0
jps.reload.project.entities.ms,1789084737234000000,1789084797234000000,0
workspaceModel.global.updates.ms,1789084737234000000,1789084797234000000,0
jps.global.initialize.library.bridges.after.loading.ms,1789084737234000000,1789084797234000000,0
workspaceModel.mutableEntityStorage.to.snapshot.ms,1789084737234000000,1789084797234000000,0
jps.save.global.entities.ms,1789084737234000000,1789084797234000000,6
workspaceModel.mutableEntityStorage.referrers.ms,1789084737234000000,1789084797234000000,0
jps.app.storage.content.writer.save.component.ms,1789084737234000000,1789084797234000000,2
jps.save.changed.project.entities.ms,1789084737234000000,1789084797234000000,2
jps.facet.change.listener.before.change.events.ms,1789084737234000000,1789084797234000000,0
workspaceModel.mutableEntityStorage.collect.changes.ms,1789084737234000000,1789084797234000000,0
jps.artifact.entities.serializer.save.entities.ms,1789084737234000000,1789084797234000000,0
workspaceModel.global.apply.state.to.project.builder.ms,1789084737234000000,1789084797234000000,0
jps.apply.loaded.storage.ms,1789084737234000000,1789084797234000000,0
jps.global.get.libraries.ms,1789084737234000000,1789084797234000000,0
workspaceModel.moduleBridge.before.changed.ms,1789084737234000000,1789084797234000000,0
workspaceModel.moduleManagerBridge.newModule.ms,1789084737234000000,1789084797234000000,0
workspaceModel.mutableEntityStorage.replace.by.source.ms,1789084737234000000,1789084797234000000,0
workspaceModel.orphan.listener.update.ms,1789084737234000000,1789084797234000000,0
workspaceModel.mutableEntityStorage.entities.ms,1789084737234000000,1789084797234000000,0
workspaceModel.moduleManagerBridge.get.modules.ms,1789084737234000000,1789084797234000000,0
workspaceModel.mutableEntityStorage.mutable.vfurl.index.ms,1789084737234000000,1789084797234000000,0
workspaceModel.mutableEntityStorage.mutable.ext.mapping.ms,1789084737234000000,1789084797234000000,0
workspaceModel.delayed.project.synchronizer.sync.ms,1789084737234000000,1789084797234000000,0
jps.app.storage.content.reader.load.component.ms,1789084737234000000,1789084797234000000,0
workspaceModel.do.save.caches.ms,1789084737234000000,1789084797234000000,0
jps.artifact.entities.serializer.load.entities.ms,1789084737234000000,1789084797234000000,0
workspaceModel.load.cache.metadata.from.file.ms,1789084737234000000,1789084797234000000,0
workspaceModel.moduleBridge.facet.initialization.ms,1789084737234000000,1789084797234000000,0
workspaceModel.mutableEntityStorage.add.entity.ms,1789084737234000000,1789084797234000000,0
jps.facet.change.listener.process.change.events.ms,1789084737234000000,1789084797234000000,0
workspaceModel.mutableEntityStorage.apply.changes.from.ms,1789084737234000000,1789084797234000000,0
workspaceModel.mutableEntityStorage.remove.entity.ms,1789084737234000000,1789084797234000000,0
workspaceModel.mutableEntityStorage.entities.by.source.ms,1789084737234000000,1789084797234000000,0
workspaceModel.global.apply.state.to.project.ms,1789084737234000000,1789084797234000000,0
workspaceModel.moduleBridge.update.option.ms,1789084737234000000,1789084797234000000,0
jps.library.entities.serializer.save.entities.ms,1789084737234000000,1789084797234000000,0
jps.global.initialize.library.bridges.ms,1789084737234000000,1789084797234000000,0
jps.module.iml.entities.serializer.save.entities.ms,1789084737234000000,1789084797234000000,0
jps.global.get.library.by.name.ms,1789084737234000000,1789084797234000000,0
workspaceModel.moduleManagerBridge.new.nonPersistent.module.ms,1789084737234000000,1789084797234000000,0
workspaceModel.sync.entities.ms,1789084737234000000,1789084797234000000,0
workspaceModel.load.cache.from.file.ms,1789084737234000000,1789084797234000000,0
jps.project.serializers.load.ms,1789084737234000000,1789084797234000000,0
jps.global.handle.changed.events.ms,1789084737234000000,1789084797234000000,0
workspaceModel.global.updates.count,1789084737234000000,1789084797234000000,0
workspaceModel.mutableEntityStorage.instances.count,1789084737234000000,1789084797234000000,0
workspaceModel.mutableEntityStorage.put.entity.ms,1789084737234000000,1789084797234000000,0
jps.project.serializers.save.ms,1789084737234000000,1789084797234000000,2
jps.global.handle.before.change.events.ms,1789084737234000000,1789084797234000000,0
workspaceModel.mutableEntityStorage.modify.entity.ms,1789084737234000000,1789084797234000000,0
workspaceModel.save.cache.to.file.ms,1789084737234000000,1789084797234000000,0
workspaceModel.moduleManagerBridge.create.module.instance.ms,1789084737234000000,1789084797234000000,0
workspaceModel.moduleBridgeLoader.loading.modules.ms,1789084737234000000,1789084797234000000,0
jps.library.entities.serializer.load.entities.ms,1789084737234000000,1789084797234000000,0
jps.load.initial.state.ms,1789084737234000000,1789084797234000000,0
jps.facet.change.listener.init.bridge.ms,1789084737234000000,1789084797234000000,0
jps.load.project.to.empty.storage.ms,1789084737234000000,1789084797234000000,0
jps.global.get.library.ms,1789084737234000000,1789084797234000000,0
workspaceModel.mutableEntityStorage.resolve.ms,1789084737234000000,1789084797234000000,0
workspaceModel.moduleManagerBridge.load.all.modules.ms,1789084737234000000,1789084797234000000,0
jps.module.iml.entities.serializer.load.entities.ms,1789084737234000000,1789084797234000000,0
jps.storage.jps.conf.reader.load.component.ms,1789084737234000000,1789084797234000000,0
compiler.ArtifactManagerBridge.getArtifacts.ms,1789084737234000000,1789084797234000000,0
compiler.ArtifactManagerBridge.initBridges.ms,1789084737234000000,1789084797234000000,0
compiler.ArtifactManagerBridge.getArtifactsByType.ms,1789084737234000000,1789084797234000000,0
compiler.ArtifactManagerBridge.findArtifact.ms,1789084737234000000,1789084797234000000,0
compiler.ArtifactManagerBridge.commit.ms,1789084737234000000,1789084797234000000,0
compiler.ArtifactManagerBridge.dropMappings.ms,1789084737234000000,1789084797234000000,0
compiler.ArtifactVirtualFileListener.filePathChanged.ms,1789084737234000000,1789084797234000000,0
compiler.ArtifactManagerBridge.addArtifact.ms,1789084737234000000,1789084797234000000,0
compiler.ArtifactVirtualFileListener.propertyChanged.ms,1789084737234000000,1789084797234000000,0
cacheStateStorage.get.counter,1789084737234000000,1789084797234000000,1
cacheStateStorage.get.duration,1789084737234000000,1789084797234000000,0
cacheStateStorage.set.duration,1789084737234000000,1789084797234000000,0
cacheStateStorage.set.counter,1789084737234000000,1789084797234000000,0
writeAction.count,1789084737234000000,1789084797234000000,0
writeAction.wait.ms,1789084737234000000,1789084797234000000,0
writeAction.median.wait.ms,1789084737234000000,1789084797234000000,0
writeAction.max.wait.ms,1789084737234000000,1789084797234000000,14
Indexes.allKeys.lookupDurationMaxMs,1789084737234000000,1789084797234000000,0.0
Indexes.entries.lookupDuration90PMs,1789084737234000000,1789084797234000000,0.0
Indexes.allKeys.lookups,1789084737234000000,1789084797234000000,0.0
Indexes.stubs.lookupDurationAvgMs,1789084737234000000,1789084797234000000,0.0
IndexesFlusher.totalFlushingTimeUs,1789084737234000000,1789084797234000000,267776
Indexes.entries.lookupDurationAvgMs,1789084737234000000,1789084797234000000,0.0
IndexesFlusher.totalFlushes,1789084737234000000,1789084797234000000,59
Indexes.stubs.lookups,1789084737234000000,1789084797234000000,0.0
IndexesFlusher.totalContentionQuotaSpent,1789084737234000000,1789084797234000000,0
Indexes.stubs.lookupDurationMaxMs,1789084737234000000,1789084797234000000,0.0
Indexes.entries.lookupDurationMaxMs,1789084737234000000,1789084797234000000,0.0
Indexes.allKeys.lookupDuration90PMs,1789084737234000000,1789084797234000000,0.0
Indexes.stubs.lookupDuration90PMs,1789084737234000000,1789084797234000000,0.0
IndexesFlusher.totalFlushesRetried,1789084737234000000,1789084797234000000,0
Indexes.entries.lookups,1789084737234000000,1789084797234000000,0.0
Indexes.allKeys.lookupDurationAvgMs,1789084737234000000,1789084797234000000,0.0
VFS.fileByIdCache.misses,1789084737234000000,1789084797234000000,0
VFS.fileByIdCache.hits,1789084737234000000,1789084797234000000,0
FileNameCache.totalMisses,1789084737234000000,1789084797234000000,0
VFS.invertedFileNameIndex.requests,1789084737234000000,1789084797234000000,0
VFS.fileChildByName,1789084737234000000,1789084797234000000,4
FileNameCache.queries,1789084737234000000,1789084797234000000,0
workspaceModel.entityStorageSnapshotImpl.instances.count,1789084737234000000,1789084797234000000,0
workspaceModel.cachedValueWithParameters.calculated.ms,1789084737234000000,1789084797234000000,0
workspaceModel.workspaceFileIndexData.visitFileSets.ms,1789084737234000000,1789084797234000000,0
workspaceModel.workspaceFileIndexData.processFileSets.ms,1789084737234000000,1789084797234000000,0
workspaceModel.pre.handlers.ms,1789084737234000000,1789084797234000000,0
workspaceModel.loading.total.ms,1789084737234000000,1789084797234000000,0
workspaceModel.cachedValue.clear.ms,1789084737234000000,1789084797234000000,0
workspaceModel.full.replace.project.model.ms,1789084737234000000,1789084797234000000,0
workspaceModel.collect.changes.ms,1789084737234000000,1789084797234000000,0
workspaceModel.updates.count,1789084737234000000,1789084797234000000,0
workspaceModel.workspaceFileIndexData.updateDirtyEntities.ms,1789084737234000000,1789084797234000000,0
workspaceModel.workspaceFileIndexContributor.registerFileSets.ms,1789084737234000000,1789084797234000000,0
workspaceModel.cachedValueWithParameters.total.get.ms,1789084737234000000,1789084797234000000,0
workspaceModel.workspaceFileIndexData.instances.count,1789084737234000000,1789084797234000000,0
workspaceModel.workspaceFileIndexData.markDirty.ms,1789084737234000000,1789084797234000000,0
workspaceModel.check.recursive.update.ms,1789084737234000000,1789084797234000000,0
workspaceModel.workspaceFileIndexData.getDirectoriesByPackageName.ms,1789084737234000000,1789084797234000000,0
workspaceModel.init.bridges.ms,1789084737234000000,1789084797234000000,0
workspaceModel.updates.ms,1789084737234000000,1789084797234000000,0
workspaceModel.to.snapshot.ms,1789084737234000000,1789084797234000000,0
workspaceModel.updates.precise.ms,1789084737234000000,1789084797234000000,0
workspaceModel.cachedValueWithParameters.clear.ms,1789084737234000000,1789084797234000000,0
workspaceModel.workspaceFileIndexData.onEntitiesChanged.ms,1789084737234000000,1789084797234000000,0
workspaceModel.workspaceFileIndexData.getFileInfo.ms,1789084737234000000,1789084797234000000,0
workspaceModel.initializing.ms,1789084737234000000,1789084797234000000,0
workspaceModel.replace.project.model.ms,1789084737234000000,1789084797234000000,0
workspaceModel.cachedValue.from.cache.ms,1789084737234000000,1789084797234000000,0
workspaceModel.cachedValue.calculated.ms,1789084737234000000,1789084797234000000,0
workspaceModel.cachedValueWithParameters.from.cache.ms,1789084737234000000,1789084797234000000,0
workspaceModel.loading.from.cache.ms,1789084737234000000,1789084797234000000,0
workspaceModel.workspaceFileIndexData.getPackageName.ms,1789084737234000000,1789084797234000000,0
workspaceModel.update.unloaded.entities.ms,1789084737234000000,1789084797234000000,0
workspaceModel.cachedValue.total.get.ms,1789084737234000000,1789084797234000000,0
workspaceModel.workspaceFileIndexData.init.ms,1789084737234000000,1789084797234000000,0
AWTEventQueue.dispatchTimeMaxNs,1789084737234000000,1789084797234000000,998244351
AWTEventQueue.dispatchTime90PNs,1789084737234000000,1789084797234000000,237567
FlushQueue.queueSizeAvg,1789084737234000000,1789084797234000000,0.9476744186046512
ReadAction.executionsCount,1789084737234000000,1789084797234000000,2440
FlushQueue.executionTime90PNs,1789084737234000000,1789084797234000000,164863
FlushQueue.tasksExecuted,1789084737234000000,1789084797234000000,688
AWTEventQueue.eventsDispatched,1789084737234000000,1789084797234000000,8064
FlushQueue.waitingTimeMaxNs,1789084737234000000,1789084797234000000,947912703
FlushQueue.executionTimeAvgNs,1789084737234000000,1789084797234000000,232902.03488372092
FlushQueue.waitingTimeAvgNs,1789084737234000000,1789084797234000000,5155661.488372093
FlushQueue.executionTimeMaxNs,1789084737234000000,1789084797234000000,51380223
NonBlockingReadAction.finalizedExecutionsCount,1789084737234000000,1789084797234000000,6
NonBlockingReadAction.finalizedExecutionTimeUs,1789084737234000000,1789084797234000000,616
AWTEventQueue.dispatchTimeAvgNs,1789084737234000000,1789084797234000000,314387.3035714286
NonBlockingReadAction.failedExecutionsCount,1789084737234000000,1789084797234000000,0
FlushQueue.queueSizeMax,1789084737234000000,1789084797234000000,7
FlushQueue.queueSize90P,1789084737234000000,1789084797234000000,3
AWTEventQueue.dispatchTimeTotalNS,1789084737234000000,1789084797234000000,2534158649
FlushQueue.waitingTime90PNs,1789084737234000000,1789084797234000000,1212415
WriteAction.executionsCount,1789084737234000000,1789084797234000000,0
NonBlockingReadAction.failedExecutionTimeUs,1789084737234000000,1789084797234000000,0
JVM.totalBytesAllocated,1789084797234000000,1789084857234000000,46369632
JVM.newThreadsCount,1789084797234000000,1789084857234000000,9
JVM.usedHeapBytes,1789084797234000000,1789084857234000000,392814080
OS.loadAverage,1789084797234000000,1789084857234000000,2.95751953125
JVM.maxHeapBytes,1789084797234000000,1789084857234000000,2147483648
JVM.totalCpuTimeMs,1789084797234000000,1789084857234000000,4704
JVM.maxThreadCount,1789084797234000000,1789084857234000000,165
JVM.GC.collectionTimesMs,1789084797234000000,1789084857234000000,0
JVM.totalDirectByteBuffersBytes,1789084797234000000,1789084857234000000,233495046
JVM.usedNativeBytes,1789084797234000000,1789084857234000000,294826480
JVM.GC.collections,1789084797234000000,1789084857234000000,0
JVM.threadCount,1789084797234000000,1789084857234000000,59
FilePageCacheLockFree.totalPagesReclaimed,1789084797234000000,1789084857234000000,0
MappedFileStorage.totalPagesMapped,1789084797234000000,1789084857234000000,15
FilePageCacheLockFree.totalPagesHandedOver,1789084797234000000,1789084857234000000,0
FilePageCache.uncachedFileAccess,1789084797234000000,1789084857234000000,0
FilePageCacheLockFree.totalPagesWritten,1789084797234000000,1789084857234000000,0
StreamlinedBlobStorage.totalLiveRecordsCapacityBytes,1789084797234000000,1789084857234000000,0
FilePageCacheLockFree.totalBytesRequested,1789084797234000000,1789084857234000000,0
FilePageCacheLockFree.totalBytesWritten,1789084797234000000,1789084857234000000,0
FilePageCache.pageHits,1789084797234000000,1789084857234000000,0
StorageLockContext.competingThreads.avg,1789084797234000000,1789084857234000000,0.0
FilePageCache.maxRegisteredFiles,1789084797234000000,1789084857234000000,555
FilePageCache.capacityInBytes,1789084797234000000,1789084857234000000,503316478
FilePageCache.totalPageLoadsUs,1789084797234000000,1789084857234000000,0
StreamlinedBlobStorage.totalLiveRecordsPayloadBytes,1789084797234000000,1789084857234000000,0
FilePageCache.totalPageDisposalsUs,1789084797234000000,1789084857234000000,0
StorageLockContext.competingThreads.max,1789084797234000000,1789084857234000000,0
StorageLockContext.competingThreads.90P,1789084797234000000,1789084857234000000,0
FilePageCacheLockFree.totalNativeBytesAllocated,1789084797234000000,1789084857234000000,0
FilePageCacheLockFree.totalNativeBytesReclaimed,1789084797234000000,1789084857234000000,0
FilePageCacheLockFree.totalPagesRequestsMs,1789084797234000000,1789084857234000000,0
FilePageCacheLockFree.heapBytesInUse,1789084797234000000,1789084857234000000,0
FilePageCacheLockFree.nativeBytesInUse,1789084797234000000,1789084857234000000,0
FilePageCacheLockFree.housekeeperTurnsSkipped,1789084797234000000,1789084857234000000,0
FilePageCacheLockFree.totalClosedStoragesReclaimed,1789084797234000000,1789084857234000000,0
FileChannelInterruptsRetryer.totalRetriedAttempts,1789084797234000000,1789084857234000000,0
FilePageCache.disposedBuffers,1789084797234000000,1789084857234000000,0
DirectByteBufferAllocator.hits,1789084797234000000,1789084857234000000,0
DirectByteBufferAllocator.totalSizeOfBuffersAllocatedInBytes,1789084797234000000,1789084857234000000,231751680
FilePageCacheLockFree.housekeeperTimeSpentMs,1789084797234000000,1789084857234000000,0
MappedFileStorage.totalTimeSpentOnMappingUs,1789084797234000000,1789084857234000000,9841
FilePageCacheLockFree.housekeeperTurnsDone,1789084797234000000,1789084857234000000,0
MappedFileStorage.totalBytesMapped,1789084797234000000,1789084857234000000,198443008
DirectByteBufferAllocator.misses,1789084797234000000,1789084857234000000,0
MappedFileStorage.storages,1789084797234000000,1789084857234000000,15
StreamlinedBlobStorage.recordsRelocated,1789084797234000000,1789084857234000000,0
StreamlinedBlobStorage.recordsDeleted,1789084797234000000,1789084857234000000,0
FilePageCache.pageLoads,1789084797234000000,1789084857234000000,0
FilePageCache.pageFastCacheHits,1789084797234000000,1789084857234000000,0
FilePageCacheLockFree.totalPageAllocationsWaited,1789084797234000000,1789084857234000000,0
FilePageCache.maxCacheSizeInBytes,1789084797234000000,1789084857234000000,231751680
FilePageCacheLockFree.totalBytesRead,1789084797234000000,1789084857234000000,0
DirectByteBufferAllocator.disposed,1789084797234000000,1789084857234000000,0
FilePageCacheLockFree.totalPagesWriteMs,1789084797234000000,1789084857234000000,0
FilePageCache.pageLoadsAboveSizeThreshold,1789084797234000000,1789084857234000000,0
FilePageCacheLockFree.totalPagesReadMs,1789084797234000000,1789084857234000000,0
FilePageCacheLockFree.totalHeapBytesReclaimed,1789084797234000000,1789084857234000000,0
FilePageCacheLockFree.totalPagesAllocated,1789084797234000000,1789084857234000000,0
FilePageCacheLockFree.totalPagesRequested,1789084797234000000,1789084857234000000,0
DirectByteBufferAllocator.reclaimed,1789084797234000000,1789084857234000000,0
FilePageCacheLockFree.totalHeapBytesAllocated,1789084797234000000,1789084857234000000,0
DirectByteBufferAllocator.totalSizeOfBuffersCachedInBytes,1789084797234000000,1789084857234000000,0
StreamlinedBlobStorage.recordsAllocated,1789084797234000000,1789084857234000000,0
workspaceModel.moduleManagerBridge.load.module.ms,1789084797234000000,1789084857234000000,0
workspaceModel.moduleManagerBridge.build.module.graph.ms,1789084797234000000,1789084857234000000,0
workspaceModel.moduleManagerBridge.set.unloadedModules.ms,1789084797234000000,1789084857234000000,0
workspaceModel.mutableEntityStorage.has.same.entities.ms,1789084797234000000,1789084857234000000,0
jps.reload.project.entities.ms,1789084797234000000,1789084857234000000,0
workspaceModel.global.updates.ms,1789084797234000000,1789084857234000000,0
jps.global.initialize.library.bridges.after.loading.ms,1789084797234000000,1789084857234000000,0
workspaceModel.mutableEntityStorage.to.snapshot.ms,1789084797234000000,1789084857234000000,0
jps.save.global.entities.ms,1789084797234000000,1789084857234000000,0
workspaceModel.mutableEntityStorage.referrers.ms,1789084797234000000,1789084857234000000,0
jps.app.storage.content.writer.save.component.ms,1789084797234000000,1789084857234000000,0
jps.save.changed.project.entities.ms,1789084797234000000,1789084857234000000,0
jps.facet.change.listener.before.change.events.ms,1789084797234000000,1789084857234000000,0
workspaceModel.mutableEntityStorage.collect.changes.ms,1789084797234000000,1789084857234000000,0
jps.artifact.entities.serializer.save.entities.ms,1789084797234000000,1789084857234000000,0
workspaceModel.global.apply.state.to.project.builder.ms,1789084797234000000,1789084857234000000,0
jps.apply.loaded.storage.ms,1789084797234000000,1789084857234000000,0
jps.global.get.libraries.ms,1789084797234000000,1789084857234000000,0
workspaceModel.moduleBridge.before.changed.ms,1789084797234000000,1789084857234000000,0
workspaceModel.moduleManagerBridge.newModule.ms,1789084797234000000,1789084857234000000,0
workspaceModel.mutableEntityStorage.replace.by.source.ms,1789084797234000000,1789084857234000000,0
workspaceModel.orphan.listener.update.ms,1789084797234000000,1789084857234000000,0
workspaceModel.mutableEntityStorage.entities.ms,1789084797234000000,1789084857234000000,0
workspaceModel.moduleManagerBridge.get.modules.ms,1789084797234000000,1789084857234000000,0
workspaceModel.mutableEntityStorage.mutable.vfurl.index.ms,1789084797234000000,1789084857234000000,0
workspaceModel.mutableEntityStorage.mutable.ext.mapping.ms,1789084797234000000,1789084857234000000,0
workspaceModel.delayed.project.synchronizer.sync.ms,1789084797234000000,1789084857234000000,0
jps.app.storage.content.reader.load.component.ms,1789084797234000000,1789084857234000000,0
workspaceModel.do.save.caches.ms,1789084797234000000,1789084857234000000,0
jps.artifact.entities.serializer.load.entities.ms,1789084797234000000,1789084857234000000,0
workspaceModel.load.cache.metadata.from.file.ms,1789084797234000000,1789084857234000000,0
workspaceModel.moduleBridge.facet.initialization.ms,1789084797234000000,1789084857234000000,0
workspaceModel.mutableEntityStorage.add.entity.ms,1789084797234000000,1789084857234000000,0
jps.facet.change.listener.process.change.events.ms,1789084797234000000,1789084857234000000,0
workspaceModel.mutableEntityStorage.apply.changes.from.ms,1789084797234000000,1789084857234000000,0
workspaceModel.mutableEntityStorage.remove.entity.ms,1789084797234000000,1789084857234000000,0
workspaceModel.mutableEntityStorage.entities.by.source.ms,1789084797234000000,1789084857234000000,0
workspaceModel.global.apply.state.to.project.ms,1789084797234000000,1789084857234000000,0
workspaceModel.moduleBridge.update.option.ms,1789084797234000000,1789084857234000000,0
jps.library.entities.serializer.save.entities.ms,1789084797234000000,1789084857234000000,0
jps.global.initialize.library.bridges.ms,1789084797234000000,1789084857234000000,0
jps.module.iml.entities.serializer.save.entities.ms,1789084797234000000,1789084857234000000,0
jps.global.get.library.by.name.ms,1789084797234000000,1789084857234000000,0
workspaceModel.moduleManagerBridge.new.nonPersistent.module.ms,1789084797234000000,1789084857234000000,0
workspaceModel.sync.entities.ms,1789084797234000000,1789084857234000000,0
workspaceModel.load.cache.from.file.ms,1789084797234000000,1789084857234000000,0
jps.project.serializers.load.ms,1789084797234000000,1789084857234000000,0
jps.global.handle.changed.events.ms,1789084797234000000,1789084857234000000,0
workspaceModel.global.updates.count,1789084797234000000,1789084857234000000,0
workspaceModel.mutableEntityStorage.instances.count,1789084797234000000,1789084857234000000,0
workspaceModel.mutableEntityStorage.put.entity.ms,1789084797234000000,1789084857234000000,0
jps.project.serializers.save.ms,1789084797234000000,1789084857234000000,0
jps.global.handle.before.change.events.ms,1789084797234000000,1789084857234000000,0
workspaceModel.mutableEntityStorage.modify.entity.ms,1789084797234000000,1789084857234000000,0
workspaceModel.save.cache.to.file.ms,1789084797234000000,1789084857234000000,0
workspaceModel.moduleManagerBridge.create.module.instance.ms,1789084797234000000,1789084857234000000,0
workspaceModel.moduleBridgeLoader.loading.modules.ms,1789084797234000000,1789084857234000000,0
jps.library.entities.serializer.load.entities.ms,1789084797234000000,1789084857234000000,0
jps.load.initial.state.ms,1789084797234000000,1789084857234000000,0
jps.facet.change.listener.init.bridge.ms,1789084797234000000,1789084857234000000,0
jps.load.project.to.empty.storage.ms,1789084797234000000,1789084857234000000,0
jps.global.get.library.ms,1789084797234000000,1789084857234000000,0
workspaceModel.mutableEntityStorage.resolve.ms,1789084797234000000,1789084857234000000,0
workspaceModel.moduleManagerBridge.load.all.modules.ms,1789084797234000000,1789084857234000000,0
jps.module.iml.entities.serializer.load.entities.ms,1789084797234000000,1789084857234000000,0
jps.storage.jps.conf.reader.load.component.ms,1789084797234000000,1789084857234000000,0
compiler.ArtifactManagerBridge.getArtifacts.ms,1789084797234000000,1789084857234000000,0
compiler.ArtifactManagerBridge.initBridges.ms,1789084797234000000,1789084857234000000,0
compiler.ArtifactManagerBridge.getArtifactsByType.ms,1789084797234000000,1789084857234000000,0
compiler.ArtifactManagerBridge.findArtifact.ms,1789084797234000000,1789084857234000000,0
compiler.ArtifactManagerBridge.commit.ms,1789084797234000000,1789084857234000000,0
compiler.ArtifactManagerBridge.dropMappings.ms,1789084797234000000,1789084857234000000,0
compiler.ArtifactVirtualFileListener.filePathChanged.ms,1789084797234000000,1789084857234000000,0
compiler.ArtifactManagerBridge.addArtifact.ms,1789084797234000000,1789084857234000000,0
compiler.ArtifactVirtualFileListener.propertyChanged.ms,1789084797234000000,1789084857234000000,0
cacheStateStorage.get.counter,1789084797234000000,1789084857234000000,0
cacheStateStorage.get.duration,1789084797234000000,1789084857234000000,0
cacheStateStorage.set.duration,1789084797234000000,1789084857234000000,0
cacheStateStorage.set.counter,1789084797234000000,1789084857234000000,0
writeAction.count,1789084797234000000,1789084857234000000,0
writeAction.wait.ms,1789084797234000000,1789084857234000000,0
writeAction.median.wait.ms,1789084797234000000,1789084857234000000,0
writeAction.max.wait.ms,1789084797234000000,1789084857234000000,14
Indexes.allKeys.lookupDurationMaxMs,1789084797234000000,1789084857234000000,0.0
Indexes.entries.lookupDuration90PMs,1789084797234000000,1789084857234000000,0.0
Indexes.allKeys.lookups,1789084797234000000,1789084857234000000,0.0
Indexes.stubs.lookupDurationAvgMs,1789084797234000000,1789084857234000000,0.0
IndexesFlusher.totalFlushingTimeUs,1789084797234000000,1789084857234000000,252824
Indexes.entries.lookupDurationAvgMs,1789084797234000000,1789084857234000000,0.0
IndexesFlusher.totalFlushes,1789084797234000000,1789084857234000000,59
Indexes.stubs.lookups,1789084797234000000,1789084857234000000,0.0
IndexesFlusher.totalContentionQuotaSpent,1789084797234000000,1789084857234000000,0
Indexes.stubs.lookupDurationMaxMs,1789084797234000000,1789084857234000000,0.0
Indexes.entries.lookupDurationMaxMs,1789084797234000000,1789084857234000000,0.0
Indexes.allKeys.lookupDuration90PMs,1789084797234000000,1789084857234000000,0.0
Indexes.stubs.lookupDuration90PMs,1789084797234000000,1789084857234000000,0.0
IndexesFlusher.totalFlushesRetried,1789084797234000000,1789084857234000000,0
Indexes.entries.lookups,1789084797234000000,1789084857234000000,0.0
Indexes.allKeys.lookupDurationAvgMs,1789084797234000000,1789084857234000000,0.0
VFS.fileByIdCache.misses,1789084797234000000,1789084857234000000,0
VFS.fileByIdCache.hits,1789084797234000000,1789084857234000000,0
FileNameCache.totalMisses,1789084797234000000,1789084857234000000,0
VFS.invertedFileNameIndex.requests,1789084797234000000,1789084857234000000,0
VFS.fileChildByName,1789084797234000000,1789084857234000000,8
FileNameCache.queries,1789084797234000000,1789084857234000000,0
workspaceModel.entityStorageSnapshotImpl.instances.count,1789084797234000000,1789084857234000000,0
workspaceModel.cachedValueWithParameters.calculated.ms,1789084797234000000,1789084857234000000,0
workspaceModel.workspaceFileIndexData.visitFileSets.ms,1789084797234000000,1789084857234000000,0
workspaceModel.workspaceFileIndexData.processFileSets.ms,1789084797234000000,1789084857234000000,0
workspaceModel.pre.handlers.ms,1789084797234000000,1789084857234000000,0
workspaceModel.loading.total.ms,1789084797234000000,1789084857234000000,0
workspaceModel.cachedValue.clear.ms,1789084797234000000,1789084857234000000,0
workspaceModel.full.replace.project.model.ms,1789084797234000000,1789084857234000000,0
workspaceModel.collect.changes.ms,1789084797234000000,1789084857234000000,0
workspaceModel.updates.count,1789084797234000000,1789084857234000000,0
workspaceModel.workspaceFileIndexData.updateDirtyEntities.ms,1789084797234000000,1789084857234000000,0
workspaceModel.workspaceFileIndexContributor.registerFileSets.ms,1789084797234000000,1789084857234000000,0
workspaceModel.cachedValueWithParameters.total.get.ms,1789084797234000000,1789084857234000000,0
workspaceModel.workspaceFileIndexData.instances.count,1789084797234000000,1789084857234000000,0
workspaceModel.workspaceFileIndexData.markDirty.ms,1789084797234000000,1789084857234000000,0
workspaceModel.check.recursive.update.ms,1789084797234000000,1789084857234000000,0
workspaceModel.workspaceFileIndexData.getDirectoriesByPackageName.ms,1789084797234000000,1789084857234000000,0
workspaceModel.init.bridges.ms,1789084797234000000,1789084857234000000,0
workspaceModel.updates.ms,1789084797234000000,1789084857234000000,0
workspaceModel.to.snapshot.ms,1789084797234000000,1789084857234000000,0
workspaceModel.updates.precise.ms,1789084797234000000,1789084857234000000,0
workspaceModel.cachedValueWithParameters.clear.ms,1789084797234000000,1789084857234000000,0
workspaceModel.workspaceFileIndexData.onEntitiesChanged.ms,1789084797234000000,1789084857234000000,0
workspaceModel.workspaceFileIndexData.getFileInfo.ms,1789084797234000000,1789084857234000000,0
workspaceModel.initializing.ms,1789084797234000000,1789084857234000000,0
workspaceModel.replace.project.model.ms,1789084797234000000,1789084857234000000,0
workspaceModel.cachedValue.from.cache.ms,1789084797234000000,1789084857234000000,0
workspaceModel.cachedValue.calculated.ms,1789084797234000000,1789084857234000000,0
workspaceModel.cachedValueWithParameters.from.cache.ms,1789084797234000000,1789084857234000000,0
workspaceModel.loading.from.cache.ms,1789084797234000000,1789084857234000000,0
workspaceModel.workspaceFileIndexData.getPackageName.ms,1789084797234000000,1789084857234000000,0
workspaceModel.update.unloaded.entities.ms,1789084797234000000,1789084857234000000,0
workspaceModel.cachedValue.total.get.ms,1789084797234000000,1789084857234000000,0
workspaceModel.workspaceFileIndexData.init.ms,1789084797234000000,1789084857234000000,0
AWTEventQueue.dispatchTimeMaxNs,1789084797234000000,1789084857234000000,54788095
AWTEventQueue.dispatchTime90PNs,1789084797234000000,1789084857234000000,194559
FlushQueue.queueSizeAvg,1789084797234000000,1789084857234000000,0.5236768802228412
ReadAction.executionsCount,1789084797234000000,1789084857234000000,6059
FlushQueue.executionTime90PNs,1789084797234000000,1789084857234000000,130047
FlushQueue.tasksExecuted,1789084797234000000,1789084857234000000,359
AWTEventQueue.eventsDispatched,1789084797234000000,1789084857234000000,4000
FlushQueue.waitingTimeMaxNs,1789084797234000000,1789084857234000000,15597567
FlushQueue.executionTimeAvgNs,1789084797234000000,1789084857234000000,77408.67966573816
FlushQueue.waitingTimeAvgNs,1789084797234000000,1789084857234000000,786334.5515320335
FlushQueue.executionTimeMaxNs,1789084797234000000,1789084857234000000,1949695
NonBlockingReadAction.finalizedExecutionsCount,1789084797234000000,1789084857234000000,27
NonBlockingReadAction.finalizedExecutionTimeUs,1789084797234000000,1789084857234000000,2804
AWTEventQueue.dispatchTimeAvgNs,1789084797234000000,1789084857234000000,148740.032
NonBlockingReadAction.failedExecutionsCount,1789084797234000000,1789084857234000000,0
FlushQueue.queueSizeMax,1789084797234000000,1789084857234000000,11
FlushQueue.queueSize90P,1789084797234000000,1789084857234000000,2
AWTEventQueue.dispatchTimeTotalNS,1789084797234000000,1789084857234000000,595032986
FlushQueue.waitingTime90PNs,1789084797234000000,1789084857234000000,626687
WriteAction.executionsCount,1789084797234000000,1789084857234000000,0
NonBlockingReadAction.failedExecutionTimeUs,1789084797234000000,1789084857234000000,0
JVM.totalBytesAllocated,1789084857234000000,1789084917231000000,44007920
JVM.newThreadsCount,1789084857234000000,1789084917231000000,4
JVM.usedHeapBytes,1789084857234000000,1789084917231000000,223824688
OS.loadAverage,1789084857234000000,1789084917231000000,2.7958984375
JVM.maxHeapBytes,1789084857234000000,1789084917231000000,2147483648
JVM.totalCpuTimeMs,1789084857234000000,1789084917231000000,4493
JVM.maxThreadCount,1789084857234000000,1789084917231000000,165
JVM.GC.collectionTimesMs,1789084857234000000,1789084917231000000,18
JVM.totalDirectByteBuffersBytes,1789084857234000000,1789084917231000000,233495046
JVM.usedNativeBytes,1789084857234000000,1789084917231000000,295805168
JVM.GC.collections,1789084857234000000,1789084917231000000,1
JVM.threadCount,1789084857234000000,1789084917231000000,61
FilePageCacheLockFree.totalPagesReclaimed,1789084857234000000,1789084917231000000,0
MappedFileStorage.totalPagesMapped,1789084857234000000,1789084917231000000,15
FilePageCacheLockFree.totalPagesHandedOver,1789084857234000000,1789084917231000000,0
FilePageCache.uncachedFileAccess,1789084857234000000,1789084917231000000,0
FilePageCacheLockFree.totalPagesWritten,1789084857234000000,1789084917231000000,0
StreamlinedBlobStorage.totalLiveRecordsCapacityBytes,1789084857234000000,1789084917231000000,0
FilePageCacheLockFree.totalBytesRequested,1789084857234000000,1789084917231000000,0
FilePageCacheLockFree.totalBytesWritten,1789084857234000000,1789084917231000000,0
FilePageCache.pageHits,1789084857234000000,1789084917231000000,0
StorageLockContext.competingThreads.avg,1789084857234000000,1789084917231000000,0.0
FilePageCache.maxRegisteredFiles,1789084857234000000,1789084917231000000,555
FilePageCache.capacityInBytes,1789084857234000000,1789084917231000000,503316478
FilePageCache.totalPageLoadsUs,1789084857234000000,1789084917231000000,0
StreamlinedBlobStorage.totalLiveRecordsPayloadBytes,1789084857234000000,1789084917231000000,0
FilePageCache.totalPageDisposalsUs,1789084857234000000,1789084917231000000,0
StorageLockContext.competingThreads.max,1789084857234000000,1789084917231000000,0
StorageLockContext.competingThreads.90P,1789084857234000000,1789084917231000000,0
FilePageCacheLockFree.totalNativeBytesAllocated,1789084857234000000,1789084917231000000,0
FilePageCacheLockFree.totalNativeBytesReclaimed,1789084857234000000,1789084917231000000,0
FilePageCacheLockFree.totalPagesRequestsMs,1789084857234000000,1789084917231000000,0
FilePageCacheLockFree.heapBytesInUse,1789084857234000000,1789084917231000000,0
FilePageCacheLockFree.nativeBytesInUse,1789084857234000000,1789084917231000000,0
FilePageCacheLockFree.housekeeperTurnsSkipped,1789084857234000000,1789084917231000000,0
FilePageCacheLockFree.totalClosedStoragesReclaimed,1789084857234000000,1789084917231000000,0
FileChannelInterruptsRetryer.totalRetriedAttempts,1789084857234000000,1789084917231000000,0
FilePageCache.disposedBuffers,1789084857234000000,1789084917231000000,0
DirectByteBufferAllocator.hits,1789084857234000000,1789084917231000000,0
DirectByteBufferAllocator.totalSizeOfBuffersAllocatedInBytes,1789084857234000000,1789084917231000000,231751680
FilePageCacheLockFree.housekeeperTimeSpentMs,1789084857234000000,1789084917231000000,0
MappedFileStorage.totalTimeSpentOnMappingUs,1789084857234000000,1789084917231000000,9841
FilePageCacheLockFree.housekeeperTurnsDone,1789084857234000000,1789084917231000000,0
MappedFileStorage.totalBytesMapped,1789084857234000000,1789084917231000000,198443008
DirectByteBufferAllocator.misses,1789084857234000000,1789084917231000000,0
MappedFileStorage.storages,1789084857234000000,1789084917231000000,15
StreamlinedBlobStorage.recordsRelocated,1789084857234000000,1789084917231000000,0
StreamlinedBlobStorage.recordsDeleted,1789084857234000000,1789084917231000000,0
FilePageCache.pageLoads,1789084857234000000,1789084917231000000,0
FilePageCache.pageFastCacheHits,1789084857234000000,1789084917231000000,9
FilePageCacheLockFree.totalPageAllocationsWaited,1789084857234000000,1789084917231000000,0
FilePageCache.maxCacheSizeInBytes,1789084857234000000,1789084917231000000,231751680
FilePageCacheLockFree.totalBytesRead,1789084857234000000,1789084917231000000,0
DirectByteBufferAllocator.disposed,1789084857234000000,1789084917231000000,0
FilePageCacheLockFree.totalPagesWriteMs,1789084857234000000,1789084917231000000,0
FilePageCache.pageLoadsAboveSizeThreshold,1789084857234000000,1789084917231000000,0
FilePageCacheLockFree.totalPagesReadMs,1789084857234000000,1789084917231000000,0
FilePageCacheLockFree.totalHeapBytesReclaimed,1789084857234000000,1789084917231000000,0
FilePageCacheLockFree.totalPagesAllocated,1789084857234000000,1789084917231000000,0
FilePageCacheLockFree.totalPagesRequested,1789084857234000000,1789084917231000000,0
DirectByteBufferAllocator.reclaimed,1789084857234000000,1789084917231000000,0
FilePageCacheLockFree.totalHeapBytesAllocated,1789084857234000000,1789084917231000000,0
DirectByteBufferAllocator.totalSizeOfBuffersCachedInBytes,1789084857234000000,1789084917231000000,0
StreamlinedBlobStorage.recordsAllocated,1789084857234000000,1789084917231000000,0
workspaceModel.moduleManagerBridge.load.module.ms,1789084857234000000,1789084917231000000,0
workspaceModel.moduleManagerBridge.build.module.graph.ms,1789084857234000000,1789084917231000000,0
workspaceModel.moduleManagerBridge.set.unloadedModules.ms,1789084857234000000,1789084917231000000,0
workspaceModel.mutableEntityStorage.has.same.entities.ms,1789084857234000000,1789084917231000000,0
jps.reload.project.entities.ms,1789084857234000000,1789084917231000000,0
workspaceModel.global.updates.ms,1789084857234000000,1789084917231000000,0
jps.global.initialize.library.bridges.after.loading.ms,1789084857234000000,1789084917231000000,0
workspaceModel.mutableEntityStorage.to.snapshot.ms,1789084857234000000,1789084917231000000,0
jps.save.global.entities.ms,1789084857234000000,1789084917231000000,1
workspaceModel.mutableEntityStorage.referrers.ms,1789084857234000000,1789084917231000000,0
jps.app.storage.content.writer.save.component.ms,1789084857234000000,1789084917231000000,0
jps.save.changed.project.entities.ms,1789084857234000000,1789084917231000000,0
jps.facet.change.listener.before.change.events.ms,1789084857234000000,1789084917231000000,0
workspaceModel.mutableEntityStorage.collect.changes.ms,1789084857234000000,1789084917231000000,0
jps.artifact.entities.serializer.save.entities.ms,1789084857234000000,1789084917231000000,0
workspaceModel.global.apply.state.to.project.builder.ms,1789084857234000000,1789084917231000000,0
jps.apply.loaded.storage.ms,1789084857234000000,1789084917231000000,0
jps.global.get.libraries.ms,1789084857234000000,1789084917231000000,0
workspaceModel.moduleBridge.before.changed.ms,1789084857234000000,1789084917231000000,0
workspaceModel.moduleManagerBridge.newModule.ms,1789084857234000000,1789084917231000000,0
workspaceModel.mutableEntityStorage.replace.by.source.ms,1789084857234000000,1789084917231000000,0
workspaceModel.orphan.listener.update.ms,1789084857234000000,1789084917231000000,0
workspaceModel.mutableEntityStorage.entities.ms,1789084857234000000,1789084917231000000,0
workspaceModel.moduleManagerBridge.get.modules.ms,1789084857234000000,1789084917231000000,0
workspaceModel.mutableEntityStorage.mutable.vfurl.index.ms,1789084857234000000,1789084917231000000,0
workspaceModel.mutableEntityStorage.mutable.ext.mapping.ms,1789084857234000000,1789084917231000000,0
workspaceModel.delayed.project.synchronizer.sync.ms,1789084857234000000,1789084917231000000,0
jps.app.storage.content.reader.load.component.ms,1789084857234000000,1789084917231000000,0
workspaceModel.do.save.caches.ms,1789084857234000000,1789084917231000000,0
jps.artifact.entities.serializer.load.entities.ms,1789084857234000000,1789084917231000000,0
workspaceModel.load.cache.metadata.from.file.ms,1789084857234000000,1789084917231000000,0
workspaceModel.moduleBridge.facet.initialization.ms,1789084857234000000,1789084917231000000,0
workspaceModel.mutableEntityStorage.add.entity.ms,1789084857234000000,1789084917231000000,0
jps.facet.change.listener.process.change.events.ms,1789084857234000000,1789084917231000000,0
workspaceModel.mutableEntityStorage.apply.changes.from.ms,1789084857234000000,1789084917231000000,0
workspaceModel.mutableEntityStorage.remove.entity.ms,1789084857234000000,1789084917231000000,0
workspaceModel.mutableEntityStorage.entities.by.source.ms,1789084857234000000,1789084917231000000,0
workspaceModel.global.apply.state.to.project.ms,1789084857234000000,1789084917231000000,0
workspaceModel.moduleBridge.update.option.ms,1789084857234000000,1789084917231000000,0
jps.library.entities.serializer.save.entities.ms,1789084857234000000,1789084917231000000,0
jps.global.initialize.library.bridges.ms,1789084857234000000,1789084917231000000,0
jps.module.iml.entities.serializer.save.entities.ms,1789084857234000000,1789084917231000000,0
jps.global.get.library.by.name.ms,1789084857234000000,1789084917231000000,0
workspaceModel.moduleManagerBridge.new.nonPersistent.module.ms,1789084857234000000,1789084917231000000,0
workspaceModel.sync.entities.ms,1789084857234000000,1789084917231000000,0
workspaceModel.load.cache.from.file.ms,1789084857234000000,1789084917231000000,0
jps.project.serializers.load.ms,1789084857234000000,1789084917231000000,0
jps.global.handle.changed.events.ms,1789084857234000000,1789084917231000000,0
workspaceModel.global.updates.count,1789084857234000000,1789084917231000000,0
workspaceModel.mutableEntityStorage.instances.count,1789084857234000000,1789084917231000000,0
workspaceModel.mutableEntityStorage.put.entity.ms,1789084857234000000,1789084917231000000,0
jps.project.serializers.save.ms,1789084857234000000,1789084917231000000,0
jps.global.handle.before.change.events.ms,1789084857234000000,1789084917231000000,0
workspaceModel.mutableEntityStorage.modify.entity.ms,1789084857234000000,1789084917231000000,0
workspaceModel.save.cache.to.file.ms,1789084857234000000,1789084917231000000,0
workspaceModel.moduleManagerBridge.create.module.instance.ms,1789084857234000000,1789084917231000000,0
workspaceModel.moduleBridgeLoader.loading.modules.ms,1789084857234000000,1789084917231000000,0
jps.library.entities.serializer.load.entities.ms,1789084857234000000,1789084917231000000,0
jps.load.initial.state.ms,1789084857234000000,1789084917231000000,0
jps.facet.change.listener.init.bridge.ms,1789084857234000000,1789084917231000000,0
jps.load.project.to.empty.storage.ms,1789084857234000000,1789084917231000000,0
jps.global.get.library.ms,1789084857234000000,1789084917231000000,0
workspaceModel.mutableEntityStorage.resolve.ms,1789084857234000000,1789084917231000000,0
workspaceModel.moduleManagerBridge.load.all.modules.ms,1789084857234000000,1789084917231000000,0
jps.module.iml.entities.serializer.load.entities.ms,1789084857234000000,1789084917231000000,0
jps.storage.jps.conf.reader.load.component.ms,1789084857234000000,1789084917231000000,0
compiler.ArtifactManagerBridge.getArtifacts.ms,1789084857234000000,1789084917231000000,0
compiler.ArtifactManagerBridge.initBridges.ms,1789084857234000000,1789084917231000000,0
compiler.ArtifactManagerBridge.getArtifactsByType.ms,1789084857234000000,1789084917231000000,0
compiler.ArtifactManagerBridge.findArtifact.ms,1789084857234000000,1789084917231000000,0
compiler.ArtifactManagerBridge.commit.ms,1789084857234000000,1789084917231000000,0
compiler.ArtifactManagerBridge.dropMappings.ms,1789084857234000000,1789084917231000000,0
compiler.ArtifactVirtualFileListener.filePathChanged.ms,1789084857234000000,1789084917231000000,0
compiler.ArtifactManagerBridge.addArtifact.ms,1789084857234000000,1789084917231000000,0
compiler.ArtifactVirtualFileListener.propertyChanged.ms,1789084857234000000,1789084917231000000,0
cacheStateStorage.get.counter,1789084857234000000,1789084917231000000,0
cacheStateStorage.get.duration,1789084857234000000,1789084917231000000,0
cacheStateStorage.set.duration,1789084857234000000,1789084917231000000,0
cacheStateStorage.set.counter,1789084857234000000,1789084917231000000,0
writeAction.count,1789084857234000000,1789084917231000000,0
writeAction.wait.ms,1789084857234000000,1789084917231000000,0
writeAction.median.wait.ms,1789084857234000000,1789084917231000000,0
writeAction.max.wait.ms,1789084857234000000,1789084917231000000,14
Indexes.allKeys.lookupDurationMaxMs,1789084857234000000,1789084917231000000,0.0
Indexes.entries.lookupDuration90PMs,1789084857234000000,1789084917231000000,0.0
Indexes.allKeys.lookups,1789084857234000000,1789084917231000000,0.0
Indexes.stubs.lookupDurationAvgMs,1789084857234000000,1789084917231000000,0.0
IndexesFlusher.totalFlushingTimeUs,1789084857234000000,1789084917231000000,250518
Indexes.entries.lookupDurationAvgMs,1789084857234000000,1789084917231000000,0.0
IndexesFlusher.totalFlushes,1789084857234000000,1789084917231000000,59
Indexes.stubs.lookups,1789084857234000000,1789084917231000000,0.0
IndexesFlusher.totalContentionQuotaSpent,1789084857234000000,1789084917231000000,0
Indexes.stubs.lookupDurationMaxMs,1789084857234000000,1789084917231000000,0.0
Indexes.entries.lookupDurationMaxMs,1789084857234000000,1789084917231000000,0.0
Indexes.allKeys.lookupDuration90PMs,1789084857234000000,1789084917231000000,0.0
Indexes.stubs.lookupDuration90PMs,1789084857234000000,1789084917231000000,0.0
IndexesFlusher.totalFlushesRetried,1789084857234000000,1789084917231000000,0
Indexes.entries.lookups,1789084857234000000,1789084917231000000,0.0
Indexes.allKeys.lookupDurationAvgMs,1789084857234000000,1789084917231000000,0.0
VFS.fileByIdCache.misses,1789084857234000000,1789084917231000000,0
VFS.fileByIdCache.hits,1789084857234000000,1789084917231000000,0
FileNameCache.totalMisses,1789084857234000000,1789084917231000000,0
VFS.invertedFileNameIndex.requests,1789084857234000000,1789084917231000000,0
VFS.fileChildByName,1789084857234000000,1789084917231000000,0
FileNameCache.queries,1789084857234000000,1789084917231000000,0
workspaceModel.entityStorageSnapshotImpl.instances.count,1789084857234000000,1789084917231000000,0
workspaceModel.cachedValueWithParameters.calculated.ms,1789084857234000000,1789084917231000000,0
workspaceModel.workspaceFileIndexData.visitFileSets.ms,1789084857234000000,1789084917231000000,0
workspaceModel.workspaceFileIndexData.processFileSets.ms,1789084857234000000,1789084917231000000,0
workspaceModel.pre.handlers.ms,1789084857234000000,1789084917231000000,0
workspaceModel.loading.total.ms,1789084857234000000,1789084917231000000,0
workspaceModel.cachedValue.clear.ms,1789084857234000000,1789084917231000000,0
workspaceModel.full.replace.project.model.ms,1789084857234000000,1789084917231000000,0
workspaceModel.collect.changes.ms,1789084857234000000,1789084917231000000,0
workspaceModel.updates.count,1789084857234000000,1789084917231000000,0
workspaceModel.workspaceFileIndexData.updateDirtyEntities.ms,1789084857234000000,1789084917231000000,0
workspaceModel.workspaceFileIndexContributor.registerFileSets.ms,1789084857234000000,1789084917231000000,0
workspaceModel.cachedValueWithParameters.total.get.ms,1789084857234000000,1789084917231000000,0
workspaceModel.workspaceFileIndexData.instances.count,1789084857234000000,1789084917231000000,0
workspaceModel.workspaceFileIndexData.markDirty.ms,1789084857234000000,1789084917231000000,0
workspaceModel.check.recursive.update.ms,1789084857234000000,1789084917231000000,0
workspaceModel.workspaceFileIndexData.getDirectoriesByPackageName.ms,1789084857234000000,1789084917231000000,0
workspaceModel.init.bridges.ms,1789084857234000000,1789084917231000000,0
workspaceModel.updates.ms,1789084857234000000,1789084917231000000,0
workspaceModel.to.snapshot.ms,1789084857234000000,1789084917231000000,0
workspaceModel.updates.precise.ms,1789084857234000000,1789084917231000000,0
workspaceModel.cachedValueWithParameters.clear.ms,1789084857234000000,1789084917231000000,0
workspaceModel.workspaceFileIndexData.onEntitiesChanged.ms,1789084857234000000,1789084917231000000,0
workspaceModel.workspaceFileIndexData.getFileInfo.ms,1789084857234000000,1789084917231000000,0
workspaceModel.initializing.ms,1789084857234000000,1789084917231000000,0
workspaceModel.replace.project.model.ms,1789084857234000000,1789084917231000000,0
workspaceModel.cachedValue.from.cache.ms,1789084857234000000,1789084917231000000,0
workspaceModel.cachedValue.calculated.ms,1789084857234000000,1789084917231000000,0
workspaceModel.cachedValueWithParameters.from.cache.ms,1789084857234000000,1789084917231000000,0
workspaceModel.loading.from.cache.ms,1789084857234000000,1789084917231000000,0
workspaceModel.workspaceFileIndexData.getPackageName.ms,1789084857234000000,1789084917231000000,0
workspaceModel.update.unloaded.entities.ms,1789084857234000000,1789084917231000000,0
workspaceModel.cachedValue.total.get.ms,1789084857234000000,1789084917231000000,0
workspaceModel.workspaceFileIndexData.init.ms,1789084857234000000,1789084917231000000,0
AWTEventQueue.dispatchTimeMaxNs,1789084857234000000,1789084917231000000,746586111
AWTEventQueue.dispatchTime90PNs,1789084857234000000,1789084917231000000,200703
FlushQueue.queueSizeAvg,1789084857234000000,1789084917231000000,0.528023598820059
ReadAction.executionsCount,1789084857234000000,1789084917231000000,255
FlushQueue.executionTime90PNs,1789084857234000000,1789084917231000000,91647
FlushQueue.tasksExecuted,1789084857234000000,1789084917231000000,339
AWTEventQueue.eventsDispatched,1789084857234000000,1789084917231000000,3598
FlushQueue.waitingTimeMaxNs,1789084857234000000,1789084917231000000,696254463
FlushQueue.executionTimeAvgNs,1789084857234000000,1789084917231000000,73423.37463126844
FlushQueue.waitingTimeAvgNs,1789084857234000000,1789084917231000000,1.3936469474926254E7
FlushQueue.executionTimeMaxNs,1789084857234000000,1789084917231000000,4653055
NonBlockingReadAction.finalizedExecutionsCount,1789084857234000000,1789084917231000000,2
NonBlockingReadAction.finalizedExecutionTimeUs,1789084857234000000,1789084917231000000,255
AWTEventQueue.dispatchTimeAvgNs,1789084857234000000,1789084917231000000,321942.33240689273
NonBlockingReadAction.failedExecutionsCount,1789084857234000000,1789084917231000000,0
FlushQueue.queueSizeMax,1789084857234000000,1789084917231000000,7
FlushQueue.queueSize90P,1789084857234000000,1789084917231000000,2
AWTEventQueue.dispatchTimeTotalNS,1789084857234000000,1789084917231000000,1157256530
FlushQueue.waitingTime90PNs,1789084857234000000,1789084917231000000,288767
WriteAction.executionsCount,1789084857234000000,1789084917231000000,0
NonBlockingReadAction.failedExecutionTimeUs,1789084857234000000,1789084917231000000,0
JVM.totalBytesAllocated,1789084917231000000,1789084977227000000,36986280
JVM.newThreadsCount,1789084917231000000,1789084977227000000,0
JVM.usedHeapBytes,1789084917231000000,1789084977227000000,261573424
OS.loadAverage,1789084917231000000,1789084977227000000,3.1708984375
JVM.maxHeapBytes,1789084917231000000,1789084977227000000,2147483648
JVM.totalCpuTimeMs,1789084917231000000,1789084977227000000,3090
JVM.maxThreadCount,1789084917231000000,1789084977227000000,165
JVM.GC.collectionTimesMs,1789084917231000000,1789084977227000000,0
JVM.totalDirectByteBuffersBytes,1789084917231000000,1789084977227000000,233495046
JVM.usedNativeBytes,1789084917231000000,1789084977227000000,295984840
JVM.GC.collections,1789084917231000000,1789084977227000000,0
JVM.threadCount,1789084917231000000,1789084977227000000,56
FilePageCacheLockFree.totalPagesReclaimed,1789084917231000000,1789084977227000000,0
MappedFileStorage.totalPagesMapped,1789084917231000000,1789084977227000000,15
FilePageCacheLockFree.totalPagesHandedOver,1789084917231000000,1789084977227000000,0
FilePageCache.uncachedFileAccess,1789084917231000000,1789084977227000000,0
FilePageCacheLockFree.totalPagesWritten,1789084917231000000,1789084977227000000,0
StreamlinedBlobStorage.totalLiveRecordsCapacityBytes,1789084917231000000,1789084977227000000,0
FilePageCacheLockFree.totalBytesRequested,1789084917231000000,1789084977227000000,0
FilePageCacheLockFree.totalBytesWritten,1789084917231000000,1789084977227000000,0
FilePageCache.pageHits,1789084917231000000,1789084977227000000,0
StorageLockContext.competingThreads.avg,1789084917231000000,1789084977227000000,0.0
FilePageCache.maxRegisteredFiles,1789084917231000000,1789084977227000000,555
FilePageCache.capacityInBytes,1789084917231000000,1789084977227000000,503316478
FilePageCache.totalPageLoadsUs,1789084917231000000,1789084977227000000,0
StreamlinedBlobStorage.totalLiveRecordsPayloadBytes,1789084917231000000,1789084977227000000,0
FilePageCache.totalPageDisposalsUs,1789084917231000000,1789084977227000000,0
StorageLockContext.competingThreads.max,1789084917231000000,1789084977227000000,0
StorageLockContext.competingThreads.90P,1789084917231000000,1789084977227000000,0
FilePageCacheLockFree.totalNativeBytesAllocated,1789084917231000000,1789084977227000000,0
FilePageCacheLockFree.totalNativeBytesReclaimed,1789084917231000000,1789084977227000000,0
FilePageCacheLockFree.totalPagesRequestsMs,1789084917231000000,1789084977227000000,0
FilePageCacheLockFree.heapBytesInUse,1789084917231000000,1789084977227000000,0
FilePageCacheLockFree.nativeBytesInUse,1789084917231000000,1789084977227000000,0
FilePageCacheLockFree.housekeeperTurnsSkipped,1789084917231000000,1789084977227000000,0
FilePageCacheLockFree.totalClosedStoragesReclaimed,1789084917231000000,1789084977227000000,0
FileChannelInterruptsRetryer.totalRetriedAttempts,1789084917231000000,1789084977227000000,0
FilePageCache.disposedBuffers,1789084917231000000,1789084977227000000,0
DirectByteBufferAllocator.hits,1789084917231000000,1789084977227000000,0
DirectByteBufferAllocator.totalSizeOfBuffersAllocatedInBytes,1789084917231000000,1789084977227000000,231751680
FilePageCacheLockFree.housekeeperTimeSpentMs,1789084917231000000,1789084977227000000,0
MappedFileStorage.totalTimeSpentOnMappingUs,1789084917231000000,1789084977227000000,9841
FilePageCacheLockFree.housekeeperTurnsDone,1789084917231000000,1789084977227000000,0
MappedFileStorage.totalBytesMapped,1789084917231000000,1789084977227000000,198443008
DirectByteBufferAllocator.misses,1789084917231000000,1789084977227000000,0
MappedFileStorage.storages,1789084917231000000,1789084977227000000,15
StreamlinedBlobStorage.recordsRelocated,1789084917231000000,1789084977227000000,0
StreamlinedBlobStorage.recordsDeleted,1789084917231000000,1789084977227000000,0
FilePageCache.pageLoads,1789084917231000000,1789084977227000000,0
FilePageCache.pageFastCacheHits,1789084917231000000,1789084977227000000,0
FilePageCacheLockFree.totalPageAllocationsWaited,1789084917231000000,1789084977227000000,0
FilePageCache.maxCacheSizeInBytes,1789084917231000000,1789084977227000000,231751680
FilePageCacheLockFree.totalBytesRead,1789084917231000000,1789084977227000000,0
DirectByteBufferAllocator.disposed,1789084917231000000,1789084977227000000,0
FilePageCacheLockFree.totalPagesWriteMs,1789084917231000000,1789084977227000000,0
FilePageCache.pageLoadsAboveSizeThreshold,1789084917231000000,1789084977227000000,0
FilePageCacheLockFree.totalPagesReadMs,1789084917231000000,1789084977227000000,0
FilePageCacheLockFree.totalHeapBytesReclaimed,1789084917231000000,1789084977227000000,0
FilePageCacheLockFree.totalPagesAllocated,1789084917231000000,1789084977227000000,0
FilePageCacheLockFree.totalPagesRequested,1789084917231000000,1789084977227000000,0
DirectByteBufferAllocator.reclaimed,1789084917231000000,1789084977227000000,0
FilePageCacheLockFree.totalHeapBytesAllocated,1789084917231000000,1789084977227000000,0
DirectByteBufferAllocator.totalSizeOfBuffersCachedInBytes,1789084917231000000,1789084977227000000,0
StreamlinedBlobStorage.recordsAllocated,1789084917231000000,1789084977227000000,0
workspaceModel.moduleManagerBridge.load.module.ms,1789084917231000000,1789084977227000000,0
workspaceModel.moduleManagerBridge.build.module.graph.ms,1789084917231000000,1789084977227000000,0
workspaceModel.moduleManagerBridge.set.unloadedModules.ms,1789084917231000000,1789084977227000000,0
workspaceModel.mutableEntityStorage.has.same.entities.ms,1789084917231000000,1789084977227000000,0
jps.reload.project.entities.ms,1789084917231000000,1789084977227000000,0
workspaceModel.global.updates.ms,1789084917231000000,1789084977227000000,0
jps.global.initialize.library.bridges.after.loading.ms,1789084917231000000,1789084977227000000,0
workspaceModel.mutableEntityStorage.to.snapshot.ms,1789084917231000000,1789084977227000000,0
jps.save.global.entities.ms,1789084917231000000,1789084977227000000,0
workspaceModel.mutableEntityStorage.referrers.ms,1789084917231000000,1789084977227000000,0
jps.app.storage.content.writer.save.component.ms,1789084917231000000,1789084977227000000,0
jps.save.changed.project.entities.ms,1789084917231000000,1789084977227000000,0
jps.facet.change.listener.before.change.events.ms,1789084917231000000,1789084977227000000,0
workspaceModel.mutableEntityStorage.collect.changes.ms,1789084917231000000,1789084977227000000,0
jps.artifact.entities.serializer.save.entities.ms,1789084917231000000,1789084977227000000,0
workspaceModel.global.apply.state.to.project.builder.ms,1789084917231000000,1789084977227000000,0
jps.apply.loaded.storage.ms,1789084917231000000,1789084977227000000,0
jps.global.get.libraries.ms,1789084917231000000,1789084977227000000,0
workspaceModel.moduleBridge.before.changed.ms,1789084917231000000,1789084977227000000,0
workspaceModel.moduleManagerBridge.newModule.ms,1789084917231000000,1789084977227000000,0
workspaceModel.mutableEntityStorage.replace.by.source.ms,1789084917231000000,1789084977227000000,0
workspaceModel.orphan.listener.update.ms,1789084917231000000,1789084977227000000,0
workspaceModel.mutableEntityStorage.entities.ms,1789084917231000000,1789084977227000000,0
workspaceModel.moduleManagerBridge.get.modules.ms,1789084917231000000,1789084977227000000,0
workspaceModel.mutableEntityStorage.mutable.vfurl.index.ms,1789084917231000000,1789084977227000000,0
workspaceModel.mutableEntityStorage.mutable.ext.mapping.ms,1789084917231000000,1789084977227000000,0
workspaceModel.delayed.project.synchronizer.sync.ms,1789084917231000000,1789084977227000000,0
jps.app.storage.content.reader.load.component.ms,1789084917231000000,1789084977227000000,0
workspaceModel.do.save.caches.ms,1789084917231000000,1789084977227000000,0
jps.artifact.entities.serializer.load.entities.ms,1789084917231000000,1789084977227000000,0
workspaceModel.load.cache.metadata.from.file.ms,1789084917231000000,1789084977227000000,0
workspaceModel.moduleBridge.facet.initialization.ms,1789084917231000000,1789084977227000000,0
workspaceModel.mutableEntityStorage.add.entity.ms,1789084917231000000,1789084977227000000,0
jps.facet.change.listener.process.change.events.ms,1789084917231000000,1789084977227000000,0
workspaceModel.mutableEntityStorage.apply.changes.from.ms,1789084917231000000,1789084977227000000,0
workspaceModel.mutableEntityStorage.remove.entity.ms,1789084917231000000,1789084977227000000,0
workspaceModel.mutableEntityStorage.entities.by.source.ms,1789084917231000000,1789084977227000000,0
workspaceModel.global.apply.state.to.project.ms,1789084917231000000,1789084977227000000,0
workspaceModel.moduleBridge.update.option.ms,1789084917231000000,1789084977227000000,0
jps.library.entities.serializer.save.entities.ms,1789084917231000000,1789084977227000000,0
jps.global.initialize.library.bridges.ms,1789084917231000000,1789084977227000000,0
jps.module.iml.entities.serializer.save.entities.ms,1789084917231000000,1789084977227000000,0
jps.global.get.library.by.name.ms,1789084917231000000,1789084977227000000,0
workspaceModel.moduleManagerBridge.new.nonPersistent.module.ms,1789084917231000000,1789084977227000000,0
workspaceModel.sync.entities.ms,1789084917231000000,1789084977227000000,0
workspaceModel.load.cache.from.file.ms,1789084917231000000,1789084977227000000,0
jps.project.serializers.load.ms,1789084917231000000,1789084977227000000,0
jps.global.handle.changed.events.ms,1789084917231000000,1789084977227000000,0
workspaceModel.global.updates.count,1789084917231000000,1789084977227000000,0
workspaceModel.mutableEntityStorage.instances.count,1789084917231000000,1789084977227000000,0
workspaceModel.mutableEntityStorage.put.entity.ms,1789084917231000000,1789084977227000000,0
jps.project.serializers.save.ms,1789084917231000000,1789084977227000000,0
jps.global.handle.before.change.events.ms,1789084917231000000,1789084977227000000,0
workspaceModel.mutableEntityStorage.modify.entity.ms,1789084917231000000,1789084977227000000,0
workspaceModel.save.cache.to.file.ms,1789084917231000000,1789084977227000000,0
workspaceModel.moduleManagerBridge.create.module.instance.ms,1789084917231000000,1789084977227000000,0
workspaceModel.moduleBridgeLoader.loading.modules.ms,1789084917231000000,1789084977227000000,0
jps.library.entities.serializer.load.entities.ms,1789084917231000000,1789084977227000000,0
jps.load.initial.state.ms,1789084917231000000,1789084977227000000,0
jps.facet.change.listener.init.bridge.ms,1789084917231000000,1789084977227000000,0
jps.load.project.to.empty.storage.ms,1789084917231000000,1789084977227000000,0
jps.global.get.library.ms,1789084917231000000,1789084977227000000,0
workspaceModel.mutableEntityStorage.resolve.ms,1789084917231000000,1789084977227000000,0
workspaceModel.moduleManagerBridge.load.all.modules.ms,1789084917231000000,1789084977227000000,0
jps.module.iml.entities.serializer.load.entities.ms,1789084917231000000,1789084977227000000,0
jps.storage.jps.conf.reader.load.component.ms,1789084917231000000,1789084977227000000,0
compiler.ArtifactManagerBridge.getArtifacts.ms,1789084917231000000,1789084977227000000,0
compiler.ArtifactManagerBridge.initBridges.ms,1789084917231000000,1789084977227000000,0
compiler.ArtifactManagerBridge.getArtifactsByType.ms,1789084917231000000,1789084977227000000,0
compiler.ArtifactManagerBridge.findArtifact.ms,1789084917231000000,1789084977227000000,0
compiler.ArtifactManagerBridge.commit.ms,1789084917231000000,1789084977227000000,0
compiler.ArtifactManagerBridge.dropMappings.ms,1789084917231000000,1789084977227000000,0
compiler.ArtifactVirtualFileListener.filePathChanged.ms,1789084917231000000,1789084977227000000,0
compiler.ArtifactManagerBridge.addArtifact.ms,1789084917231000000,1789084977227000000,0
compiler.ArtifactVirtualFileListener.propertyChanged.ms,1789084917231000000,1789084977227000000,0
cacheStateStorage.get.counter,1789084917231000000,1789084977227000000,0
cacheStateStorage.get.duration,1789084917231000000,1789084977227000000,0
cacheStateStorage.set.duration,1789084917231000000,1789084977227000000,0
cacheStateStorage.set.counter,1789084917231000000,1789084977227000000,0
writeAction.count,1789084917231000000,1789084977227000000,0
writeAction.wait.ms,1789084917231000000,1789084977227000000,0
writeAction.median.wait.ms,1789084917231000000,1789084977227000000,0
writeAction.max.wait.ms,1789084917231000000,1789084977227000000,14
Indexes.allKeys.lookupDurationMaxMs,1789084917231000000,1789084977227000000,0.0
Indexes.entries.lookupDuration90PMs,1789084917231000000,1789084977227000000,0.0
Indexes.allKeys.lookups,1789084917231000000,1789084977227000000,0.0
Indexes.stubs.lookupDurationAvgMs,1789084917231000000,1789084977227000000,0.0
IndexesFlusher.totalFlushingTimeUs,1789084917231000000,1789084977227000000,283427
Indexes.entries.lookupDurationAvgMs,1789084917231000000,1789084977227000000,0.0
IndexesFlusher.totalFlushes,1789084917231000000,1789084977227000000,59
Indexes.stubs.lookups,1789084917231000000,1789084977227000000,0.0
IndexesFlusher.totalContentionQuotaSpent,1789084917231000000,1789084977227000000,0
Indexes.stubs.lookupDurationMaxMs,1789084917231000000,1789084977227000000,0.0
Indexes.entries.lookupDurationMaxMs,1789084917231000000,1789084977227000000,0.0
Indexes.allKeys.lookupDuration90PMs,1789084917231000000,1789084977227000000,0.0
Indexes.stubs.lookupDuration90PMs,1789084917231000000,1789084977227000000,0.0
IndexesFlusher.totalFlushesRetried,1789084917231000000,1789084977227000000,0
Indexes.entries.lookups,1789084917231000000,1789084977227000000,0.0
Indexes.allKeys.lookupDurationAvgMs,1789084917231000000,1789084977227000000,0.0
VFS.fileByIdCache.misses,1789084917231000000,1789084977227000000,0
VFS.fileByIdCache.hits,1789084917231000000,1789084977227000000,0
FileNameCache.totalMisses,1789084917231000000,1789084977227000000,0
VFS.invertedFileNameIndex.requests,1789084917231000000,1789084977227000000,0
VFS.fileChildByName,1789084917231000000,1789084977227000000,0
FileNameCache.queries,1789084917231000000,1789084977227000000,0
workspaceModel.entityStorageSnapshotImpl.instances.count,1789084917231000000,1789084977227000000,0
workspaceModel.cachedValueWithParameters.calculated.ms,1789084917231000000,1789084977227000000,0
workspaceModel.workspaceFileIndexData.visitFileSets.ms,1789084917231000000,1789084977227000000,0
workspaceModel.workspaceFileIndexData.processFileSets.ms,1789084917231000000,1789084977227000000,0
workspaceModel.pre.handlers.ms,1789084917231000000,1789084977227000000,0
workspaceModel.loading.total.ms,1789084917231000000,1789084977227000000,0
workspaceModel.cachedValue.clear.ms,1789084917231000000,1789084977227000000,0
workspaceModel.full.replace.project.model.ms,1789084917231000000,1789084977227000000,0
workspaceModel.collect.changes.ms,1789084917231000000,1789084977227000000,0
workspaceModel.updates.count,1789084917231000000,1789084977227000000,0
workspaceModel.workspaceFileIndexData.updateDirtyEntities.ms,1789084917231000000,1789084977227000000,0
workspaceModel.workspaceFileIndexContributor.registerFileSets.ms,1789084917231000000,1789084977227000000,0
workspaceModel.cachedValueWithParameters.total.get.ms,1789084917231000000,1789084977227000000,0
workspaceModel.workspaceFileIndexData.instances.count,1789084917231000000,1789084977227000000,0
workspaceModel.workspaceFileIndexData.markDirty.ms,1789084917231000000,1789084977227000000,0
workspaceModel.check.recursive.update.ms,1789084917231000000,1789084977227000000,0
workspaceModel.workspaceFileIndexData.getDirectoriesByPackageName.ms,1789084917231000000,1789084977227000000,0
workspaceModel.init.bridges.ms,1789084917231000000,1789084977227000000,0
workspaceModel.updates.ms,1789084917231000000,1789084977227000000,0
workspaceModel.to.snapshot.ms,1789084917231000000,1789084977227000000,0
workspaceModel.updates.precise.ms,1789084917231000000,1789084977227000000,0
workspaceModel.cachedValueWithParameters.clear.ms,1789084917231000000,1789084977227000000,0
workspaceModel.workspaceFileIndexData.onEntitiesChanged.ms,1789084917231000000,1789084977227000000,0
workspaceModel.workspaceFileIndexData.getFileInfo.ms,1789084917231000000,1789084977227000000,0
workspaceModel.initializing.ms,1789084917231000000,1789084977227000000,0
workspaceModel.replace.project.model.ms,1789084917231000000,1789084977227000000,0
workspaceModel.cachedValue.from.cache.ms,1789084917231000000,1789084977227000000,0
workspaceModel.cachedValue.calculated.ms,1789084917231000000,1789084977227000000,0
workspaceModel.cachedValueWithParameters.from.cache.ms,1789084917231000000,1789084977227000000,0
workspaceModel.loading.from.cache.ms,1789084917231000000,1789084977227000000,0
workspaceModel.workspaceFileIndexData.getPackageName.ms,1789084917231000000,1789084977227000000,0
workspaceModel.update.unloaded.entities.ms,1789084917231000000,1789084977227000000,0
workspaceModel.cachedValue.total.get.ms,1789084917231000000,1789084977227000000,0
workspaceModel.workspaceFileIndexData.init.ms,1789084917231000000,1789084977227000000,0
AWTEventQueue.dispatchTimeMaxNs,1789084917231000000,1789084977227000000,5439487
AWTEventQueue.dispatchTime90PNs,1789084917231000000,1789084977227000000,184319
FlushQueue.queueSizeAvg,1789084917231000000,1789084977227000000,0.03305785123966942
ReadAction.executionsCount,1789084917231000000,1789084977227000000,0
FlushQueue.executionTime90PNs,1789084917231000000,1789084977227000000,72703
FlushQueue.tasksExecuted,1789084917231000000,1789084977227000000,242
AWTEventQueue.eventsDispatched,1789084917231000000,1789084977227000000,3593
FlushQueue.waitingTimeMaxNs,1789084917231000000,1789084977227000000,481279
FlushQueue.executionTimeAvgNs,1789084917231000000,1789084977227000000,41787.96694214876
FlushQueue.waitingTimeAvgNs,1789084917231000000,1789084977227000000,164656.13223140495
FlushQueue.executionTimeMaxNs,1789084917231000000,1789084977227000000,1523711
NonBlockingReadAction.finalizedExecutionsCount,1789084917231000000,1789084977227000000,0
NonBlockingReadAction.finalizedExecutionTimeUs,1789084917231000000,1789084977227000000,0
AWTEventQueue.dispatchTimeAvgNs,1789084917231000000,1789084977227000000,95443.9053715558
NonBlockingReadAction.failedExecutionsCount,1789084917231000000,1789084977227000000,0
FlushQueue.queueSizeMax,1789084917231000000,1789084977227000000,1
FlushQueue.queueSize90P,1789084917231000000,1789084977227000000,0
AWTEventQueue.dispatchTimeTotalNS,1789084917231000000,1789084977227000000,342955217
FlushQueue.waitingTime90PNs,1789084917231000000,1789084977227000000,233471
WriteAction.executionsCount,1789084917231000000,1789084977227000000,0
NonBlockingReadAction.failedExecutionTimeUs,1789084917231000000,1789084977227000000,0
JVM.totalBytesAllocated,1789084977227000000,1789085037228000000,62967496
JVM.newThreadsCount,1789084977227000000,1789085037228000000,8
JVM.usedHeapBytes,1789084977227000000,1789085037228000000,325536560
OS.loadAverage,1789084977227000000,1789085037228000000,2.62109375
JVM.maxHeapBytes,1789084977227000000,1789085037228000000,2147483648
JVM.totalCpuTimeMs,1789084977227000000,1789085037228000000,4254
JVM.maxThreadCount,1789084977227000000,1789085037228000000,165
JVM.GC.collectionTimesMs,1789084977227000000,1789085037228000000,0
JVM.totalDirectByteBuffersBytes,1789084977227000000,1789085037228000000,233499234
JVM.usedNativeBytes,1789084977227000000,1789085037228000000,306603752
JVM.GC.collections,1789084977227000000,1789085037228000000,0
JVM.threadCount,1789084977227000000,1789085037228000000,63
FilePageCacheLockFree.totalPagesReclaimed,1789084977227000000,1789085037228000000,0
MappedFileStorage.totalPagesMapped,1789084977227000000,1789085037228000000,15
FilePageCacheLockFree.totalPagesHandedOver,1789084977227000000,1789085037228000000,0
FilePageCache.uncachedFileAccess,1789084977227000000,1789085037228000000,0
FilePageCacheLockFree.totalPagesWritten,1789084977227000000,1789085037228000000,0
StreamlinedBlobStorage.totalLiveRecordsCapacityBytes,1789084977227000000,1789085037228000000,0
FilePageCacheLockFree.totalBytesRequested,1789084977227000000,1789085037228000000,0
FilePageCacheLockFree.totalBytesWritten,1789084977227000000,1789085037228000000,0
FilePageCache.pageHits,1789084977227000000,1789085037228000000,0
StorageLockContext.competingThreads.avg,1789084977227000000,1789085037228000000,0.0
FilePageCache.maxRegisteredFiles,1789084977227000000,1789085037228000000,555
FilePageCache.capacityInBytes,1789084977227000000,1789085037228000000,503316478
FilePageCache.totalPageLoadsUs,1789084977227000000,1789085037228000000,0
StreamlinedBlobStorage.totalLiveRecordsPayloadBytes,1789084977227000000,1789085037228000000,0
FilePageCache.totalPageDisposalsUs,1789084977227000000,1789085037228000000,0
StorageLockContext.competingThreads.max,1789084977227000000,1789085037228000000,0
StorageLockContext.competingThreads.90P,1789084977227000000,1789085037228000000,0
FilePageCacheLockFree.totalNativeBytesAllocated,1789084977227000000,1789085037228000000,0
FilePageCacheLockFree.totalNativeBytesReclaimed,1789084977227000000,1789085037228000000,0
FilePageCacheLockFree.totalPagesRequestsMs,1789084977227000000,1789085037228000000,0
FilePageCacheLockFree.heapBytesInUse,1789084977227000000,1789085037228000000,0
FilePageCacheLockFree.nativeBytesInUse,1789084977227000000,1789085037228000000,0
FilePageCacheLockFree.housekeeperTurnsSkipped,1789084977227000000,1789085037228000000,0
FilePageCacheLockFree.totalClosedStoragesReclaimed,1789084977227000000,1789085037228000000,0
FileChannelInterruptsRetryer.totalRetriedAttempts,1789084977227000000,1789085037228000000,0
FilePageCache.disposedBuffers,1789084977227000000,1789085037228000000,0
DirectByteBufferAllocator.hits,1789084977227000000,1789085037228000000,0
DirectByteBufferAllocator.totalSizeOfBuffersAllocatedInBytes,1789084977227000000,1789085037228000000,231751680
FilePageCacheLockFree.housekeeperTimeSpentMs,1789084977227000000,1789085037228000000,0
MappedFileStorage.totalTimeSpentOnMappingUs,1789084977227000000,1789085037228000000,9841
FilePageCacheLockFree.housekeeperTurnsDone,1789084977227000000,1789085037228000000,0
MappedFileStorage.totalBytesMapped,1789084977227000000,1789085037228000000,198443008
DirectByteBufferAllocator.misses,1789084977227000000,1789085037228000000,0
MappedFileStorage.storages,1789084977227000000,1789085037228000000,15
StreamlinedBlobStorage.recordsRelocated,1789084977227000000,1789085037228000000,0
StreamlinedBlobStorage.recordsDeleted,1789084977227000000,1789085037228000000,0
FilePageCache.pageLoads,1789084977227000000,1789085037228000000,0
FilePageCache.pageFastCacheHits,1789084977227000000,1789085037228000000,0
FilePageCacheLockFree.totalPageAllocationsWaited,1789084977227000000,1789085037228000000,0
FilePageCache.maxCacheSizeInBytes,1789084977227000000,1789085037228000000,231751680
FilePageCacheLockFree.totalBytesRead,1789084977227000000,1789085037228000000,0
DirectByteBufferAllocator.disposed,1789084977227000000,1789085037228000000,0
FilePageCacheLockFree.totalPagesWriteMs,1789084977227000000,1789085037228000000,0
FilePageCache.pageLoadsAboveSizeThreshold,1789084977227000000,1789085037228000000,0
FilePageCacheLockFree.totalPagesReadMs,1789084977227000000,1789085037228000000,0
FilePageCacheLockFree.totalHeapBytesReclaimed,1789084977227000000,1789085037228000000,0
FilePageCacheLockFree.totalPagesAllocated,1789084977227000000,1789085037228000000,0
FilePageCacheLockFree.totalPagesRequested,1789084977227000000,1789085037228000000,0
DirectByteBufferAllocator.reclaimed,1789084977227000000,1789085037228000000,0
FilePageCacheLockFree.totalHeapBytesAllocated,1789084977227000000,1789085037228000000,0
DirectByteBufferAllocator.totalSizeOfBuffersCachedInBytes,1789084977227000000,1789085037228000000,0
StreamlinedBlobStorage.recordsAllocated,1789084977227000000,1789085037228000000,0
workspaceModel.moduleManagerBridge.load.module.ms,1789084977227000000,1789085037228000000,0
workspaceModel.moduleManagerBridge.build.module.graph.ms,1789084977227000000,1789085037228000000,0
workspaceModel.moduleManagerBridge.set.unloadedModules.ms,1789084977227000000,1789085037228000000,0
workspaceModel.mutableEntityStorage.has.same.entities.ms,1789084977227000000,1789085037228000000,0
jps.reload.project.entities.ms,1789084977227000000,1789085037228000000,0
workspaceModel.global.updates.ms,1789084977227000000,1789085037228000000,0
jps.global.initialize.library.bridges.after.loading.ms,1789084977227000000,1789085037228000000,0
workspaceModel.mutableEntityStorage.to.snapshot.ms,1789084977227000000,1789085037228000000,0
jps.save.global.entities.ms,1789084977227000000,1789085037228000000,0
workspaceModel.mutableEntityStorage.referrers.ms,1789084977227000000,1789085037228000000,0
jps.app.storage.content.writer.save.component.ms,1789084977227000000,1789085037228000000,0
jps.save.changed.project.entities.ms,1789084977227000000,1789085037228000000,0
jps.facet.change.listener.before.change.events.ms,1789084977227000000,1789085037228000000,0
workspaceModel.mutableEntityStorage.collect.changes.ms,1789084977227000000,1789085037228000000,0
jps.artifact.entities.serializer.save.entities.ms,1789084977227000000,1789085037228000000,0
workspaceModel.global.apply.state.to.project.builder.ms,1789084977227000000,1789085037228000000,0
jps.apply.loaded.storage.ms,1789084977227000000,1789085037228000000,0
jps.global.get.libraries.ms,1789084977227000000,1789085037228000000,0
workspaceModel.moduleBridge.before.changed.ms,1789084977227000000,1789085037228000000,0
workspaceModel.moduleManagerBridge.newModule.ms,1789084977227000000,1789085037228000000,0
workspaceModel.mutableEntityStorage.replace.by.source.ms,1789084977227000000,1789085037228000000,0
workspaceModel.orphan.listener.update.ms,1789084977227000000,1789085037228000000,0
workspaceModel.mutableEntityStorage.entities.ms,1789084977227000000,1789085037228000000,0
workspaceModel.moduleManagerBridge.get.modules.ms,1789084977227000000,1789085037228000000,0
workspaceModel.mutableEntityStorage.mutable.vfurl.index.ms,1789084977227000000,1789085037228000000,0
workspaceModel.mutableEntityStorage.mutable.ext.mapping.ms,1789084977227000000,1789085037228000000,0
workspaceModel.delayed.project.synchronizer.sync.ms,1789084977227000000,1789085037228000000,0
jps.app.storage.content.reader.load.component.ms,1789084977227000000,1789085037228000000,0
workspaceModel.do.save.caches.ms,1789084977227000000,1789085037228000000,0
jps.artifact.entities.serializer.load.entities.ms,1789084977227000000,1789085037228000000,0
workspaceModel.load.cache.metadata.from.file.ms,1789084977227000000,1789085037228000000,0
workspaceModel.moduleBridge.facet.initialization.ms,1789084977227000000,1789085037228000000,0
workspaceModel.mutableEntityStorage.add.entity.ms,1789084977227000000,1789085037228000000,0
jps.facet.change.listener.process.change.events.ms,1789084977227000000,1789085037228000000,0
workspaceModel.mutableEntityStorage.apply.changes.from.ms,1789084977227000000,1789085037228000000,0
workspaceModel.mutableEntityStorage.remove.entity.ms,1789084977227000000,1789085037228000000,0
workspaceModel.mutableEntityStorage.entities.by.source.ms,1789084977227000000,1789085037228000000,0
workspaceModel.global.apply.state.to.project.ms,1789084977227000000,1789085037228000000,0
workspaceModel.moduleBridge.update.option.ms,1789084977227000000,1789085037228000000,0
jps.library.entities.serializer.save.entities.ms,1789084977227000000,1789085037228000000,0
jps.global.initialize.library.bridges.ms,1789084977227000000,1789085037228000000,0
jps.module.iml.entities.serializer.save.entities.ms,1789084977227000000,1789085037228000000,0
jps.global.get.library.by.name.ms,1789084977227000000,1789085037228000000,0
workspaceModel.moduleManagerBridge.new.nonPersistent.module.ms,1789084977227000000,1789085037228000000,0
workspaceModel.sync.entities.ms,1789084977227000000,1789085037228000000,0
workspaceModel.load.cache.from.file.ms,1789084977227000000,1789085037228000000,0
jps.project.serializers.load.ms,1789084977227000000,1789085037228000000,0
jps.global.handle.changed.events.ms,1789084977227000000,1789085037228000000,0
workspaceModel.global.updates.count,1789084977227000000,1789085037228000000,0
workspaceModel.mutableEntityStorage.instances.count,1789084977227000000,1789085037228000000,0
workspaceModel.mutableEntityStorage.put.entity.ms,1789084977227000000,1789085037228000000,0
jps.project.serializers.save.ms,1789084977227000000,1789085037228000000,0
jps.global.handle.before.change.events.ms,1789084977227000000,1789085037228000000,0
workspaceModel.mutableEntityStorage.modify.entity.ms,1789084977227000000,1789085037228000000,0
workspaceModel.save.cache.to.file.ms,1789084977227000000,1789085037228000000,0
workspaceModel.moduleManagerBridge.create.module.instance.ms,1789084977227000000,1789085037228000000,0
workspaceModel.moduleBridgeLoader.loading.modules.ms,1789084977227000000,1789085037228000000,0
jps.library.entities.serializer.load.entities.ms,1789084977227000000,1789085037228000000,0
jps.load.initial.state.ms,1789084977227000000,1789085037228000000,0
jps.facet.change.listener.init.bridge.ms,1789084977227000000,1789085037228000000,0
jps.load.project.to.empty.storage.ms,1789084977227000000,1789085037228000000,0
jps.global.get.library.ms,1789084977227000000,1789085037228000000,0
workspaceModel.mutableEntityStorage.resolve.ms,1789084977227000000,1789085037228000000,0
workspaceModel.moduleManagerBridge.load.all.modules.ms,1789084977227000000,1789085037228000000,0
jps.module.iml.entities.serializer.load.entities.ms,1789084977227000000,1789085037228000000,0
jps.storage.jps.conf.reader.load.component.ms,1789084977227000000,1789085037228000000,0
compiler.ArtifactManagerBridge.getArtifacts.ms,1789084977227000000,1789085037228000000,0
compiler.ArtifactManagerBridge.initBridges.ms,1789084977227000000,1789085037228000000,0
compiler.ArtifactManagerBridge.getArtifactsByType.ms,1789084977227000000,1789085037228000000,0
compiler.ArtifactManagerBridge.findArtifact.ms,1789084977227000000,1789085037228000000,0
compiler.ArtifactManagerBridge.commit.ms,1789084977227000000,1789085037228000000,0
compiler.ArtifactManagerBridge.dropMappings.ms,1789084977227000000,1789085037228000000,0
compiler.ArtifactVirtualFileListener.filePathChanged.ms,1789084977227000000,1789085037228000000,0
compiler.ArtifactManagerBridge.addArtifact.ms,1789084977227000000,1789085037228000000,0
compiler.ArtifactVirtualFileListener.propertyChanged.ms,1789084977227000000,1789085037228000000,0
cacheStateStorage.get.counter,1789084977227000000,1789085037228000000,0
cacheStateStorage.get.duration,1789084977227000000,1789085037228000000,0
cacheStateStorage.set.duration,1789084977227000000,1789085037228000000,0
cacheStateStorage.set.counter,1789084977227000000,1789085037228000000,0
writeAction.count,1789084977227000000,1789085037228000000,0
writeAction.wait.ms,1789084977227000000,1789085037228000000,0
writeAction.median.wait.ms,1789084977227000000,1789085037228000000,0
writeAction.max.wait.ms,1789084977227000000,1789085037228000000,14
Indexes.allKeys.lookupDurationMaxMs,1789084977227000000,1789085037228000000,0.0
Indexes.entries.lookupDuration90PMs,1789084977227000000,1789085037228000000,0.0
Indexes.allKeys.lookups,1789084977227000000,1789085037228000000,0.0
Indexes.stubs.lookupDurationAvgMs,1789084977227000000,1789085037228000000,0.0
IndexesFlusher.totalFlushingTimeUs,1789084977227000000,1789085037228000000,268372
Indexes.entries.lookupDurationAvgMs,1789084977227000000,1789085037228000000,0.0
IndexesFlusher.totalFlushes,1789084977227000000,1789085037228000000,59
Indexes.stubs.lookups,1789084977227000000,1789085037228000000,0.0
IndexesFlusher.totalContentionQuotaSpent,1789084977227000000,1789085037228000000,0
Indexes.stubs.lookupDurationMaxMs,1789084977227000000,1789085037228000000,0.0
Indexes.entries.lookupDurationMaxMs,1789084977227000000,1789085037228000000,0.0
Indexes.allKeys.lookupDuration90PMs,1789084977227000000,1789085037228000000,0.0
Indexes.stubs.lookupDuration90PMs,1789084977227000000,1789085037228000000,0.0
IndexesFlusher.totalFlushesRetried,1789084977227000000,1789085037228000000,0
Indexes.entries.lookups,1789084977227000000,1789085037228000000,1.0
Indexes.allKeys.lookupDurationAvgMs,1789084977227000000,1789085037228000000,0.0
VFS.fileByIdCache.misses,1789084977227000000,1789085037228000000,0
VFS.fileByIdCache.hits,1789084977227000000,1789085037228000000,0
FileNameCache.totalMisses,1789084977227000000,1789085037228000000,0
VFS.invertedFileNameIndex.requests,1789084977227000000,1789085037228000000,1
VFS.fileChildByName,1789084977227000000,1789085037228000000,90
FileNameCache.queries,1789084977227000000,1789085037228000000,0
workspaceModel.entityStorageSnapshotImpl.instances.count,1789084977227000000,1789085037228000000,0
workspaceModel.cachedValueWithParameters.calculated.ms,1789084977227000000,1789085037228000000,0
workspaceModel.workspaceFileIndexData.visitFileSets.ms,1789084977227000000,1789085037228000000,0
workspaceModel.workspaceFileIndexData.processFileSets.ms,1789084977227000000,1789085037228000000,0
workspaceModel.pre.handlers.ms,1789084977227000000,1789085037228000000,0
workspaceModel.loading.total.ms,1789084977227000000,1789085037228000000,0
workspaceModel.cachedValue.clear.ms,1789084977227000000,1789085037228000000,0
workspaceModel.full.replace.project.model.ms,1789084977227000000,1789085037228000000,0
workspaceModel.collect.changes.ms,1789084977227000000,1789085037228000000,0
workspaceModel.updates.count,1789084977227000000,1789085037228000000,0
workspaceModel.workspaceFileIndexData.updateDirtyEntities.ms,1789084977227000000,1789085037228000000,0
workspaceModel.workspaceFileIndexContributor.registerFileSets.ms,1789084977227000000,1789085037228000000,0
workspaceModel.cachedValueWithParameters.total.get.ms,1789084977227000000,1789085037228000000,0
workspaceModel.workspaceFileIndexData.instances.count,1789084977227000000,1789085037228000000,0
workspaceModel.workspaceFileIndexData.markDirty.ms,1789084977227000000,1789085037228000000,0
workspaceModel.check.recursive.update.ms,1789084977227000000,1789085037228000000,0
workspaceModel.workspaceFileIndexData.getDirectoriesByPackageName.ms,1789084977227000000,1789085037228000000,0
workspaceModel.init.bridges.ms,1789084977227000000,1789085037228000000,0
workspaceModel.updates.ms,1789084977227000000,1789085037228000000,0
workspaceModel.to.snapshot.ms,1789084977227000000,1789085037228000000,0
workspaceModel.updates.precise.ms,1789084977227000000,1789085037228000000,0
workspaceModel.cachedValueWithParameters.clear.ms,1789084977227000000,1789085037228000000,0
workspaceModel.workspaceFileIndexData.onEntitiesChanged.ms,1789084977227000000,1789085037228000000,0
workspaceModel.workspaceFileIndexData.getFileInfo.ms,1789084977227000000,1789085037228000000,3
workspaceModel.initializing.ms,1789084977227000000,1789085037228000000,0
workspaceModel.replace.project.model.ms,1789084977227000000,1789085037228000000,0
workspaceModel.cachedValue.from.cache.ms,1789084977227000000,1789085037228000000,0
workspaceModel.cachedValue.calculated.ms,1789084977227000000,1789085037228000000,0
workspaceModel.cachedValueWithParameters.from.cache.ms,1789084977227000000,1789085037228000000,0
workspaceModel.loading.from.cache.ms,1789084977227000000,1789085037228000000,0
workspaceModel.workspaceFileIndexData.getPackageName.ms,1789084977227000000,1789085037228000000,0
workspaceModel.update.unloaded.entities.ms,1789084977227000000,1789085037228000000,0
workspaceModel.cachedValue.total.get.ms,1789084977227000000,1789085037228000000,0
workspaceModel.workspaceFileIndexData.init.ms,1789084977227000000,1789085037228000000,0
AWTEventQueue.dispatchTimeMaxNs,1789084977227000000,1789085037228000000,5177343
AWTEventQueue.dispatchTime90PNs,1789084977227000000,1789085037228000000,172031
FlushQueue.queueSizeAvg,1789084977227000000,1789085037228000000,0.11026615969581749
ReadAction.executionsCount,1789084977227000000,1789085037228000000,247
FlushQueue.executionTime90PNs,1789084977227000000,1789085037228000000,70655
FlushQueue.tasksExecuted,1789084977227000000,1789085037228000000,263
AWTEventQueue.eventsDispatched,1789084977227000000,1789085037228000000,3604
FlushQueue.waitingTimeMaxNs,1789084977227000000,1789085037228000000,716799
FlushQueue.executionTimeAvgNs,1789084977227000000,1789085037228000000,49120.243346007606
FlushQueue.waitingTimeAvgNs,1789084977227000000,1789085037228000000,174247.6349809886
FlushQueue.executionTimeMaxNs,1789084977227000000,1789085037228000000,1376255
NonBlockingReadAction.finalizedExecutionsCount,1789084977227000000,1789085037228000000,6
NonBlockingReadAction.finalizedExecutionTimeUs,1789084977227000000,1789085037228000000,13755
AWTEventQueue.dispatchTimeAvgNs,1789084977227000000,1789085037228000000,91468.42619311875
NonBlockingReadAction.failedExecutionsCount,1789084977227000000,1789085037228000000,0
FlushQueue.queueSizeMax,1789084977227000000,1789085037228000000,6
FlushQueue.queueSize90P,1789084977227000000,1789085037228000000,0
AWTEventQueue.dispatchTimeTotalNS,1789084977227000000,1789085037228000000,329650710
FlushQueue.waitingTime90PNs,1789084977227000000,1789085037228000000,252927
WriteAction.executionsCount,1789084977227000000,1789085037228000000,0
NonBlockingReadAction.failedExecutionTimeUs,1789084977227000000,1789085037228000000,0
JVM.totalBytesAllocated,1789085037228000000,1789085097226000000,36738384
JVM.newThreadsCount,1789085037228000000,1789085097226000000,0
JVM.usedHeapBytes,1789085037228000000,1789085097226000000,362236720
OS.loadAverage,1789085037228000000,1789085097226000000,2.9462890625
JVM.maxHeapBytes,1789085037228000000,1789085097226000000,2147483648
JVM.totalCpuTimeMs,1789085037228000000,1789085097226000000,2912
JVM.maxThreadCount,1789085037228000000,1789085097226000000,165
JVM.GC.collectionTimesMs,1789085037228000000,1789085097226000000,0
JVM.totalDirectByteBuffersBytes,1789085037228000000,1789085097226000000,233490823
JVM.usedNativeBytes,1789085037228000000,1789085097226000000,307052096
JVM.GC.collections,1789085037228000000,1789085097226000000,0
JVM.threadCount,1789085037228000000,1789085097226000000,55
FilePageCacheLockFree.totalPagesReclaimed,1789085037228000000,1789085097226000000,0
MappedFileStorage.totalPagesMapped,1789085037228000000,1789085097226000000,15
FilePageCacheLockFree.totalPagesHandedOver,1789085037228000000,1789085097226000000,0
FilePageCache.uncachedFileAccess,1789085037228000000,1789085097226000000,0
FilePageCacheLockFree.totalPagesWritten,1789085037228000000,1789085097226000000,0
StreamlinedBlobStorage.totalLiveRecordsCapacityBytes,1789085037228000000,1789085097226000000,0
FilePageCacheLockFree.totalBytesRequested,1789085037228000000,1789085097226000000,0
FilePageCacheLockFree.totalBytesWritten,1789085037228000000,1789085097226000000,0
FilePageCache.pageHits,1789085037228000000,1789085097226000000,0
StorageLockContext.competingThreads.avg,1789085037228000000,1789085097226000000,0.0
FilePageCache.maxRegisteredFiles,1789085037228000000,1789085097226000000,555
FilePageCache.capacityInBytes,1789085037228000000,1789085097226000000,503316478
FilePageCache.totalPageLoadsUs,1789085037228000000,1789085097226000000,0
StreamlinedBlobStorage.totalLiveRecordsPayloadBytes,1789085037228000000,1789085097226000000,0
FilePageCache.totalPageDisposalsUs,1789085037228000000,1789085097226000000,0
StorageLockContext.competingThreads.max,1789085037228000000,1789085097226000000,0
StorageLockContext.competingThreads.90P,1789085037228000000,1789085097226000000,0
FilePageCacheLockFree.totalNativeBytesAllocated,1789085037228000000,1789085097226000000,0
FilePageCacheLockFree.totalNativeBytesReclaimed,1789085037228000000,1789085097226000000,0
FilePageCacheLockFree.totalPagesRequestsMs,1789085037228000000,1789085097226000000,0
FilePageCacheLockFree.heapBytesInUse,1789085037228000000,1789085097226000000,0
FilePageCacheLockFree.nativeBytesInUse,1789085037228000000,1789085097226000000,0
FilePageCacheLockFree.housekeeperTurnsSkipped,1789085037228000000,1789085097226000000,0
FilePageCacheLockFree.totalClosedStoragesReclaimed,1789085037228000000,1789085097226000000,0
FileChannelInterruptsRetryer.totalRetriedAttempts,1789085037228000000,1789085097226000000,0
FilePageCache.disposedBuffers,1789085037228000000,1789085097226000000,0
DirectByteBufferAllocator.hits,1789085037228000000,1789085097226000000,0
DirectByteBufferAllocator.totalSizeOfBuffersAllocatedInBytes,1789085037228000000,1789085097226000000,231751680
FilePageCacheLockFree.housekeeperTimeSpentMs,1789085037228000000,1789085097226000000,0
MappedFileStorage.totalTimeSpentOnMappingUs,1789085037228000000,1789085097226000000,9841
FilePageCacheLockFree.housekeeperTurnsDone,1789085037228000000,1789085097226000000,0
MappedFileStorage.totalBytesMapped,1789085037228000000,1789085097226000000,198443008
DirectByteBufferAllocator.misses,1789085037228000000,1789085097226000000,0
MappedFileStorage.storages,1789085037228000000,1789085097226000000,15
StreamlinedBlobStorage.recordsRelocated,1789085037228000000,1789085097226000000,0
StreamlinedBlobStorage.recordsDeleted,1789085037228000000,1789085097226000000,0
FilePageCache.pageLoads,1789085037228000000,1789085097226000000,0
FilePageCache.pageFastCacheHits,1789085037228000000,1789085097226000000,0
FilePageCacheLockFree.totalPageAllocationsWaited,1789085037228000000,1789085097226000000,0
FilePageCache.maxCacheSizeInBytes,1789085037228000000,1789085097226000000,231751680
FilePageCacheLockFree.totalBytesRead,1789085037228000000,1789085097226000000,0
DirectByteBufferAllocator.disposed,1789085037228000000,1789085097226000000,0
FilePageCacheLockFree.totalPagesWriteMs,1789085037228000000,1789085097226000000,0
FilePageCache.pageLoadsAboveSizeThreshold,1789085037228000000,1789085097226000000,0
FilePageCacheLockFree.totalPagesReadMs,1789085037228000000,1789085097226000000,0
FilePageCacheLockFree.totalHeapBytesReclaimed,1789085037228000000,1789085097226000000,0
FilePageCacheLockFree.totalPagesAllocated,1789085037228000000,1789085097226000000,0
FilePageCacheLockFree.totalPagesRequested,1789085037228000000,1789085097226000000,0
DirectByteBufferAllocator.reclaimed,1789085037228000000,1789085097226000000,0
FilePageCacheLockFree.totalHeapBytesAllocated,1789085037228000000,1789085097226000000,0
DirectByteBufferAllocator.totalSizeOfBuffersCachedInBytes,1789085037228000000,1789085097226000000,0
StreamlinedBlobStorage.recordsAllocated,1789085037228000000,1789085097226000000,0
workspaceModel.moduleManagerBridge.load.module.ms,1789085037228000000,1789085097226000000,0
workspaceModel.moduleManagerBridge.build.module.graph.ms,1789085037228000000,1789085097226000000,0
workspaceModel.moduleManagerBridge.set.unloadedModules.ms,1789085037228000000,1789085097226000000,0
workspaceModel.mutableEntityStorage.has.same.entities.ms,1789085037228000000,1789085097226000000,0
jps.reload.project.entities.ms,1789085037228000000,1789085097226000000,0
workspaceModel.global.updates.ms,1789085037228000000,1789085097226000000,0
jps.global.initialize.library.bridges.after.loading.ms,1789085037228000000,1789085097226000000,0
workspaceModel.mutableEntityStorage.to.snapshot.ms,1789085037228000000,1789085097226000000,0
jps.save.global.entities.ms,1789085037228000000,1789085097226000000,0
workspaceModel.mutableEntityStorage.referrers.ms,1789085037228000000,1789085097226000000,0
jps.app.storage.content.writer.save.component.ms,1789085037228000000,1789085097226000000,0
jps.save.changed.project.entities.ms,1789085037228000000,1789085097226000000,0
jps.facet.change.listener.before.change.events.ms,1789085037228000000,1789085097226000000,0
workspaceModel.mutableEntityStorage.collect.changes.ms,1789085037228000000,1789085097226000000,0
jps.artifact.entities.serializer.save.entities.ms,1789085037228000000,1789085097226000000,0
workspaceModel.global.apply.state.to.project.builder.ms,1789085037228000000,1789085097226000000,0
jps.apply.loaded.storage.ms,1789085037228000000,1789085097226000000,0
jps.global.get.libraries.ms,1789085037228000000,1789085097226000000,0
workspaceModel.moduleBridge.before.changed.ms,1789085037228000000,1789085097226000000,0
workspaceModel.moduleManagerBridge.newModule.ms,1789085037228000000,1789085097226000000,0
workspaceModel.mutableEntityStorage.replace.by.source.ms,1789085037228000000,1789085097226000000,0
workspaceModel.orphan.listener.update.ms,1789085037228000000,1789085097226000000,0
workspaceModel.mutableEntityStorage.entities.ms,1789085037228000000,1789085097226000000,0
workspaceModel.moduleManagerBridge.get.modules.ms,1789085037228000000,1789085097226000000,0
workspaceModel.mutableEntityStorage.mutable.vfurl.index.ms,1789085037228000000,1789085097226000000,0
workspaceModel.mutableEntityStorage.mutable.ext.mapping.ms,1789085037228000000,1789085097226000000,0
workspaceModel.delayed.project.synchronizer.sync.ms,1789085037228000000,1789085097226000000,0
jps.app.storage.content.reader.load.component.ms,1789085037228000000,1789085097226000000,0
workspaceModel.do.save.caches.ms,1789085037228000000,1789085097226000000,0
jps.artifact.entities.serializer.load.entities.ms,1789085037228000000,1789085097226000000,0
workspaceModel.load.cache.metadata.from.file.ms,1789085037228000000,1789085097226000000,0
workspaceModel.moduleBridge.facet.initialization.ms,1789085037228000000,1789085097226000000,0
workspaceModel.mutableEntityStorage.add.entity.ms,1789085037228000000,1789085097226000000,0
jps.facet.change.listener.process.change.events.ms,1789085037228000000,1789085097226000000,0
workspaceModel.mutableEntityStorage.apply.changes.from.ms,1789085037228000000,1789085097226000000,0
workspaceModel.mutableEntityStorage.remove.entity.ms,1789085037228000000,1789085097226000000,0
workspaceModel.mutableEntityStorage.entities.by.source.ms,1789085037228000000,1789085097226000000,0
workspaceModel.global.apply.state.to.project.ms,1789085037228000000,1789085097226000000,0
workspaceModel.moduleBridge.update.option.ms,1789085037228000000,1789085097226000000,0
jps.library.entities.serializer.save.entities.ms,1789085037228000000,1789085097226000000,0
jps.global.initialize.library.bridges.ms,1789085037228000000,1789085097226000000,0
jps.module.iml.entities.serializer.save.entities.ms,1789085037228000000,1789085097226000000,0
jps.global.get.library.by.name.ms,1789085037228000000,1789085097226000000,0
workspaceModel.moduleManagerBridge.new.nonPersistent.module.ms,1789085037228000000,1789085097226000000,0
workspaceModel.sync.entities.ms,1789085037228000000,1789085097226000000,0
workspaceModel.load.cache.from.file.ms,1789085037228000000,1789085097226000000,0
jps.project.serializers.load.ms,1789085037228000000,1789085097226000000,0
jps.global.handle.changed.events.ms,1789085037228000000,1789085097226000000,0
workspaceModel.global.updates.count,1789085037228000000,1789085097226000000,0
workspaceModel.mutableEntityStorage.instances.count,1789085037228000000,1789085097226000000,0
workspaceModel.mutableEntityStorage.put.entity.ms,1789085037228000000,1789085097226000000,0
jps.project.serializers.save.ms,1789085037228000000,1789085097226000000,0
jps.global.handle.before.change.events.ms,1789085037228000000,1789085097226000000,0
workspaceModel.mutableEntityStorage.modify.entity.ms,1789085037228000000,1789085097226000000,0
workspaceModel.save.cache.to.file.ms,1789085037228000000,1789085097226000000,0
workspaceModel.moduleManagerBridge.create.module.instance.ms,1789085037228000000,1789085097226000000,0
workspaceModel.moduleBridgeLoader.loading.modules.ms,1789085037228000000,1789085097226000000,0
jps.library.entities.serializer.load.entities.ms,1789085037228000000,1789085097226000000,0
jps.load.initial.state.ms,1789085037228000000,1789085097226000000,0
jps.facet.change.listener.init.bridge.ms,1789085037228000000,1789085097226000000,0
jps.load.project.to.empty.storage.ms,1789085037228000000,1789085097226000000,0
jps.global.get.library.ms,1789085037228000000,1789085097226000000,0
workspaceModel.mutableEntityStorage.resolve.ms,1789085037228000000,1789085097226000000,0
workspaceModel.moduleManagerBridge.load.all.modules.ms,1789085037228000000,1789085097226000000,0
jps.module.iml.entities.serializer.load.entities.ms,1789085037228000000,1789085097226000000,0
jps.storage.jps.conf.reader.load.component.ms,1789085037228000000,1789085097226000000,0
compiler.ArtifactManagerBridge.getArtifacts.ms,1789085037228000000,1789085097226000000,0
compiler.ArtifactManagerBridge.initBridges.ms,1789085037228000000,1789085097226000000,0
compiler.ArtifactManagerBridge.getArtifactsByType.ms,1789085037228000000,1789085097226000000,0
compiler.ArtifactManagerBridge.findArtifact.ms,1789085037228000000,1789085097226000000,0
compiler.ArtifactManagerBridge.commit.ms,1789085037228000000,1789085097226000000,0
compiler.ArtifactManagerBridge.dropMappings.ms,1789085037228000000,1789085097226000000,0
compiler.ArtifactVirtualFileListener.filePathChanged.ms,1789085037228000000,1789085097226000000,0
compiler.ArtifactManagerBridge.addArtifact.ms,1789085037228000000,1789085097226000000,0
compiler.ArtifactVirtualFileListener.propertyChanged.ms,1789085037228000000,1789085097226000000,0
cacheStateStorage.get.counter,1789085037228000000,1789085097226000000,0
cacheStateStorage.get.duration,1789085037228000000,1789085097226000000,0
cacheStateStorage.set.duration,1789085037228000000,1789085097226000000,0
cacheStateStorage.set.counter,1789085037228000000,1789085097226000000,0
writeAction.count,1789085037228000000,1789085097226000000,0
writeAction.wait.ms,1789085037228000000,1789085097226000000,0
writeAction.median.wait.ms,1789085037228000000,1789085097226000000,0
writeAction.max.wait.ms,1789085037228000000,1789085097226000000,14
Indexes.allKeys.lookupDurationMaxMs,1789085037228000000,1789085097226000000,0.0
Indexes.entries.lookupDuration90PMs,1789085037228000000,1789085097226000000,0.0
Indexes.allKeys.lookups,1789085037228000000,1789085097226000000,0.0
Indexes.stubs.lookupDurationAvgMs,1789085037228000000,1789085097226000000,0.0
IndexesFlusher.totalFlushingTimeUs,1789085037228000000,1789085097226000000,257247
Indexes.entries.lookupDurationAvgMs,1789085037228000000,1789085097226000000,0.0
IndexesFlusher.totalFlushes,1789085037228000000,1789085097226000000,59
Indexes.stubs.lookups,1789085037228000000,1789085097226000000,0.0
IndexesFlusher.totalContentionQuotaSpent,1789085037228000000,1789085097226000000,0
Indexes.stubs.lookupDurationMaxMs,1789085037228000000,1789085097226000000,0.0
Indexes.entries.lookupDurationMaxMs,1789085037228000000,1789085097226000000,0.0
Indexes.allKeys.lookupDuration90PMs,1789085037228000000,1789085097226000000,0.0
Indexes.stubs.lookupDuration90PMs,1789085037228000000,1789085097226000000,0.0
IndexesFlusher.totalFlushesRetried,1789085037228000000,1789085097226000000,0
Indexes.entries.lookups,1789085037228000000,1789085097226000000,0.0
Indexes.allKeys.lookupDurationAvgMs,1789085037228000000,1789085097226000000,0.0
VFS.fileByIdCache.misses,1789085037228000000,1789085097226000000,0
VFS.fileByIdCache.hits,1789085037228000000,1789085097226000000,0
FileNameCache.totalMisses,1789085037228000000,1789085097226000000,0
VFS.invertedFileNameIndex.requests,1789085037228000000,1789085097226000000,0
VFS.fileChildByName,1789085037228000000,1789085097226000000,0
FileNameCache.queries,1789085037228000000,1789085097226000000,0
workspaceModel.entityStorageSnapshotImpl.instances.count,1789085037228000000,1789085097226000000,0
workspaceModel.cachedValueWithParameters.calculated.ms,1789085037228000000,1789085097226000000,0
workspaceModel.workspaceFileIndexData.visitFileSets.ms,1789085037228000000,1789085097226000000,0
workspaceModel.workspaceFileIndexData.processFileSets.ms,1789085037228000000,1789085097226000000,0
workspaceModel.pre.handlers.ms,1789085037228000000,1789085097226000000,0
workspaceModel.loading.total.ms,1789085037228000000,1789085097226000000,0
workspaceModel.cachedValue.clear.ms,1789085037228000000,1789085097226000000,0
workspaceModel.full.replace.project.model.ms,1789085037228000000,1789085097226000000,0
workspaceModel.collect.changes.ms,1789085037228000000,1789085097226000000,0
workspaceModel.updates.count,1789085037228000000,1789085097226000000,0
workspaceModel.workspaceFileIndexData.updateDirtyEntities.ms,1789085037228000000,1789085097226000000,0
workspaceModel.workspaceFileIndexContributor.registerFileSets.ms,1789085037228000000,1789085097226000000,0
workspaceModel.cachedValueWithParameters.total.get.ms,1789085037228000000,1789085097226000000,0
workspaceModel.workspaceFileIndexData.instances.count,1789085037228000000,1789085097226000000,0
workspaceModel.workspaceFileIndexData.markDirty.ms,1789085037228000000,1789085097226000000,0
workspaceModel.check.recursive.update.ms,1789085037228000000,1789085097226000000,0
workspaceModel.workspaceFileIndexData.getDirectoriesByPackageName.ms,1789085037228000000,1789085097226000000,0
workspaceModel.init.bridges.ms,1789085037228000000,1789085097226000000,0
workspaceModel.updates.ms,1789085037228000000,1789085097226000000,0
workspaceModel.to.snapshot.ms,1789085037228000000,1789085097226000000,0
workspaceModel.updates.precise.ms,1789085037228000000,1789085097226000000,0
workspaceModel.cachedValueWithParameters.clear.ms,1789085037228000000,1789085097226000000,0
workspaceModel.workspaceFileIndexData.onEntitiesChanged.ms,1789085037228000000,1789085097226000000,0
workspaceModel.workspaceFileIndexData.getFileInfo.ms,1789085037228000000,1789085097226000000,0
workspaceModel.initializing.ms,1789085037228000000,1789085097226000000,0
workspaceModel.replace.project.model.ms,1789085037228000000,1789085097226000000,0
workspaceModel.cachedValue.from.cache.ms,1789085037228000000,1789085097226000000,0
workspaceModel.cachedValue.calculated.ms,1789085037228000000,1789085097226000000,0
workspaceModel.cachedValueWithParameters.from.cache.ms,1789085037228000000,1789085097226000000,0
workspaceModel.loading.from.cache.ms,1789085037228000000,1789085097226000000,0
workspaceModel.workspaceFileIndexData.getPackageName.ms,1789085037228000000,1789085097226000000,0
workspaceModel.update.unloaded.entities.ms,1789085037228000000,1789085097226000000,0
workspaceModel.cachedValue.total.get.ms,1789085037228000000,1789085097226000000,0
workspaceModel.workspaceFileIndexData.init.ms,1789085037228000000,1789085097226000000,0
AWTEventQueue.dispatchTimeMaxNs,1789085037228000000,1789085097226000000,4030463
AWTEventQueue.dispatchTime90PNs,1789085037228000000,1789085097226000000,173055
FlushQueue.queueSizeAvg,1789085037228000000,1789085097226000000,0.008298755186721992
ReadAction.executionsCount,1789085037228000000,1789085097226000000,0
FlushQueue.executionTime90PNs,1789085037228000000,1789085097226000000,70655
FlushQueue.tasksExecuted,1789085037228000000,1789085097226000000,241
AWTEventQueue.eventsDispatched,1789085037228000000,1789085097226000000,3588
FlushQueue.waitingTimeMaxNs,1789085037228000000,1789085097226000000,456703
FlushQueue.executionTimeAvgNs,1789085037228000000,1789085097226000000,36069.89211618257
FlushQueue.waitingTimeAvgNs,1789085037228000000,1789085097226000000,156349.60995850622
FlushQueue.executionTimeMaxNs,1789085037228000000,1789085097226000000,917503
NonBlockingReadAction.finalizedExecutionsCount,1789085037228000000,1789085097226000000,0
NonBlockingReadAction.finalizedExecutionTimeUs,1789085037228000000,1789085097226000000,0
AWTEventQueue.dispatchTimeAvgNs,1789085037228000000,1789085097226000000,89979.0011148272
NonBlockingReadAction.failedExecutionsCount,1789085037228000000,1789085097226000000,0
FlushQueue.queueSizeMax,1789085037228000000,1789085097226000000,1
FlushQueue.queueSize90P,1789085037228000000,1789085097226000000,0
AWTEventQueue.dispatchTimeTotalNS,1789085037228000000,1789085097226000000,322863448
FlushQueue.waitingTime90PNs,1789085037228000000,1789085097226000000,214015
WriteAction.executionsCount,1789085037228000000,1789085097226000000,0
NonBlockingReadAction.failedExecutionTimeUs,1789085037228000000,1789085097226000000,0
JVM.totalBytesAllocated,1789085097226000000,1789085157225000000,36306464
JVM.newThreadsCount,1789085097226000000,1789085157225000000,0
JVM.usedHeapBytes,1789085097226000000,1789085157225000000,399985456
OS.loadAverage,1789085097226000000,1789085157225000000,2.6826171875
JVM.maxHeapBytes,1789085097226000000,1789085157225000000,2147483648
JVM.totalCpuTimeMs,1789085097226000000,1789085157225000000,2618
JVM.maxThreadCount,1789085097226000000,1789085157225000000,165
JVM.GC.collectionTimesMs,1789085097226000000,1789085157225000000,0
JVM.totalDirectByteBuffersBytes,1789085097226000000,1789085157225000000,233490823
JVM.usedNativeBytes,1789085097226000000,1789085157225000000,307195352
JVM.GC.collections,1789085097226000000,1789085157225000000,0
JVM.threadCount,1789085097226000000,1789085157225000000,54
FilePageCacheLockFree.totalPagesReclaimed,1789085097226000000,1789085157225000000,0
MappedFileStorage.totalPagesMapped,1789085097226000000,1789085157225000000,15
FilePageCacheLockFree.totalPagesHandedOver,1789085097226000000,1789085157225000000,0
FilePageCache.uncachedFileAccess,1789085097226000000,1789085157225000000,0
FilePageCacheLockFree.totalPagesWritten,1789085097226000000,1789085157225000000,0
StreamlinedBlobStorage.totalLiveRecordsCapacityBytes,1789085097226000000,1789085157225000000,0
FilePageCacheLockFree.totalBytesRequested,1789085097226000000,1789085157225000000,0
FilePageCacheLockFree.totalBytesWritten,1789085097226000000,1789085157225000000,0
FilePageCache.pageHits,1789085097226000000,1789085157225000000,0
StorageLockContext.competingThreads.avg,1789085097226000000,1789085157225000000,0.0
FilePageCache.maxRegisteredFiles,1789085097226000000,1789085157225000000,555
FilePageCache.capacityInBytes,1789085097226000000,1789085157225000000,503316478
FilePageCache.totalPageLoadsUs,1789085097226000000,1789085157225000000,0
StreamlinedBlobStorage.totalLiveRecordsPayloadBytes,1789085097226000000,1789085157225000000,0
FilePageCache.totalPageDisposalsUs,1789085097226000000,1789085157225000000,0
StorageLockContext.competingThreads.max,1789085097226000000,1789085157225000000,0
StorageLockContext.competingThreads.90P,1789085097226000000,1789085157225000000,0
FilePageCacheLockFree.totalNativeBytesAllocated,1789085097226000000,1789085157225000000,0
FilePageCacheLockFree.totalNativeBytesReclaimed,1789085097226000000,1789085157225000000,0
FilePageCacheLockFree.totalPagesRequestsMs,1789085097226000000,1789085157225000000,0
FilePageCacheLockFree.heapBytesInUse,1789085097226000000,1789085157225000000,0
FilePageCacheLockFree.nativeBytesInUse,1789085097226000000,1789085157225000000,0
FilePageCacheLockFree.housekeeperTurnsSkipped,1789085097226000000,1789085157225000000,0
FilePageCacheLockFree.totalClosedStoragesReclaimed,1789085097226000000,1789085157225000000,0
FileChannelInterruptsRetryer.totalRetriedAttempts,1789085097226000000,1789085157225000000,0
FilePageCache.disposedBuffers,1789085097226000000,1789085157225000000,0
DirectByteBufferAllocator.hits,1789085097226000000,1789085157225000000,0
DirectByteBufferAllocator.totalSizeOfBuffersAllocatedInBytes,1789085097226000000,1789085157225000000,231751680
FilePageCacheLockFree.housekeeperTimeSpentMs,1789085097226000000,1789085157225000000,0
MappedFileStorage.totalTimeSpentOnMappingUs,1789085097226000000,1789085157225000000,9841
FilePageCacheLockFree.housekeeperTurnsDone,1789085097226000000,1789085157225000000,0
MappedFileStorage.totalBytesMapped,1789085097226000000,1789085157225000000,198443008
DirectByteBufferAllocator.misses,1789085097226000000,1789085157225000000,0
MappedFileStorage.storages,1789085097226000000,1789085157225000000,15
StreamlinedBlobStorage.recordsRelocated,1789085097226000000,1789085157225000000,0
StreamlinedBlobStorage.recordsDeleted,1789085097226000000,1789085157225000000,0
FilePageCache.pageLoads,1789085097226000000,1789085157225000000,0
FilePageCache.pageFastCacheHits,1789085097226000000,1789085157225000000,0
FilePageCacheLockFree.totalPageAllocationsWaited,1789085097226000000,1789085157225000000,0
FilePageCache.maxCacheSizeInBytes,1789085097226000000,1789085157225000000,231751680
FilePageCacheLockFree.totalBytesRead,1789085097226000000,1789085157225000000,0
DirectByteBufferAllocator.disposed,1789085097226000000,1789085157225000000,0
FilePageCacheLockFree.totalPagesWriteMs,1789085097226000000,1789085157225000000,0
FilePageCache.pageLoadsAboveSizeThreshold,1789085097226000000,1789085157225000000,0
FilePageCacheLockFree.totalPagesReadMs,1789085097226000000,1789085157225000000,0
FilePageCacheLockFree.totalHeapBytesReclaimed,1789085097226000000,1789085157225000000,0
FilePageCacheLockFree.totalPagesAllocated,1789085097226000000,1789085157225000000,0
FilePageCacheLockFree.totalPagesRequested,1789085097226000000,1789085157225000000,0
DirectByteBufferAllocator.reclaimed,1789085097226000000,1789085157225000000,0
FilePageCacheLockFree.totalHeapBytesAllocated,1789085097226000000,1789085157225000000,0
DirectByteBufferAllocator.totalSizeOfBuffersCachedInBytes,1789085097226000000,1789085157225000000,0
StreamlinedBlobStorage.recordsAllocated,1789085097226000000,1789085157225000000,0
workspaceModel.moduleManagerBridge.load.module.ms,1789085097226000000,1789085157225000000,0
workspaceModel.moduleManagerBridge.build.module.graph.ms,1789085097226000000,1789085157225000000,0
workspaceModel.moduleManagerBridge.set.unloadedModules.ms,1789085097226000000,1789085157225000000,0
workspaceModel.mutableEntityStorage.has.same.entities.ms,1789085097226000000,1789085157225000000,0
jps.reload.project.entities.ms,1789085097226000000,1789085157225000000,0
workspaceModel.global.updates.ms,1789085097226000000,1789085157225000000,0
jps.global.initialize.library.bridges.after.loading.ms,1789085097226000000,1789085157225000000,0
workspaceModel.mutableEntityStorage.to.snapshot.ms,1789085097226000000,1789085157225000000,0
jps.save.global.entities.ms,1789085097226000000,1789085157225000000,0
workspaceModel.mutableEntityStorage.referrers.ms,1789085097226000000,1789085157225000000,0
jps.app.storage.content.writer.save.component.ms,1789085097226000000,1789085157225000000,0
jps.save.changed.project.entities.ms,1789085097226000000,1789085157225000000,0
jps.facet.change.listener.before.change.events.ms,1789085097226000000,1789085157225000000,0
workspaceModel.mutableEntityStorage.collect.changes.ms,1789085097226000000,1789085157225000000,0
jps.artifact.entities.serializer.save.entities.ms,1789085097226000000,1789085157225000000,0
workspaceModel.global.apply.state.to.project.builder.ms,1789085097226000000,1789085157225000000,0
jps.apply.loaded.storage.ms,1789085097226000000,1789085157225000000,0
jps.global.get.libraries.ms,1789085097226000000,1789085157225000000,0
workspaceModel.moduleBridge.before.changed.ms,1789085097226000000,1789085157225000000,0
workspaceModel.moduleManagerBridge.newModule.ms,1789085097226000000,1789085157225000000,0
workspaceModel.mutableEntityStorage.replace.by.source.ms,1789085097226000000,1789085157225000000,0
workspaceModel.orphan.listener.update.ms,1789085097226000000,1789085157225000000,0
workspaceModel.mutableEntityStorage.entities.ms,1789085097226000000,1789085157225000000,0
workspaceModel.moduleManagerBridge.get.modules.ms,1789085097226000000,1789085157225000000,0
workspaceModel.mutableEntityStorage.mutable.vfurl.index.ms,1789085097226000000,1789085157225000000,0
workspaceModel.mutableEntityStorage.mutable.ext.mapping.ms,1789085097226000000,1789085157225000000,0
workspaceModel.delayed.project.synchronizer.sync.ms,1789085097226000000,1789085157225000000,0
jps.app.storage.content.reader.load.component.ms,1789085097226000000,1789085157225000000,0
workspaceModel.do.save.caches.ms,1789085097226000000,1789085157225000000,0
jps.artifact.entities.serializer.load.entities.ms,1789085097226000000,1789085157225000000,0
workspaceModel.load.cache.metadata.from.file.ms,1789085097226000000,1789085157225000000,0
workspaceModel.moduleBridge.facet.initialization.ms,1789085097226000000,1789085157225000000,0
workspaceModel.mutableEntityStorage.add.entity.ms,1789085097226000000,1789085157225000000,0
jps.facet.change.listener.process.change.events.ms,1789085097226000000,1789085157225000000,0
workspaceModel.mutableEntityStorage.apply.changes.from.ms,1789085097226000000,1789085157225000000,0
workspaceModel.mutableEntityStorage.remove.entity.ms,1789085097226000000,1789085157225000000,0
workspaceModel.mutableEntityStorage.entities.by.source.ms,1789085097226000000,1789085157225000000,0
workspaceModel.global.apply.state.to.project.ms,1789085097226000000,1789085157225000000,0
workspaceModel.moduleBridge.update.option.ms,1789085097226000000,1789085157225000000,0
jps.library.entities.serializer.save.entities.ms,1789085097226000000,1789085157225000000,0
jps.global.initialize.library.bridges.ms,1789085097226000000,1789085157225000000,0
jps.module.iml.entities.serializer.save.entities.ms,1789085097226000000,1789085157225000000,0
jps.global.get.library.by.name.ms,1789085097226000000,1789085157225000000,0
workspaceModel.moduleManagerBridge.new.nonPersistent.module.ms,1789085097226000000,1789085157225000000,0
workspaceModel.sync.entities.ms,1789085097226000000,1789085157225000000,0
workspaceModel.load.cache.from.file.ms,1789085097226000000,1789085157225000000,0
jps.project.serializers.load.ms,1789085097226000000,1789085157225000000,0
jps.global.handle.changed.events.ms,1789085097226000000,1789085157225000000,0
workspaceModel.global.updates.count,1789085097226000000,1789085157225000000,0
workspaceModel.mutableEntityStorage.instances.count,1789085097226000000,1789085157225000000,0
workspaceModel.mutableEntityStorage.put.entity.ms,1789085097226000000,1789085157225000000,0
jps.project.serializers.save.ms,1789085097226000000,1789085157225000000,0
jps.global.handle.before.change.events.ms,1789085097226000000,1789085157225000000,0
workspaceModel.mutableEntityStorage.modify.entity.ms,1789085097226000000,1789085157225000000,0
workspaceModel.save.cache.to.file.ms,1789085097226000000,1789085157225000000,0
workspaceModel.moduleManagerBridge.create.module.instance.ms,1789085097226000000,1789085157225000000,0
workspaceModel.moduleBridgeLoader.loading.modules.ms,1789085097226000000,1789085157225000000,0
jps.library.entities.serializer.load.entities.ms,1789085097226000000,1789085157225000000,0
jps.load.initial.state.ms,1789085097226000000,1789085157225000000,0
jps.facet.change.listener.init.bridge.ms,1789085097226000000,1789085157225000000,0
jps.load.project.to.empty.storage.ms,1789085097226000000,1789085157225000000,0
jps.global.get.library.ms,1789085097226000000,1789085157225000000,0
workspaceModel.mutableEntityStorage.resolve.ms,1789085097226000000,1789085157225000000,0
workspaceModel.moduleManagerBridge.load.all.modules.ms,1789085097226000000,1789085157225000000,0
jps.module.iml.entities.serializer.load.entities.ms,1789085097226000000,1789085157225000000,0
jps.storage.jps.conf.reader.load.component.ms,1789085097226000000,1789085157225000000,0
compiler.ArtifactManagerBridge.getArtifacts.ms,1789085097226000000,1789085157225000000,0
compiler.ArtifactManagerBridge.initBridges.ms,1789085097226000000,1789085157225000000,0
compiler.ArtifactManagerBridge.getArtifactsByType.ms,1789085097226000000,1789085157225000000,0
compiler.ArtifactManagerBridge.findArtifact.ms,1789085097226000000,1789085157225000000,0
compiler.ArtifactManagerBridge.commit.ms,1789085097226000000,1789085157225000000,0
compiler.ArtifactManagerBridge.dropMappings.ms,1789085097226000000,1789085157225000000,0
compiler.ArtifactVirtualFileListener.filePathChanged.ms,1789085097226000000,1789085157225000000,0
compiler.ArtifactManagerBridge.addArtifact.ms,1789085097226000000,1789085157225000000,0
compiler.ArtifactVirtualFileListener.propertyChanged.ms,1789085097226000000,1789085157225000000,0
cacheStateStorage.get.counter,1789085097226000000,1789085157225000000,0
cacheStateStorage.get.duration,1789085097226000000,1789085157225000000,0
cacheStateStorage.set.duration,1789085097226000000,1789085157225000000,0
cacheStateStorage.set.counter,1789085097226000000,1789085157225000000,0
writeAction.count,1789085097226000000,1789085157225000000,0
writeAction.wait.ms,1789085097226000000,1789085157225000000,0
writeAction.median.wait.ms,1789085097226000000,1789085157225000000,0
writeAction.max.wait.ms,1789085097226000000,1789085157225000000,14
Indexes.allKeys.lookupDurationMaxMs,1789085097226000000,1789085157225000000,0.0
Indexes.entries.lookupDuration90PMs,1789085097226000000,1789085157225000000,0.0
Indexes.allKeys.lookups,1789085097226000000,1789085157225000000,0.0
Indexes.stubs.lookupDurationAvgMs,1789085097226000000,1789085157225000000,0.0
IndexesFlusher.totalFlushingTimeUs,1789085097226000000,1789085157225000000,275170
Indexes.entries.lookupDurationAvgMs,1789085097226000000,1789085157225000000,0.0
IndexesFlusher.totalFlushes,1789085097226000000,1789085157225000000,59
Indexes.stubs.lookups,1789085097226000000,1789085157225000000,0.0
IndexesFlusher.totalContentionQuotaSpent,1789085097226000000,1789085157225000000,0
Indexes.stubs.lookupDurationMaxMs,1789085097226000000,1789085157225000000,0.0
Indexes.entries.lookupDurationMaxMs,1789085097226000000,1789085157225000000,0.0
Indexes.allKeys.lookupDuration90PMs,1789085097226000000,1789085157225000000,0.0
Indexes.stubs.lookupDuration90PMs,1789085097226000000,1789085157225000000,0.0
IndexesFlusher.totalFlushesRetried,1789085097226000000,1789085157225000000,0
Indexes.entries.lookups,1789085097226000000,1789085157225000000,0.0
Indexes.allKeys.lookupDurationAvgMs,1789085097226000000,1789085157225000000,0.0
VFS.fileByIdCache.misses,1789085097226000000,1789085157225000000,0
VFS.fileByIdCache.hits,1789085097226000000,1789085157225000000,0
FileNameCache.totalMisses,1789085097226000000,1789085157225000000,0
VFS.invertedFileNameIndex.requests,1789085097226000000,1789085157225000000,0
VFS.fileChildByName,1789085097226000000,1789085157225000000,0
FileNameCache.queries,1789085097226000000,1789085157225000000,0
workspaceModel.entityStorageSnapshotImpl.instances.count,1789085097226000000,1789085157225000000,0
workspaceModel.cachedValueWithParameters.calculated.ms,1789085097226000000,1789085157225000000,0
workspaceModel.workspaceFileIndexData.visitFileSets.ms,1789085097226000000,1789085157225000000,0
workspaceModel.workspaceFileIndexData.processFileSets.ms,1789085097226000000,1789085157225000000,0
workspaceModel.pre.handlers.ms,1789085097226000000,1789085157225000000,0
workspaceModel.loading.total.ms,1789085097226000000,1789085157225000000,0
workspaceModel.cachedValue.clear.ms,1789085097226000000,1789085157225000000,0
workspaceModel.full.replace.project.model.ms,1789085097226000000,1789085157225000000,0
workspaceModel.collect.changes.ms,1789085097226000000,1789085157225000000,0
workspaceModel.updates.count,1789085097226000000,1789085157225000000,0
workspaceModel.workspaceFileIndexData.updateDirtyEntities.ms,1789085097226000000,1789085157225000000,0
workspaceModel.workspaceFileIndexContributor.registerFileSets.ms,1789085097226000000,1789085157225000000,0
workspaceModel.cachedValueWithParameters.total.get.ms,1789085097226000000,1789085157225000000,0
workspaceModel.workspaceFileIndexData.instances.count,1789085097226000000,1789085157225000000,0
workspaceModel.workspaceFileIndexData.markDirty.ms,1789085097226000000,1789085157225000000,0
workspaceModel.check.recursive.update.ms,1789085097226000000,1789085157225000000,0
workspaceModel.workspaceFileIndexData.getDirectoriesByPackageName.ms,1789085097226000000,1789085157225000000,0
workspaceModel.init.bridges.ms,1789085097226000000,1789085157225000000,0
workspaceModel.updates.ms,1789085097226000000,1789085157225000000,0
workspaceModel.to.snapshot.ms,1789085097226000000,1789085157225000000,0
workspaceModel.updates.precise.ms,1789085097226000000,1789085157225000000,0
workspaceModel.cachedValueWithParameters.clear.ms,1789085097226000000,1789085157225000000,0
workspaceModel.workspaceFileIndexData.onEntitiesChanged.ms,1789085097226000000,1789085157225000000,0
workspaceModel.workspaceFileIndexData.getFileInfo.ms,1789085097226000000,1789085157225000000,0
workspaceModel.initializing.ms,1789085097226000000,1789085157225000000,0
workspaceModel.replace.project.model.ms,1789085097226000000,1789085157225000000,0
workspaceModel.cachedValue.from.cache.ms,1789085097226000000,1789085157225000000,0
workspaceModel.cachedValue.calculated.ms,1789085097226000000,1789085157225000000,0
workspaceModel.cachedValueWithParameters.from.cache.ms,1789085097226000000,1789085157225000000,0
workspaceModel.loading.from.cache.ms,1789085097226000000,1789085157225000000,0
workspaceModel.workspaceFileIndexData.getPackageName.ms,1789085097226000000,1789085157225000000,0
workspaceModel.update.unloaded.entities.ms,1789085097226000000,1789085157225000000,0
workspaceModel.cachedValue.total.get.ms,1789085097226000000,1789085157225000000,0
workspaceModel.workspaceFileIndexData.init.ms,1789085097226000000,1789085157225000000,0
AWTEventQueue.dispatchTimeMaxNs,1789085097226000000,1789085157225000000,6553599
AWTEventQueue.dispatchTime90PNs,1789085097226000000,1789085157225000000,168959
FlushQueue.queueSizeAvg,1789085097226000000,1789085157225000000,0.004132231404958678
ReadAction.executionsCount,1789085097226000000,1789085157225000000,0
FlushQueue.executionTime90PNs,1789085097226000000,1789085157225000000,69119
FlushQueue.tasksExecuted,1789085097226000000,1789085157225000000,242
AWTEventQueue.eventsDispatched,1789085097226000000,1789085157225000000,3587
FlushQueue.waitingTimeMaxNs,1789085097226000000,1789085157225000000,413695
FlushQueue.executionTimeAvgNs,1789085097226000000,1789085157225000000,38056.198347107435
FlushQueue.waitingTimeAvgNs,1789085097226000000,1789085157225000000,152060.826446281
FlushQueue.executionTimeMaxNs,1789085097226000000,1789085157225000000,1597439
NonBlockingReadAction.finalizedExecutionsCount,1789085097226000000,1789085157225000000,0
NonBlockingReadAction.finalizedExecutionTimeUs,1789085097226000000,1789085157225000000,0
AWTEventQueue.dispatchTimeAvgNs,1789085097226000000,1789085157225000000,89065.35823808196
NonBlockingReadAction.failedExecutionsCount,1789085097226000000,1789085157225000000,0
FlushQueue.queueSizeMax,1789085097226000000,1789085157225000000,1
FlushQueue.queueSize90P,1789085097226000000,1789085157225000000,0
AWTEventQueue.dispatchTimeTotalNS,1789085097226000000,1789085157225000000,319588320
FlushQueue.waitingTime90PNs,1789085097226000000,1789085157225000000,206847
WriteAction.executionsCount,1789085097226000000,1789085157225000000,0
NonBlockingReadAction.failedExecutionTimeUs,1789085097226000000,1789085157225000000,0
JVM.totalBytesAllocated,1789085157225000000,1789085217224000000,36546456
JVM.newThreadsCount,1789085157225000000,1789085217224000000,0
JVM.usedHeapBytes,1789085157225000000,1789085217224000000,210790440
OS.loadAverage,1789085157225000000,1789085217224000000,2.54052734375
JVM.maxHeapBytes,1789085157225000000,1789085217224000000,2147483648
JVM.totalCpuTimeMs,1789085157225000000,1789085217224000000,2736
JVM.maxThreadCount,1789085157225000000,1789085217224000000,165
JVM.GC.collectionTimesMs,1789085157225000000,1789085217224000000,17
JVM.totalDirectByteBuffersBytes,1789085157225000000,1789085217224000000,233490823
JVM.usedNativeBytes,1789085157225000000,1789085217224000000,307296984
JVM.GC.collections,1789085157225000000,1789085217224000000,1
JVM.threadCount,1789085157225000000,1789085217224000000,53
FilePageCacheLockFree.totalPagesReclaimed,1789085157225000000,1789085217224000000,0
MappedFileStorage.totalPagesMapped,1789085157225000000,1789085217224000000,15
FilePageCacheLockFree.totalPagesHandedOver,1789085157225000000,1789085217224000000,0
FilePageCache.uncachedFileAccess,1789085157225000000,1789085217224000000,0
FilePageCacheLockFree.totalPagesWritten,1789085157225000000,1789085217224000000,0
StreamlinedBlobStorage.totalLiveRecordsCapacityBytes,1789085157225000000,1789085217224000000,0
FilePageCacheLockFree.totalBytesRequested,1789085157225000000,1789085217224000000,0
FilePageCacheLockFree.totalBytesWritten,1789085157225000000,1789085217224000000,0
FilePageCache.pageHits,1789085157225000000,1789085217224000000,0
StorageLockContext.competingThreads.avg,1789085157225000000,1789085217224000000,0.0
FilePageCache.maxRegisteredFiles,1789085157225000000,1789085217224000000,555
FilePageCache.capacityInBytes,1789085157225000000,1789085217224000000,503316478
FilePageCache.totalPageLoadsUs,1789085157225000000,1789085217224000000,0
StreamlinedBlobStorage.totalLiveRecordsPayloadBytes,1789085157225000000,1789085217224000000,0
FilePageCache.totalPageDisposalsUs,1789085157225000000,1789085217224000000,0
StorageLockContext.competingThreads.max,1789085157225000000,1789085217224000000,0
StorageLockContext.competingThreads.90P,1789085157225000000,1789085217224000000,0
FilePageCacheLockFree.totalNativeBytesAllocated,1789085157225000000,1789085217224000000,0
FilePageCacheLockFree.totalNativeBytesReclaimed,1789085157225000000,1789085217224000000,0
FilePageCacheLockFree.totalPagesRequestsMs,1789085157225000000,1789085217224000000,0
FilePageCacheLockFree.heapBytesInUse,1789085157225000000,1789085217224000000,0
FilePageCacheLockFree.nativeBytesInUse,1789085157225000000,1789085217224000000,0
FilePageCacheLockFree.housekeeperTurnsSkipped,1789085157225000000,1789085217224000000,0
FilePageCacheLockFree.totalClosedStoragesReclaimed,1789085157225000000,1789085217224000000,0
FileChannelInterruptsRetryer.totalRetriedAttempts,1789085157225000000,1789085217224000000,0
FilePageCache.disposedBuffers,1789085157225000000,1789085217224000000,0
DirectByteBufferAllocator.hits,1789085157225000000,1789085217224000000,0
DirectByteBufferAllocator.totalSizeOfBuffersAllocatedInBytes,1789085157225000000,1789085217224000000,231751680
FilePageCacheLockFree.housekeeperTimeSpentMs,1789085157225000000,1789085217224000000,0
MappedFileStorage.totalTimeSpentOnMappingUs,1789085157225000000,1789085217224000000,9841
FilePageCacheLockFree.housekeeperTurnsDone,1789085157225000000,1789085217224000000,0
MappedFileStorage.totalBytesMapped,1789085157225000000,1789085217224000000,198443008
DirectByteBufferAllocator.misses,1789085157225000000,1789085217224000000,0
MappedFileStorage.storages,1789085157225000000,1789085217224000000,15
StreamlinedBlobStorage.recordsRelocated,1789085157225000000,1789085217224000000,0
StreamlinedBlobStorage.recordsDeleted,1789085157225000000,1789085217224000000,0
FilePageCache.pageLoads,1789085157225000000,1789085217224000000,0
FilePageCache.pageFastCacheHits,1789085157225000000,1789085217224000000,0
FilePageCacheLockFree.totalPageAllocationsWaited,1789085157225000000,1789085217224000000,0
FilePageCache.maxCacheSizeInBytes,1789085157225000000,1789085217224000000,231751680
FilePageCacheLockFree.totalBytesRead,1789085157225000000,1789085217224000000,0
DirectByteBufferAllocator.disposed,1789085157225000000,1789085217224000000,0
FilePageCacheLockFree.totalPagesWriteMs,1789085157225000000,1789085217224000000,0
FilePageCache.pageLoadsAboveSizeThreshold,1789085157225000000,1789085217224000000,0
FilePageCacheLockFree.totalPagesReadMs,1789085157225000000,1789085217224000000,0
FilePageCacheLockFree.totalHeapBytesReclaimed,1789085157225000000,1789085217224000000,0
FilePageCacheLockFree.totalPagesAllocated,1789085157225000000,1789085217224000000,0
FilePageCacheLockFree.totalPagesRequested,1789085157225000000,1789085217224000000,0
DirectByteBufferAllocator.reclaimed,1789085157225000000,1789085217224000000,0
FilePageCacheLockFree.totalHeapBytesAllocated,1789085157225000000,1789085217224000000,0
DirectByteBufferAllocator.totalSizeOfBuffersCachedInBytes,1789085157225000000,1789085217224000000,0
StreamlinedBlobStorage.recordsAllocated,1789085157225000000,1789085217224000000,0
workspaceModel.moduleManagerBridge.load.module.ms,1789085157225000000,1789085217224000000,0
workspaceModel.moduleManagerBridge.build.module.graph.ms,1789085157225000000,1789085217224000000,0
workspaceModel.moduleManagerBridge.set.unloadedModules.ms,1789085157225000000,1789085217224000000,0
workspaceModel.mutableEntityStorage.has.same.entities.ms,1789085157225000000,1789085217224000000,0
jps.reload.project.entities.ms,1789085157225000000,1789085217224000000,0
workspaceModel.global.updates.ms,1789085157225000000,1789085217224000000,0
jps.global.initialize.library.bridges.after.loading.ms,1789085157225000000,1789085217224000000,0
workspaceModel.mutableEntityStorage.to.snapshot.ms,1789085157225000000,1789085217224000000,0
jps.save.global.entities.ms,1789085157225000000,1789085217224000000,0
workspaceModel.mutableEntityStorage.referrers.ms,1789085157225000000,1789085217224000000,0
jps.app.storage.content.writer.save.component.ms,1789085157225000000,1789085217224000000,0
jps.save.changed.project.entities.ms,1789085157225000000,1789085217224000000,0
jps.facet.change.listener.before.change.events.ms,1789085157225000000,1789085217224000000,0
workspaceModel.mutableEntityStorage.collect.changes.ms,1789085157225000000,1789085217224000000,0
jps.artifact.entities.serializer.save.entities.ms,1789085157225000000,1789085217224000000,0
workspaceModel.global.apply.state.to.project.builder.ms,1789085157225000000,1789085217224000000,0
jps.apply.loaded.storage.ms,1789085157225000000,1789085217224000000,0
jps.global.get.libraries.ms,1789085157225000000,1789085217224000000,0
workspaceModel.moduleBridge.before.changed.ms,1789085157225000000,1789085217224000000,0
workspaceModel.moduleManagerBridge.newModule.ms,1789085157225000000,1789085217224000000,0
workspaceModel.mutableEntityStorage.replace.by.source.ms,1789085157225000000,1789085217224000000,0
workspaceModel.orphan.listener.update.ms,1789085157225000000,1789085217224000000,0
workspaceModel.mutableEntityStorage.entities.ms,1789085157225000000,1789085217224000000,0
workspaceModel.moduleManagerBridge.get.modules.ms,1789085157225000000,1789085217224000000,0
workspaceModel.mutableEntityStorage.mutable.vfurl.index.ms,1789085157225000000,1789085217224000000,0
workspaceModel.mutableEntityStorage.mutable.ext.mapping.ms,1789085157225000000,1789085217224000000,0
workspaceModel.delayed.project.synchronizer.sync.ms,1789085157225000000,1789085217224000000,0
jps.app.storage.content.reader.load.component.ms,1789085157225000000,1789085217224000000,0
workspaceModel.do.save.caches.ms,1789085157225000000,1789085217224000000,0
jps.artifact.entities.serializer.load.entities.ms,1789085157225000000,1789085217224000000,0
workspaceModel.load.cache.metadata.from.file.ms,1789085157225000000,1789085217224000000,0
workspaceModel.moduleBridge.facet.initialization.ms,1789085157225000000,1789085217224000000,0
workspaceModel.mutableEntityStorage.add.entity.ms,1789085157225000000,1789085217224000000,0
jps.facet.change.listener.process.change.events.ms,1789085157225000000,1789085217224000000,0
workspaceModel.mutableEntityStorage.apply.changes.from.ms,1789085157225000000,1789085217224000000,0
workspaceModel.mutableEntityStorage.remove.entity.ms,1789085157225000000,1789085217224000000,0
workspaceModel.mutableEntityStorage.entities.by.source.ms,1789085157225000000,1789085217224000000,0
workspaceModel.global.apply.state.to.project.ms,1789085157225000000,1789085217224000000,0
workspaceModel.moduleBridge.update.option.ms,1789085157225000000,1789085217224000000,0
jps.library.entities.serializer.save.entities.ms,1789085157225000000,1789085217224000000,0
jps.global.initialize.library.bridges.ms,1789085157225000000,1789085217224000000,0
jps.module.iml.entities.serializer.save.entities.ms,1789085157225000000,1789085217224000000,0
jps.global.get.library.by.name.ms,1789085157225000000,1789085217224000000,0
workspaceModel.moduleManagerBridge.new.nonPersistent.module.ms,1789085157225000000,1789085217224000000,0
workspaceModel.sync.entities.ms,1789085157225000000,1789085217224000000,0
workspaceModel.load.cache.from.file.ms,1789085157225000000,1789085217224000000,0
jps.project.serializers.load.ms,1789085157225000000,1789085217224000000,0
jps.global.handle.changed.events.ms,1789085157225000000,1789085217224000000,0
workspaceModel.global.updates.count,1789085157225000000,1789085217224000000,0
workspaceModel.mutableEntityStorage.instances.count,1789085157225000000,1789085217224000000,0
workspaceModel.mutableEntityStorage.put.entity.ms,1789085157225000000,1789085217224000000,0
jps.project.serializers.save.ms,1789085157225000000,1789085217224000000,0
jps.global.handle.before.change.events.ms,1789085157225000000,1789085217224000000,0
workspaceModel.mutableEntityStorage.modify.entity.ms,1789085157225000000,1789085217224000000,0
workspaceModel.save.cache.to.file.ms,1789085157225000000,1789085217224000000,0
workspaceModel.moduleManagerBridge.create.module.instance.ms,1789085157225000000,1789085217224000000,0
workspaceModel.moduleBridgeLoader.loading.modules.ms,1789085157225000000,1789085217224000000,0
jps.library.entities.serializer.load.entities.ms,1789085157225000000,1789085217224000000,0
jps.load.initial.state.ms,1789085157225000000,1789085217224000000,0
jps.facet.change.listener.init.bridge.ms,1789085157225000000,1789085217224000000,0
jps.load.project.to.empty.storage.ms,1789085157225000000,1789085217224000000,0
jps.global.get.library.ms,1789085157225000000,1789085217224000000,0
workspaceModel.mutableEntityStorage.resolve.ms,1789085157225000000,1789085217224000000,0
workspaceModel.moduleManagerBridge.load.all.modules.ms,1789085157225000000,1789085217224000000,0
jps.module.iml.entities.serializer.load.entities.ms,1789085157225000000,1789085217224000000,0
jps.storage.jps.conf.reader.load.component.ms,1789085157225000000,1789085217224000000,0
compiler.ArtifactManagerBridge.getArtifacts.ms,1789085157225000000,1789085217224000000,0
compiler.ArtifactManagerBridge.initBridges.ms,1789085157225000000,1789085217224000000,0
compiler.ArtifactManagerBridge.getArtifactsByType.ms,1789085157225000000,1789085217224000000,0
compiler.ArtifactManagerBridge.findArtifact.ms,1789085157225000000,1789085217224000000,0
compiler.ArtifactManagerBridge.commit.ms,1789085157225000000,1789085217224000000,0
compiler.ArtifactManagerBridge.dropMappings.ms,1789085157225000000,1789085217224000000,0
compiler.ArtifactVirtualFileListener.filePathChanged.ms,1789085157225000000,1789085217224000000,0
compiler.ArtifactManagerBridge.addArtifact.ms,1789085157225000000,1789085217224000000,0
compiler.ArtifactVirtualFileListener.propertyChanged.ms,1789085157225000000,1789085217224000000,0
cacheStateStorage.get.counter,1789085157225000000,1789085217224000000,0
cacheStateStorage.get.duration,1789085157225000000,1789085217224000000,0
cacheStateStorage.set.duration,1789085157225000000,1789085217224000000,0
cacheStateStorage.set.counter,1789085157225000000,1789085217224000000,0
writeAction.count,1789085157225000000,1789085217224000000,0
writeAction.wait.ms,1789085157225000000,1789085217224000000,0
writeAction.median.wait.ms,1789085157225000000,1789085217224000000,0
writeAction.max.wait.ms,1789085157225000000,1789085217224000000,14
Indexes.allKeys.lookupDurationMaxMs,1789085157225000000,1789085217224000000,0.0
Indexes.entries.lookupDuration90PMs,1789085157225000000,1789085217224000000,0.0
Indexes.allKeys.lookups,1789085157225000000,1789085217224000000,0.0
Indexes.stubs.lookupDurationAvgMs,1789085157225000000,1789085217224000000,0.0
IndexesFlusher.totalFlushingTimeUs,1789085157225000000,1789085217224000000,262042
Indexes.entries.lookupDurationAvgMs,1789085157225000000,1789085217224000000,0.0
IndexesFlusher.totalFlushes,1789085157225000000,1789085217224000000,59
Indexes.stubs.lookups,1789085157225000000,1789085217224000000,0.0
IndexesFlusher.totalContentionQuotaSpent,1789085157225000000,1789085217224000000,0
Indexes.stubs.lookupDurationMaxMs,1789085157225000000,1789085217224000000,0.0
Indexes.entries.lookupDurationMaxMs,1789085157225000000,1789085217224000000,0.0
Indexes.allKeys.lookupDuration90PMs,1789085157225000000,1789085217224000000,0.0
Indexes.stubs.lookupDuration90PMs,1789085157225000000,1789085217224000000,0.0
IndexesFlusher.totalFlushesRetried,1789085157225000000,1789085217224000000,0
Indexes.entries.lookups,1789085157225000000,1789085217224000000,0.0
Indexes.allKeys.lookupDurationAvgMs,1789085157225000000,1789085217224000000,0.0
VFS.fileByIdCache.misses,1789085157225000000,1789085217224000000,0
VFS.fileByIdCache.hits,1789085157225000000,1789085217224000000,0
FileNameCache.totalMisses,1789085157225000000,1789085217224000000,0
VFS.invertedFileNameIndex.requests,1789085157225000000,1789085217224000000,0
VFS.fileChildByName,1789085157225000000,1789085217224000000,0
FileNameCache.queries,1789085157225000000,1789085217224000000,0
workspaceModel.entityStorageSnapshotImpl.instances.count,1789085157225000000,1789085217224000000,0
workspaceModel.cachedValueWithParameters.calculated.ms,1789085157225000000,1789085217224000000,0
workspaceModel.workspaceFileIndexData.visitFileSets.ms,1789085157225000000,1789085217224000000,0
workspaceModel.workspaceFileIndexData.processFileSets.ms,1789085157225000000,1789085217224000000,0
workspaceModel.pre.handlers.ms,1789085157225000000,1789085217224000000,0
workspaceModel.loading.total.ms,1789085157225000000,1789085217224000000,0
workspaceModel.cachedValue.clear.ms,1789085157225000000,1789085217224000000,0
workspaceModel.full.replace.project.model.ms,1789085157225000000,1789085217224000000,0
workspaceModel.collect.changes.ms,1789085157225000000,1789085217224000000,0
workspaceModel.updates.count,1789085157225000000,1789085217224000000,0
workspaceModel.workspaceFileIndexData.updateDirtyEntities.ms,1789085157225000000,1789085217224000000,0
workspaceModel.workspaceFileIndexContributor.registerFileSets.ms,1789085157225000000,1789085217224000000,0
workspaceModel.cachedValueWithParameters.total.get.ms,1789085157225000000,1789085217224000000,0
workspaceModel.workspaceFileIndexData.instances.count,1789085157225000000,1789085217224000000,0
workspaceModel.workspaceFileIndexData.markDirty.ms,1789085157225000000,1789085217224000000,0
workspaceModel.check.recursive.update.ms,1789085157225000000,1789085217224000000,0
workspaceModel.workspaceFileIndexData.getDirectoriesByPackageName.ms,1789085157225000000,1789085217224000000,0
workspaceModel.init.bridges.ms,1789085157225000000,1789085217224000000,0
workspaceModel.updates.ms,1789085157225000000,1789085217224000000,0
workspaceModel.to.snapshot.ms,1789085157225000000,1789085217224000000,0
workspaceModel.updates.precise.ms,1789085157225000000,1789085217224000000,0
workspaceModel.cachedValueWithParameters.clear.ms,1789085157225000000,1789085217224000000,0
workspaceModel.workspaceFileIndexData.onEntitiesChanged.ms,1789085157225000000,1789085217224000000,0
workspaceModel.workspaceFileIndexData.getFileInfo.ms,1789085157225000000,1789085217224000000,0
workspaceModel.initializing.ms,1789085157225000000,1789085217224000000,0
workspaceModel.replace.project.model.ms,1789085157225000000,1789085217224000000,0
workspaceModel.cachedValue.from.cache.ms,1789085157225000000,1789085217224000000,0
workspaceModel.cachedValue.calculated.ms,1789085157225000000,1789085217224000000,0
workspaceModel.cachedValueWithParameters.from.cache.ms,1789085157225000000,1789085217224000000,0
workspaceModel.loading.from.cache.ms,1789085157225000000,1789085217224000000,0
workspaceModel.workspaceFileIndexData.getPackageName.ms,1789085157225000000,1789085217224000000,0
workspaceModel.update.unloaded.entities.ms,1789085157225000000,1789085217224000000,0
workspaceModel.cachedValue.total.get.ms,1789085157225000000,1789085217224000000,0
workspaceModel.workspaceFileIndexData.init.ms,1789085157225000000,1789085217224000000,0
AWTEventQueue.dispatchTimeMaxNs,1789085157225000000,1789085217224000000,5439487
AWTEventQueue.dispatchTime90PNs,1789085157225000000,1789085217224000000,171007
FlushQueue.queueSizeAvg,1789085157225000000,1789085217224000000,0.0
ReadAction.executionsCount,1789085157225000000,1789085217224000000,0
FlushQueue.executionTime90PNs,1789085157225000000,1789085217224000000,68095
FlushQueue.tasksExecuted,1789085157225000000,1789085217224000000,241
AWTEventQueue.eventsDispatched,1789085157225000000,1789085217224000000,3604
FlushQueue.waitingTimeMaxNs,1789085157225000000,1789085217224000000,354303
FlushQueue.executionTimeAvgNs,1789085157225000000,1789085217224000000,33947.751037344395
FlushQueue.waitingTimeAvgNs,1789085157225000000,1789085217224000000,156684.21576763486
FlushQueue.executionTimeMaxNs,1789085157225000000,1789085217224000000,1417215
NonBlockingReadAction.finalizedExecutionsCount,1789085157225000000,1789085217224000000,0
NonBlockingReadAction.finalizedExecutionTimeUs,1789085157225000000,1789085217224000000,0
AWTEventQueue.dispatchTimeAvgNs,1789085157225000000,1789085217224000000,87977.38512763596
NonBlockingReadAction.failedExecutionsCount,1789085157225000000,1789085217224000000,0
FlushQueue.queueSizeMax,1789085157225000000,1789085217224000000,0
FlushQueue.queueSize90P,1789085157225000000,1789085217224000000,0
AWTEventQueue.dispatchTimeTotalNS,1789085157225000000,1789085217224000000,317069642
FlushQueue.waitingTime90PNs,1789085157225000000,1789085217224000000,219135
WriteAction.executionsCount,1789085157225000000,1789085217224000000,0
NonBlockingReadAction.failedExecutionTimeUs,1789085157225000000,1789085217224000000,0
JVM.totalBytesAllocated,1789085217224000000,1789085277238000000,35346608
JVM.newThreadsCount,1789085217224000000,1789085277238000000,0
JVM.usedHeapBytes,1789085217224000000,1789085277238000000,207321464
OS.loadAverage,1789085217224000000,1789085277238000000,2.73828125
JVM.maxHeapBytes,1789085217224000000,1789085277238000000,2147483648
JVM.totalCpuTimeMs,1789085217224000000,1789085277238000000,2437
JVM.maxThreadCount,1789085217224000000,1789085277238000000,165
JVM.GC.collectionTimesMs,1789085217224000000,1789085277238000000,12
JVM.totalDirectByteBuffersBytes,1789085217224000000,1789085277238000000,233490823
JVM.usedNativeBytes,1789085217224000000,1789085277238000000,307405568
JVM.GC.collections,1789085217224000000,1789085277238000000,1
JVM.threadCount,1789085217224000000,1789085277238000000,52
FilePageCacheLockFree.totalPagesReclaimed,1789085217224000000,1789085277238000000,0
MappedFileStorage.totalPagesMapped,1789085217224000000,1789085277238000000,15
FilePageCacheLockFree.totalPagesHandedOver,1789085217224000000,1789085277238000000,0
FilePageCache.uncachedFileAccess,1789085217224000000,1789085277238000000,0
FilePageCacheLockFree.totalPagesWritten,1789085217224000000,1789085277238000000,0
StreamlinedBlobStorage.totalLiveRecordsCapacityBytes,1789085217224000000,1789085277238000000,0
FilePageCacheLockFree.totalBytesRequested,1789085217224000000,1789085277238000000,0
FilePageCacheLockFree.totalBytesWritten,1789085217224000000,1789085277238000000,0
FilePageCache.pageHits,1789085217224000000,1789085277238000000,0
StorageLockContext.competingThreads.avg,1789085217224000000,1789085277238000000,0.0
FilePageCache.maxRegisteredFiles,1789085217224000000,1789085277238000000,555
FilePageCache.capacityInBytes,1789085217224000000,1789085277238000000,503316478
FilePageCache.totalPageLoadsUs,1789085217224000000,1789085277238000000,0
StreamlinedBlobStorage.totalLiveRecordsPayloadBytes,1789085217224000000,1789085277238000000,0
FilePageCache.totalPageDisposalsUs,1789085217224000000,1789085277238000000,0
StorageLockContext.competingThreads.max,1789085217224000000,1789085277238000000,0
StorageLockContext.competingThreads.90P,1789085217224000000,1789085277238000000,0
FilePageCacheLockFree.totalNativeBytesAllocated,1789085217224000000,1789085277238000000,0
FilePageCacheLockFree.totalNativeBytesReclaimed,1789085217224000000,1789085277238000000,0
FilePageCacheLockFree.totalPagesRequestsMs,1789085217224000000,1789085277238000000,0
FilePageCacheLockFree.heapBytesInUse,1789085217224000000,1789085277238000000,0
FilePageCacheLockFree.nativeBytesInUse,1789085217224000000,1789085277238000000,0
FilePageCacheLockFree.housekeeperTurnsSkipped,1789085217224000000,1789085277238000000,0
FilePageCacheLockFree.totalClosedStoragesReclaimed,1789085217224000000,1789085277238000000,0
FileChannelInterruptsRetryer.totalRetriedAttempts,1789085217224000000,1789085277238000000,0
FilePageCache.disposedBuffers,1789085217224000000,1789085277238000000,0
DirectByteBufferAllocator.hits,1789085217224000000,1789085277238000000,0
DirectByteBufferAllocator.totalSizeOfBuffersAllocatedInBytes,1789085217224000000,1789085277238000000,231751680
FilePageCacheLockFree.housekeeperTimeSpentMs,1789085217224000000,1789085277238000000,0
MappedFileStorage.totalTimeSpentOnMappingUs,1789085217224000000,1789085277238000000,9841
FilePageCacheLockFree.housekeeperTurnsDone,1789085217224000000,1789085277238000000,0
MappedFileStorage.totalBytesMapped,1789085217224000000,1789085277238000000,198443008
DirectByteBufferAllocator.misses,1789085217224000000,1789085277238000000,0
MappedFileStorage.storages,1789085217224000000,1789085277238000000,15
StreamlinedBlobStorage.recordsRelocated,1789085217224000000,1789085277238000000,0
StreamlinedBlobStorage.recordsDeleted,1789085217224000000,1789085277238000000,0
FilePageCache.pageLoads,1789085217224000000,1789085277238000000,0
FilePageCache.pageFastCacheHits,1789085217224000000,1789085277238000000,0
FilePageCacheLockFree.totalPageAllocationsWaited,1789085217224000000,1789085277238000000,0
FilePageCache.maxCacheSizeInBytes,1789085217224000000,1789085277238000000,231751680
FilePageCacheLockFree.totalBytesRead,1789085217224000000,1789085277238000000,0
DirectByteBufferAllocator.disposed,1789085217224000000,1789085277238000000,0
FilePageCacheLockFree.totalPagesWriteMs,1789085217224000000,1789085277238000000,0
FilePageCache.pageLoadsAboveSizeThreshold,1789085217224000000,1789085277238000000,0
FilePageCacheLockFree.totalPagesReadMs,1789085217224000000,1789085277238000000,0
FilePageCacheLockFree.totalHeapBytesReclaimed,1789085217224000000,1789085277238000000,0
FilePageCacheLockFree.totalPagesAllocated,1789085217224000000,1789085277238000000,0
FilePageCacheLockFree.totalPagesRequested,1789085217224000000,1789085277238000000,0
DirectByteBufferAllocator.reclaimed,1789085217224000000,1789085277238000000,0
FilePageCacheLockFree.totalHeapBytesAllocated,1789085217224000000,1789085277238000000,0
DirectByteBufferAllocator.totalSizeOfBuffersCachedInBytes,1789085217224000000,1789085277238000000,0
StreamlinedBlobStorage.recordsAllocated,1789085217224000000,1789085277238000000,0
workspaceModel.moduleManagerBridge.load.module.ms,1789085217224000000,1789085277238000000,0
workspaceModel.moduleManagerBridge.build.module.graph.ms,1789085217224000000,1789085277238000000,0
workspaceModel.moduleManagerBridge.set.unloadedModules.ms,1789085217224000000,1789085277238000000,0
workspaceModel.mutableEntityStorage.has.same.entities.ms,1789085217224000000,1789085277238000000,0
jps.reload.project.entities.ms,1789085217224000000,1789085277238000000,0
workspaceModel.global.updates.ms,1789085217224000000,1789085277238000000,0
jps.global.initialize.library.bridges.after.loading.ms,1789085217224000000,1789085277238000000,0
workspaceModel.mutableEntityStorage.to.snapshot.ms,1789085217224000000,1789085277238000000,0
jps.save.global.entities.ms,1789085217224000000,1789085277238000000,0
workspaceModel.mutableEntityStorage.referrers.ms,1789085217224000000,1789085277238000000,0
jps.app.storage.content.writer.save.component.ms,1789085217224000000,1789085277238000000,0
jps.save.changed.project.entities.ms,1789085217224000000,1789085277238000000,0
jps.facet.change.listener.before.change.events.ms,1789085217224000000,1789085277238000000,0
workspaceModel.mutableEntityStorage.collect.changes.ms,1789085217224000000,1789085277238000000,0
jps.artifact.entities.serializer.save.entities.ms,1789085217224000000,1789085277238000000,0
workspaceModel.global.apply.state.to.project.builder.ms,1789085217224000000,1789085277238000000,0
jps.apply.loaded.storage.ms,1789085217224000000,1789085277238000000,0
jps.global.get.libraries.ms,1789085217224000000,1789085277238000000,0
workspaceModel.moduleBridge.before.changed.ms,1789085217224000000,1789085277238000000,0
workspaceModel.moduleManagerBridge.newModule.ms,1789085217224000000,1789085277238000000,0
workspaceModel.mutableEntityStorage.replace.by.source.ms,1789085217224000000,1789085277238000000,0
workspaceModel.orphan.listener.update.ms,1789085217224000000,1789085277238000000,0
workspaceModel.mutableEntityStorage.entities.ms,1789085217224000000,1789085277238000000,0
workspaceModel.moduleManagerBridge.get.modules.ms,1789085217224000000,1789085277238000000,0
workspaceModel.mutableEntityStorage.mutable.vfurl.index.ms,1789085217224000000,1789085277238000000,0
workspaceModel.mutableEntityStorage.mutable.ext.mapping.ms,1789085217224000000,1789085277238000000,0
workspaceModel.delayed.project.synchronizer.sync.ms,1789085217224000000,1789085277238000000,0
jps.app.storage.content.reader.load.component.ms,1789085217224000000,1789085277238000000,0
workspaceModel.do.save.caches.ms,1789085217224000000,1789085277238000000,0
jps.artifact.entities.serializer.load.entities.ms,1789085217224000000,1789085277238000000,0
workspaceModel.load.cache.metadata.from.file.ms,1789085217224000000,1789085277238000000,0
workspaceModel.moduleBridge.facet.initialization.ms,1789085217224000000,1789085277238000000,0
workspaceModel.mutableEntityStorage.add.entity.ms,1789085217224000000,1789085277238000000,0
jps.facet.change.listener.process.change.events.ms,1789085217224000000,1789085277238000000,0
workspaceModel.mutableEntityStorage.apply.changes.from.ms,1789085217224000000,1789085277238000000,0
workspaceModel.mutableEntityStorage.remove.entity.ms,1789085217224000000,1789085277238000000,0
workspaceModel.mutableEntityStorage.entities.by.source.ms,1789085217224000000,1789085277238000000,0
workspaceModel.global.apply.state.to.project.ms,1789085217224000000,1789085277238000000,0
workspaceModel.moduleBridge.update.option.ms,1789085217224000000,1789085277238000000,0
jps.library.entities.serializer.save.entities.ms,1789085217224000000,1789085277238000000,0
jps.global.initialize.library.bridges.ms,1789085217224000000,1789085277238000000,0
jps.module.iml.entities.serializer.save.entities.ms,1789085217224000000,1789085277238000000,0
jps.global.get.library.by.name.ms,1789085217224000000,1789085277238000000,0
workspaceModel.moduleManagerBridge.new.nonPersistent.module.ms,1789085217224000000,1789085277238000000,0
workspaceModel.sync.entities.ms,1789085217224000000,1789085277238000000,0
workspaceModel.load.cache.from.file.ms,1789085217224000000,1789085277238000000,0
jps.project.serializers.load.ms,1789085217224000000,1789085277238000000,0
jps.global.handle.changed.events.ms,1789085217224000000,1789085277238000000,0
workspaceModel.global.updates.count,1789085217224000000,1789085277238000000,0
workspaceModel.mutableEntityStorage.instances.count,1789085217224000000,1789085277238000000,0
workspaceModel.mutableEntityStorage.put.entity.ms,1789085217224000000,1789085277238000000,0
jps.project.serializers.save.ms,1789085217224000000,1789085277238000000,0
jps.global.handle.before.change.events.ms,1789085217224000000,1789085277238000000,0
workspaceModel.mutableEntityStorage.modify.entity.ms,1789085217224000000,1789085277238000000,0
workspaceModel.save.cache.to.file.ms,1789085217224000000,1789085277238000000,0
workspaceModel.moduleManagerBridge.create.module.instance.ms,1789085217224000000,1789085277238000000,0
workspaceModel.moduleBridgeLoader.loading.modules.ms,1789085217224000000,1789085277238000000,0
jps.library.entities.serializer.load.entities.ms,1789085217224000000,1789085277238000000,0
jps.load.initial.state.ms,1789085217224000000,1789085277238000000,0
jps.facet.change.listener.init.bridge.ms,1789085217224000000,1789085277238000000,0
jps.load.project.to.empty.storage.ms,1789085217224000000,1789085277238000000,0
jps.global.get.library.ms,1789085217224000000,1789085277238000000,0
workspaceModel.mutableEntityStorage.resolve.ms,1789085217224000000,1789085277238000000,0
workspaceModel.moduleManagerBridge.load.all.modules.ms,1789085217224000000,1789085277238000000,0
jps.module.iml.entities.serializer.load.entities.ms,1789085217224000000,1789085277238000000,0
jps.storage.jps.conf.reader.load.component.ms,1789085217224000000,1789085277238000000,0
compiler.ArtifactManagerBridge.getArtifacts.ms,1789085217224000000,1789085277238000000,0
compiler.ArtifactManagerBridge.initBridges.ms,1789085217224000000,1789085277238000000,0
compiler.ArtifactManagerBridge.getArtifactsByType.ms,1789085217224000000,1789085277238000000,0
compiler.ArtifactManagerBridge.findArtifact.ms,1789085217224000000,1789085277238000000,0
compiler.ArtifactManagerBridge.commit.ms,1789085217224000000,1789085277238000000,0
compiler.ArtifactManagerBridge.dropMappings.ms,1789085217224000000,1789085277238000000,0
compiler.ArtifactVirtualFileListener.filePathChanged.ms,1789085217224000000,1789085277238000000,0
compiler.ArtifactManagerBridge.addArtifact.ms,1789085217224000000,1789085277238000000,0
compiler.ArtifactVirtualFileListener.propertyChanged.ms,1789085217224000000,1789085277238000000,0
cacheStateStorage.get.counter,1789085217224000000,1789085277238000000,0
cacheStateStorage.get.duration,1789085217224000000,1789085277238000000,0
cacheStateStorage.set.duration,1789085217224000000,1789085277238000000,0
cacheStateStorage.set.counter,1789085217224000000,1789085277238000000,0
writeAction.count,1789085217224000000,1789085277238000000,0
writeAction.wait.ms,1789085217224000000,1789085277238000000,0
writeAction.median.wait.ms,1789085217224000000,1789085277238000000,0
writeAction.max.wait.ms,1789085217224000000,1789085277238000000,14
Indexes.allKeys.lookupDurationMaxMs,1789085217224000000,1789085277238000000,0.0
Indexes.entries.lookupDuration90PMs,1789085217224000000,1789085277238000000,0.0
Indexes.allKeys.lookups,1789085217224000000,1789085277238000000,0.0
Indexes.stubs.lookupDurationAvgMs,1789085217224000000,1789085277238000000,0.0
IndexesFlusher.totalFlushingTimeUs,1789085217224000000,1789085277238000000,213524
Indexes.entries.lookupDurationAvgMs,1789085217224000000,1789085277238000000,0.0
IndexesFlusher.totalFlushes,1789085217224000000,1789085277238000000,59
Indexes.stubs.lookups,1789085217224000000,1789085277238000000,0.0
IndexesFlusher.totalContentionQuotaSpent,1789085217224000000,1789085277238000000,0
Indexes.stubs.lookupDurationMaxMs,1789085217224000000,1789085277238000000,0.0
Indexes.entries.lookupDurationMaxMs,1789085217224000000,1789085277238000000,0.0
Indexes.allKeys.lookupDuration90PMs,1789085217224000000,1789085277238000000,0.0
Indexes.stubs.lookupDuration90PMs,1789085217224000000,1789085277238000000,0.0
IndexesFlusher.totalFlushesRetried,1789085217224000000,1789085277238000000,0
Indexes.entries.lookups,1789085217224000000,1789085277238000000,0.0
Indexes.allKeys.lookupDurationAvgMs,1789085217224000000,1789085277238000000,0.0
VFS.fileByIdCache.misses,1789085217224000000,1789085277238000000,0
VFS.fileByIdCache.hits,1789085217224000000,1789085277238000000,0
FileNameCache.totalMisses,1789085217224000000,1789085277238000000,0
VFS.invertedFileNameIndex.requests,1789085217224000000,1789085277238000000,0
VFS.fileChildByName,1789085217224000000,1789085277238000000,0
FileNameCache.queries,1789085217224000000,1789085277238000000,0
workspaceModel.entityStorageSnapshotImpl.instances.count,1789085217224000000,1789085277238000000,0
workspaceModel.cachedValueWithParameters.calculated.ms,1789085217224000000,1789085277238000000,0
workspaceModel.workspaceFileIndexData.visitFileSets.ms,1789085217224000000,1789085277238000000,0
workspaceModel.workspaceFileIndexData.processFileSets.ms,1789085217224000000,1789085277238000000,0
workspaceModel.pre.handlers.ms,1789085217224000000,1789085277238000000,0
workspaceModel.loading.total.ms,1789085217224000000,1789085277238000000,0
workspaceModel.cachedValue.clear.ms,1789085217224000000,1789085277238000000,0
workspaceModel.full.replace.project.model.ms,1789085217224000000,1789085277238000000,0
workspaceModel.collect.changes.ms,1789085217224000000,1789085277238000000,0
workspaceModel.updates.count,1789085217224000000,1789085277238000000,0
workspaceModel.workspaceFileIndexData.updateDirtyEntities.ms,1789085217224000000,1789085277238000000,0
workspaceModel.workspaceFileIndexContributor.registerFileSets.ms,1789085217224000000,1789085277238000000,0
workspaceModel.cachedValueWithParameters.total.get.ms,1789085217224000000,1789085277238000000,0
workspaceModel.workspaceFileIndexData.instances.count,1789085217224000000,1789085277238000000,0
workspaceModel.workspaceFileIndexData.markDirty.ms,1789085217224000000,1789085277238000000,0
workspaceModel.check.recursive.update.ms,1789085217224000000,1789085277238000000,0
workspaceModel.workspaceFileIndexData.getDirectoriesByPackageName.ms,1789085217224000000,1789085277238000000,0
workspaceModel.init.bridges.ms,1789085217224000000,1789085277238000000,0
workspaceModel.updates.ms,1789085217224000000,1789085277238000000,0
workspaceModel.to.snapshot.ms,1789085217224000000,1789085277238000000,0
workspaceModel.updates.precise.ms,1789085217224000000,1789085277238000000,0
workspaceModel.cachedValueWithParameters.clear.ms,1789085217224000000,1789085277238000000,0
workspaceModel.workspaceFileIndexData.onEntitiesChanged.ms,1789085217224000000,1789085277238000000,0
workspaceModel.workspaceFileIndexData.getFileInfo.ms,1789085217224000000,1789085277238000000,0
workspaceModel.initializing.ms,1789085217224000000,1789085277238000000,0
workspaceModel.replace.project.model.ms,1789085217224000000,1789085277238000000,0
workspaceModel.cachedValue.from.cache.ms,1789085217224000000,1789085277238000000,0
workspaceModel.cachedValue.calculated.ms,1789085217224000000,1789085277238000000,0
workspaceModel.cachedValueWithParameters.from.cache.ms,1789085217224000000,1789085277238000000,0
workspaceModel.loading.from.cache.ms,1789085217224000000,1789085277238000000,0
workspaceModel.workspaceFileIndexData.getPackageName.ms,1789085217224000000,1789085277238000000,0
workspaceModel.update.unloaded.entities.ms,1789085217224000000,1789085277238000000,0
workspaceModel.cachedValue.total.get.ms,1789085217224000000,1789085277238000000,0
workspaceModel.workspaceFileIndexData.init.ms,1789085217224000000,1789085277238000000,0
AWTEventQueue.dispatchTimeMaxNs,1789085217224000000,1789085277238000000,10813439
AWTEventQueue.dispatchTime90PNs,1789085217224000000,1789085277238000000,159743
FlushQueue.queueSizeAvg,1789085217224000000,1789085277238000000,0.0502092050209205
ReadAction.executionsCount,1789085217224000000,1789085277238000000,0
FlushQueue.executionTime90PNs,1789085217224000000,1789085277238000000,59647
FlushQueue.tasksExecuted,1789085217224000000,1789085277238000000,239
AWTEventQueue.eventsDispatched,1789085217224000000,1789085277238000000,3597
FlushQueue.waitingTimeMaxNs,1789085217224000000,1789085277238000000,31588351
FlushQueue.executionTimeAvgNs,1789085217224000000,1789085277238000000,31720.267782426778
FlushQueue.waitingTimeAvgNs,1789085217224000000,1789085277238000000,283096.3682008368
FlushQueue.executionTimeMaxNs,1789085217224000000,1789085277238000000,1105919
NonBlockingReadAction.finalizedExecutionsCount,1789085217224000000,1789085277238000000,0
NonBlockingReadAction.finalizedExecutionTimeUs,1789085217224000000,1789085277238000000,0
AWTEventQueue.dispatchTimeAvgNs,1789085217224000000,1789085277238000000,86447.12371420629
NonBlockingReadAction.failedExecutionsCount,1789085217224000000,1789085277238000000,0
FlushQueue.queueSizeMax,1789085217224000000,1789085277238000000,1
FlushQueue.queueSize90P,1789085217224000000,1789085277238000000,0
AWTEventQueue.dispatchTimeTotalNS,1789085217224000000,1789085277238000000,310947996
FlushQueue.waitingTime90PNs,1789085217224000000,1789085277238000000,215039
WriteAction.executionsCount,1789085217224000000,1789085277238000000,0
NonBlockingReadAction.failedExecutionTimeUs,1789085217224000000,1789085277238000000,0
JVM.totalBytesAllocated,1789085277238000000,1789085337238000000,36217200
JVM.newThreadsCount,1789085277238000000,1789085337238000000,1
JVM.usedHeapBytes,1789085277238000000,1789085337238000000,244021624
OS.loadAverage,1789085277238000000,1789085337238000000,2.47509765625
JVM.maxHeapBytes,1789085277238000000,1789085337238000000,2147483648
JVM.totalCpuTimeMs,1789085277238000000,1789085337238000000,2762
JVM.maxThreadCount,1789085277238000000,1789085337238000000,165
JVM.GC.collectionTimesMs,1789085277238000000,1789085337238000000,0
JVM.totalDirectByteBuffersBytes,1789085277238000000,1789085337238000000,233482631
JVM.usedNativeBytes,1789085277238000000,1789085337238000000,304861208
JVM.GC.collections,1789085277238000000,1789085337238000000,0
JVM.threadCount,1789085277238000000,1789085337238000000,51
FilePageCacheLockFree.totalPagesReclaimed,1789085277238000000,1789085337238000000,0
MappedFileStorage.totalPagesMapped,1789085277238000000,1789085337238000000,15
FilePageCacheLockFree.totalPagesHandedOver,1789085277238000000,1789085337238000000,0
FilePageCache.uncachedFileAccess,1789085277238000000,1789085337238000000,0
FilePageCacheLockFree.totalPagesWritten,1789085277238000000,1789085337238000000,0
StreamlinedBlobStorage.totalLiveRecordsCapacityBytes,1789085277238000000,1789085337238000000,0
FilePageCacheLockFree.totalBytesRequested,1789085277238000000,1789085337238000000,0
FilePageCacheLockFree.totalBytesWritten,1789085277238000000,1789085337238000000,0
FilePageCache.pageHits,1789085277238000000,1789085337238000000,0
StorageLockContext.competingThreads.avg,1789085277238000000,1789085337238000000,0.0
FilePageCache.maxRegisteredFiles,1789085277238000000,1789085337238000000,555
FilePageCache.capacityInBytes,1789085277238000000,1789085337238000000,503316478
FilePageCache.totalPageLoadsUs,1789085277238000000,1789085337238000000,0
StreamlinedBlobStorage.totalLiveRecordsPayloadBytes,1789085277238000000,1789085337238000000,0
FilePageCache.totalPageDisposalsUs,1789085277238000000,1789085337238000000,0
StorageLockContext.competingThreads.max,1789085277238000000,1789085337238000000,0
StorageLockContext.competingThreads.90P,1789085277238000000,1789085337238000000,0
FilePageCacheLockFree.totalNativeBytesAllocated,1789085277238000000,1789085337238000000,0
FilePageCacheLockFree.totalNativeBytesReclaimed,1789085277238000000,1789085337238000000,0
FilePageCacheLockFree.totalPagesRequestsMs,1789085277238000000,1789085337238000000,0
FilePageCacheLockFree.heapBytesInUse,1789085277238000000,1789085337238000000,0
FilePageCacheLockFree.nativeBytesInUse,1789085277238000000,1789085337238000000,0
FilePageCacheLockFree.housekeeperTurnsSkipped,1789085277238000000,1789085337238000000,0
FilePageCacheLockFree.totalClosedStoragesReclaimed,1789085277238000000,1789085337238000000,0
FileChannelInterruptsRetryer.totalRetriedAttempts,1789085277238000000,1789085337238000000,0
FilePageCache.disposedBuffers,1789085277238000000,1789085337238000000,0
DirectByteBufferAllocator.hits,1789085277238000000,1789085337238000000,0
DirectByteBufferAllocator.totalSizeOfBuffersAllocatedInBytes,1789085277238000000,1789085337238000000,231751680
FilePageCacheLockFree.housekeeperTimeSpentMs,1789085277238000000,1789085337238000000,0
MappedFileStorage.totalTimeSpentOnMappingUs,1789085277238000000,1789085337238000000,9841
FilePageCacheLockFree.housekeeperTurnsDone,1789085277238000000,1789085337238000000,0
MappedFileStorage.totalBytesMapped,1789085277238000000,1789085337238000000,198443008
DirectByteBufferAllocator.misses,1789085277238000000,1789085337238000000,0
MappedFileStorage.storages,1789085277238000000,1789085337238000000,15
StreamlinedBlobStorage.recordsRelocated,1789085277238000000,1789085337238000000,0
StreamlinedBlobStorage.recordsDeleted,1789085277238000000,1789085337238000000,0
FilePageCache.pageLoads,1789085277238000000,1789085337238000000,0
FilePageCache.pageFastCacheHits,1789085277238000000,1789085337238000000,28
FilePageCacheLockFree.totalPageAllocationsWaited,1789085277238000000,1789085337238000000,0
FilePageCache.maxCacheSizeInBytes,1789085277238000000,1789085337238000000,231751680
FilePageCacheLockFree.totalBytesRead,1789085277238000000,1789085337238000000,0
DirectByteBufferAllocator.disposed,1789085277238000000,1789085337238000000,0
FilePageCacheLockFree.totalPagesWriteMs,1789085277238000000,1789085337238000000,0
FilePageCache.pageLoadsAboveSizeThreshold,1789085277238000000,1789085337238000000,0
FilePageCacheLockFree.totalPagesReadMs,1789085277238000000,1789085337238000000,0
FilePageCacheLockFree.totalHeapBytesReclaimed,1789085277238000000,1789085337238000000,0
FilePageCacheLockFree.totalPagesAllocated,1789085277238000000,1789085337238000000,0
FilePageCacheLockFree.totalPagesRequested,1789085277238000000,1789085337238000000,0
DirectByteBufferAllocator.reclaimed,1789085277238000000,1789085337238000000,0
FilePageCacheLockFree.totalHeapBytesAllocated,1789085277238000000,1789085337238000000,0
DirectByteBufferAllocator.totalSizeOfBuffersCachedInBytes,1789085277238000000,1789085337238000000,0
StreamlinedBlobStorage.recordsAllocated,1789085277238000000,1789085337238000000,0
workspaceModel.moduleManagerBridge.load.module.ms,1789085277238000000,1789085337238000000,0
workspaceModel.moduleManagerBridge.build.module.graph.ms,1789085277238000000,1789085337238000000,0
workspaceModel.moduleManagerBridge.set.unloadedModules.ms,1789085277238000000,1789085337238000000,0
workspaceModel.mutableEntityStorage.has.same.entities.ms,1789085277238000000,1789085337238000000,0
jps.reload.project.entities.ms,1789085277238000000,1789085337238000000,0
workspaceModel.global.updates.ms,1789085277238000000,1789085337238000000,0
jps.global.initialize.library.bridges.after.loading.ms,1789085277238000000,1789085337238000000,0
workspaceModel.mutableEntityStorage.to.snapshot.ms,1789085277238000000,1789085337238000000,0
jps.save.global.entities.ms,1789085277238000000,1789085337238000000,0
workspaceModel.mutableEntityStorage.referrers.ms,1789085277238000000,1789085337238000000,0
jps.app.storage.content.writer.save.component.ms,1789085277238000000,1789085337238000000,0
jps.save.changed.project.entities.ms,1789085277238000000,1789085337238000000,0
jps.facet.change.listener.before.change.events.ms,1789085277238000000,1789085337238000000,0
workspaceModel.mutableEntityStorage.collect.changes.ms,1789085277238000000,1789085337238000000,0
jps.artifact.entities.serializer.save.entities.ms,1789085277238000000,1789085337238000000,0
workspaceModel.global.apply.state.to.project.builder.ms,1789085277238000000,1789085337238000000,0
jps.apply.loaded.storage.ms,1789085277238000000,1789085337238000000,0
jps.global.get.libraries.ms,1789085277238000000,1789085337238000000,0
workspaceModel.moduleBridge.before.changed.ms,1789085277238000000,1789085337238000000,0
workspaceModel.moduleManagerBridge.newModule.ms,1789085277238000000,1789085337238000000,0
workspaceModel.mutableEntityStorage.replace.by.source.ms,1789085277238000000,1789085337238000000,0
workspaceModel.orphan.listener.update.ms,1789085277238000000,1789085337238000000,0
workspaceModel.mutableEntityStorage.entities.ms,1789085277238000000,1789085337238000000,0
workspaceModel.moduleManagerBridge.get.modules.ms,1789085277238000000,1789085337238000000,0
workspaceModel.mutableEntityStorage.mutable.vfurl.index.ms,1789085277238000000,1789085337238000000,0
workspaceModel.mutableEntityStorage.mutable.ext.mapping.ms,1789085277238000000,1789085337238000000,0
workspaceModel.delayed.project.synchronizer.sync.ms,1789085277238000000,1789085337238000000,0
jps.app.storage.content.reader.load.component.ms,1789085277238000000,1789085337238000000,0
workspaceModel.do.save.caches.ms,1789085277238000000,1789085337238000000,0
jps.artifact.entities.serializer.load.entities.ms,1789085277238000000,1789085337238000000,0
workspaceModel.load.cache.metadata.from.file.ms,1789085277238000000,1789085337238000000,0
workspaceModel.moduleBridge.facet.initialization.ms,1789085277238000000,1789085337238000000,0
workspaceModel.mutableEntityStorage.add.entity.ms,1789085277238000000,1789085337238000000,0
jps.facet.change.listener.process.change.events.ms,1789085277238000000,1789085337238000000,0
workspaceModel.mutableEntityStorage.apply.changes.from.ms,1789085277238000000,1789085337238000000,0
workspaceModel.mutableEntityStorage.remove.entity.ms,1789085277238000000,1789085337238000000,0
workspaceModel.mutableEntityStorage.entities.by.source.ms,1789085277238000000,1789085337238000000,0
workspaceModel.global.apply.state.to.project.ms,1789085277238000000,1789085337238000000,0
workspaceModel.moduleBridge.update.option.ms,1789085277238000000,1789085337238000000,0
jps.library.entities.serializer.save.entities.ms,1789085277238000000,1789085337238000000,0
jps.global.initialize.library.bridges.ms,1789085277238000000,1789085337238000000,0
jps.module.iml.entities.serializer.save.entities.ms,1789085277238000000,1789085337238000000,0
jps.global.get.library.by.name.ms,1789085277238000000,1789085337238000000,0
workspaceModel.moduleManagerBridge.new.nonPersistent.module.ms,1789085277238000000,1789085337238000000,0
workspaceModel.sync.entities.ms,1789085277238000000,1789085337238000000,0
workspaceModel.load.cache.from.file.ms,1789085277238000000,1789085337238000000,0
jps.project.serializers.load.ms,1789085277238000000,1789085337238000000,0
jps.global.handle.changed.events.ms,1789085277238000000,1789085337238000000,0
workspaceModel.global.updates.count,1789085277238000000,1789085337238000000,0
workspaceModel.mutableEntityStorage.instances.count,1789085277238000000,1789085337238000000,0
workspaceModel.mutableEntityStorage.put.entity.ms,1789085277238000000,1789085337238000000,0
jps.project.serializers.save.ms,1789085277238000000,1789085337238000000,0
jps.global.handle.before.change.events.ms,1789085277238000000,1789085337238000000,0
workspaceModel.mutableEntityStorage.modify.entity.ms,1789085277238000000,1789085337238000000,0
workspaceModel.save.cache.to.file.ms,1789085277238000000,1789085337238000000,0
workspaceModel.moduleManagerBridge.create.module.instance.ms,1789085277238000000,1789085337238000000,0
workspaceModel.moduleBridgeLoader.loading.modules.ms,1789085277238000000,1789085337238000000,0
jps.library.entities.serializer.load.entities.ms,1789085277238000000,1789085337238000000,0
jps.load.initial.state.ms,1789085277238000000,1789085337238000000,0
jps.facet.change.listener.init.bridge.ms,1789085277238000000,1789085337238000000,0
jps.load.project.to.empty.storage.ms,1789085277238000000,1789085337238000000,0
jps.global.get.library.ms,1789085277238000000,1789085337238000000,0
workspaceModel.mutableEntityStorage.resolve.ms,1789085277238000000,1789085337238000000,0
workspaceModel.moduleManagerBridge.load.all.modules.ms,1789085277238000000,1789085337238000000,0
jps.module.iml.entities.serializer.load.entities.ms,1789085277238000000,1789085337238000000,0
jps.storage.jps.conf.reader.load.component.ms,1789085277238000000,1789085337238000000,0
compiler.ArtifactManagerBridge.getArtifacts.ms,1789085277238000000,1789085337238000000,0
compiler.ArtifactManagerBridge.initBridges.ms,1789085277238000000,1789085337238000000,0
compiler.ArtifactManagerBridge.getArtifactsByType.ms,1789085277238000000,1789085337238000000,0
compiler.ArtifactManagerBridge.findArtifact.ms,1789085277238000000,1789085337238000000,0
compiler.ArtifactManagerBridge.commit.ms,1789085277238000000,1789085337238000000,0
compiler.ArtifactManagerBridge.dropMappings.ms,1789085277238000000,1789085337238000000,0
compiler.ArtifactVirtualFileListener.filePathChanged.ms,1789085277238000000,1789085337238000000,0
compiler.ArtifactManagerBridge.addArtifact.ms,1789085277238000000,1789085337238000000,0
compiler.ArtifactVirtualFileListener.propertyChanged.ms,1789085277238000000,1789085337238000000,0
cacheStateStorage.get.counter,1789085277238000000,1789085337238000000,1
cacheStateStorage.get.duration,1789085277238000000,1789085337238000000,0
cacheStateStorage.set.duration,1789085277238000000,1789085337238000000,1
cacheStateStorage.set.counter,1789085277238000000,1789085337238000000,1
writeAction.count,1789085277238000000,1789085337238000000,0
writeAction.wait.ms,1789085277238000000,1789085337238000000,0
writeAction.median.wait.ms,1789085277238000000,1789085337238000000,0
writeAction.max.wait.ms,1789085277238000000,1789085337238000000,14
Indexes.allKeys.lookupDurationMaxMs,1789085277238000000,1789085337238000000,0.0
Indexes.entries.lookupDuration90PMs,1789085277238000000,1789085337238000000,0.0
Indexes.allKeys.lookups,1789085277238000000,1789085337238000000,0.0
Indexes.stubs.lookupDurationAvgMs,1789085277238000000,1789085337238000000,0.0
IndexesFlusher.totalFlushingTimeUs,1789085277238000000,1789085337238000000,228891
Indexes.entries.lookupDurationAvgMs,1789085277238000000,1789085337238000000,0.0
IndexesFlusher.totalFlushes,1789085277238000000,1789085337238000000,59
Indexes.stubs.lookups,1789085277238000000,1789085337238000000,0.0
IndexesFlusher.totalContentionQuotaSpent,1789085277238000000,1789085337238000000,0
Indexes.stubs.lookupDurationMaxMs,1789085277238000000,1789085337238000000,0.0
Indexes.entries.lookupDurationMaxMs,1789085277238000000,1789085337238000000,0.0
Indexes.allKeys.lookupDuration90PMs,1789085277238000000,1789085337238000000,0.0
Indexes.stubs.lookupDuration90PMs,1789085277238000000,1789085337238000000,0.0
IndexesFlusher.totalFlushesRetried,1789085277238000000,1789085337238000000,0
Indexes.entries.lookups,1789085277238000000,1789085337238000000,0.0
Indexes.allKeys.lookupDurationAvgMs,1789085277238000000,1789085337238000000,0.0
VFS.fileByIdCache.misses,1789085277238000000,1789085337238000000,0
VFS.fileByIdCache.hits,1789085277238000000,1789085337238000000,0
FileNameCache.totalMisses,1789085277238000000,1789085337238000000,0
VFS.invertedFileNameIndex.requests,1789085277238000000,1789085337238000000,0
VFS.fileChildByName,1789085277238000000,1789085337238000000,29
FileNameCache.queries,1789085277238000000,1789085337238000000,0
workspaceModel.entityStorageSnapshotImpl.instances.count,1789085277238000000,1789085337238000000,0
workspaceModel.cachedValueWithParameters.calculated.ms,1789085277238000000,1789085337238000000,0
workspaceModel.workspaceFileIndexData.visitFileSets.ms,1789085277238000000,1789085337238000000,0
workspaceModel.workspaceFileIndexData.processFileSets.ms,1789085277238000000,1789085337238000000,0
workspaceModel.pre.handlers.ms,1789085277238000000,1789085337238000000,0
workspaceModel.loading.total.ms,1789085277238000000,1789085337238000000,0
workspaceModel.cachedValue.clear.ms,1789085277238000000,1789085337238000000,0
workspaceModel.full.replace.project.model.ms,1789085277238000000,1789085337238000000,0
workspaceModel.collect.changes.ms,1789085277238000000,1789085337238000000,0
workspaceModel.updates.count,1789085277238000000,1789085337238000000,0
workspaceModel.workspaceFileIndexData.updateDirtyEntities.ms,1789085277238000000,1789085337238000000,0
workspaceModel.workspaceFileIndexContributor.registerFileSets.ms,1789085277238000000,1789085337238000000,0
workspaceModel.cachedValueWithParameters.total.get.ms,1789085277238000000,1789085337238000000,0
workspaceModel.workspaceFileIndexData.instances.count,1789085277238000000,1789085337238000000,0
workspaceModel.workspaceFileIndexData.markDirty.ms,1789085277238000000,1789085337238000000,0
workspaceModel.check.recursive.update.ms,1789085277238000000,1789085337238000000,0
workspaceModel.workspaceFileIndexData.getDirectoriesByPackageName.ms,1789085277238000000,1789085337238000000,0
workspaceModel.init.bridges.ms,1789085277238000000,1789085337238000000,0
workspaceModel.updates.ms,1789085277238000000,1789085337238000000,0
workspaceModel.to.snapshot.ms,1789085277238000000,1789085337238000000,0
workspaceModel.updates.precise.ms,1789085277238000000,1789085337238000000,0
workspaceModel.cachedValueWithParameters.clear.ms,1789085277238000000,1789085337238000000,0
workspaceModel.workspaceFileIndexData.onEntitiesChanged.ms,1789085277238000000,1789085337238000000,0
workspaceModel.workspaceFileIndexData.getFileInfo.ms,1789085277238000000,1789085337238000000,0
workspaceModel.initializing.ms,1789085277238000000,1789085337238000000,0
workspaceModel.replace.project.model.ms,1789085277238000000,1789085337238000000,0
workspaceModel.cachedValue.from.cache.ms,1789085277238000000,1789085337238000000,0
workspaceModel.cachedValue.calculated.ms,1789085277238000000,1789085337238000000,0
workspaceModel.cachedValueWithParameters.from.cache.ms,1789085277238000000,1789085337238000000,0
workspaceModel.loading.from.cache.ms,1789085277238000000,1789085337238000000,0
workspaceModel.workspaceFileIndexData.getPackageName.ms,1789085277238000000,1789085337238000000,0
workspaceModel.update.unloaded.entities.ms,1789085277238000000,1789085337238000000,0
workspaceModel.cachedValue.total.get.ms,1789085277238000000,1789085337238000000,0
workspaceModel.workspaceFileIndexData.init.ms,1789085277238000000,1789085337238000000,0
AWTEventQueue.dispatchTimeMaxNs,1789085277238000000,1789085337238000000,9502719
AWTEventQueue.dispatchTime90PNs,1789085277238000000,1789085337238000000,159743
FlushQueue.queueSizeAvg,1789085277238000000,1789085337238000000,0.008264462809917356
ReadAction.executionsCount,1789085277238000000,1789085337238000000,26
FlushQueue.executionTime90PNs,1789085277238000000,1789085337238000000,55039
FlushQueue.tasksExecuted,1789085277238000000,1789085337238000000,242
AWTEventQueue.eventsDispatched,1789085277238000000,1789085337238000000,3608
FlushQueue.waitingTimeMaxNs,1789085277238000000,1789085337238000000,509951
FlushQueue.executionTimeAvgNs,1789085277238000000,1789085337238000000,33059.05785123967
FlushQueue.waitingTimeAvgNs,1789085277238000000,1789085337238000000,146259.04132231406
FlushQueue.executionTimeMaxNs,1789085277238000000,1789085337238000000,1064959
NonBlockingReadAction.finalizedExecutionsCount,1789085277238000000,1789085337238000000,3
NonBlockingReadAction.finalizedExecutionTimeUs,1789085277238000000,1789085337238000000,6322
AWTEventQueue.dispatchTimeAvgNs,1789085277238000000,1789085337238000000,84518.33702882484
NonBlockingReadAction.failedExecutionsCount,1789085277238000000,1789085337238000000,0
FlushQueue.queueSizeMax,1789085277238000000,1789085337238000000,1
FlushQueue.queueSize90P,1789085277238000000,1789085337238000000,0
AWTEventQueue.dispatchTimeTotalNS,1789085277238000000,1789085337238000000,304921490
FlushQueue.waitingTime90PNs,1789085277238000000,1789085337238000000,208895
WriteAction.executionsCount,1789085277238000000,1789085337238000000,0
NonBlockingReadAction.failedExecutionTimeUs,1789085277238000000,1789085337238000000,0
JVM.totalBytesAllocated,1789085337238000000,1789085397235000000,173764512
JVM.newThreadsCount,1789085337238000000,1789085397235000000,1
JVM.usedHeapBytes,1789085337238000000,1789085397235000000,419133816
OS.loadAverage,1789085337238000000,1789085397235000000,2.2646484375
JVM.maxHeapBytes,1789085337238000000,1789085397235000000,2147483648
JVM.totalCpuTimeMs,1789085337238000000,1789085397235000000,5592
JVM.maxThreadCount,1789085337238000000,1789085397235000000,165
JVM.GC.collectionTimesMs,1789085337238000000,1789085397235000000,0
JVM.totalDirectByteBuffersBytes,1789085337238000000,1789085397235000000,233490823
JVM.usedNativeBytes,1789085337238000000,1789085397235000000,306469520
JVM.GC.collections,1789085337238000000,1789085397235000000,0
JVM.threadCount,1789085337238000000,1789085397235000000,51
FilePageCacheLockFree.totalPagesReclaimed,1789085337238000000,1789085397235000000,0
MappedFileStorage.totalPagesMapped,1789085337238000000,1789085397235000000,15
FilePageCacheLockFree.totalPagesHandedOver,1789085337238000000,1789085397235000000,0
FilePageCache.uncachedFileAccess,1789085337238000000,1789085397235000000,0
FilePageCacheLockFree.totalPagesWritten,1789085337238000000,1789085397235000000,0
StreamlinedBlobStorage.totalLiveRecordsCapacityBytes,1789085337238000000,1789085397235000000,0
FilePageCacheLockFree.totalBytesRequested,1789085337238000000,1789085397235000000,0
FilePageCacheLockFree.totalBytesWritten,1789085337238000000,1789085397235000000,0
FilePageCache.pageHits,1789085337238000000,1789085397235000000,0
StorageLockContext.competingThreads.avg,1789085337238000000,1789085397235000000,0.0
FilePageCache.maxRegisteredFiles,1789085337238000000,1789085397235000000,555
FilePageCache.capacityInBytes,1789085337238000000,1789085397235000000,503316478
FilePageCache.totalPageLoadsUs,1789085337238000000,1789085397235000000,0
StreamlinedBlobStorage.totalLiveRecordsPayloadBytes,1789085337238000000,1789085397235000000,0
FilePageCache.totalPageDisposalsUs,1789085337238000000,1789085397235000000,0
StorageLockContext.competingThreads.max,1789085337238000000,1789085397235000000,0
StorageLockContext.competingThreads.90P,1789085337238000000,1789085397235000000,0
FilePageCacheLockFree.totalNativeBytesAllocated,1789085337238000000,1789085397235000000,0
FilePageCacheLockFree.totalNativeBytesReclaimed,1789085337238000000,1789085397235000000,0
FilePageCacheLockFree.totalPagesRequestsMs,1789085337238000000,1789085397235000000,0
FilePageCacheLockFree.heapBytesInUse,1789085337238000000,1789085397235000000,0
FilePageCacheLockFree.nativeBytesInUse,1789085337238000000,1789085397235000000,0
FilePageCacheLockFree.housekeeperTurnsSkipped,1789085337238000000,1789085397235000000,0
FilePageCacheLockFree.totalClosedStoragesReclaimed,1789085337238000000,1789085397235000000,0
FileChannelInterruptsRetryer.totalRetriedAttempts,1789085337238000000,1789085397235000000,0
FilePageCache.disposedBuffers,1789085337238000000,1789085397235000000,0
DirectByteBufferAllocator.hits,1789085337238000000,1789085397235000000,0
DirectByteBufferAllocator.totalSizeOfBuffersAllocatedInBytes,1789085337238000000,1789085397235000000,231751680
FilePageCacheLockFree.housekeeperTimeSpentMs,1789085337238000000,1789085397235000000,0
MappedFileStorage.totalTimeSpentOnMappingUs,1789085337238000000,1789085397235000000,9841
FilePageCacheLockFree.housekeeperTurnsDone,1789085337238000000,1789085397235000000,0
MappedFileStorage.totalBytesMapped,1789085337238000000,1789085397235000000,198443008
DirectByteBufferAllocator.misses,1789085337238000000,1789085397235000000,0
MappedFileStorage.storages,1789085337238000000,1789085397235000000,15
StreamlinedBlobStorage.recordsRelocated,1789085337238000000,1789085397235000000,0
StreamlinedBlobStorage.recordsDeleted,1789085337238000000,1789085397235000000,0
FilePageCache.pageLoads,1789085337238000000,1789085397235000000,0
FilePageCache.pageFastCacheHits,1789085337238000000,1789085397235000000,0
FilePageCacheLockFree.totalPageAllocationsWaited,1789085337238000000,1789085397235000000,0
FilePageCache.maxCacheSizeInBytes,1789085337238000000,1789085397235000000,231751680
FilePageCacheLockFree.totalBytesRead,1789085337238000000,1789085397235000000,0
DirectByteBufferAllocator.disposed,1789085337238000000,1789085397235000000,0
FilePageCacheLockFree.totalPagesWriteMs,1789085337238000000,1789085397235000000,0
FilePageCache.pageLoadsAboveSizeThreshold,1789085337238000000,1789085397235000000,0
FilePageCacheLockFree.totalPagesReadMs,1789085337238000000,1789085397235000000,0
FilePageCacheLockFree.totalHeapBytesReclaimed,1789085337238000000,1789085397235000000,0
FilePageCacheLockFree.totalPagesAllocated,1789085337238000000,1789085397235000000,0
FilePageCacheLockFree.totalPagesRequested,1789085337238000000,1789085397235000000,0
DirectByteBufferAllocator.reclaimed,1789085337238000000,1789085397235000000,0
FilePageCacheLockFree.totalHeapBytesAllocated,1789085337238000000,1789085397235000000,0
DirectByteBufferAllocator.totalSizeOfBuffersCachedInBytes,1789085337238000000,1789085397235000000,0
StreamlinedBlobStorage.recordsAllocated,1789085337238000000,1789085397235000000,0
workspaceModel.moduleManagerBridge.load.module.ms,1789085337238000000,1789085397235000000,0
workspaceModel.moduleManagerBridge.build.module.graph.ms,1789085337238000000,1789085397235000000,0
workspaceModel.moduleManagerBridge.set.unloadedModules.ms,1789085337238000000,1789085397235000000,0
workspaceModel.mutableEntityStorage.has.same.entities.ms,1789085337238000000,1789085397235000000,0
jps.reload.project.entities.ms,1789085337238000000,1789085397235000000,0
workspaceModel.global.updates.ms,1789085337238000000,1789085397235000000,0
jps.global.initialize.library.bridges.after.loading.ms,1789085337238000000,1789085397235000000,0
workspaceModel.mutableEntityStorage.to.snapshot.ms,1789085337238000000,1789085397235000000,0
jps.save.global.entities.ms,1789085337238000000,1789085397235000000,0
workspaceModel.mutableEntityStorage.referrers.ms,1789085337238000000,1789085397235000000,0
jps.app.storage.content.writer.save.component.ms,1789085337238000000,1789085397235000000,0
jps.save.changed.project.entities.ms,1789085337238000000,1789085397235000000,0
jps.facet.change.listener.before.change.events.ms,1789085337238000000,1789085397235000000,0
workspaceModel.mutableEntityStorage.collect.changes.ms,1789085337238000000,1789085397235000000,0
jps.artifact.entities.serializer.save.entities.ms,1789085337238000000,1789085397235000000,0
workspaceModel.global.apply.state.to.project.builder.ms,1789085337238000000,1789085397235000000,0
jps.apply.loaded.storage.ms,1789085337238000000,1789085397235000000,0
jps.global.get.libraries.ms,1789085337238000000,1789085397235000000,0
workspaceModel.moduleBridge.before.changed.ms,1789085337238000000,1789085397235000000,0
workspaceModel.moduleManagerBridge.newModule.ms,1789085337238000000,1789085397235000000,0
workspaceModel.mutableEntityStorage.replace.by.source.ms,1789085337238000000,1789085397235000000,0
workspaceModel.orphan.listener.update.ms,1789085337238000000,1789085397235000000,0
workspaceModel.mutableEntityStorage.entities.ms,1789085337238000000,1789085397235000000,0
workspaceModel.moduleManagerBridge.get.modules.ms,1789085337238000000,1789085397235000000,0
workspaceModel.mutableEntityStorage.mutable.vfurl.index.ms,1789085337238000000,1789085397235000000,0
workspaceModel.mutableEntityStorage.mutable.ext.mapping.ms,1789085337238000000,1789085397235000000,0
workspaceModel.delayed.project.synchronizer.sync.ms,1789085337238000000,1789085397235000000,0
jps.app.storage.content.reader.load.component.ms,1789085337238000000,1789085397235000000,0
workspaceModel.do.save.caches.ms,1789085337238000000,1789085397235000000,0
jps.artifact.entities.serializer.load.entities.ms,1789085337238000000,1789085397235000000,0
workspaceModel.load.cache.metadata.from.file.ms,1789085337238000000,1789085397235000000,0
workspaceModel.moduleBridge.facet.initialization.ms,1789085337238000000,1789085397235000000,0
workspaceModel.mutableEntityStorage.add.entity.ms,1789085337238000000,1789085397235000000,0
jps.facet.change.listener.process.change.events.ms,1789085337238000000,1789085397235000000,0
workspaceModel.mutableEntityStorage.apply.changes.from.ms,1789085337238000000,1789085397235000000,0
workspaceModel.mutableEntityStorage.remove.entity.ms,1789085337238000000,1789085397235000000,0
workspaceModel.mutableEntityStorage.entities.by.source.ms,1789085337238000000,1789085397235000000,0
workspaceModel.global.apply.state.to.project.ms,1789085337238000000,1789085397235000000,0
workspaceModel.moduleBridge.update.option.ms,1789085337238000000,1789085397235000000,0
jps.library.entities.serializer.save.entities.ms,1789085337238000000,1789085397235000000,0
jps.global.initialize.library.bridges.ms,1789085337238000000,1789085397235000000,0
jps.module.iml.entities.serializer.save.entities.ms,1789085337238000000,1789085397235000000,0
jps.global.get.library.by.name.ms,1789085337238000000,1789085397235000000,0
workspaceModel.moduleManagerBridge.new.nonPersistent.module.ms,1789085337238000000,1789085397235000000,0
workspaceModel.sync.entities.ms,1789085337238000000,1789085397235000000,0
workspaceModel.load.cache.from.file.ms,1789085337238000000,1789085397235000000,0
jps.project.serializers.load.ms,1789085337238000000,1789085397235000000,0
jps.global.handle.changed.events.ms,1789085337238000000,1789085397235000000,0
workspaceModel.global.updates.count,1789085337238000000,1789085397235000000,0
workspaceModel.mutableEntityStorage.instances.count,1789085337238000000,1789085397235000000,0
workspaceModel.mutableEntityStorage.put.entity.ms,1789085337238000000,1789085397235000000,0
jps.project.serializers.save.ms,1789085337238000000,1789085397235000000,0
jps.global.handle.before.change.events.ms,1789085337238000000,1789085397235000000,0
workspaceModel.mutableEntityStorage.modify.entity.ms,1789085337238000000,1789085397235000000,0
workspaceModel.save.cache.to.file.ms,1789085337238000000,1789085397235000000,0
workspaceModel.moduleManagerBridge.create.module.instance.ms,1789085337238000000,1789085397235000000,0
workspaceModel.moduleBridgeLoader.loading.modules.ms,1789085337238000000,1789085397235000000,0
jps.library.entities.serializer.load.entities.ms,1789085337238000000,1789085397235000000,0
jps.load.initial.state.ms,1789085337238000000,1789085397235000000,0
jps.facet.change.listener.init.bridge.ms,1789085337238000000,1789085397235000000,0
jps.load.project.to.empty.storage.ms,1789085337238000000,1789085397235000000,0
jps.global.get.library.ms,1789085337238000000,1789085397235000000,0
workspaceModel.mutableEntityStorage.resolve.ms,1789085337238000000,1789085397235000000,0
workspaceModel.moduleManagerBridge.load.all.modules.ms,1789085337238000000,1789085397235000000,0
jps.module.iml.entities.serializer.load.entities.ms,1789085337238000000,1789085397235000000,0
jps.storage.jps.conf.reader.load.component.ms,1789085337238000000,1789085397235000000,0
compiler.ArtifactManagerBridge.getArtifacts.ms,1789085337238000000,1789085397235000000,0
compiler.ArtifactManagerBridge.initBridges.ms,1789085337238000000,1789085397235000000,0
compiler.ArtifactManagerBridge.getArtifactsByType.ms,1789085337238000000,1789085397235000000,0
compiler.ArtifactManagerBridge.findArtifact.ms,1789085337238000000,1789085397235000000,0
compiler.ArtifactManagerBridge.commit.ms,1789085337238000000,1789085397235000000,0
compiler.ArtifactManagerBridge.dropMappings.ms,1789085337238000000,1789085397235000000,0
compiler.ArtifactVirtualFileListener.filePathChanged.ms,1789085337238000000,1789085397235000000,0
compiler.ArtifactManagerBridge.addArtifact.ms,1789085337238000000,1789085397235000000,0
compiler.ArtifactVirtualFileListener.propertyChanged.ms,1789085337238000000,1789085397235000000,0
cacheStateStorage.get.counter,1789085337238000000,1789085397235000000,0
cacheStateStorage.get.duration,1789085337238000000,1789085397235000000,0
cacheStateStorage.set.duration,1789085337238000000,1789085397235000000,0
cacheStateStorage.set.counter,1789085337238000000,1789085397235000000,0
writeAction.count,1789085337238000000,1789085397235000000,0
writeAction.wait.ms,1789085337238000000,1789085397235000000,0
writeAction.median.wait.ms,1789085337238000000,1789085397235000000,0
writeAction.max.wait.ms,1789085337238000000,1789085397235000000,14
Indexes.allKeys.lookupDurationMaxMs,1789085337238000000,1789085397235000000,0.0
Indexes.entries.lookupDuration90PMs,1789085337238000000,1789085397235000000,0.0
Indexes.allKeys.lookups,1789085337238000000,1789085397235000000,0.0
Indexes.stubs.lookupDurationAvgMs,1789085337238000000,1789085397235000000,0.0
IndexesFlusher.totalFlushingTimeUs,1789085337238000000,1789085397235000000,215253
Indexes.entries.lookupDurationAvgMs,1789085337238000000,1789085397235000000,0.0
IndexesFlusher.totalFlushes,1789085337238000000,1789085397235000000,59
Indexes.stubs.lookups,1789085337238000000,1789085397235000000,0.0
IndexesFlusher.totalContentionQuotaSpent,1789085337238000000,1789085397235000000,0
Indexes.stubs.lookupDurationMaxMs,1789085337238000000,1789085397235000000,0.0
Indexes.entries.lookupDurationMaxMs,1789085337238000000,1789085397235000000,0.0
Indexes.allKeys.lookupDuration90PMs,1789085337238000000,1789085397235000000,0.0
Indexes.stubs.lookupDuration90PMs,1789085337238000000,1789085397235000000,0.0
IndexesFlusher.totalFlushesRetried,1789085337238000000,1789085397235000000,0
Indexes.entries.lookups,1789085337238000000,1789085397235000000,0.0
Indexes.allKeys.lookupDurationAvgMs,1789085337238000000,1789085397235000000,0.0
VFS.fileByIdCache.misses,1789085337238000000,1789085397235000000,0
VFS.fileByIdCache.hits,1789085337238000000,1789085397235000000,0
FileNameCache.totalMisses,1789085337238000000,1789085397235000000,0
VFS.invertedFileNameIndex.requests,1789085337238000000,1789085397235000000,0
VFS.fileChildByName,1789085337238000000,1789085397235000000,0
FileNameCache.queries,1789085337238000000,1789085397235000000,0
workspaceModel.entityStorageSnapshotImpl.instances.count,1789085337238000000,1789085397235000000,0
workspaceModel.cachedValueWithParameters.calculated.ms,1789085337238000000,1789085397235000000,0
workspaceModel.workspaceFileIndexData.visitFileSets.ms,1789085337238000000,1789085397235000000,0
workspaceModel.workspaceFileIndexData.processFileSets.ms,1789085337238000000,1789085397235000000,0
workspaceModel.pre.handlers.ms,1789085337238000000,1789085397235000000,0
workspaceModel.loading.total.ms,1789085337238000000,1789085397235000000,0
workspaceModel.cachedValue.clear.ms,1789085337238000000,1789085397235000000,0
workspaceModel.full.replace.project.model.ms,1789085337238000000,1789085397235000000,0
workspaceModel.collect.changes.ms,1789085337238000000,1789085397235000000,0
workspaceModel.updates.count,1789085337238000000,1789085397235000000,0
workspaceModel.workspaceFileIndexData.updateDirtyEntities.ms,1789085337238000000,1789085397235000000,0
workspaceModel.workspaceFileIndexContributor.registerFileSets.ms,1789085337238000000,1789085397235000000,0
workspaceModel.cachedValueWithParameters.total.get.ms,1789085337238000000,1789085397235000000,0
workspaceModel.workspaceFileIndexData.instances.count,1789085337238000000,1789085397235000000,0
workspaceModel.workspaceFileIndexData.markDirty.ms,1789085337238000000,1789085397235000000,0
workspaceModel.check.recursive.update.ms,1789085337238000000,1789085397235000000,0
workspaceModel.workspaceFileIndexData.getDirectoriesByPackageName.ms,1789085337238000000,1789085397235000000,0
workspaceModel.init.bridges.ms,1789085337238000000,1789085397235000000,0
workspaceModel.updates.ms,1789085337238000000,1789085397235000000,0
workspaceModel.to.snapshot.ms,1789085337238000000,1789085397235000000,0
workspaceModel.updates.precise.ms,1789085337238000000,1789085397235000000,0
workspaceModel.cachedValueWithParameters.clear.ms,1789085337238000000,1789085397235000000,0
workspaceModel.workspaceFileIndexData.onEntitiesChanged.ms,1789085337238000000,1789085397235000000,0
workspaceModel.workspaceFileIndexData.getFileInfo.ms,1789085337238000000,1789085397235000000,0
workspaceModel.initializing.ms,1789085337238000000,1789085397235000000,0
workspaceModel.replace.project.model.ms,1789085337238000000,1789085397235000000,0
workspaceModel.cachedValue.from.cache.ms,1789085337238000000,1789085397235000000,0
workspaceModel.cachedValue.calculated.ms,1789085337238000000,1789085397235000000,0
workspaceModel.cachedValueWithParameters.from.cache.ms,1789085337238000000,1789085397235000000,0
workspaceModel.loading.from.cache.ms,1789085337238000000,1789085397235000000,0
workspaceModel.workspaceFileIndexData.getPackageName.ms,1789085337238000000,1789085397235000000,0
workspaceModel.update.unloaded.entities.ms,1789085337238000000,1789085397235000000,0
workspaceModel.cachedValue.total.get.ms,1789085337238000000,1789085397235000000,0
workspaceModel.workspaceFileIndexData.init.ms,1789085337238000000,1789085397235000000,0
AWTEventQueue.dispatchTimeMaxNs,1789085337238000000,1789085397235000000,4390911
AWTEventQueue.dispatchTime90PNs,1789085337238000000,1789085397235000000,159743
FlushQueue.queueSizeAvg,1789085337238000000,1789085397235000000,0.012448132780082987
ReadAction.executionsCount,1789085337238000000,1789085397235000000,51099
FlushQueue.executionTime90PNs,1789085337238000000,1789085397235000000,55807
FlushQueue.tasksExecuted,1789085337238000000,1789085397235000000,241
AWTEventQueue.eventsDispatched,1789085337238000000,1789085397235000000,3605
FlushQueue.waitingTimeMaxNs,1789085337238000000,1789085397235000000,26607615
FlushQueue.executionTimeAvgNs,1789085337238000000,1789085397235000000,30835.71784232365
FlushQueue.waitingTimeAvgNs,1789085337238000000,1789085397235000000,255331.58506224066
FlushQueue.executionTimeMaxNs,1789085337238000000,1789085397235000000,942079
NonBlockingReadAction.finalizedExecutionsCount,1789085337238000000,1789085397235000000,0
NonBlockingReadAction.finalizedExecutionTimeUs,1789085337238000000,1789085397235000000,0
AWTEventQueue.dispatchTimeAvgNs,1789085337238000000,1789085397235000000,83877.96948682386
NonBlockingReadAction.failedExecutionsCount,1789085337238000000,1789085397235000000,0
FlushQueue.queueSizeMax,1789085337238000000,1789085397235000000,1
FlushQueue.queueSize90P,1789085337238000000,1789085397235000000,0
AWTEventQueue.dispatchTimeTotalNS,1789085337238000000,1789085397235000000,302367116
FlushQueue.waitingTime90PNs,1789085337238000000,1789085397235000000,199679
WriteAction.executionsCount,1789085337238000000,1789085397235000000,0
NonBlockingReadAction.failedExecutionTimeUs,1789085337238000000,1789085397235000000,0
JVM.totalBytesAllocated,1789085397235000000,1789085457235000000,35195752
JVM.newThreadsCount,1789085397235000000,1789085457235000000,0
JVM.usedHeapBytes,1789085397235000000,1789085457235000000,202064752
OS.loadAverage,1789085397235000000,1789085457235000000,2.56787109375
JVM.maxHeapBytes,1789085397235000000,1789085457235000000,2147483648
JVM.totalCpuTimeMs,1789085397235000000,1789085457235000000,2374
JVM.maxThreadCount,1789085397235000000,1789085457235000000,165
JVM.GC.collectionTimesMs,1789085397235000000,1789085457235000000,4
JVM.totalDirectByteBuffersBytes,1789085397235000000,1789085457235000000,233482631
JVM.usedNativeBytes,1789085397235000000,1789085457235000000,306586408
JVM.GC.collections,1789085397235000000,1789085457235000000,1
JVM.threadCount,1789085397235000000,1789085457235000000,49
FilePageCacheLockFree.totalPagesReclaimed,1789085397235000000,1789085457235000000,0
MappedFileStorage.totalPagesMapped,1789085397235000000,1789085457235000000,15
FilePageCacheLockFree.totalPagesHandedOver,1789085397235000000,1789085457235000000,0
FilePageCache.uncachedFileAccess,1789085397235000000,1789085457235000000,0
FilePageCacheLockFree.totalPagesWritten,1789085397235000000,1789085457235000000,0
StreamlinedBlobStorage.totalLiveRecordsCapacityBytes,1789085397235000000,1789085457235000000,0
FilePageCacheLockFree.totalBytesRequested,1789085397235000000,1789085457235000000,0
FilePageCacheLockFree.totalBytesWritten,1789085397235000000,1789085457235000000,0
FilePageCache.pageHits,1789085397235000000,1789085457235000000,0
StorageLockContext.competingThreads.avg,1789085397235000000,1789085457235000000,0.0
FilePageCache.maxRegisteredFiles,1789085397235000000,1789085457235000000,555
FilePageCache.capacityInBytes,1789085397235000000,1789085457235000000,503316478
FilePageCache.totalPageLoadsUs,1789085397235000000,1789085457235000000,0
StreamlinedBlobStorage.totalLiveRecordsPayloadBytes,1789085397235000000,1789085457235000000,0
FilePageCache.totalPageDisposalsUs,1789085397235000000,1789085457235000000,0
StorageLockContext.competingThreads.max,1789085397235000000,1789085457235000000,0
StorageLockContext.competingThreads.90P,1789085397235000000,1789085457235000000,0
FilePageCacheLockFree.totalNativeBytesAllocated,1789085397235000000,1789085457235000000,0
FilePageCacheLockFree.totalNativeBytesReclaimed,1789085397235000000,1789085457235000000,0
FilePageCacheLockFree.totalPagesRequestsMs,1789085397235000000,1789085457235000000,0
FilePageCacheLockFree.heapBytesInUse,1789085397235000000,1789085457235000000,0
FilePageCacheLockFree.nativeBytesInUse,1789085397235000000,1789085457235000000,0
FilePageCacheLockFree.housekeeperTurnsSkipped,1789085397235000000,1789085457235000000,0
FilePageCacheLockFree.totalClosedStoragesReclaimed,1789085397235000000,1789085457235000000,0
FileChannelInterruptsRetryer.totalRetriedAttempts,1789085397235000000,1789085457235000000,0
FilePageCache.disposedBuffers,1789085397235000000,1789085457235000000,0
DirectByteBufferAllocator.hits,1789085397235000000,1789085457235000000,0
DirectByteBufferAllocator.totalSizeOfBuffersAllocatedInBytes,1789085397235000000,1789085457235000000,231751680
FilePageCacheLockFree.housekeeperTimeSpentMs,1789085397235000000,1789085457235000000,0
MappedFileStorage.totalTimeSpentOnMappingUs,1789085397235000000,1789085457235000000,9841
FilePageCacheLockFree.housekeeperTurnsDone,1789085397235000000,1789085457235000000,0
MappedFileStorage.totalBytesMapped,1789085397235000000,1789085457235000000,198443008
DirectByteBufferAllocator.misses,1789085397235000000,1789085457235000000,0
MappedFileStorage.storages,1789085397235000000,1789085457235000000,15
StreamlinedBlobStorage.recordsRelocated,1789085397235000000,1789085457235000000,0
StreamlinedBlobStorage.recordsDeleted,1789085397235000000,1789085457235000000,0
FilePageCache.pageLoads,1789085397235000000,1789085457235000000,0
FilePageCache.pageFastCacheHits,1789085397235000000,1789085457235000000,0
FilePageCacheLockFree.totalPageAllocationsWaited,1789085397235000000,1789085457235000000,0
FilePageCache.maxCacheSizeInBytes,1789085397235000000,1789085457235000000,231751680
FilePageCacheLockFree.totalBytesRead,1789085397235000000,1789085457235000000,0
DirectByteBufferAllocator.disposed,1789085397235000000,1789085457235000000,0
FilePageCacheLockFree.totalPagesWriteMs,1789085397235000000,1789085457235000000,0
FilePageCache.pageLoadsAboveSizeThreshold,1789085397235000000,1789085457235000000,0
FilePageCacheLockFree.totalPagesReadMs,1789085397235000000,1789085457235000000,0
FilePageCacheLockFree.totalHeapBytesReclaimed,1789085397235000000,1789085457235000000,0
FilePageCacheLockFree.totalPagesAllocated,1789085397235000000,1789085457235000000,0
FilePageCacheLockFree.totalPagesRequested,1789085397235000000,1789085457235000000,0
DirectByteBufferAllocator.reclaimed,1789085397235000000,1789085457235000000,0
FilePageCacheLockFree.totalHeapBytesAllocated,1789085397235000000,1789085457235000000,0
DirectByteBufferAllocator.totalSizeOfBuffersCachedInBytes,1789085397235000000,1789085457235000000,0
StreamlinedBlobStorage.recordsAllocated,1789085397235000000,1789085457235000000,0
workspaceModel.moduleManagerBridge.load.module.ms,1789085397235000000,1789085457235000000,0
workspaceModel.moduleManagerBridge.build.module.graph.ms,1789085397235000000,1789085457235000000,0
workspaceModel.moduleManagerBridge.set.unloadedModules.ms,1789085397235000000,1789085457235000000,0
workspaceModel.mutableEntityStorage.has.same.entities.ms,1789085397235000000,1789085457235000000,0
jps.reload.project.entities.ms,1789085397235000000,1789085457235000000,0
workspaceModel.global.updates.ms,1789085397235000000,1789085457235000000,0
jps.global.initialize.library.bridges.after.loading.ms,1789085397235000000,1789085457235000000,0
workspaceModel.mutableEntityStorage.to.snapshot.ms,1789085397235000000,1789085457235000000,0
jps.save.global.entities.ms,1789085397235000000,1789085457235000000,0
workspaceModel.mutableEntityStorage.referrers.ms,1789085397235000000,1789085457235000000,0
jps.app.storage.content.writer.save.component.ms,1789085397235000000,1789085457235000000,0
jps.save.changed.project.entities.ms,1789085397235000000,1789085457235000000,0
jps.facet.change.listener.before.change.events.ms,1789085397235000000,1789085457235000000,0
workspaceModel.mutableEntityStorage.collect.changes.ms,1789085397235000000,1789085457235000000,0
jps.artifact.entities.serializer.save.entities.ms,1789085397235000000,1789085457235000000,0
workspaceModel.global.apply.state.to.project.builder.ms,1789085397235000000,1789085457235000000,0
jps.apply.loaded.storage.ms,1789085397235000000,1789085457235000000,0
jps.global.get.libraries.ms,1789085397235000000,1789085457235000000,0
workspaceModel.moduleBridge.before.changed.ms,1789085397235000000,1789085457235000000,0
workspaceModel.moduleManagerBridge.newModule.ms,1789085397235000000,1789085457235000000,0
workspaceModel.mutableEntityStorage.replace.by.source.ms,1789085397235000000,1789085457235000000,0
workspaceModel.orphan.listener.update.ms,1789085397235000000,1789085457235000000,0
workspaceModel.mutableEntityStorage.entities.ms,1789085397235000000,1789085457235000000,0
workspaceModel.moduleManagerBridge.get.modules.ms,1789085397235000000,1789085457235000000,0
workspaceModel.mutableEntityStorage.mutable.vfurl.index.ms,1789085397235000000,1789085457235000000,0
workspaceModel.mutableEntityStorage.mutable.ext.mapping.ms,1789085397235000000,1789085457235000000,0
workspaceModel.delayed.project.synchronizer.sync.ms,1789085397235000000,1789085457235000000,0
jps.app.storage.content.reader.load.component.ms,1789085397235000000,1789085457235000000,0
workspaceModel.do.save.caches.ms,1789085397235000000,1789085457235000000,0
jps.artifact.entities.serializer.load.entities.ms,1789085397235000000,1789085457235000000,0
workspaceModel.load.cache.metadata.from.file.ms,1789085397235000000,1789085457235000000,0
workspaceModel.moduleBridge.facet.initialization.ms,1789085397235000000,1789085457235000000,0
workspaceModel.mutableEntityStorage.add.entity.ms,1789085397235000000,1789085457235000000,0
jps.facet.change.listener.process.change.events.ms,1789085397235000000,1789085457235000000,0
workspaceModel.mutableEntityStorage.apply.changes.from.ms,1789085397235000000,1789085457235000000,0
workspaceModel.mutableEntityStorage.remove.entity.ms,1789085397235000000,1789085457235000000,0
workspaceModel.mutableEntityStorage.entities.by.source.ms,1789085397235000000,1789085457235000000,0
workspaceModel.global.apply.state.to.project.ms,1789085397235000000,1789085457235000000,0
workspaceModel.moduleBridge.update.option.ms,1789085397235000000,1789085457235000000,0
jps.library.entities.serializer.save.entities.ms,1789085397235000000,1789085457235000000,0
jps.global.initialize.library.bridges.ms,1789085397235000000,1789085457235000000,0
jps.module.iml.entities.serializer.save.entities.ms,1789085397235000000,1789085457235000000,0
jps.global.get.library.by.name.ms,1789085397235000000,1789085457235000000,0
workspaceModel.moduleManagerBridge.new.nonPersistent.module.ms,1789085397235000000,1789085457235000000,0
workspaceModel.sync.entities.ms,1789085397235000000,1789085457235000000,0
workspaceModel.load.cache.from.file.ms,1789085397235000000,1789085457235000000,0
jps.project.serializers.load.ms,1789085397235000000,1789085457235000000,0
jps.global.handle.changed.events.ms,1789085397235000000,1789085457235000000,0
workspaceModel.global.updates.count,1789085397235000000,1789085457235000000,0
workspaceModel.mutableEntityStorage.instances.count,1789085397235000000,1789085457235000000,0
workspaceModel.mutableEntityStorage.put.entity.ms,1789085397235000000,1789085457235000000,0
jps.project.serializers.save.ms,1789085397235000000,1789085457235000000,0
jps.global.handle.before.change.events.ms,1789085397235000000,1789085457235000000,0
workspaceModel.mutableEntityStorage.modify.entity.ms,1789085397235000000,1789085457235000000,0
workspaceModel.save.cache.to.file.ms,1789085397235000000,1789085457235000000,0
workspaceModel.moduleManagerBridge.create.module.instance.ms,1789085397235000000,1789085457235000000,0
workspaceModel.moduleBridgeLoader.loading.modules.ms,1789085397235000000,1789085457235000000,0
jps.library.entities.serializer.load.entities.ms,1789085397235000000,1789085457235000000,0
jps.load.initial.state.ms,1789085397235000000,1789085457235000000,0
jps.facet.change.listener.init.bridge.ms,1789085397235000000,1789085457235000000,0
jps.load.project.to.empty.storage.ms,1789085397235000000,1789085457235000000,0
jps.global.get.library.ms,1789085397235000000,1789085457235000000,0
workspaceModel.mutableEntityStorage.resolve.ms,1789085397235000000,1789085457235000000,0
workspaceModel.moduleManagerBridge.load.all.modules.ms,1789085397235000000,1789085457235000000,0
jps.module.iml.entities.serializer.load.entities.ms,1789085397235000000,1789085457235000000,0
jps.storage.jps.conf.reader.load.component.ms,1789085397235000000,1789085457235000000,0
compiler.ArtifactManagerBridge.getArtifacts.ms,1789085397235000000,1789085457235000000,0
compiler.ArtifactManagerBridge.initBridges.ms,1789085397235000000,1789085457235000000,0
compiler.ArtifactManagerBridge.getArtifactsByType.ms,1789085397235000000,1789085457235000000,0
compiler.ArtifactManagerBridge.findArtifact.ms,1789085397235000000,1789085457235000000,0
compiler.ArtifactManagerBridge.commit.ms,1789085397235000000,1789085457235000000,0
compiler.ArtifactManagerBridge.dropMappings.ms,1789085397235000000,1789085457235000000,0
compiler.ArtifactVirtualFileListener.filePathChanged.ms,1789085397235000000,1789085457235000000,0
compiler.ArtifactManagerBridge.addArtifact.ms,1789085397235000000,1789085457235000000,0
compiler.ArtifactVirtualFileListener.propertyChanged.ms,1789085397235000000,1789085457235000000,0
cacheStateStorage.get.counter,1789085397235000000,1789085457235000000,0
cacheStateStorage.get.duration,1789085397235000000,1789085457235000000,0
cacheStateStorage.set.duration,1789085397235000000,1789085457235000000,0
cacheStateStorage.set.counter,1789085397235000000,1789085457235000000,0
writeAction.count,1789085397235000000,1789085457235000000,0
writeAction.wait.ms,1789085397235000000,1789085457235000000,0
writeAction.median.wait.ms,1789085397235000000,1789085457235000000,0
writeAction.max.wait.ms,1789085397235000000,1789085457235000000,14
Indexes.allKeys.lookupDurationMaxMs,1789085397235000000,1789085457235000000,0.0
Indexes.entries.lookupDuration90PMs,1789085397235000000,1789085457235000000,0.0
Indexes.allKeys.lookups,1789085397235000000,1789085457235000000,0.0
Indexes.stubs.lookupDurationAvgMs,1789085397235000000,1789085457235000000,0.0
IndexesFlusher.totalFlushingTimeUs,1789085397235000000,1789085457235000000,205621
Indexes.entries.lookupDurationAvgMs,1789085397235000000,1789085457235000000,0.0
IndexesFlusher.totalFlushes,1789085397235000000,1789085457235000000,59
Indexes.stubs.lookups,1789085397235000000,1789085457235000000,0.0
IndexesFlusher.totalContentionQuotaSpent,1789085397235000000,1789085457235000000,0
Indexes.stubs.lookupDurationMaxMs,1789085397235000000,1789085457235000000,0.0
Indexes.entries.lookupDurationMaxMs,1789085397235000000,1789085457235000000,0.0
Indexes.allKeys.lookupDuration90PMs,1789085397235000000,1789085457235000000,0.0
Indexes.stubs.lookupDuration90PMs,1789085397235000000,1789085457235000000,0.0
IndexesFlusher.totalFlushesRetried,1789085397235000000,1789085457235000000,0
Indexes.entries.lookups,1789085397235000000,1789085457235000000,0.0
Indexes.allKeys.lookupDurationAvgMs,1789085397235000000,1789085457235000000,0.0
VFS.fileByIdCache.misses,1789085397235000000,1789085457235000000,0
VFS.fileByIdCache.hits,1789085397235000000,1789085457235000000,0
FileNameCache.totalMisses,1789085397235000000,1789085457235000000,0
VFS.invertedFileNameIndex.requests,1789085397235000000,1789085457235000000,0
VFS.fileChildByName,1789085397235000000,1789085457235000000,0
FileNameCache.queries,1789085397235000000,1789085457235000000,0
workspaceModel.entityStorageSnapshotImpl.instances.count,1789085397235000000,1789085457235000000,0
workspaceModel.cachedValueWithParameters.calculated.ms,1789085397235000000,1789085457235000000,0
workspaceModel.workspaceFileIndexData.visitFileSets.ms,1789085397235000000,1789085457235000000,0
workspaceModel.workspaceFileIndexData.processFileSets.ms,1789085397235000000,1789085457235000000,0
workspaceModel.pre.handlers.ms,1789085397235000000,1789085457235000000,0
workspaceModel.loading.total.ms,1789085397235000000,1789085457235000000,0
workspaceModel.cachedValue.clear.ms,1789085397235000000,1789085457235000000,0
workspaceModel.full.replace.project.model.ms,1789085397235000000,1789085457235000000,0
workspaceModel.collect.changes.ms,1789085397235000000,1789085457235000000,0
workspaceModel.updates.count,1789085397235000000,1789085457235000000,0
workspaceModel.workspaceFileIndexData.updateDirtyEntities.ms,1789085397235000000,1789085457235000000,0
workspaceModel.workspaceFileIndexContributor.registerFileSets.ms,1789085397235000000,1789085457235000000,0
workspaceModel.cachedValueWithParameters.total.get.ms,1789085397235000000,1789085457235000000,0
workspaceModel.workspaceFileIndexData.instances.count,1789085397235000000,1789085457235000000,0
workspaceModel.workspaceFileIndexData.markDirty.ms,1789085397235000000,1789085457235000000,0
workspaceModel.check.recursive.update.ms,1789085397235000000,1789085457235000000,0
workspaceModel.workspaceFileIndexData.getDirectoriesByPackageName.ms,1789085397235000000,1789085457235000000,0
workspaceModel.init.bridges.ms,1789085397235000000,1789085457235000000,0
workspaceModel.updates.ms,1789085397235000000,1789085457235000000,0
workspaceModel.to.snapshot.ms,1789085397235000000,1789085457235000000,0
workspaceModel.updates.precise.ms,1789085397235000000,1789085457235000000,0
workspaceModel.cachedValueWithParameters.clear.ms,1789085397235000000,1789085457235000000,0
workspaceModel.workspaceFileIndexData.onEntitiesChanged.ms,1789085397235000000,1789085457235000000,0
workspaceModel.workspaceFileIndexData.getFileInfo.ms,1789085397235000000,1789085457235000000,0
workspaceModel.initializing.ms,1789085397235000000,1789085457235000000,0
workspaceModel.replace.project.model.ms,1789085397235000000,1789085457235000000,0
workspaceModel.cachedValue.from.cache.ms,1789085397235000000,1789085457235000000,0
workspaceModel.cachedValue.calculated.ms,1789085397235000000,1789085457235000000,0
workspaceModel.cachedValueWithParameters.from.cache.ms,1789085397235000000,1789085457235000000,0
workspaceModel.loading.from.cache.ms,1789085397235000000,1789085457235000000,0
workspaceModel.workspaceFileIndexData.getPackageName.ms,1789085397235000000,1789085457235000000,0
workspaceModel.update.unloaded.entities.ms,1789085397235000000,1789085457235000000,0
workspaceModel.cachedValue.total.get.ms,1789085397235000000,1789085457235000000,0
workspaceModel.workspaceFileIndexData.init.ms,1789085397235000000,1789085457235000000,0
AWTEventQueue.dispatchTimeMaxNs,1789085397235000000,1789085457235000000,5505023
AWTEventQueue.dispatchTime90PNs,1789085397235000000,1789085457235000000,155647
FlushQueue.queueSizeAvg,1789085397235000000,1789085457235000000,0.0
ReadAction.executionsCount,1789085397235000000,1789085457235000000,0
FlushQueue.executionTime90PNs,1789085397235000000,1789085457235000000,50943
FlushQueue.tasksExecuted,1789085397235000000,1789085457235000000,242
AWTEventQueue.eventsDispatched,1789085397235000000,1789085457235000000,3599
FlushQueue.waitingTimeMaxNs,1789085397235000000,1789085457235000000,325631
FlushQueue.executionTimeAvgNs,1789085397235000000,1789085457235000000,28140.363636363636
FlushQueue.waitingTimeAvgNs,1789085397235000000,1789085457235000000,143897.9173553719
FlushQueue.executionTimeMaxNs,1789085397235000000,1789085457235000000,733183
NonBlockingReadAction.finalizedExecutionsCount,1789085397235000000,1789085457235000000,0
NonBlockingReadAction.finalizedExecutionTimeUs,1789085397235000000,1789085457235000000,0
AWTEventQueue.dispatchTimeAvgNs,1789085397235000000,1789085457235000000,81388.51014170604
NonBlockingReadAction.failedExecutionsCount,1789085397235000000,1789085457235000000,0
FlushQueue.queueSizeMax,1789085397235000000,1789085457235000000,0
FlushQueue.queueSize90P,1789085397235000000,1789085457235000000,0
AWTEventQueue.dispatchTimeTotalNS,1789085397235000000,1789085457235000000,292895096
FlushQueue.waitingTime90PNs,1789085397235000000,1789085457235000000,187391
WriteAction.executionsCount,1789085397235000000,1789085457235000000,0
NonBlockingReadAction.failedExecutionTimeUs,1789085397235000000,1789085457235000000,0
JVM.totalBytesAllocated,1789085457235000000,1789085517233000000,35746952
JVM.newThreadsCount,1789085457235000000,1789085517233000000,0
JVM.usedHeapBytes,1789085457235000000,1789085517233000000,236667760
OS.loadAverage,1789085457235000000,1789085517233000000,3.29296875
JVM.maxHeapBytes,1789085457235000000,1789085517233000000,2147483648
JVM.totalCpuTimeMs,1789085457235000000,1789085517233000000,2743
JVM.maxThreadCount,1789085457235000000,1789085517233000000,165
JVM.GC.collectionTimesMs,1789085457235000000,1789085517233000000,0
JVM.totalDirectByteBuffersBytes,1789085457235000000,1789085517233000000,233474439
JVM.usedNativeBytes,1789085457235000000,1789085517233000000,306753304
JVM.GC.collections,1789085457235000000,1789085517233000000,0
JVM.threadCount,1789085457235000000,1789085517233000000,48
FilePageCacheLockFree.totalPagesReclaimed,1789085457235000000,1789085517233000000,0
MappedFileStorage.totalPagesMapped,1789085457235000000,1789085517233000000,15
FilePageCacheLockFree.totalPagesHandedOver,1789085457235000000,1789085517233000000,0
FilePageCache.uncachedFileAccess,1789085457235000000,1789085517233000000,0
FilePageCacheLockFree.totalPagesWritten,1789085457235000000,1789085517233000000,0
StreamlinedBlobStorage.totalLiveRecordsCapacityBytes,1789085457235000000,1789085517233000000,0
FilePageCacheLockFree.totalBytesRequested,1789085457235000000,1789085517233000000,0
FilePageCacheLockFree.totalBytesWritten,1789085457235000000,1789085517233000000,0
FilePageCache.pageHits,1789085457235000000,1789085517233000000,0
StorageLockContext.competingThreads.avg,1789085457235000000,1789085517233000000,0.0
FilePageCache.maxRegisteredFiles,1789085457235000000,1789085517233000000,555
FilePageCache.capacityInBytes,1789085457235000000,1789085517233000000,503316478
FilePageCache.totalPageLoadsUs,1789085457235000000,1789085517233000000,0
StreamlinedBlobStorage.totalLiveRecordsPayloadBytes,1789085457235000000,1789085517233000000,0
FilePageCache.totalPageDisposalsUs,1789085457235000000,1789085517233000000,0
StorageLockContext.competingThreads.max,1789085457235000000,1789085517233000000,0
StorageLockContext.competingThreads.90P,1789085457235000000,1789085517233000000,0
FilePageCacheLockFree.totalNativeBytesAllocated,1789085457235000000,1789085517233000000,0
FilePageCacheLockFree.totalNativeBytesReclaimed,1789085457235000000,1789085517233000000,0
FilePageCacheLockFree.totalPagesRequestsMs,1789085457235000000,1789085517233000000,0
FilePageCacheLockFree.heapBytesInUse,1789085457235000000,1789085517233000000,0
FilePageCacheLockFree.nativeBytesInUse,1789085457235000000,1789085517233000000,0
FilePageCacheLockFree.housekeeperTurnsSkipped,1789085457235000000,1789085517233000000,0
FilePageCacheLockFree.totalClosedStoragesReclaimed,1789085457235000000,1789085517233000000,0
FileChannelInterruptsRetryer.totalRetriedAttempts,1789085457235000000,1789085517233000000,0
FilePageCache.disposedBuffers,1789085457235000000,1789085517233000000,0
DirectByteBufferAllocator.hits,1789085457235000000,1789085517233000000,0
DirectByteBufferAllocator.totalSizeOfBuffersAllocatedInBytes,1789085457235000000,1789085517233000000,231751680
FilePageCacheLockFree.housekeeperTimeSpentMs,1789085457235000000,1789085517233000000,0
MappedFileStorage.totalTimeSpentOnMappingUs,1789085457235000000,1789085517233000000,9841
FilePageCacheLockFree.housekeeperTurnsDone,1789085457235000000,1789085517233000000,0
MappedFileStorage.totalBytesMapped,1789085457235000000,1789085517233000000,198443008
DirectByteBufferAllocator.misses,1789085457235000000,1789085517233000000,0
MappedFileStorage.storages,1789085457235000000,1789085517233000000,15
StreamlinedBlobStorage.recordsRelocated,1789085457235000000,1789085517233000000,0
StreamlinedBlobStorage.recordsDeleted,1789085457235000000,1789085517233000000,0
FilePageCache.pageLoads,1789085457235000000,1789085517233000000,0
FilePageCache.pageFastCacheHits,1789085457235000000,1789085517233000000,0
FilePageCacheLockFree.totalPageAllocationsWaited,1789085457235000000,1789085517233000000,0
FilePageCache.maxCacheSizeInBytes,1789085457235000000,1789085517233000000,231751680
FilePageCacheLockFree.totalBytesRead,1789085457235000000,1789085517233000000,0
DirectByteBufferAllocator.disposed,1789085457235000000,1789085517233000000,0
FilePageCacheLockFree.totalPagesWriteMs,1789085457235000000,1789085517233000000,0
FilePageCache.pageLoadsAboveSizeThreshold,1789085457235000000,1789085517233000000,0
FilePageCacheLockFree.totalPagesReadMs,1789085457235000000,1789085517233000000,0
FilePageCacheLockFree.totalHeapBytesReclaimed,1789085457235000000,1789085517233000000,0
FilePageCacheLockFree.totalPagesAllocated,1789085457235000000,1789085517233000000,0
FilePageCacheLockFree.totalPagesRequested,1789085457235000000,1789085517233000000,0
DirectByteBufferAllocator.reclaimed,1789085457235000000,1789085517233000000,0
FilePageCacheLockFree.totalHeapBytesAllocated,1789085457235000000,1789085517233000000,0
DirectByteBufferAllocator.totalSizeOfBuffersCachedInBytes,1789085457235000000,1789085517233000000,0
StreamlinedBlobStorage.recordsAllocated,1789085457235000000,1789085517233000000,0
workspaceModel.moduleManagerBridge.load.module.ms,1789085457235000000,1789085517233000000,0
workspaceModel.moduleManagerBridge.build.module.graph.ms,1789085457235000000,1789085517233000000,0
workspaceModel.moduleManagerBridge.set.unloadedModules.ms,1789085457235000000,1789085517233000000,0
workspaceModel.mutableEntityStorage.has.same.entities.ms,1789085457235000000,1789085517233000000,0
jps.reload.project.entities.ms,1789085457235000000,1789085517233000000,0
workspaceModel.global.updates.ms,1789085457235000000,1789085517233000000,0
jps.global.initialize.library.bridges.after.loading.ms,1789085457235000000,1789085517233000000,0
workspaceModel.mutableEntityStorage.to.snapshot.ms,1789085457235000000,1789085517233000000,0
jps.save.global.entities.ms,1789085457235000000,1789085517233000000,0
workspaceModel.mutableEntityStorage.referrers.ms,1789085457235000000,1789085517233000000,0
jps.app.storage.content.writer.save.component.ms,1789085457235000000,1789085517233000000,0
jps.save.changed.project.entities.ms,1789085457235000000,1789085517233000000,0
jps.facet.change.listener.before.change.events.ms,1789085457235000000,1789085517233000000,0
workspaceModel.mutableEntityStorage.collect.changes.ms,1789085457235000000,1789085517233000000,0
jps.artifact.entities.serializer.save.entities.ms,1789085457235000000,1789085517233000000,0
workspaceModel.global.apply.state.to.project.builder.ms,1789085457235000000,1789085517233000000,0
jps.apply.loaded.storage.ms,1789085457235000000,1789085517233000000,0
jps.global.get.libraries.ms,1789085457235000000,1789085517233000000,0
workspaceModel.moduleBridge.before.changed.ms,1789085457235000000,1789085517233000000,0
workspaceModel.moduleManagerBridge.newModule.ms,1789085457235000000,1789085517233000000,0
workspaceModel.mutableEntityStorage.replace.by.source.ms,1789085457235000000,1789085517233000000,0
workspaceModel.orphan.listener.update.ms,1789085457235000000,1789085517233000000,0
workspaceModel.mutableEntityStorage.entities.ms,1789085457235000000,1789085517233000000,0
workspaceModel.moduleManagerBridge.get.modules.ms,1789085457235000000,1789085517233000000,0
workspaceModel.mutableEntityStorage.mutable.vfurl.index.ms,1789085457235000000,1789085517233000000,0
workspaceModel.mutableEntityStorage.mutable.ext.mapping.ms,1789085457235000000,1789085517233000000,0
workspaceModel.delayed.project.synchronizer.sync.ms,1789085457235000000,1789085517233000000,0
jps.app.storage.content.reader.load.component.ms,1789085457235000000,1789085517233000000,0
workspaceModel.do.save.caches.ms,1789085457235000000,1789085517233000000,0
jps.artifact.entities.serializer.load.entities.ms,1789085457235000000,1789085517233000000,0
workspaceModel.load.cache.metadata.from.file.ms,1789085457235000000,1789085517233000000,0
workspaceModel.moduleBridge.facet.initialization.ms,1789085457235000000,1789085517233000000,0
workspaceModel.mutableEntityStorage.add.entity.ms,1789085457235000000,1789085517233000000,0
jps.facet.change.listener.process.change.events.ms,1789085457235000000,1789085517233000000,0
workspaceModel.mutableEntityStorage.apply.changes.from.ms,1789085457235000000,1789085517233000000,0
workspaceModel.mutableEntityStorage.remove.entity.ms,1789085457235000000,1789085517233000000,0
workspaceModel.mutableEntityStorage.entities.by.source.ms,1789085457235000000,1789085517233000000,0
workspaceModel.global.apply.state.to.project.ms,1789085457235000000,1789085517233000000,0
workspaceModel.moduleBridge.update.option.ms,1789085457235000000,1789085517233000000,0
jps.library.entities.serializer.save.entities.ms,1789085457235000000,1789085517233000000,0
jps.global.initialize.library.bridges.ms,1789085457235000000,1789085517233000000,0
jps.module.iml.entities.serializer.save.entities.ms,1789085457235000000,1789085517233000000,0
jps.global.get.library.by.name.ms,1789085457235000000,1789085517233000000,0
workspaceModel.moduleManagerBridge.new.nonPersistent.module.ms,1789085457235000000,1789085517233000000,0
workspaceModel.sync.entities.ms,1789085457235000000,1789085517233000000,0
workspaceModel.load.cache.from.file.ms,1789085457235000000,1789085517233000000,0
jps.project.serializers.load.ms,1789085457235000000,1789085517233000000,0
jps.global.handle.changed.events.ms,1789085457235000000,1789085517233000000,0
workspaceModel.global.updates.count,1789085457235000000,1789085517233000000,0
workspaceModel.mutableEntityStorage.instances.count,1789085457235000000,1789085517233000000,0
workspaceModel.mutableEntityStorage.put.entity.ms,1789085457235000000,1789085517233000000,0
jps.project.serializers.save.ms,1789085457235000000,1789085517233000000,0
jps.global.handle.before.change.events.ms,1789085457235000000,1789085517233000000,0
workspaceModel.mutableEntityStorage.modify.entity.ms,1789085457235000000,1789085517233000000,0
workspaceModel.save.cache.to.file.ms,1789085457235000000,1789085517233000000,0
workspaceModel.moduleManagerBridge.create.module.instance.ms,1789085457235000000,1789085517233000000,0
workspaceModel.moduleBridgeLoader.loading.modules.ms,1789085457235000000,1789085517233000000,0
jps.library.entities.serializer.load.entities.ms,1789085457235000000,1789085517233000000,0
jps.load.initial.state.ms,1789085457235000000,1789085517233000000,0
jps.facet.change.listener.init.bridge.ms,1789085457235000000,1789085517233000000,0
jps.load.project.to.empty.storage.ms,1789085457235000000,1789085517233000000,0
jps.global.get.library.ms,1789085457235000000,1789085517233000000,0
workspaceModel.mutableEntityStorage.resolve.ms,1789085457235000000,1789085517233000000,0
workspaceModel.moduleManagerBridge.load.all.modules.ms,1789085457235000000,1789085517233000000,0
jps.module.iml.entities.serializer.load.entities.ms,1789085457235000000,1789085517233000000,0
jps.storage.jps.conf.reader.load.component.ms,1789085457235000000,1789085517233000000,0
compiler.ArtifactManagerBridge.getArtifacts.ms,1789085457235000000,1789085517233000000,0
compiler.ArtifactManagerBridge.initBridges.ms,1789085457235000000,1789085517233000000,0
compiler.ArtifactManagerBridge.getArtifactsByType.ms,1789085457235000000,1789085517233000000,0
compiler.ArtifactManagerBridge.findArtifact.ms,1789085457235000000,1789085517233000000,0
compiler.ArtifactManagerBridge.commit.ms,1789085457235000000,1789085517233000000,0
compiler.ArtifactManagerBridge.dropMappings.ms,1789085457235000000,1789085517233000000,0
compiler.ArtifactVirtualFileListener.filePathChanged.ms,1789085457235000000,1789085517233000000,0
compiler.ArtifactManagerBridge.addArtifact.ms,1789085457235000000,1789085517233000000,0
compiler.ArtifactVirtualFileListener.propertyChanged.ms,1789085457235000000,1789085517233000000,0
cacheStateStorage.get.counter,1789085457235000000,1789085517233000000,0
cacheStateStorage.get.duration,1789085457235000000,1789085517233000000,0
cacheStateStorage.set.duration,1789085457235000000,1789085517233000000,0
cacheStateStorage.set.counter,1789085457235000000,1789085517233000000,0
writeAction.count,1789085457235000000,1789085517233000000,0
writeAction.wait.ms,1789085457235000000,1789085517233000000,0
writeAction.median.wait.ms,1789085457235000000,1789085517233000000,0
writeAction.max.wait.ms,1789085457235000000,1789085517233000000,14
Indexes.allKeys.lookupDurationMaxMs,1789085457235000000,1789085517233000000,0.0
Indexes.entries.lookupDuration90PMs,1789085457235000000,1789085517233000000,0.0
Indexes.allKeys.lookups,1789085457235000000,1789085517233000000,0.0
Indexes.stubs.lookupDurationAvgMs,1789085457235000000,1789085517233000000,0.0
IndexesFlusher.totalFlushingTimeUs,1789085457235000000,1789085517233000000,243534
Indexes.entries.lookupDurationAvgMs,1789085457235000000,1789085517233000000,0.0
IndexesFlusher.totalFlushes,1789085457235000000,1789085517233000000,59
Indexes.stubs.lookups,1789085457235000000,1789085517233000000,0.0
IndexesFlusher.totalContentionQuotaSpent,1789085457235000000,1789085517233000000,0
Indexes.stubs.lookupDurationMaxMs,1789085457235000000,1789085517233000000,0.0
Indexes.entries.lookupDurationMaxMs,1789085457235000000,1789085517233000000,0.0
Indexes.allKeys.lookupDuration90PMs,1789085457235000000,1789085517233000000,0.0
Indexes.stubs.lookupDuration90PMs,1789085457235000000,1789085517233000000,0.0
IndexesFlusher.totalFlushesRetried,1789085457235000000,1789085517233000000,0
Indexes.entries.lookups,1789085457235000000,1789085517233000000,0.0
Indexes.allKeys.lookupDurationAvgMs,1789085457235000000,1789085517233000000,0.0
VFS.fileByIdCache.misses,1789085457235000000,1789085517233000000,0
VFS.fileByIdCache.hits,1789085457235000000,1789085517233000000,0
FileNameCache.totalMisses,1789085457235000000,1789085517233000000,0
VFS.invertedFileNameIndex.requests,1789085457235000000,1789085517233000000,0
VFS.fileChildByName,1789085457235000000,1789085517233000000,0
FileNameCache.queries,1789085457235000000,1789085517233000000,0
workspaceModel.entityStorageSnapshotImpl.instances.count,1789085457235000000,1789085517233000000,0
workspaceModel.cachedValueWithParameters.calculated.ms,1789085457235000000,1789085517233000000,0
workspaceModel.workspaceFileIndexData.visitFileSets.ms,1789085457235000000,1789085517233000000,0
workspaceModel.workspaceFileIndexData.processFileSets.ms,1789085457235000000,1789085517233000000,0
workspaceModel.pre.handlers.ms,1789085457235000000,1789085517233000000,0
workspaceModel.loading.total.ms,1789085457235000000,1789085517233000000,0
workspaceModel.cachedValue.clear.ms,1789085457235000000,1789085517233000000,0
workspaceModel.full.replace.project.model.ms,1789085457235000000,1789085517233000000,0
workspaceModel.collect.changes.ms,1789085457235000000,1789085517233000000,0
workspaceModel.updates.count,1789085457235000000,1789085517233000000,0
workspaceModel.workspaceFileIndexData.updateDirtyEntities.ms,1789085457235000000,1789085517233000000,0
workspaceModel.workspaceFileIndexContributor.registerFileSets.ms,1789085457235000000,1789085517233000000,0
workspaceModel.cachedValueWithParameters.total.get.ms,1789085457235000000,1789085517233000000,0
workspaceModel.workspaceFileIndexData.instances.count,1789085457235000000,1789085517233000000,0
workspaceModel.workspaceFileIndexData.markDirty.ms,1789085457235000000,1789085517233000000,0
workspaceModel.check.recursive.update.ms,1789085457235000000,1789085517233000000,0
workspaceModel.workspaceFileIndexData.getDirectoriesByPackageName.ms,1789085457235000000,1789085517233000000,0
workspaceModel.init.bridges.ms,1789085457235000000,1789085517233000000,0
workspaceModel.updates.ms,1789085457235000000,1789085517233000000,0
workspaceModel.to.snapshot.ms,1789085457235000000,1789085517233000000,0
workspaceModel.updates.precise.ms,1789085457235000000,1789085517233000000,0
workspaceModel.cachedValueWithParameters.clear.ms,1789085457235000000,1789085517233000000,0
workspaceModel.workspaceFileIndexData.onEntitiesChanged.ms,1789085457235000000,1789085517233000000,0
workspaceModel.workspaceFileIndexData.getFileInfo.ms,1789085457235000000,1789085517233000000,0
workspaceModel.initializing.ms,1789085457235000000,1789085517233000000,0
workspaceModel.replace.project.model.ms,1789085457235000000,1789085517233000000,0
workspaceModel.cachedValue.from.cache.ms,1789085457235000000,1789085517233000000,0
workspaceModel.cachedValue.calculated.ms,1789085457235000000,1789085517233000000,0
workspaceModel.cachedValueWithParameters.from.cache.ms,1789085457235000000,1789085517233000000,0
workspaceModel.loading.from.cache.ms,1789085457235000000,1789085517233000000,0
workspaceModel.workspaceFileIndexData.getPackageName.ms,1789085457235000000,1789085517233000000,0
workspaceModel.update.unloaded.entities.ms,1789085457235000000,1789085517233000000,0
workspaceModel.cachedValue.total.get.ms,1789085457235000000,1789085517233000000,0
workspaceModel.workspaceFileIndexData.init.ms,1789085457235000000,1789085517233000000,0
AWTEventQueue.dispatchTimeMaxNs,1789085457235000000,1789085517233000000,4358143
AWTEventQueue.dispatchTime90PNs,1789085457235000000,1789085517233000000,159743
FlushQueue.queueSizeAvg,1789085457235000000,1789085517233000000,0.024896265560165973
ReadAction.executionsCount,1789085457235000000,1789085517233000000,0
FlushQueue.executionTime90PNs,1789085457235000000,1789085517233000000,56831
FlushQueue.tasksExecuted,1789085457235000000,1789085517233000000,241
AWTEventQueue.eventsDispatched,1789085457235000000,1789085517233000000,3580
FlushQueue.waitingTimeMaxNs,1789085457235000000,1789085517233000000,23855103
FlushQueue.executionTimeAvgNs,1789085457235000000,1789085517233000000,30077.145228215766
FlushQueue.waitingTimeAvgNs,1789085457235000000,1789085517233000000,240673.72614107883
FlushQueue.executionTimeMaxNs,1789085457235000000,1789085517233000000,1032191
NonBlockingReadAction.finalizedExecutionsCount,1789085457235000000,1789085517233000000,0
NonBlockingReadAction.finalizedExecutionTimeUs,1789085457235000000,1789085517233000000,0
AWTEventQueue.dispatchTimeAvgNs,1789085457235000000,1789085517233000000,83864.10726256983
NonBlockingReadAction.failedExecutionsCount,1789085457235000000,1789085517233000000,0
FlushQueue.queueSizeMax,1789085457235000000,1789085517233000000,1
FlushQueue.queueSize90P,1789085457235000000,1789085517233000000,0
AWTEventQueue.dispatchTimeTotalNS,1789085457235000000,1789085517233000000,300233535
FlushQueue.waitingTime90PNs,1789085457235000000,1789085517233000000,197631
WriteAction.executionsCount,1789085457235000000,1789085517233000000,0
NonBlockingReadAction.failedExecutionTimeUs,1789085457235000000,1789085517233000000,0
JVM.totalBytesAllocated,1789085517233000000,1789085577233000000,36151496
JVM.newThreadsCount,1789085517233000000,1789085577233000000,0
JVM.usedHeapBytes,1789085517233000000,1789085577233000000,273367920
OS.loadAverage,1789085517233000000,1789085577233000000,2.7470703125
JVM.maxHeapBytes,1789085517233000000,1789085577233000000,2147483648
JVM.totalCpuTimeMs,1789085517233000000,1789085577233000000,2707
JVM.maxThreadCount,1789085517233000000,1789085577233000000,165
JVM.GC.collectionTimesMs,1789085517233000000,1789085577233000000,0
JVM.totalDirectByteBuffersBytes,1789085517233000000,1789085577233000000,233474439
JVM.usedNativeBytes,1789085517233000000,1789085577233000000,306846568
JVM.GC.collections,1789085517233000000,1789085577233000000,0
JVM.threadCount,1789085517233000000,1789085577233000000,47
FilePageCacheLockFree.totalPagesReclaimed,1789085517233000000,1789085577233000000,0
MappedFileStorage.totalPagesMapped,1789085517233000000,1789085577233000000,15
FilePageCacheLockFree.totalPagesHandedOver,1789085517233000000,1789085577233000000,0
FilePageCache.uncachedFileAccess,1789085517233000000,1789085577233000000,0
FilePageCacheLockFree.totalPagesWritten,1789085517233000000,1789085577233000000,0
StreamlinedBlobStorage.totalLiveRecordsCapacityBytes,1789085517233000000,1789085577233000000,0
FilePageCacheLockFree.totalBytesRequested,1789085517233000000,1789085577233000000,0
FilePageCacheLockFree.totalBytesWritten,1789085517233000000,1789085577233000000,0
FilePageCache.pageHits,1789085517233000000,1789085577233000000,0
StorageLockContext.competingThreads.avg,1789085517233000000,1789085577233000000,0.0
FilePageCache.maxRegisteredFiles,1789085517233000000,1789085577233000000,555
FilePageCache.capacityInBytes,1789085517233000000,1789085577233000000,503316478
FilePageCache.totalPageLoadsUs,1789085517233000000,1789085577233000000,0
StreamlinedBlobStorage.totalLiveRecordsPayloadBytes,1789085517233000000,1789085577233000000,0
FilePageCache.totalPageDisposalsUs,1789085517233000000,1789085577233000000,0
StorageLockContext.competingThreads.max,1789085517233000000,1789085577233000000,0
StorageLockContext.competingThreads.90P,1789085517233000000,1789085577233000000,0
FilePageCacheLockFree.totalNativeBytesAllocated,1789085517233000000,1789085577233000000,0
FilePageCacheLockFree.totalNativeBytesReclaimed,1789085517233000000,1789085577233000000,0
FilePageCacheLockFree.totalPagesRequestsMs,1789085517233000000,1789085577233000000,0
FilePageCacheLockFree.heapBytesInUse,1789085517233000000,1789085577233000000,0
FilePageCacheLockFree.nativeBytesInUse,1789085517233000000,1789085577233000000,0
FilePageCacheLockFree.housekeeperTurnsSkipped,1789085517233000000,1789085577233000000,0
FilePageCacheLockFree.totalClosedStoragesReclaimed,1789085517233000000,1789085577233000000,0
FileChannelInterruptsRetryer.totalRetriedAttempts,1789085517233000000,1789085577233000000,0
FilePageCache.disposedBuffers,1789085517233000000,1789085577233000000,0
DirectByteBufferAllocator.hits,1789085517233000000,1789085577233000000,0
DirectByteBufferAllocator.totalSizeOfBuffersAllocatedInBytes,1789085517233000000,1789085577233000000,231751680
FilePageCacheLockFree.housekeeperTimeSpentMs,1789085517233000000,1789085577233000000,0
MappedFileStorage.totalTimeSpentOnMappingUs,1789085517233000000,1789085577233000000,9841
FilePageCacheLockFree.housekeeperTurnsDone,1789085517233000000,1789085577233000000,0
MappedFileStorage.totalBytesMapped,1789085517233000000,1789085577233000000,198443008
DirectByteBufferAllocator.misses,1789085517233000000,1789085577233000000,0
MappedFileStorage.storages,1789085517233000000,1789085577233000000,15
StreamlinedBlobStorage.recordsRelocated,1789085517233000000,1789085577233000000,0
StreamlinedBlobStorage.recordsDeleted,1789085517233000000,1789085577233000000,0
FilePageCache.pageLoads,1789085517233000000,1789085577233000000,0
FilePageCache.pageFastCacheHits,1789085517233000000,1789085577233000000,0
FilePageCacheLockFree.totalPageAllocationsWaited,1789085517233000000,1789085577233000000,0
FilePageCache.maxCacheSizeInBytes,1789085517233000000,1789085577233000000,231751680
FilePageCacheLockFree.totalBytesRead,1789085517233000000,1789085577233000000,0
DirectByteBufferAllocator.disposed,1789085517233000000,1789085577233000000,0
FilePageCacheLockFree.totalPagesWriteMs,1789085517233000000,1789085577233000000,0
FilePageCache.pageLoadsAboveSizeThreshold,1789085517233000000,1789085577233000000,0
FilePageCacheLockFree.totalPagesReadMs,1789085517233000000,1789085577233000000,0
FilePageCacheLockFree.totalHeapBytesReclaimed,1789085517233000000,1789085577233000000,0
FilePageCacheLockFree.totalPagesAllocated,1789085517233000000,1789085577233000000,0
FilePageCacheLockFree.totalPagesRequested,1789085517233000000,1789085577233000000,0
DirectByteBufferAllocator.reclaimed,1789085517233000000,1789085577233000000,0
FilePageCacheLockFree.totalHeapBytesAllocated,1789085517233000000,1789085577233000000,0
DirectByteBufferAllocator.totalSizeOfBuffersCachedInBytes,1789085517233000000,1789085577233000000,0
StreamlinedBlobStorage.recordsAllocated,1789085517233000000,1789085577233000000,0
workspaceModel.moduleManagerBridge.load.module.ms,1789085517233000000,1789085577233000000,0
workspaceModel.moduleManagerBridge.build.module.graph.ms,1789085517233000000,1789085577233000000,0
workspaceModel.moduleManagerBridge.set.unloadedModules.ms,1789085517233000000,1789085577233000000,0
workspaceModel.mutableEntityStorage.has.same.entities.ms,1789085517233000000,1789085577233000000,0
jps.reload.project.entities.ms,1789085517233000000,1789085577233000000,0
workspaceModel.global.updates.ms,1789085517233000000,1789085577233000000,0
jps.global.initialize.library.bridges.after.loading.ms,1789085517233000000,1789085577233000000,0
workspaceModel.mutableEntityStorage.to.snapshot.ms,1789085517233000000,1789085577233000000,0
jps.save.global.entities.ms,1789085517233000000,1789085577233000000,0
workspaceModel.mutableEntityStorage.referrers.ms,1789085517233000000,1789085577233000000,0
jps.app.storage.content.writer.save.component.ms,1789085517233000000,1789085577233000000,0
jps.save.changed.project.entities.ms,1789085517233000000,1789085577233000000,0
jps.facet.change.listener.before.change.events.ms,1789085517233000000,1789085577233000000,0
workspaceModel.mutableEntityStorage.collect.changes.ms,1789085517233000000,1789085577233000000,0
jps.artifact.entities.serializer.save.entities.ms,1789085517233000000,1789085577233000000,0
workspaceModel.global.apply.state.to.project.builder.ms,1789085517233000000,1789085577233000000,0
jps.apply.loaded.storage.ms,1789085517233000000,1789085577233000000,0
jps.global.get.libraries.ms,1789085517233000000,1789085577233000000,0
workspaceModel.moduleBridge.before.changed.ms,1789085517233000000,1789085577233000000,0
workspaceModel.moduleManagerBridge.newModule.ms,1789085517233000000,1789085577233000000,0
workspaceModel.mutableEntityStorage.replace.by.source.ms,1789085517233000000,1789085577233000000,0
workspaceModel.orphan.listener.update.ms,1789085517233000000,1789085577233000000,0
workspaceModel.mutableEntityStorage.entities.ms,1789085517233000000,1789085577233000000,0
workspaceModel.moduleManagerBridge.get.modules.ms,1789085517233000000,1789085577233000000,0
workspaceModel.mutableEntityStorage.mutable.vfurl.index.ms,1789085517233000000,1789085577233000000,0
workspaceModel.mutableEntityStorage.mutable.ext.mapping.ms,1789085517233000000,1789085577233000000,0
workspaceModel.delayed.project.synchronizer.sync.ms,1789085517233000000,1789085577233000000,0
jps.app.storage.content.reader.load.component.ms,1789085517233000000,1789085577233000000,0
workspaceModel.do.save.caches.ms,1789085517233000000,1789085577233000000,0
jps.artifact.entities.serializer.load.entities.ms,1789085517233000000,1789085577233000000,0
workspaceModel.load.cache.metadata.from.file.ms,1789085517233000000,1789085577233000000,0
workspaceModel.moduleBridge.facet.initialization.ms,1789085517233000000,1789085577233000000,0
workspaceModel.mutableEntityStorage.add.entity.ms,1789085517233000000,1789085577233000000,0
jps.facet.change.listener.process.change.events.ms,1789085517233000000,1789085577233000000,0
workspaceModel.mutableEntityStorage.apply.changes.from.ms,1789085517233000000,1789085577233000000,0
workspaceModel.mutableEntityStorage.remove.entity.ms,1789085517233000000,1789085577233000000,0
workspaceModel.mutableEntityStorage.entities.by.source.ms,1789085517233000000,1789085577233000000,0
workspaceModel.global.apply.state.to.project.ms,1789085517233000000,1789085577233000000,0
workspaceModel.moduleBridge.update.option.ms,1789085517233000000,1789085577233000000,0
jps.library.entities.serializer.save.entities.ms,1789085517233000000,1789085577233000000,0
jps.global.initialize.library.bridges.ms,1789085517233000000,1789085577233000000,0
jps.module.iml.entities.serializer.save.entities.ms,1789085517233000000,1789085577233000000,0
jps.global.get.library.by.name.ms,1789085517233000000,1789085577233000000,0
workspaceModel.moduleManagerBridge.new.nonPersistent.module.ms,1789085517233000000,1789085577233000000,0
workspaceModel.sync.entities.ms,1789085517233000000,1789085577233000000,0
workspaceModel.load.cache.from.file.ms,1789085517233000000,1789085577233000000,0
jps.project.serializers.load.ms,1789085517233000000,1789085577233000000,0
jps.global.handle.changed.events.ms,1789085517233000000,1789085577233000000,0
workspaceModel.global.updates.count,1789085517233000000,1789085577233000000,0
workspaceModel.mutableEntityStorage.instances.count,1789085517233000000,1789085577233000000,0
workspaceModel.mutableEntityStorage.put.entity.ms,1789085517233000000,1789085577233000000,0
jps.project.serializers.save.ms,1789085517233000000,1789085577233000000,0
jps.global.handle.before.change.events.ms,1789085517233000000,1789085577233000000,0
workspaceModel.mutableEntityStorage.modify.entity.ms,1789085517233000000,1789085577233000000,0
workspaceModel.save.cache.to.file.ms,1789085517233000000,1789085577233000000,0
workspaceModel.moduleManagerBridge.create.module.instance.ms,1789085517233000000,1789085577233000000,0
workspaceModel.moduleBridgeLoader.loading.modules.ms,1789085517233000000,1789085577233000000,0
jps.library.entities.serializer.load.entities.ms,1789085517233000000,1789085577233000000,0
jps.load.initial.state.ms,1789085517233000000,1789085577233000000,0
jps.facet.change.listener.init.bridge.ms,1789085517233000000,1789085577233000000,0
jps.load.project.to.empty.storage.ms,1789085517233000000,1789085577233000000,0
jps.global.get.library.ms,1789085517233000000,1789085577233000000,0
workspaceModel.mutableEntityStorage.resolve.ms,1789085517233000000,1789085577233000000,0
workspaceModel.moduleManagerBridge.load.all.modules.ms,1789085517233000000,1789085577233000000,0
jps.module.iml.entities.serializer.load.entities.ms,1789085517233000000,1789085577233000000,0
jps.storage.jps.conf.reader.load.component.ms,1789085517233000000,1789085577233000000,0
compiler.ArtifactManagerBridge.getArtifacts.ms,1789085517233000000,1789085577233000000,0
compiler.ArtifactManagerBridge.initBridges.ms,1789085517233000000,1789085577233000000,0
compiler.ArtifactManagerBridge.getArtifactsByType.ms,1789085517233000000,1789085577233000000,0
compiler.ArtifactManagerBridge.findArtifact.ms,1789085517233000000,1789085577233000000,0
compiler.ArtifactManagerBridge.commit.ms,1789085517233000000,1789085577233000000,0
compiler.ArtifactManagerBridge.dropMappings.ms,1789085517233000000,1789085577233000000,0
compiler.ArtifactVirtualFileListener.filePathChanged.ms,1789085517233000000,1789085577233000000,0
compiler.ArtifactManagerBridge.addArtifact.ms,1789085517233000000,1789085577233000000,0
compiler.ArtifactVirtualFileListener.propertyChanged.ms,1789085517233000000,1789085577233000000,0
cacheStateStorage.get.counter,1789085517233000000,1789085577233000000,0
cacheStateStorage.get.duration,1789085517233000000,1789085577233000000,0
cacheStateStorage.set.duration,1789085517233000000,1789085577233000000,0
cacheStateStorage.set.counter,1789085517233000000,1789085577233000000,0
writeAction.count,1789085517233000000,1789085577233000000,0
writeAction.wait.ms,1789085517233000000,1789085577233000000,0
writeAction.median.wait.ms,1789085517233000000,1789085577233000000,0
writeAction.max.wait.ms,1789085517233000000,1789085577233000000,14
Indexes.allKeys.lookupDurationMaxMs,1789085517233000000,1789085577233000000,0.0
Indexes.entries.lookupDuration90PMs,1789085517233000000,1789085577233000000,0.0
Indexes.allKeys.lookups,1789085517233000000,1789085577233000000,0.0
Indexes.stubs.lookupDurationAvgMs,1789085517233000000,1789085577233000000,0.0
IndexesFlusher.totalFlushingTimeUs,1789085517233000000,1789085577233000000,289033
Indexes.entries.lookupDurationAvgMs,1789085517233000000,1789085577233000000,0.0
IndexesFlusher.totalFlushes,1789085517233000000,1789085577233000000,58
Indexes.stubs.lookups,1789085517233000000,1789085577233000000,0.0
IndexesFlusher.totalContentionQuotaSpent,1789085517233000000,1789085577233000000,0
Indexes.stubs.lookupDurationMaxMs,1789085517233000000,1789085577233000000,0.0
Indexes.entries.lookupDurationMaxMs,1789085517233000000,1789085577233000000,0.0
Indexes.allKeys.lookupDuration90PMs,1789085517233000000,1789085577233000000,0.0
Indexes.stubs.lookupDuration90PMs,1789085517233000000,1789085577233000000,0.0
IndexesFlusher.totalFlushesRetried,1789085517233000000,1789085577233000000,0
Indexes.entries.lookups,1789085517233000000,1789085577233000000,0.0
Indexes.allKeys.lookupDurationAvgMs,1789085517233000000,1789085577233000000,0.0
VFS.fileByIdCache.misses,1789085517233000000,1789085577233000000,0
VFS.fileByIdCache.hits,1789085517233000000,1789085577233000000,0
FileNameCache.totalMisses,1789085517233000000,1789085577233000000,0
VFS.invertedFileNameIndex.requests,1789085517233000000,1789085577233000000,0
VFS.fileChildByName,1789085517233000000,1789085577233000000,0
FileNameCache.queries,1789085517233000000,1789085577233000000,0
workspaceModel.entityStorageSnapshotImpl.instances.count,1789085517233000000,1789085577233000000,0
workspaceModel.cachedValueWithParameters.calculated.ms,1789085517233000000,1789085577233000000,0
workspaceModel.workspaceFileIndexData.visitFileSets.ms,1789085517233000000,1789085577233000000,0
workspaceModel.workspaceFileIndexData.processFileSets.ms,1789085517233000000,1789085577233000000,0
workspaceModel.pre.handlers.ms,1789085517233000000,1789085577233000000,0
workspaceModel.loading.total.ms,1789085517233000000,1789085577233000000,0
workspaceModel.cachedValue.clear.ms,1789085517233000000,1789085577233000000,0
workspaceModel.full.replace.project.model.ms,1789085517233000000,1789085577233000000,0
workspaceModel.collect.changes.ms,1789085517233000000,1789085577233000000,0
workspaceModel.updates.count,1789085517233000000,1789085577233000000,0
workspaceModel.workspaceFileIndexData.updateDirtyEntities.ms,1789085517233000000,1789085577233000000,0
workspaceModel.workspaceFileIndexContributor.registerFileSets.ms,1789085517233000000,1789085577233000000,0
workspaceModel.cachedValueWithParameters.total.get.ms,1789085517233000000,1789085577233000000,0
workspaceModel.workspaceFileIndexData.instances.count,1789085517233000000,1789085577233000000,0
workspaceModel.workspaceFileIndexData.markDirty.ms,1789085517233000000,1789085577233000000,0
workspaceModel.check.recursive.update.ms,1789085517233000000,1789085577233000000,0
workspaceModel.workspaceFileIndexData.getDirectoriesByPackageName.ms,1789085517233000000,1789085577233000000,0
workspaceModel.init.bridges.ms,1789085517233000000,1789085577233000000,0
workspaceModel.updates.ms,1789085517233000000,1789085577233000000,0
workspaceModel.to.snapshot.ms,1789085517233000000,1789085577233000000,0
workspaceModel.updates.precise.ms,1789085517233000000,1789085577233000000,0
workspaceModel.cachedValueWithParameters.clear.ms,1789085517233000000,1789085577233000000,0
workspaceModel.workspaceFileIndexData.onEntitiesChanged.ms,1789085517233000000,1789085577233000000,0
workspaceModel.workspaceFileIndexData.getFileInfo.ms,1789085517233000000,1789085577233000000,0
workspaceModel.initializing.ms,1789085517233000000,1789085577233000000,0
workspaceModel.replace.project.model.ms,1789085517233000000,1789085577233000000,0
workspaceModel.cachedValue.from.cache.ms,1789085517233000000,1789085577233000000,0
workspaceModel.cachedValue.calculated.ms,1789085517233000000,1789085577233000000,0
workspaceModel.cachedValueWithParameters.from.cache.ms,1789085517233000000,1789085577233000000,0
workspaceModel.loading.from.cache.ms,1789085517233000000,1789085577233000000,0
workspaceModel.workspaceFileIndexData.getPackageName.ms,1789085517233000000,1789085577233000000,0
workspaceModel.update.unloaded.entities.ms,1789085517233000000,1789085577233000000,0
workspaceModel.cachedValue.total.get.ms,1789085517233000000,1789085577233000000,0
workspaceModel.workspaceFileIndexData.init.ms,1789085517233000000,1789085577233000000,0
AWTEventQueue.dispatchTimeMaxNs,1789085517233000000,1789085577233000000,4849663
AWTEventQueue.dispatchTime90PNs,1789085517233000000,1789085577233000000,171007
FlushQueue.queueSizeAvg,1789085517233000000,1789085577233000000,0.0
ReadAction.executionsCount,1789085517233000000,1789085577233000000,0
FlushQueue.executionTime90PNs,1789085517233000000,1789085577233000000,65535
FlushQueue.tasksExecuted,1789085517233000000,1789085577233000000,241
AWTEventQueue.eventsDispatched,1789085517233000000,1789085577233000000,3520
FlushQueue.waitingTimeMaxNs,1789085517233000000,1789085577233000000,376831
FlushQueue.executionTimeAvgNs,1789085517233000000,1789085577233000000,33464.03319502075
FlushQueue.waitingTimeAvgNs,1789085517233000000,1789085577233000000,162070.3070539419
FlushQueue.executionTimeMaxNs,1789085517233000000,1789085577233000000,1253375
NonBlockingReadAction.finalizedExecutionsCount,1789085517233000000,1789085577233000000,0
NonBlockingReadAction.finalizedExecutionTimeUs,1789085517233000000,1789085577233000000,0
AWTEventQueue.dispatchTimeAvgNs,1789085517233000000,1789085577233000000,93415.45454545454
NonBlockingReadAction.failedExecutionsCount,1789085517233000000,1789085577233000000,0
FlushQueue.queueSizeMax,1789085517233000000,1789085577233000000,0
FlushQueue.queueSize90P,1789085517233000000,1789085577233000000,0
AWTEventQueue.dispatchTimeTotalNS,1789085517233000000,1789085577233000000,328806120
FlushQueue.waitingTime90PNs,1789085517233000000,1789085577233000000,225279
WriteAction.executionsCount,1789085517233000000,1789085577233000000,0
NonBlockingReadAction.failedExecutionTimeUs,1789085517233000000,1789085577233000000,0
JVM.totalBytesAllocated,1789085577233000000,1789085630056000000,35661512
JVM.newThreadsCount,1789085577233000000,1789085630056000000,25
JVM.usedHeapBytes,1789085577233000000,1789085630056000000,313213808
OS.loadAverage,1789085577233000000,1789085630056000000,3.14697265625
JVM.maxHeapBytes,1789085577233000000,1789085630056000000,2147483648
JVM.totalCpuTimeMs,1789085577233000000,1789085630056000000,2412
JVM.maxThreadCount,1789085577233000000,1789085630056000000,165
JVM.GC.collectionTimesMs,1789085577233000000,1789085630056000000,0
JVM.totalDirectByteBuffersBytes,1789085577233000000,1789085630056000000,47868401
JVM.usedNativeBytes,1789085577233000000,1789085630056000000,307436528
JVM.GC.collections,1789085577233000000,1789085630056000000,0
JVM.threadCount,1789085577233000000,1789085630056000000,68
FilePageCacheLockFree.totalPagesReclaimed,1789085577233000000,1789085630056000000,0
MappedFileStorage.totalPagesMapped,1789085577233000000,1789085630056000000,0
FilePageCacheLockFree.totalPagesHandedOver,1789085577233000000,1789085630056000000,0
FilePageCache.uncachedFileAccess,1789085577233000000,1789085630056000000,0
FilePageCacheLockFree.totalPagesWritten,1789085577233000000,1789085630056000000,0
FilePageCacheLockFree.totalBytesRequested,1789085577233000000,1789085630056000000,0
FilePageCacheLockFree.totalBytesWritten,1789085577233000000,1789085630056000000,0
FilePageCache.pageHits,1789085577233000000,1789085630056000000,0
StorageLockContext.competingThreads.avg,1789085577233000000,1789085630056000000,0.0
FilePageCache.maxRegisteredFiles,1789085577233000000,1789085630056000000,555
FilePageCache.capacityInBytes,1789085577233000000,1789085630056000000,503316478
FilePageCache.totalPageLoadsUs,1789085577233000000,1789085630056000000,0
FilePageCache.totalPageDisposalsUs,1789085577233000000,1789085630056000000,0
StorageLockContext.competingThreads.max,1789085577233000000,1789085630056000000,0
StorageLockContext.competingThreads.90P,1789085577233000000,1789085630056000000,0
FilePageCacheLockFree.totalNativeBytesAllocated,1789085577233000000,1789085630056000000,0
FilePageCacheLockFree.totalNativeBytesReclaimed,1789085577233000000,1789085630056000000,0
FilePageCacheLockFree.totalPagesRequestsMs,1789085577233000000,1789085630056000000,0
FilePageCacheLockFree.heapBytesInUse,1789085577233000000,1789085630056000000,0
FilePageCacheLockFree.nativeBytesInUse,1789085577233000000,1789085630056000000,0
FilePageCacheLockFree.housekeeperTurnsSkipped,1789085577233000000,1789085630056000000,0
FilePageCacheLockFree.totalClosedStoragesReclaimed,1789085577233000000,1789085630056000000,0
FileChannelInterruptsRetryer.totalRetriedAttempts,1789085577233000000,1789085630056000000,0
FilePageCache.disposedBuffers,1789085577233000000,1789085630056000000,219
DirectByteBufferAllocator.hits,1789085577233000000,1789085630056000000,0
DirectByteBufferAllocator.totalSizeOfBuffersAllocatedInBytes,1789085577233000000,1789085630056000000,46153728
FilePageCacheLockFree.housekeeperTimeSpentMs,1789085577233000000,1789085630056000000,0
MappedFileStorage.totalTimeSpentOnMappingUs,1789085577233000000,1789085630056000000,9841
FilePageCacheLockFree.housekeeperTurnsDone,1789085577233000000,1789085630056000000,0
MappedFileStorage.totalBytesMapped,1789085577233000000,1789085630056000000,0
DirectByteBufferAllocator.misses,1789085577233000000,1789085630056000000,0
MappedFileStorage.storages,1789085577233000000,1789085630056000000,0
FilePageCache.pageLoads,1789085577233000000,1789085630056000000,0
FilePageCache.pageFastCacheHits,1789085577233000000,1789085630056000000,0
FilePageCacheLockFree.totalPageAllocationsWaited,1789085577233000000,1789085630056000000,0
FilePageCache.maxCacheSizeInBytes,1789085577233000000,1789085630056000000,231751680
FilePageCacheLockFree.totalBytesRead,1789085577233000000,1789085630056000000,0
DirectByteBufferAllocator.disposed,1789085577233000000,1789085630056000000,177
FilePageCacheLockFree.totalPagesWriteMs,1789085577233000000,1789085630056000000,0
FilePageCache.pageLoadsAboveSizeThreshold,1789085577233000000,1789085630056000000,0
FilePageCacheLockFree.totalPagesReadMs,1789085577233000000,1789085630056000000,0
FilePageCacheLockFree.totalHeapBytesReclaimed,1789085577233000000,1789085630056000000,0
FilePageCacheLockFree.totalPagesAllocated,1789085577233000000,1789085630056000000,0
FilePageCacheLockFree.totalPagesRequested,1789085577233000000,1789085630056000000,0
DirectByteBufferAllocator.reclaimed,1789085577233000000,1789085630056000000,42
FilePageCacheLockFree.totalHeapBytesAllocated,1789085577233000000,1789085630056000000,0
DirectByteBufferAllocator.totalSizeOfBuffersCachedInBytes,1789085577233000000,1789085630056000000,41959424
workspaceModel.moduleManagerBridge.load.module.ms,1789085577233000000,1789085630056000000,0
workspaceModel.moduleManagerBridge.build.module.graph.ms,1789085577233000000,1789085630056000000,0
workspaceModel.moduleManagerBridge.set.unloadedModules.ms,1789085577233000000,1789085630056000000,0
workspaceModel.mutableEntityStorage.has.same.entities.ms,1789085577233000000,1789085630056000000,0
jps.reload.project.entities.ms,1789085577233000000,1789085630056000000,0
workspaceModel.global.updates.ms,1789085577233000000,1789085630056000000,0
jps.global.initialize.library.bridges.after.loading.ms,1789085577233000000,1789085630056000000,0
workspaceModel.mutableEntityStorage.to.snapshot.ms,1789085577233000000,1789085630056000000,0
jps.save.global.entities.ms,1789085577233000000,1789085630056000000,0
workspaceModel.mutableEntityStorage.referrers.ms,1789085577233000000,1789085630056000000,0
jps.app.storage.content.writer.save.component.ms,1789085577233000000,1789085630056000000,0
jps.save.changed.project.entities.ms,1789085577233000000,1789085630056000000,0
jps.facet.change.listener.before.change.events.ms,1789085577233000000,1789085630056000000,0
workspaceModel.mutableEntityStorage.collect.changes.ms,1789085577233000000,1789085630056000000,0
jps.artifact.entities.serializer.save.entities.ms,1789085577233000000,1789085630056000000,0
workspaceModel.global.apply.state.to.project.builder.ms,1789085577233000000,1789085630056000000,0
jps.apply.loaded.storage.ms,1789085577233000000,1789085630056000000,0
jps.global.get.libraries.ms,1789085577233000000,1789085630056000000,0
workspaceModel.moduleBridge.before.changed.ms,1789085577233000000,1789085630056000000,0
workspaceModel.moduleManagerBridge.newModule.ms,1789085577233000000,1789085630056000000,0
workspaceModel.mutableEntityStorage.replace.by.source.ms,1789085577233000000,1789085630056000000,0
workspaceModel.orphan.listener.update.ms,1789085577233000000,1789085630056000000,0
workspaceModel.mutableEntityStorage.entities.ms,1789085577233000000,1789085630056000000,0
workspaceModel.moduleManagerBridge.get.modules.ms,1789085577233000000,1789085630056000000,0
workspaceModel.mutableEntityStorage.mutable.vfurl.index.ms,1789085577233000000,1789085630056000000,0
workspaceModel.mutableEntityStorage.mutable.ext.mapping.ms,1789085577233000000,1789085630056000000,0
workspaceModel.delayed.project.synchronizer.sync.ms,1789085577233000000,1789085630056000000,0
jps.app.storage.content.reader.load.component.ms,1789085577233000000,1789085630056000000,0
workspaceModel.do.save.caches.ms,1789085577233000000,1789085630056000000,0
jps.artifact.entities.serializer.load.entities.ms,1789085577233000000,1789085630056000000,0
workspaceModel.load.cache.metadata.from.file.ms,1789085577233000000,1789085630056000000,0
workspaceModel.moduleBridge.facet.initialization.ms,1789085577233000000,1789085630056000000,0
workspaceModel.mutableEntityStorage.add.entity.ms,1789085577233000000,1789085630056000000,0
jps.facet.change.listener.process.change.events.ms,1789085577233000000,1789085630056000000,0
workspaceModel.mutableEntityStorage.apply.changes.from.ms,1789085577233000000,1789085630056000000,0
workspaceModel.mutableEntityStorage.remove.entity.ms,1789085577233000000,1789085630056000000,0
workspaceModel.mutableEntityStorage.entities.by.source.ms,1789085577233000000,1789085630056000000,0
workspaceModel.global.apply.state.to.project.ms,1789085577233000000,1789085630056000000,0
workspaceModel.moduleBridge.update.option.ms,1789085577233000000,1789085630056000000,0
jps.library.entities.serializer.save.entities.ms,1789085577233000000,1789085630056000000,0
jps.global.initialize.library.bridges.ms,1789085577233000000,1789085630056000000,0
jps.module.iml.entities.serializer.save.entities.ms,1789085577233000000,1789085630056000000,0
jps.global.get.library.by.name.ms,1789085577233000000,1789085630056000000,0
workspaceModel.moduleManagerBridge.new.nonPersistent.module.ms,1789085577233000000,1789085630056000000,0
workspaceModel.sync.entities.ms,1789085577233000000,1789085630056000000,0
workspaceModel.load.cache.from.file.ms,1789085577233000000,1789085630056000000,0
jps.project.serializers.load.ms,1789085577233000000,1789085630056000000,0
jps.global.handle.changed.events.ms,1789085577233000000,1789085630056000000,0
workspaceModel.global.updates.count,1789085577233000000,1789085630056000000,0
workspaceModel.mutableEntityStorage.instances.count,1789085577233000000,1789085630056000000,0
workspaceModel.mutableEntityStorage.put.entity.ms,1789085577233000000,1789085630056000000,0
jps.project.serializers.save.ms,1789085577233000000,1789085630056000000,0
jps.global.handle.before.change.events.ms,1789085577233000000,1789085630056000000,0
workspaceModel.mutableEntityStorage.modify.entity.ms,1789085577233000000,1789085630056000000,0
workspaceModel.save.cache.to.file.ms,1789085577233000000,1789085630056000000,0
workspaceModel.moduleManagerBridge.create.module.instance.ms,1789085577233000000,1789085630056000000,0
workspaceModel.moduleBridgeLoader.loading.modules.ms,1789085577233000000,1789085630056000000,0
jps.library.entities.serializer.load.entities.ms,1789085577233000000,1789085630056000000,0
jps.load.initial.state.ms,1789085577233000000,1789085630056000000,0
jps.facet.change.listener.init.bridge.ms,1789085577233000000,1789085630056000000,0
jps.load.project.to.empty.storage.ms,1789085577233000000,1789085630056000000,0
jps.global.get.library.ms,1789085577233000000,1789085630056000000,0
workspaceModel.mutableEntityStorage.resolve.ms,1789085577233000000,1789085630056000000,0
workspaceModel.moduleManagerBridge.load.all.modules.ms,1789085577233000000,1789085630056000000,0
jps.module.iml.entities.serializer.load.entities.ms,1789085577233000000,1789085630056000000,0
jps.storage.jps.conf.reader.load.component.ms,1789085577233000000,1789085630056000000,0
compiler.ArtifactManagerBridge.getArtifacts.ms,1789085577233000000,1789085630056000000,0
compiler.ArtifactManagerBridge.initBridges.ms,1789085577233000000,1789085630056000000,0
compiler.ArtifactManagerBridge.getArtifactsByType.ms,1789085577233000000,1789085630056000000,0
compiler.ArtifactManagerBridge.findArtifact.ms,1789085577233000000,1789085630056000000,0
compiler.ArtifactManagerBridge.commit.ms,1789085577233000000,1789085630056000000,0
compiler.ArtifactManagerBridge.dropMappings.ms,1789085577233000000,1789085630056000000,0
compiler.ArtifactVirtualFileListener.filePathChanged.ms,1789085577233000000,1789085630056000000,0
compiler.ArtifactManagerBridge.addArtifact.ms,1789085577233000000,1789085630056000000,0
compiler.ArtifactVirtualFileListener.propertyChanged.ms,1789085577233000000,1789085630056000000,0
cacheStateStorage.get.counter,1789085577233000000,1789085630056000000,0
cacheStateStorage.get.duration,1789085577233000000,1789085630056000000,0
cacheStateStorage.set.duration,1789085577233000000,1789085630056000000,0
cacheStateStorage.set.counter,1789085577233000000,1789085630056000000,0
writeAction.count,1789085577233000000,1789085630056000000,0
writeAction.wait.ms,1789085577233000000,1789085630056000000,0
writeAction.median.wait.ms,1789085577233000000,1789085630056000000,0
writeAction.max.wait.ms,1789085577233000000,1789085630056000000,14
Indexes.allKeys.lookupDurationMaxMs,1789085577233000000,1789085630056000000,0.0
Indexes.entries.lookupDuration90PMs,1789085577233000000,1789085630056000000,0.0
Indexes.allKeys.lookups,1789085577233000000,1789085630056000000,0.0
Indexes.stubs.lookupDurationAvgMs,1789085577233000000,1789085630056000000,0.0
Indexes.entries.lookupDurationAvgMs,1789085577233000000,1789085630056000000,0.0
Indexes.stubs.lookups,1789085577233000000,1789085630056000000,0.0
Indexes.stubs.lookupDurationMaxMs,1789085577233000000,1789085630056000000,0.0
Indexes.entries.lookupDurationMaxMs,1789085577233000000,1789085630056000000,0.0
Indexes.allKeys.lookupDuration90PMs,1789085577233000000,1789085630056000000,0.0
Indexes.stubs.lookupDuration90PMs,1789085577233000000,1789085630056000000,0.0
Indexes.entries.lookups,1789085577233000000,1789085630056000000,0.0
Indexes.allKeys.lookupDurationAvgMs,1789085577233000000,1789085630056000000,0.0
VFS.fileByIdCache.misses,1789085577233000000,1789085630056000000,0
VFS.fileByIdCache.hits,1789085577233000000,1789085630056000000,0
VFS.invertedFileNameIndex.requests,1789085577233000000,1789085630056000000,0
VFS.fileChildByName,1789085577233000000,1789085630056000000,29
workspaceModel.entityStorageSnapshotImpl.instances.count,1789085577233000000,1789085630056000000,0
workspaceModel.cachedValueWithParameters.calculated.ms,1789085577233000000,1789085630056000000,0
workspaceModel.workspaceFileIndexData.visitFileSets.ms,1789085577233000000,1789085630056000000,0
workspaceModel.workspaceFileIndexData.processFileSets.ms,1789085577233000000,1789085630056000000,0
workspaceModel.pre.handlers.ms,1789085577233000000,1789085630056000000,0
workspaceModel.loading.total.ms,1789085577233000000,1789085630056000000,0
workspaceModel.cachedValue.clear.ms,1789085577233000000,1789085630056000000,0
workspaceModel.full.replace.project.model.ms,1789085577233000000,1789085630056000000,0
workspaceModel.collect.changes.ms,1789085577233000000,1789085630056000000,0
workspaceModel.updates.count,1789085577233000000,1789085630056000000,0
workspaceModel.workspaceFileIndexData.updateDirtyEntities.ms,1789085577233000000,1789085630056000000,0
workspaceModel.workspaceFileIndexContributor.registerFileSets.ms,1789085577233000000,1789085630056000000,0
workspaceModel.cachedValueWithParameters.total.get.ms,1789085577233000000,1789085630056000000,0
workspaceModel.workspaceFileIndexData.instances.count,1789085577233000000,1789085630056000000,0
workspaceModel.workspaceFileIndexData.markDirty.ms,1789085577233000000,1789085630056000000,0
workspaceModel.check.recursive.update.ms,1789085577233000000,1789085630056000000,0
workspaceModel.workspaceFileIndexData.getDirectoriesByPackageName.ms,1789085577233000000,1789085630056000000,0
workspaceModel.init.bridges.ms,1789085577233000000,1789085630056000000,0
workspaceModel.updates.ms,1789085577233000000,1789085630056000000,0
workspaceModel.to.snapshot.ms,1789085577233000000,1789085630056000000,0
workspaceModel.updates.precise.ms,1789085577233000000,1789085630056000000,0
workspaceModel.cachedValueWithParameters.clear.ms,1789085577233000000,1789085630056000000,0
workspaceModel.workspaceFileIndexData.onEntitiesChanged.ms,1789085577233000000,1789085630056000000,0
workspaceModel.workspaceFileIndexData.getFileInfo.ms,1789085577233000000,1789085630056000000,0
workspaceModel.initializing.ms,1789085577233000000,1789085630056000000,0
workspaceModel.replace.project.model.ms,1789085577233000000,1789085630056000000,0
workspaceModel.cachedValue.from.cache.ms,1789085577233000000,1789085630056000000,0
workspaceModel.cachedValue.calculated.ms,1789085577233000000,1789085630056000000,0
workspaceModel.cachedValueWithParameters.from.cache.ms,1789085577233000000,1789085630056000000,0
workspaceModel.loading.from.cache.ms,1789085577233000000,1789085630056000000,0
workspaceModel.workspaceFileIndexData.getPackageName.ms,1789085577233000000,1789085630056000000,0
workspaceModel.update.unloaded.entities.ms,1789085577233000000,1789085630056000000,0
workspaceModel.cachedValue.total.get.ms,1789085577233000000,1789085630056000000,0
workspaceModel.workspaceFileIndexData.init.ms,1789085577233000000,1789085630056000000,0
AWTEventQueue.dispatchTimeMaxNs,1789085577233000000,1789085630056000000,7307263
AWTEventQueue.dispatchTime90PNs,1789085577233000000,1789085630056000000,168959
FlushQueue.queueSizeAvg,1789085577233000000,1789085630056000000,0.08583690987124463
ReadAction.executionsCount,1789085577233000000,1789085630056000000,150
FlushQueue.executionTime90PNs,1789085577233000000,1789085630056000000,71679
FlushQueue.tasksExecuted,1789085577233000000,1789085630056000000,233
AWTEventQueue.eventsDispatched,1789085577233000000,1789085630056000000,3180
FlushQueue.waitingTimeMaxNs,1789085577233000000,1789085630056000000,2719743
FlushQueue.executionTimeAvgNs,1789085577233000000,1789085630056000000,46917.28755364807
FlushQueue.waitingTimeAvgNs,1789085577233000000,1789085630056000000,183716.56652360514
FlushQueue.executionTimeMaxNs,1789085577233000000,1789085630056000000,1245183
NonBlockingReadAction.finalizedExecutionsCount,1789085577233000000,1789085630056000000,3
NonBlockingReadAction.finalizedExecutionTimeUs,1789085577233000000,1789085630056000000,6458
AWTEventQueue.dispatchTimeAvgNs,1789085577233000000,1789085630056000000,91634.01761006289
NonBlockingReadAction.failedExecutionsCount,1789085577233000000,1789085630056000000,0
FlushQueue.queueSizeMax,1789085577233000000,1789085630056000000,4
FlushQueue.queueSize90P,1789085577233000000,1789085630056000000,0
AWTEventQueue.dispatchTimeTotalNS,1789085577233000000,1789085630056000000,291494100
FlushQueue.waitingTime90PNs,1789085577233000000,1789085630056000000,235519
WriteAction.executionsCount,1789085577233000000,1789085630056000000,0
NonBlockingReadAction.failedExecutionTimeUs,1789085577233000000,1789085630056000000,0
