# OpenTelemetry Metrics report: .csv, 4 fields: 
# <metric name>, <period start, nanoseconds>, <period end, nanoseconds>, <metric value>
# See CsvMetricsExporter for details.
# 
# NAME, PERIOD_START_NANOS, PERIOD_END_NANOS, VALUE
JVM.totalBytesAllocated,1788133878252000000,1788133938262000000,1528677680
JVM.usedHeapBytes,1788133878252000000,1788133938262000000,422883488
JVM.threadCount,1788133878252000000,1788133938262000000,159
JVM.totalDirectByteBuffersBytes,1788133878252000000,1788133938262000000,236099254
JVM.newThreadsCount,1788133878252000000,1788133938262000000,181
JVM.maxHeapBytes,1788133878252000000,1788133938262000000,2147483648
JVM.GC.collectionTimesMs,1788133878252000000,1788133938262000000,175
JVM.GC.collections,1788133878252000000,1788133938262000000,20
JVM.totalCpuTimeMs,1788133878252000000,1788133938262000000,70637
JVM.maxThreadCount,1788133878252000000,1788133938262000000,163
JVM.usedNativeBytes,1788133878252000000,1788133938262000000,293602288
OS.loadAverage,1788133878252000000,1788133938262000000,2.92919921875
writeAction.count,1788133878252000000,1788133938262000000,7
writeAction.wait.ms,1788133878252000000,1788133938262000000,1
writeAction.max.wait.ms,1788133878252000000,1788133938262000000,1
writeAction.median.wait.ms,1788133878252000000,1788133938262000000,0
workspaceModel.updates.ms,1788133878252000000,1788133938262000000,49
workspaceModel.collect.changes.ms,1788133878252000000,1788133938262000000,0
workspaceModel.init.bridges.ms,1788133878252000000,1788133938262000000,2
workspaceModel.entityStorageSnapshotImpl.instances.count,1788133878252000000,1788133938262000000,14
workspaceModel.updates.precise.ms,1788133878252000000,1788133938262000000,10
workspaceModel.workspaceFileIndexData.init.ms,1788133878252000000,1788133938262000000,35
workspaceModel.workspaceFileIndexData.onEntitiesChanged.ms,1788133878252000000,1788133938262000000,0
workspaceModel.workspaceFileIndexData.instances.count,1788133878252000000,1788133938262000000,1
workspaceModel.cachedValue.clear.ms,1788133878252000000,1788133938262000000,0
workspaceModel.cachedValue.calculated.ms,1788133878252000000,1788133938262000000,13
workspaceModel.workspaceFileIndexData.markDirty.ms,1788133878252000000,1788133938262000000,0
workspaceModel.full.replace.project.model.ms,1788133878252000000,1788133938262000000,6
workspaceModel.cachedValueWithParameters.clear.ms,1788133878252000000,1788133938262000000,0
workspaceModel.workspaceFileIndexData.visitFileSets.ms,1788133878252000000,1788133938262000000,0
workspaceModel.cachedValueWithParameters.from.cache.ms,1788133878252000000,1788133938262000000,0
workspaceModel.update.unloaded.entities.ms,1788133878252000000,1788133938262000000,0
workspaceModel.updates.count,1788133878252000000,1788133938262000000,2
workspaceModel.loading.total.ms,1788133878252000000,1788133938262000000,199
workspaceModel.check.recursive.update.ms,1788133878252000000,1788133938262000000,0
workspaceModel.workspaceFileIndexData.getDirectoriesByPackageName.ms,1788133878252000000,1788133938262000000,2
workspaceModel.cachedValue.from.cache.ms,1788133878252000000,1788133938262000000,0
workspaceModel.workspaceFileIndexContributor.registerFileSets.ms,1788133878252000000,1788133938262000000,65
workspaceModel.workspaceFileIndexData.processFileSets.ms,1788133878252000000,1788133938262000000,0
workspaceModel.workspaceFileIndexData.updateDirtyEntities.ms,1788133878252000000,1788133938262000000,0
workspaceModel.cachedValueWithParameters.calculated.ms,1788133878252000000,1788133938262000000,0
workspaceModel.replace.project.model.ms,1788133878252000000,1788133938262000000,0
workspaceModel.cachedValueWithParameters.total.get.ms,1788133878252000000,1788133938262000000,0
workspaceModel.cachedValue.total.get.ms,1788133878252000000,1788133938262000000,13
workspaceModel.workspaceFileIndexData.getFileInfo.ms,1788133878252000000,1788133938262000000,73
workspaceModel.loading.from.cache.ms,1788133878252000000,1788133938262000000,187
workspaceModel.pre.handlers.ms,1788133878252000000,1788133938262000000,0
workspaceModel.to.snapshot.ms,1788133878252000000,1788133938262000000,0
workspaceModel.initializing.ms,1788133878252000000,1788133938262000000,2
workspaceModel.workspaceFileIndexData.getPackageName.ms,1788133878252000000,1788133938262000000,0
cacheStateStorage.get.counter,1788133878252000000,1788133938262000000,23
cacheStateStorage.set.duration,1788133878252000000,1788133938262000000,12
cacheStateStorage.set.counter,1788133878252000000,1788133938262000000,3
cacheStateStorage.get.duration,1788133878252000000,1788133938262000000,181
workspaceModel.mutableEntityStorage.entities.ms,1788133878252000000,1788133938262000000,0
jps.apply.loaded.storage.ms,1788133878252000000,1788133938262000000,32
jps.module.iml.entities.serializer.load.entities.ms,1788133878252000000,1788133938262000000,21
jps.global.get.library.by.name.ms,1788133878252000000,1788133938262000000,0
workspaceModel.global.updates.count,1788133878252000000,1788133938262000000,0
workspaceModel.mutableEntityStorage.referrers.ms,1788133878252000000,1788133938262000000,0
workspaceModel.mutableEntityStorage.remove.entity.ms,1788133878252000000,1788133938262000000,0
jps.global.get.libraries.ms,1788133878252000000,1788133938262000000,0
workspaceModel.mutableEntityStorage.put.entity.ms,1788133878252000000,1788133938262000000,4
workspaceModel.mutableEntityStorage.apply.changes.from.ms,1788133878252000000,1788133938262000000,10
jps.facet.change.listener.before.change.events.ms,1788133878252000000,1788133938262000000,0
workspaceModel.mutableEntityStorage.to.snapshot.ms,1788133878252000000,1788133938262000000,5
workspaceModel.moduleManagerBridge.newModule.ms,1788133878252000000,1788133938262000000,0
jps.global.handle.changed.events.ms,1788133878252000000,1788133938262000000,0
workspaceModel.global.updates.ms,1788133878252000000,1788133938262000000,0
jps.artifact.entities.serializer.save.entities.ms,1788133878252000000,1788133938262000000,0
workspaceModel.mutableEntityStorage.has.same.entities.ms,1788133878252000000,1788133938262000000,0
workspaceModel.mutableEntityStorage.add.entity.ms,1788133878252000000,1788133938262000000,24
jps.library.entities.serializer.load.entities.ms,1788133878252000000,1788133938262000000,1
workspaceModel.mutableEntityStorage.instances.count,1788133878252000000,1788133938262000000,21
workspaceModel.moduleManagerBridge.load.all.modules.ms,1788133878252000000,1788133938262000000,120
jps.facet.change.listener.process.change.events.ms,1788133878252000000,1788133938262000000,0
workspaceModel.moduleBridgeLoader.loading.modules.ms,1788133878252000000,1788133938262000000,434
workspaceModel.mutableEntityStorage.collect.changes.ms,1788133878252000000,1788133938262000000,0
jps.reload.project.entities.ms,1788133878252000000,1788133938262000000,0
workspaceModel.orphan.listener.update.ms,1788133878252000000,1788133938262000000,3
jps.global.handle.before.change.events.ms,1788133878252000000,1788133938262000000,0
jps.global.initialize.library.bridges.after.loading.ms,1788133878252000000,1788133938262000000,1
workspaceModel.moduleManagerBridge.new.nonPersistent.module.ms,1788133878252000000,1788133938262000000,0
workspaceModel.save.cache.to.file.ms,1788133878252000000,1788133938262000000,29
jps.load.initial.state.ms,1788133878252000000,1788133938262000000,20
jps.project.serializers.save.ms,1788133878252000000,1788133938262000000,0
workspaceModel.load.cache.from.file.ms,1788133878252000000,1788133938262000000,169
jps.library.entities.serializer.save.entities.ms,1788133878252000000,1788133938262000000,0
jps.project.serializers.load.ms,1788133878252000000,1788133938262000000,50
workspaceModel.global.apply.state.to.project.ms,1788133878252000000,1788133938262000000,41
jps.global.get.library.ms,1788133878252000000,1788133938262000000,0
workspaceModel.mutableEntityStorage.modify.entity.ms,1788133878252000000,1788133938262000000,1
workspaceModel.moduleBridge.before.changed.ms,1788133878252000000,1788133938262000000,0
workspaceModel.moduleManagerBridge.set.unloadedModules.ms,1788133878252000000,1788133938262000000,0
workspaceModel.mutableEntityStorage.replace.by.source.ms,1788133878252000000,1788133938262000000,12
jps.facet.change.listener.init.bridge.ms,1788133878252000000,1788133938262000000,1
workspaceModel.moduleBridge.update.option.ms,1788133878252000000,1788133938262000000,0
jps.artifact.entities.serializer.load.entities.ms,1788133878252000000,1788133938262000000,0
workspaceModel.moduleManagerBridge.get.modules.ms,1788133878252000000,1788133938262000000,0
workspaceModel.delayed.project.synchronizer.sync.ms,1788133878252000000,1788133938262000000,170
workspaceModel.moduleManagerBridge.build.module.graph.ms,1788133878252000000,1788133938262000000,2
jps.save.changed.project.entities.ms,1788133878252000000,1788133938262000000,0
jps.load.project.to.empty.storage.ms,1788133878252000000,1788133938262000000,106
workspaceModel.sync.entities.ms,1788133878252000000,1788133938262000000,0
workspaceModel.do.save.caches.ms,1788133878252000000,1788133938262000000,39
jps.module.iml.entities.serializer.save.entities.ms,1788133878252000000,1788133938262000000,0
jps.save.global.entities.ms,1788133878252000000,1788133938262000000,0
workspaceModel.mutableEntityStorage.entities.by.source.ms,1788133878252000000,1788133938262000000,1
workspaceModel.mutableEntityStorage.resolve.ms,1788133878252000000,1788133938262000000,0
workspaceModel.load.cache.metadata.from.file.ms,1788133878252000000,1788133938262000000,13
workspaceModel.mutableEntityStorage.mutable.vfurl.index.ms,1788133878252000000,1788133938262000000,0
workspaceModel.mutableEntityStorage.mutable.ext.mapping.ms,1788133878252000000,1788133938262000000,2
workspaceModel.moduleBridge.facet.initialization.ms,1788133878252000000,1788133938262000000,0
jps.app.storage.content.reader.load.component.ms,1788133878252000000,1788133938262000000,1
workspaceModel.moduleManagerBridge.create.module.instance.ms,1788133878252000000,1788133938262000000,0
workspaceModel.moduleManagerBridge.load.module.ms,1788133878252000000,1788133938262000000,0
workspaceModel.global.apply.state.to.project.builder.ms,1788133878252000000,1788133938262000000,0
jps.global.initialize.library.bridges.ms,1788133878252000000,1788133938262000000,0
jps.storage.jps.conf.reader.load.component.ms,1788133878252000000,1788133938262000000,5
DirectByteBufferAllocator.hits,1788133878252000000,1788133938262000000,3
FilePageCacheLockFree.totalBytesRequested,1788133878252000000,1788133938262000000,0
FilePageCache.uncachedFileAccess,1788133878252000000,1788133938262000000,120
FilePageCacheLockFree.totalBytesWritten,1788133878252000000,1788133938262000000,0
DirectByteBufferAllocator.totalSizeOfBuffersAllocatedInBytes,1788133878252000000,1788133938262000000,233848832
StreamlinedBlobStorage.recordsAllocated,1788133878252000000,1788133938262000000,2665
FilePageCache.capacityInBytes,1788133878252000000,1788133938262000000,503316478
FilePageCacheLockFree.housekeeperTurnsSkipped,1788133878252000000,1788133938262000000,0
FilePageCacheLockFree.totalHeapBytesReclaimed,1788133878252000000,1788133938262000000,0
FilePageCache.totalPageLoadsUs,1788133878252000000,1788133938262000000,299093
FilePageCache.disposedBuffers,1788133878252000000,1788133938262000000,3
StreamlinedBlobStorage.recordsDeleted,1788133878252000000,1788133938262000000,19
FilePageCache.pageLoadsAboveSizeThreshold,1788133878252000000,1788133938262000000,0
FilePageCacheLockFree.housekeeperTurnsDone,1788133878252000000,1788133938262000000,0
FilePageCacheLockFree.totalPagesRequested,1788133878252000000,1788133938262000000,0
FilePageCacheLockFree.totalNativeBytesAllocated,1788133878252000000,1788133938262000000,0
StorageLockContext.competingThreads.avg,1788133878252000000,1788133938262000000,0.0
FilePageCacheLockFree.totalPagesReclaimed,1788133878252000000,1788133938262000000,0
FilePageCacheLockFree.totalPageAllocationsWaited,1788133878252000000,1788133938262000000,0
MappedFileStorage.storages,1788133878252000000,1788133938262000000,15
FilePageCacheLockFree.totalPagesReadMs,1788133878252000000,1788133938262000000,0
StorageLockContext.competingThreads.max,1788133878252000000,1788133938262000000,0
FilePageCacheLockFree.totalBytesRead,1788133878252000000,1788133938262000000,0
FilePageCache.pageFastCacheHits,1788133878252000000,1788133938262000000,4392
MappedFileStorage.totalPagesMapped,1788133878252000000,1788133938262000000,15
DirectByteBufferAllocator.disposed,1788133878252000000,1788133938262000000,0
FilePageCacheLockFree.totalPagesHandedOver,1788133878252000000,1788133938262000000,0
FilePageCache.pageLoads,1788133878252000000,1788133938262000000,228
FilePageCacheLockFree.housekeeperTimeSpentMs,1788133878252000000,1788133938262000000,0
FilePageCacheLockFree.totalPagesWritten,1788133878252000000,1788133938262000000,0
FilePageCacheLockFree.totalNativeBytesReclaimed,1788133878252000000,1788133938262000000,0
DirectByteBufferAllocator.reclaimed,1788133878252000000,1788133938262000000,3
StreamlinedBlobStorage.totalLiveRecordsPayloadBytes,1788133878252000000,1788133938262000000,69851
FilePageCacheLockFree.totalHeapBytesAllocated,1788133878252000000,1788133938262000000,0
FileChannelInterruptsRetryer.totalRetriedAttempts,1788133878252000000,1788133938262000000,0
FilePageCache.pageHits,1788133878252000000,1788133938262000000,0
StorageLockContext.competingThreads.90P,1788133878252000000,1788133938262000000,0
FilePageCacheLockFree.heapBytesInUse,1788133878252000000,1788133938262000000,0
FilePageCacheLockFree.totalPagesRequestsMs,1788133878252000000,1788133938262000000,0
DirectByteBufferAllocator.misses,1788133878252000000,1788133938262000000,225
FilePageCacheLockFree.totalPagesWriteMs,1788133878252000000,1788133938262000000,0
StreamlinedBlobStorage.totalLiveRecordsCapacityBytes,1788133878252000000,1788133938262000000,213058
FilePageCache.maxRegisteredFiles,1788133878252000000,1788133938262000000,555
StreamlinedBlobStorage.recordsRelocated,1788133878252000000,1788133938262000000,0
MappedFileStorage.totalBytesMapped,1788133878252000000,1788133938262000000,198443008
FilePageCacheLockFree.nativeBytesInUse,1788133878252000000,1788133938262000000,0
DirectByteBufferAllocator.totalSizeOfBuffersCachedInBytes,1788133878252000000,1788133938262000000,0
FilePageCacheLockFree.totalClosedStoragesReclaimed,1788133878252000000,1788133938262000000,0
FilePageCacheLockFree.totalPagesAllocated,1788133878252000000,1788133938262000000,0
FilePageCache.maxCacheSizeInBytes,1788133878252000000,1788133938262000000,233848832
FilePageCache.totalPageDisposalsUs,1788133878252000000,1788133938262000000,2186
MappedFileStorage.totalTimeSpentOnMappingUs,1788133878252000000,1788133938262000000,121999
FileNameCache.queries,1788133878252000000,1788133938262000000,0
VFS.invertedFileNameIndex.requests,1788133878252000000,1788133938262000000,1
VFS.fileChildByName,1788133878252000000,1788133938262000000,1318
FileNameCache.totalMisses,1788133878252000000,1788133938262000000,0
VFS.fileByIdCache.misses,1788133878252000000,1788133938262000000,23
VFS.fileByIdCache.hits,1788133878252000000,1788133938262000000,0
Indexes.entries.lookups,1788133878252000000,1788133938262000000,9.0
Indexes.entries.lookupDurationAvgMs,1788133878252000000,1788133938262000000,3.7777777777777777
IndexesFlusher.totalFlushingTimeUs,1788133878252000000,1788133938262000000,378908
Indexes.stubs.lookupDurationMaxMs,1788133878252000000,1788133938262000000,0.0
Indexes.entries.lookupDurationMaxMs,1788133878252000000,1788133938262000000,8.0
Indexes.stubs.lookupDuration90PMs,1788133878252000000,1788133938262000000,0.0
Indexes.allKeys.lookupDurationAvgMs,1788133878252000000,1788133938262000000,0.0
IndexesFlusher.totalFlushes,1788133878252000000,1788133938262000000,116
Indexes.stubs.lookups,1788133878252000000,1788133938262000000,0.0
Indexes.allKeys.lookupDurationMaxMs,1788133878252000000,1788133938262000000,0.0
IndexesFlusher.totalContentionQuotaSpent,1788133878252000000,1788133938262000000,20
Indexes.allKeys.lookupDuration90PMs,1788133878252000000,1788133938262000000,0.0
Indexes.entries.lookupDuration90PMs,1788133878252000000,1788133938262000000,8.0
Indexes.allKeys.lookups,1788133878252000000,1788133938262000000,0.0
Indexes.stubs.lookupDurationAvgMs,1788133878252000000,1788133938262000000,0.0
IndexesFlusher.totalFlushesRetried,1788133878252000000,1788133938262000000,1
WriteAction.executionsCount,1788133878252000000,1788133938262000000,7
FlushQueue.executionTimeAvgNs,1788133878252000000,1788133938262000000,1054763.9853820598
AWTEventQueue.dispatchTime90PNs,1788133878252000000,1788133938262000000,995327
NonBlockingReadAction.finalizedExecutionsCount,1788133878252000000,1788133938262000000,220
FlushQueue.executionTime90PNs,1788133878252000000,1788133938262000000,395263
AWTEventQueue.dispatchTimeMaxNs,1788133878252000000,1788133938262000000,700448767
AWTEventQueue.eventsDispatched,1788133878252000000,1788133938262000000,7940
ReadAction.executionsCount,1788133878252000000,1788133938262000000,54483
FlushQueue.queueSize90P,1788133878252000000,1788133938262000000,54
NonBlockingReadAction.finalizedExecutionTimeUs,1788133878252000000,1788133938262000000,527105
NonBlockingReadAction.failedExecutionsCount,1788133878252000000,1788133938262000000,0
FlushQueue.tasksExecuted,1788133878252000000,1788133938262000000,3010
FlushQueue.queueSizeAvg,1788133878252000000,1788133938262000000,11.88172757475083
NonBlockingReadAction.failedExecutionTimeUs,1788133878252000000,1788133938262000000,0
FlushQueue.executionTimeMaxNs,1788133878252000000,1788133938262000000,505413631
FlushQueue.queueSizeMax,1788133878252000000,1788133938262000000,92
FlushQueue.waitingTimeMaxNs,1788133878252000000,1788133938262000000,1140850687
FlushQueue.waitingTimeAvgNs,1788133878252000000,1788133938262000000,6.297064843853821E7
AWTEventQueue.dispatchTimeAvgNs,1788133878252000000,1788133938262000000,1395426.7083123426
FlushQueue.waitingTime90PNs,1788133878252000000,1788133938262000000,209715199
AWTEventQueue.dispatchTimeTotalNS,1788133878252000000,1788133938262000000,11079657126
compiler.ArtifactManagerBridge.initBridges.ms,1788133878252000000,1788133938262000000,1
compiler.ArtifactManagerBridge.findArtifact.ms,1788133878252000000,1788133938262000000,0
compiler.ArtifactManagerBridge.commit.ms,1788133878252000000,1788133938262000000,0
compiler.ArtifactManagerBridge.getArtifacts.ms,1788133878252000000,1788133938262000000,0
compiler.ArtifactVirtualFileListener.filePathChanged.ms,1788133878252000000,1788133938262000000,0
compiler.ArtifactManagerBridge.dropMappings.ms,1788133878252000000,1788133938262000000,0
compiler.ArtifactManagerBridge.addArtifact.ms,1788133878252000000,1788133938262000000,0
compiler.ArtifactManagerBridge.getArtifactsByType.ms,1788133878252000000,1788133938262000000,1
compiler.ArtifactVirtualFileListener.propertyChanged.ms,1788133878252000000,1788133938262000000,0
JVM.totalBytesAllocated,1788133938262000000,1788133998261000000,523090696
JVM.usedHeapBytes,1788133938262000000,1788133998261000000,579750112
JVM.threadCount,1788133938262000000,1788133998261000000,64
JVM.totalDirectByteBuffersBytes,1788133938262000000,1788133998261000000,234753563
JVM.newThreadsCount,1788133938262000000,1788133998261000000,4
JVM.maxHeapBytes,1788133938262000000,1788133998261000000,2147483648
JVM.GC.collectionTimesMs,1788133938262000000,1788133998261000000,7
JVM.GC.collections,1788133938262000000,1788133998261000000,1
JVM.totalCpuTimeMs,1788133938262000000,1788133998261000000,17529
JVM.maxThreadCount,1788133938262000000,1788133998261000000,163
JVM.usedNativeBytes,1788133938262000000,1788133998261000000,306397160
OS.loadAverage,1788133938262000000,1788133998261000000,2.67333984375
writeAction.count,1788133938262000000,1788133998261000000,0
writeAction.wait.ms,1788133938262000000,1788133998261000000,0
writeAction.max.wait.ms,1788133938262000000,1788133998261000000,1
writeAction.median.wait.ms,1788133938262000000,1788133998261000000,0
workspaceModel.updates.ms,1788133938262000000,1788133998261000000,0
workspaceModel.collect.changes.ms,1788133938262000000,1788133998261000000,0
workspaceModel.init.bridges.ms,1788133938262000000,1788133998261000000,0
workspaceModel.entityStorageSnapshotImpl.instances.count,1788133938262000000,1788133998261000000,0
workspaceModel.updates.precise.ms,1788133938262000000,1788133998261000000,0
workspaceModel.workspaceFileIndexData.init.ms,1788133938262000000,1788133998261000000,0
workspaceModel.workspaceFileIndexData.onEntitiesChanged.ms,1788133938262000000,1788133998261000000,0
workspaceModel.workspaceFileIndexData.instances.count,1788133938262000000,1788133998261000000,0
workspaceModel.cachedValue.clear.ms,1788133938262000000,1788133998261000000,0
workspaceModel.cachedValue.calculated.ms,1788133938262000000,1788133998261000000,0
workspaceModel.workspaceFileIndexData.markDirty.ms,1788133938262000000,1788133998261000000,0
workspaceModel.full.replace.project.model.ms,1788133938262000000,1788133998261000000,0
workspaceModel.cachedValueWithParameters.clear.ms,1788133938262000000,1788133998261000000,0
workspaceModel.workspaceFileIndexData.visitFileSets.ms,1788133938262000000,1788133998261000000,0
workspaceModel.cachedValueWithParameters.from.cache.ms,1788133938262000000,1788133998261000000,0
workspaceModel.update.unloaded.entities.ms,1788133938262000000,1788133998261000000,0
workspaceModel.updates.count,1788133938262000000,1788133998261000000,0
workspaceModel.loading.total.ms,1788133938262000000,1788133998261000000,0
workspaceModel.check.recursive.update.ms,1788133938262000000,1788133998261000000,0
workspaceModel.workspaceFileIndexData.getDirectoriesByPackageName.ms,1788133938262000000,1788133998261000000,0
workspaceModel.cachedValue.from.cache.ms,1788133938262000000,1788133998261000000,0
workspaceModel.workspaceFileIndexContributor.registerFileSets.ms,1788133938262000000,1788133998261000000,0
workspaceModel.workspaceFileIndexData.processFileSets.ms,1788133938262000000,1788133998261000000,0
workspaceModel.workspaceFileIndexData.updateDirtyEntities.ms,1788133938262000000,1788133998261000000,0
workspaceModel.cachedValueWithParameters.calculated.ms,1788133938262000000,1788133998261000000,0
workspaceModel.replace.project.model.ms,1788133938262000000,1788133998261000000,0
workspaceModel.cachedValueWithParameters.total.get.ms,1788133938262000000,1788133998261000000,0
workspaceModel.cachedValue.total.get.ms,1788133938262000000,1788133998261000000,0
workspaceModel.workspaceFileIndexData.getFileInfo.ms,1788133938262000000,1788133998261000000,0
workspaceModel.loading.from.cache.ms,1788133938262000000,1788133998261000000,0
workspaceModel.pre.handlers.ms,1788133938262000000,1788133998261000000,0
workspaceModel.to.snapshot.ms,1788133938262000000,1788133998261000000,0
workspaceModel.initializing.ms,1788133938262000000,1788133998261000000,0
workspaceModel.workspaceFileIndexData.getPackageName.ms,1788133938262000000,1788133998261000000,0
cacheStateStorage.get.counter,1788133938262000000,1788133998261000000,1
cacheStateStorage.set.duration,1788133938262000000,1788133998261000000,0
cacheStateStorage.set.counter,1788133938262000000,1788133998261000000,0
cacheStateStorage.get.duration,1788133938262000000,1788133998261000000,0
workspaceModel.mutableEntityStorage.entities.ms,1788133938262000000,1788133998261000000,0
jps.apply.loaded.storage.ms,1788133938262000000,1788133998261000000,0
jps.module.iml.entities.serializer.load.entities.ms,1788133938262000000,1788133998261000000,0
jps.global.get.library.by.name.ms,1788133938262000000,1788133998261000000,0
workspaceModel.global.updates.count,1788133938262000000,1788133998261000000,0
workspaceModel.mutableEntityStorage.referrers.ms,1788133938262000000,1788133998261000000,0
workspaceModel.mutableEntityStorage.remove.entity.ms,1788133938262000000,1788133998261000000,0
jps.global.get.libraries.ms,1788133938262000000,1788133998261000000,0
workspaceModel.mutableEntityStorage.put.entity.ms,1788133938262000000,1788133998261000000,0
workspaceModel.mutableEntityStorage.apply.changes.from.ms,1788133938262000000,1788133998261000000,0
jps.facet.change.listener.before.change.events.ms,1788133938262000000,1788133998261000000,0
workspaceModel.mutableEntityStorage.to.snapshot.ms,1788133938262000000,1788133998261000000,0
workspaceModel.moduleManagerBridge.newModule.ms,1788133938262000000,1788133998261000000,0
jps.global.handle.changed.events.ms,1788133938262000000,1788133998261000000,0
workspaceModel.global.updates.ms,1788133938262000000,1788133998261000000,0
jps.artifact.entities.serializer.save.entities.ms,1788133938262000000,1788133998261000000,0
workspaceModel.mutableEntityStorage.has.same.entities.ms,1788133938262000000,1788133998261000000,0
workspaceModel.mutableEntityStorage.add.entity.ms,1788133938262000000,1788133998261000000,0
jps.library.entities.serializer.load.entities.ms,1788133938262000000,1788133998261000000,0
workspaceModel.mutableEntityStorage.instances.count,1788133938262000000,1788133998261000000,0
workspaceModel.moduleManagerBridge.load.all.modules.ms,1788133938262000000,1788133998261000000,0
jps.facet.change.listener.process.change.events.ms,1788133938262000000,1788133998261000000,0
workspaceModel.moduleBridgeLoader.loading.modules.ms,1788133938262000000,1788133998261000000,0
workspaceModel.mutableEntityStorage.collect.changes.ms,1788133938262000000,1788133998261000000,0
jps.reload.project.entities.ms,1788133938262000000,1788133998261000000,0
workspaceModel.orphan.listener.update.ms,1788133938262000000,1788133998261000000,0
jps.global.handle.before.change.events.ms,1788133938262000000,1788133998261000000,0
jps.global.initialize.library.bridges.after.loading.ms,1788133938262000000,1788133998261000000,0
workspaceModel.moduleManagerBridge.new.nonPersistent.module.ms,1788133938262000000,1788133998261000000,0
workspaceModel.save.cache.to.file.ms,1788133938262000000,1788133998261000000,0
jps.load.initial.state.ms,1788133938262000000,1788133998261000000,0
jps.project.serializers.save.ms,1788133938262000000,1788133998261000000,0
workspaceModel.load.cache.from.file.ms,1788133938262000000,1788133998261000000,0
jps.library.entities.serializer.save.entities.ms,1788133938262000000,1788133998261000000,0
jps.project.serializers.load.ms,1788133938262000000,1788133998261000000,0
workspaceModel.global.apply.state.to.project.ms,1788133938262000000,1788133998261000000,0
jps.global.get.library.ms,1788133938262000000,1788133998261000000,0
workspaceModel.mutableEntityStorage.modify.entity.ms,1788133938262000000,1788133998261000000,0
workspaceModel.moduleBridge.before.changed.ms,1788133938262000000,1788133998261000000,0
workspaceModel.moduleManagerBridge.set.unloadedModules.ms,1788133938262000000,1788133998261000000,0
workspaceModel.mutableEntityStorage.replace.by.source.ms,1788133938262000000,1788133998261000000,0
jps.facet.change.listener.init.bridge.ms,1788133938262000000,1788133998261000000,0
workspaceModel.moduleBridge.update.option.ms,1788133938262000000,1788133998261000000,0
jps.artifact.entities.serializer.load.entities.ms,1788133938262000000,1788133998261000000,0
workspaceModel.moduleManagerBridge.get.modules.ms,1788133938262000000,1788133998261000000,0
workspaceModel.delayed.project.synchronizer.sync.ms,1788133938262000000,1788133998261000000,0
workspaceModel.moduleManagerBridge.build.module.graph.ms,1788133938262000000,1788133998261000000,0
jps.save.changed.project.entities.ms,1788133938262000000,1788133998261000000,0
jps.load.project.to.empty.storage.ms,1788133938262000000,1788133998261000000,0
workspaceModel.sync.entities.ms,1788133938262000000,1788133998261000000,0
workspaceModel.do.save.caches.ms,1788133938262000000,1788133998261000000,0
jps.module.iml.entities.serializer.save.entities.ms,1788133938262000000,1788133998261000000,0
jps.save.global.entities.ms,1788133938262000000,1788133998261000000,0
workspaceModel.mutableEntityStorage.entities.by.source.ms,1788133938262000000,1788133998261000000,0
workspaceModel.mutableEntityStorage.resolve.ms,1788133938262000000,1788133998261000000,0
workspaceModel.load.cache.metadata.from.file.ms,1788133938262000000,1788133998261000000,0
workspaceModel.mutableEntityStorage.mutable.vfurl.index.ms,1788133938262000000,1788133998261000000,0
workspaceModel.mutableEntityStorage.mutable.ext.mapping.ms,1788133938262000000,1788133998261000000,0
workspaceModel.moduleBridge.facet.initialization.ms,1788133938262000000,1788133998261000000,0
jps.app.storage.content.reader.load.component.ms,1788133938262000000,1788133998261000000,0
workspaceModel.moduleManagerBridge.create.module.instance.ms,1788133938262000000,1788133998261000000,0
workspaceModel.moduleManagerBridge.load.module.ms,1788133938262000000,1788133998261000000,0
workspaceModel.global.apply.state.to.project.builder.ms,1788133938262000000,1788133998261000000,0
jps.global.initialize.library.bridges.ms,1788133938262000000,1788133998261000000,0
jps.storage.jps.conf.reader.load.component.ms,1788133938262000000,1788133998261000000,0
DirectByteBufferAllocator.hits,1788133938262000000,1788133998261000000,0
FilePageCacheLockFree.totalBytesRequested,1788133938262000000,1788133998261000000,0
FilePageCache.uncachedFileAccess,1788133938262000000,1788133998261000000,0
FilePageCacheLockFree.totalBytesWritten,1788133938262000000,1788133998261000000,0
DirectByteBufferAllocator.totalSizeOfBuffersAllocatedInBytes,1788133938262000000,1788133998261000000,233848832
StreamlinedBlobStorage.recordsAllocated,1788133938262000000,1788133998261000000,0
FilePageCache.capacityInBytes,1788133938262000000,1788133998261000000,503316478
FilePageCacheLockFree.housekeeperTurnsSkipped,1788133938262000000,1788133998261000000,0
FilePageCacheLockFree.totalHeapBytesReclaimed,1788133938262000000,1788133998261000000,0
FilePageCache.totalPageLoadsUs,1788133938262000000,1788133998261000000,0
FilePageCache.disposedBuffers,1788133938262000000,1788133998261000000,0
StreamlinedBlobStorage.recordsDeleted,1788133938262000000,1788133998261000000,0
FilePageCache.pageLoadsAboveSizeThreshold,1788133938262000000,1788133998261000000,0
FilePageCacheLockFree.housekeeperTurnsDone,1788133938262000000,1788133998261000000,0
FilePageCacheLockFree.totalPagesRequested,1788133938262000000,1788133998261000000,0
FilePageCacheLockFree.totalNativeBytesAllocated,1788133938262000000,1788133998261000000,0
StorageLockContext.competingThreads.avg,1788133938262000000,1788133998261000000,0.0
FilePageCacheLockFree.totalPagesReclaimed,1788133938262000000,1788133998261000000,0
FilePageCacheLockFree.totalPageAllocationsWaited,1788133938262000000,1788133998261000000,0
MappedFileStorage.storages,1788133938262000000,1788133998261000000,15
FilePageCacheLockFree.totalPagesReadMs,1788133938262000000,1788133998261000000,0
StorageLockContext.competingThreads.max,1788133938262000000,1788133998261000000,0
FilePageCacheLockFree.totalBytesRead,1788133938262000000,1788133998261000000,0
FilePageCache.pageFastCacheHits,1788133938262000000,1788133998261000000,0
MappedFileStorage.totalPagesMapped,1788133938262000000,1788133998261000000,15
DirectByteBufferAllocator.disposed,1788133938262000000,1788133998261000000,0
FilePageCacheLockFree.totalPagesHandedOver,1788133938262000000,1788133998261000000,0
FilePageCache.pageLoads,1788133938262000000,1788133998261000000,0
FilePageCacheLockFree.housekeeperTimeSpentMs,1788133938262000000,1788133998261000000,0
FilePageCacheLockFree.totalPagesWritten,1788133938262000000,1788133998261000000,0
FilePageCacheLockFree.totalNativeBytesReclaimed,1788133938262000000,1788133998261000000,0
DirectByteBufferAllocator.reclaimed,1788133938262000000,1788133998261000000,0
StreamlinedBlobStorage.totalLiveRecordsPayloadBytes,1788133938262000000,1788133998261000000,0
FilePageCacheLockFree.totalHeapBytesAllocated,1788133938262000000,1788133998261000000,0
FileChannelInterruptsRetryer.totalRetriedAttempts,1788133938262000000,1788133998261000000,0
FilePageCache.pageHits,1788133938262000000,1788133998261000000,0
StorageLockContext.competingThreads.90P,1788133938262000000,1788133998261000000,0
FilePageCacheLockFree.heapBytesInUse,1788133938262000000,1788133998261000000,0
FilePageCacheLockFree.totalPagesRequestsMs,1788133938262000000,1788133998261000000,0
DirectByteBufferAllocator.misses,1788133938262000000,1788133998261000000,0
FilePageCacheLockFree.totalPagesWriteMs,1788133938262000000,1788133998261000000,0
StreamlinedBlobStorage.totalLiveRecordsCapacityBytes,1788133938262000000,1788133998261000000,0
FilePageCache.maxRegisteredFiles,1788133938262000000,1788133998261000000,555
StreamlinedBlobStorage.recordsRelocated,1788133938262000000,1788133998261000000,0
MappedFileStorage.totalBytesMapped,1788133938262000000,1788133998261000000,198443008
FilePageCacheLockFree.nativeBytesInUse,1788133938262000000,1788133998261000000,0
DirectByteBufferAllocator.totalSizeOfBuffersCachedInBytes,1788133938262000000,1788133998261000000,0
FilePageCacheLockFree.totalClosedStoragesReclaimed,1788133938262000000,1788133998261000000,0
FilePageCacheLockFree.totalPagesAllocated,1788133938262000000,1788133998261000000,0
FilePageCache.maxCacheSizeInBytes,1788133938262000000,1788133998261000000,233848832
FilePageCache.totalPageDisposalsUs,1788133938262000000,1788133998261000000,0
MappedFileStorage.totalTimeSpentOnMappingUs,1788133938262000000,1788133998261000000,121999
FileNameCache.queries,1788133938262000000,1788133998261000000,0
VFS.invertedFileNameIndex.requests,1788133938262000000,1788133998261000000,0
VFS.fileChildByName,1788133938262000000,1788133998261000000,0
FileNameCache.totalMisses,1788133938262000000,1788133998261000000,0
VFS.fileByIdCache.misses,1788133938262000000,1788133998261000000,0
VFS.fileByIdCache.hits,1788133938262000000,1788133998261000000,0
Indexes.entries.lookups,1788133938262000000,1788133998261000000,0.0
Indexes.entries.lookupDurationAvgMs,1788133938262000000,1788133998261000000,0.0
IndexesFlusher.totalFlushingTimeUs,1788133938262000000,1788133998261000000,297069
Indexes.stubs.lookupDurationMaxMs,1788133938262000000,1788133998261000000,0.0
Indexes.entries.lookupDurationMaxMs,1788133938262000000,1788133998261000000,0.0
Indexes.stubs.lookupDuration90PMs,1788133938262000000,1788133998261000000,0.0
Indexes.allKeys.lookupDurationAvgMs,1788133938262000000,1788133998261000000,0.0
IndexesFlusher.totalFlushes,1788133938262000000,1788133998261000000,118
Indexes.stubs.lookups,1788133938262000000,1788133998261000000,0.0
Indexes.allKeys.lookupDurationMaxMs,1788133938262000000,1788133998261000000,0.0
IndexesFlusher.totalContentionQuotaSpent,1788133938262000000,1788133998261000000,0
Indexes.allKeys.lookupDuration90PMs,1788133938262000000,1788133998261000000,0.0
Indexes.entries.lookupDuration90PMs,1788133938262000000,1788133998261000000,0.0
Indexes.allKeys.lookups,1788133938262000000,1788133998261000000,0.0
Indexes.stubs.lookupDurationAvgMs,1788133938262000000,1788133998261000000,0.0
IndexesFlusher.totalFlushesRetried,1788133938262000000,1788133998261000000,0
WriteAction.executionsCount,1788133938262000000,1788133998261000000,0
FlushQueue.executionTimeAvgNs,1788133938262000000,1788133998261000000,630975.7055762082
AWTEventQueue.dispatchTime90PNs,1788133938262000000,1788133998261000000,1351679
NonBlockingReadAction.finalizedExecutionsCount,1788133938262000000,1788133998261000000,27
FlushQueue.executionTime90PNs,1788133938262000000,1788133998261000000,2703359
AWTEventQueue.dispatchTimeMaxNs,1788133938262000000,1788133998261000000,71303167
AWTEventQueue.eventsDispatched,1788133938262000000,1788133998261000000,5424
ReadAction.executionsCount,1788133938262000000,1788133998261000000,19166
FlushQueue.queueSize90P,1788133938262000000,1788133998261000000,47
NonBlockingReadAction.finalizedExecutionTimeUs,1788133938262000000,1788133998261000000,2375
NonBlockingReadAction.failedExecutionsCount,1788133938262000000,1788133998261000000,0
FlushQueue.tasksExecuted,1788133938262000000,1788133998261000000,1345
FlushQueue.queueSizeAvg,1788133938262000000,1788133998261000000,10.580669144981412
NonBlockingReadAction.failedExecutionTimeUs,1788133938262000000,1788133998261000000,0
FlushQueue.executionTimeMaxNs,1788133938262000000,1788133998261000000,33816575
FlushQueue.queueSizeMax,1788133938262000000,1788133998261000000,92
FlushQueue.waitingTimeMaxNs,1788133938262000000,1788133998261000000,654311423
FlushQueue.waitingTimeAvgNs,1788133938262000000,1788133998261000000,6.0212365454275094E7
AWTEventQueue.dispatchTimeAvgNs,1788133938262000000,1788133998261000000,642418.7994100295
FlushQueue.waitingTime90PNs,1788133938262000000,1788133998261000000,281018367
AWTEventQueue.dispatchTimeTotalNS,1788133938262000000,1788133998261000000,3485136362
compiler.ArtifactManagerBridge.initBridges.ms,1788133938262000000,1788133998261000000,0
compiler.ArtifactManagerBridge.findArtifact.ms,1788133938262000000,1788133998261000000,0
compiler.ArtifactManagerBridge.commit.ms,1788133938262000000,1788133998261000000,0
compiler.ArtifactManagerBridge.getArtifacts.ms,1788133938262000000,1788133998261000000,0
compiler.ArtifactVirtualFileListener.filePathChanged.ms,1788133938262000000,1788133998261000000,0
compiler.ArtifactManagerBridge.dropMappings.ms,1788133938262000000,1788133998261000000,0
compiler.ArtifactManagerBridge.addArtifact.ms,1788133938262000000,1788133998261000000,0
compiler.ArtifactManagerBridge.getArtifactsByType.ms,1788133938262000000,1788133998261000000,0
compiler.ArtifactVirtualFileListener.propertyChanged.ms,1788133938262000000,1788133998261000000,0
JVM.totalBytesAllocated,1788133998261000000,1788134058259000000,113179256
JVM.usedHeapBytes,1788133998261000000,1788134058259000000,275273448
JVM.threadCount,1788133998261000000,1788134058259000000,65
JVM.totalDirectByteBuffersBytes,1788133998261000000,1788134058259000000,234751804
JVM.newThreadsCount,1788133998261000000,1788134058259000000,4
JVM.maxHeapBytes,1788133998261000000,1788134058259000000,2147483648
JVM.GC.collectionTimesMs,1788133998261000000,1788134058259000000,16
JVM.GC.collections,1788133998261000000,1788134058259000000,1
JVM.totalCpuTimeMs,1788133998261000000,1788134058259000000,10624
JVM.maxThreadCount,1788133998261000000,1788134058259000000,163
JVM.usedNativeBytes,1788133998261000000,1788134058259000000,334501800
OS.loadAverage,1788133998261000000,1788134058259000000,3.15283203125
writeAction.count,1788133998261000000,1788134058259000000,0
writeAction.wait.ms,1788133998261000000,1788134058259000000,0
writeAction.max.wait.ms,1788133998261000000,1788134058259000000,1
writeAction.median.wait.ms,1788133998261000000,1788134058259000000,0
workspaceModel.updates.ms,1788133998261000000,1788134058259000000,0
workspaceModel.collect.changes.ms,1788133998261000000,1788134058259000000,0
workspaceModel.init.bridges.ms,1788133998261000000,1788134058259000000,0
workspaceModel.entityStorageSnapshotImpl.instances.count,1788133998261000000,1788134058259000000,0
workspaceModel.updates.precise.ms,1788133998261000000,1788134058259000000,0
workspaceModel.workspaceFileIndexData.init.ms,1788133998261000000,1788134058259000000,0
workspaceModel.workspaceFileIndexData.onEntitiesChanged.ms,1788133998261000000,1788134058259000000,0
workspaceModel.workspaceFileIndexData.instances.count,1788133998261000000,1788134058259000000,0
workspaceModel.cachedValue.clear.ms,1788133998261000000,1788134058259000000,0
workspaceModel.cachedValue.calculated.ms,1788133998261000000,1788134058259000000,0
workspaceModel.workspaceFileIndexData.markDirty.ms,1788133998261000000,1788134058259000000,0
workspaceModel.full.replace.project.model.ms,1788133998261000000,1788134058259000000,0
workspaceModel.cachedValueWithParameters.clear.ms,1788133998261000000,1788134058259000000,0
workspaceModel.workspaceFileIndexData.visitFileSets.ms,1788133998261000000,1788134058259000000,0
workspaceModel.cachedValueWithParameters.from.cache.ms,1788133998261000000,1788134058259000000,0
workspaceModel.update.unloaded.entities.ms,1788133998261000000,1788134058259000000,0
workspaceModel.updates.count,1788133998261000000,1788134058259000000,0
workspaceModel.loading.total.ms,1788133998261000000,1788134058259000000,0
workspaceModel.check.recursive.update.ms,1788133998261000000,1788134058259000000,0
workspaceModel.workspaceFileIndexData.getDirectoriesByPackageName.ms,1788133998261000000,1788134058259000000,0
workspaceModel.cachedValue.from.cache.ms,1788133998261000000,1788134058259000000,0
workspaceModel.workspaceFileIndexContributor.registerFileSets.ms,1788133998261000000,1788134058259000000,0
workspaceModel.workspaceFileIndexData.processFileSets.ms,1788133998261000000,1788134058259000000,0
workspaceModel.workspaceFileIndexData.updateDirtyEntities.ms,1788133998261000000,1788134058259000000,0
workspaceModel.cachedValueWithParameters.calculated.ms,1788133998261000000,1788134058259000000,0
workspaceModel.replace.project.model.ms,1788133998261000000,1788134058259000000,0
workspaceModel.cachedValueWithParameters.total.get.ms,1788133998261000000,1788134058259000000,0
workspaceModel.cachedValue.total.get.ms,1788133998261000000,1788134058259000000,0
workspaceModel.workspaceFileIndexData.getFileInfo.ms,1788133998261000000,1788134058259000000,1
workspaceModel.loading.from.cache.ms,1788133998261000000,1788134058259000000,0
workspaceModel.pre.handlers.ms,1788133998261000000,1788134058259000000,0
workspaceModel.to.snapshot.ms,1788133998261000000,1788134058259000000,0
workspaceModel.initializing.ms,1788133998261000000,1788134058259000000,0
workspaceModel.workspaceFileIndexData.getPackageName.ms,1788133998261000000,1788134058259000000,0
cacheStateStorage.get.counter,1788133998261000000,1788134058259000000,1
cacheStateStorage.set.duration,1788133998261000000,1788134058259000000,0
cacheStateStorage.set.counter,1788133998261000000,1788134058259000000,0
cacheStateStorage.get.duration,1788133998261000000,1788134058259000000,0
workspaceModel.mutableEntityStorage.entities.ms,1788133998261000000,1788134058259000000,0
jps.apply.loaded.storage.ms,1788133998261000000,1788134058259000000,0
jps.module.iml.entities.serializer.load.entities.ms,1788133998261000000,1788134058259000000,0
jps.global.get.library.by.name.ms,1788133998261000000,1788134058259000000,0
workspaceModel.global.updates.count,1788133998261000000,1788134058259000000,0
workspaceModel.mutableEntityStorage.referrers.ms,1788133998261000000,1788134058259000000,0
workspaceModel.mutableEntityStorage.remove.entity.ms,1788133998261000000,1788134058259000000,0
jps.global.get.libraries.ms,1788133998261000000,1788134058259000000,0
workspaceModel.mutableEntityStorage.put.entity.ms,1788133998261000000,1788134058259000000,0
workspaceModel.mutableEntityStorage.apply.changes.from.ms,1788133998261000000,1788134058259000000,0
jps.facet.change.listener.before.change.events.ms,1788133998261000000,1788134058259000000,0
workspaceModel.mutableEntityStorage.to.snapshot.ms,1788133998261000000,1788134058259000000,0
workspaceModel.moduleManagerBridge.newModule.ms,1788133998261000000,1788134058259000000,0
jps.global.handle.changed.events.ms,1788133998261000000,1788134058259000000,0
workspaceModel.global.updates.ms,1788133998261000000,1788134058259000000,0
jps.artifact.entities.serializer.save.entities.ms,1788133998261000000,1788134058259000000,0
workspaceModel.mutableEntityStorage.has.same.entities.ms,1788133998261000000,1788134058259000000,0
workspaceModel.mutableEntityStorage.add.entity.ms,1788133998261000000,1788134058259000000,0
jps.library.entities.serializer.load.entities.ms,1788133998261000000,1788134058259000000,0
workspaceModel.mutableEntityStorage.instances.count,1788133998261000000,1788134058259000000,0
workspaceModel.moduleManagerBridge.load.all.modules.ms,1788133998261000000,1788134058259000000,0
jps.facet.change.listener.process.change.events.ms,1788133998261000000,1788134058259000000,0
workspaceModel.moduleBridgeLoader.loading.modules.ms,1788133998261000000,1788134058259000000,0
workspaceModel.mutableEntityStorage.collect.changes.ms,1788133998261000000,1788134058259000000,0
jps.reload.project.entities.ms,1788133998261000000,1788134058259000000,0
workspaceModel.orphan.listener.update.ms,1788133998261000000,1788134058259000000,0
jps.global.handle.before.change.events.ms,1788133998261000000,1788134058259000000,0
jps.global.initialize.library.bridges.after.loading.ms,1788133998261000000,1788134058259000000,0
workspaceModel.moduleManagerBridge.new.nonPersistent.module.ms,1788133998261000000,1788134058259000000,0
workspaceModel.save.cache.to.file.ms,1788133998261000000,1788134058259000000,0
jps.load.initial.state.ms,1788133998261000000,1788134058259000000,0
jps.project.serializers.save.ms,1788133998261000000,1788134058259000000,1
workspaceModel.load.cache.from.file.ms,1788133998261000000,1788134058259000000,0
jps.library.entities.serializer.save.entities.ms,1788133998261000000,1788134058259000000,0
jps.app.storage.content.writer.save.component.ms,1788133998261000000,1788134058259000000,1
jps.project.serializers.load.ms,1788133998261000000,1788134058259000000,0
workspaceModel.global.apply.state.to.project.ms,1788133998261000000,1788134058259000000,0
jps.global.get.library.ms,1788133998261000000,1788134058259000000,0
workspaceModel.mutableEntityStorage.modify.entity.ms,1788133998261000000,1788134058259000000,0
workspaceModel.moduleBridge.before.changed.ms,1788133998261000000,1788134058259000000,0
workspaceModel.moduleManagerBridge.set.unloadedModules.ms,1788133998261000000,1788134058259000000,0
workspaceModel.mutableEntityStorage.replace.by.source.ms,1788133998261000000,1788134058259000000,0
jps.facet.change.listener.init.bridge.ms,1788133998261000000,1788134058259000000,0
workspaceModel.moduleBridge.update.option.ms,1788133998261000000,1788134058259000000,0
jps.artifact.entities.serializer.load.entities.ms,1788133998261000000,1788134058259000000,0
workspaceModel.moduleManagerBridge.get.modules.ms,1788133998261000000,1788134058259000000,0
workspaceModel.delayed.project.synchronizer.sync.ms,1788133998261000000,1788134058259000000,0
workspaceModel.moduleManagerBridge.build.module.graph.ms,1788133998261000000,1788134058259000000,0
jps.save.changed.project.entities.ms,1788133998261000000,1788134058259000000,1
jps.load.project.to.empty.storage.ms,1788133998261000000,1788134058259000000,0
workspaceModel.sync.entities.ms,1788133998261000000,1788134058259000000,0
workspaceModel.do.save.caches.ms,1788133998261000000,1788134058259000000,0
jps.module.iml.entities.serializer.save.entities.ms,1788133998261000000,1788134058259000000,0
jps.save.global.entities.ms,1788133998261000000,1788134058259000000,7
workspaceModel.mutableEntityStorage.entities.by.source.ms,1788133998261000000,1788134058259000000,0
workspaceModel.mutableEntityStorage.resolve.ms,1788133998261000000,1788134058259000000,0
workspaceModel.load.cache.metadata.from.file.ms,1788133998261000000,1788134058259000000,0
workspaceModel.mutableEntityStorage.mutable.vfurl.index.ms,1788133998261000000,1788134058259000000,0
workspaceModel.mutableEntityStorage.mutable.ext.mapping.ms,1788133998261000000,1788134058259000000,0
workspaceModel.moduleBridge.facet.initialization.ms,1788133998261000000,1788134058259000000,0
jps.app.storage.content.reader.load.component.ms,1788133998261000000,1788134058259000000,0
workspaceModel.moduleManagerBridge.create.module.instance.ms,1788133998261000000,1788134058259000000,0
workspaceModel.moduleManagerBridge.load.module.ms,1788133998261000000,1788134058259000000,0
workspaceModel.global.apply.state.to.project.builder.ms,1788133998261000000,1788134058259000000,0
jps.global.initialize.library.bridges.ms,1788133998261000000,1788134058259000000,0
jps.storage.jps.conf.reader.load.component.ms,1788133998261000000,1788134058259000000,0
DirectByteBufferAllocator.hits,1788133998261000000,1788134058259000000,0
FilePageCacheLockFree.totalBytesRequested,1788133998261000000,1788134058259000000,0
FilePageCache.uncachedFileAccess,1788133998261000000,1788134058259000000,0
FilePageCacheLockFree.totalBytesWritten,1788133998261000000,1788134058259000000,0
DirectByteBufferAllocator.totalSizeOfBuffersAllocatedInBytes,1788133998261000000,1788134058259000000,233848832
StreamlinedBlobStorage.recordsAllocated,1788133998261000000,1788134058259000000,0
FilePageCache.capacityInBytes,1788133998261000000,1788134058259000000,503316478
FilePageCacheLockFree.housekeeperTurnsSkipped,1788133998261000000,1788134058259000000,0
FilePageCacheLockFree.totalHeapBytesReclaimed,1788133998261000000,1788134058259000000,0
FilePageCache.totalPageLoadsUs,1788133998261000000,1788134058259000000,0
FilePageCache.disposedBuffers,1788133998261000000,1788134058259000000,0
StreamlinedBlobStorage.recordsDeleted,1788133998261000000,1788134058259000000,0
FilePageCache.pageLoadsAboveSizeThreshold,1788133998261000000,1788134058259000000,0
FilePageCacheLockFree.housekeeperTurnsDone,1788133998261000000,1788134058259000000,0
FilePageCacheLockFree.totalPagesRequested,1788133998261000000,1788134058259000000,0
FilePageCacheLockFree.totalNativeBytesAllocated,1788133998261000000,1788134058259000000,0
StorageLockContext.competingThreads.avg,1788133998261000000,1788134058259000000,0.0
FilePageCacheLockFree.totalPagesReclaimed,1788133998261000000,1788134058259000000,0
FilePageCacheLockFree.totalPageAllocationsWaited,1788133998261000000,1788134058259000000,0
MappedFileStorage.storages,1788133998261000000,1788134058259000000,15
FilePageCacheLockFree.totalPagesReadMs,1788133998261000000,1788134058259000000,0
StorageLockContext.competingThreads.max,1788133998261000000,1788134058259000000,0
FilePageCacheLockFree.totalBytesRead,1788133998261000000,1788134058259000000,0
FilePageCache.pageFastCacheHits,1788133998261000000,1788134058259000000,43
MappedFileStorage.totalPagesMapped,1788133998261000000,1788134058259000000,15
DirectByteBufferAllocator.disposed,1788133998261000000,1788134058259000000,0
FilePageCacheLockFree.totalPagesHandedOver,1788133998261000000,1788134058259000000,0
FilePageCache.pageLoads,1788133998261000000,1788134058259000000,0
FilePageCacheLockFree.housekeeperTimeSpentMs,1788133998261000000,1788134058259000000,0
FilePageCacheLockFree.totalPagesWritten,1788133998261000000,1788134058259000000,0
FilePageCacheLockFree.totalNativeBytesReclaimed,1788133998261000000,1788134058259000000,0
DirectByteBufferAllocator.reclaimed,1788133998261000000,1788134058259000000,0
StreamlinedBlobStorage.totalLiveRecordsPayloadBytes,1788133998261000000,1788134058259000000,0
FilePageCacheLockFree.totalHeapBytesAllocated,1788133998261000000,1788134058259000000,0
FileChannelInterruptsRetryer.totalRetriedAttempts,1788133998261000000,1788134058259000000,0
FilePageCache.pageHits,1788133998261000000,1788134058259000000,0
StorageLockContext.competingThreads.90P,1788133998261000000,1788134058259000000,0
FilePageCacheLockFree.heapBytesInUse,1788133998261000000,1788134058259000000,0
FilePageCacheLockFree.totalPagesRequestsMs,1788133998261000000,1788134058259000000,0
DirectByteBufferAllocator.misses,1788133998261000000,1788134058259000000,0
FilePageCacheLockFree.totalPagesWriteMs,1788133998261000000,1788134058259000000,0
StreamlinedBlobStorage.totalLiveRecordsCapacityBytes,1788133998261000000,1788134058259000000,0
FilePageCache.maxRegisteredFiles,1788133998261000000,1788134058259000000,555
StreamlinedBlobStorage.recordsRelocated,1788133998261000000,1788134058259000000,0
MappedFileStorage.totalBytesMapped,1788133998261000000,1788134058259000000,198443008
FilePageCacheLockFree.nativeBytesInUse,1788133998261000000,1788134058259000000,0
DirectByteBufferAllocator.totalSizeOfBuffersCachedInBytes,1788133998261000000,1788134058259000000,0
FilePageCacheLockFree.totalClosedStoragesReclaimed,1788133998261000000,1788134058259000000,0
FilePageCacheLockFree.totalPagesAllocated,1788133998261000000,1788134058259000000,0
FilePageCache.maxCacheSizeInBytes,1788133998261000000,1788134058259000000,233848832
FilePageCache.totalPageDisposalsUs,1788133998261000000,1788134058259000000,0
MappedFileStorage.totalTimeSpentOnMappingUs,1788133998261000000,1788134058259000000,121999
FileNameCache.queries,1788133998261000000,1788134058259000000,0
VFS.invertedFileNameIndex.requests,1788133998261000000,1788134058259000000,0
VFS.fileChildByName,1788133998261000000,1788134058259000000,63
FileNameCache.totalMisses,1788133998261000000,1788134058259000000,0
VFS.fileByIdCache.misses,1788133998261000000,1788134058259000000,0
VFS.fileByIdCache.hits,1788133998261000000,1788134058259000000,0
Indexes.entries.lookups,1788133998261000000,1788134058259000000,0.0
Indexes.entries.lookupDurationAvgMs,1788133998261000000,1788134058259000000,0.0
IndexesFlusher.totalFlushingTimeUs,1788133998261000000,1788134058259000000,259452
Indexes.stubs.lookupDurationMaxMs,1788133998261000000,1788134058259000000,0.0
Indexes.entries.lookupDurationMaxMs,1788133998261000000,1788134058259000000,0.0
Indexes.stubs.lookupDuration90PMs,1788133998261000000,1788134058259000000,0.0
Indexes.allKeys.lookupDurationAvgMs,1788133998261000000,1788134058259000000,0.0
IndexesFlusher.totalFlushes,1788133998261000000,1788134058259000000,118
Indexes.stubs.lookups,1788133998261000000,1788134058259000000,0.0
Indexes.allKeys.lookupDurationMaxMs,1788133998261000000,1788134058259000000,0.0
IndexesFlusher.totalContentionQuotaSpent,1788133998261000000,1788134058259000000,0
Indexes.allKeys.lookupDuration90PMs,1788133998261000000,1788134058259000000,0.0
Indexes.entries.lookupDuration90PMs,1788133998261000000,1788134058259000000,0.0
Indexes.allKeys.lookups,1788133998261000000,1788134058259000000,0.0
Indexes.stubs.lookupDurationAvgMs,1788133998261000000,1788134058259000000,0.0
IndexesFlusher.totalFlushesRetried,1788133998261000000,1788134058259000000,0
WriteAction.executionsCount,1788133998261000000,1788134058259000000,0
FlushQueue.executionTimeAvgNs,1788133998261000000,1788134058259000000,205057.4288518155
AWTEventQueue.dispatchTime90PNs,1788133998261000000,1788134058259000000,518143
NonBlockingReadAction.finalizedExecutionsCount,1788133998261000000,1788134058259000000,14
FlushQueue.executionTime90PNs,1788133998261000000,1788134058259000000,162815
AWTEventQueue.dispatchTimeMaxNs,1788133998261000000,1788134058259000000,1082130431
AWTEventQueue.eventsDispatched,1788133998261000000,1788134058259000000,2187
ReadAction.executionsCount,1788133998261000000,1788134058259000000,10213
FlushQueue.queueSize90P,1788133998261000000,1788134058259000000,5
NonBlockingReadAction.finalizedExecutionTimeUs,1788133998261000000,1788134058259000000,911
NonBlockingReadAction.failedExecutionsCount,1788133998261000000,1788134058259000000,0
FlushQueue.tasksExecuted,1788133998261000000,1788134058259000000,1019
FlushQueue.queueSizeAvg,1788133998261000000,1788134058259000000,1.8213935230618252
NonBlockingReadAction.failedExecutionTimeUs,1788133998261000000,1788134058259000000,0
FlushQueue.executionTimeMaxNs,1788133998261000000,1788134058259000000,80740351
FlushQueue.queueSizeMax,1788133998261000000,1788134058259000000,17
FlushQueue.waitingTimeMaxNs,1788133998261000000,1788134058259000000,1031798783
FlushQueue.waitingTimeAvgNs,1788133998261000000,1788134058259000000,1.2421901950932287E7
AWTEventQueue.dispatchTimeAvgNs,1788133998261000000,1788134058259000000,1879572.074988569
FlushQueue.waitingTime90PNs,1788133998261000000,1788134058259000000,2260991
AWTEventQueue.dispatchTimeTotalNS,1788133998261000000,1788134058259000000,4109920545
compiler.ArtifactManagerBridge.initBridges.ms,1788133998261000000,1788134058259000000,0
compiler.ArtifactManagerBridge.findArtifact.ms,1788133998261000000,1788134058259000000,0
compiler.ArtifactManagerBridge.commit.ms,1788133998261000000,1788134058259000000,0
compiler.ArtifactManagerBridge.getArtifacts.ms,1788133998261000000,1788134058259000000,0
compiler.ArtifactVirtualFileListener.filePathChanged.ms,1788133998261000000,1788134058259000000,0
compiler.ArtifactManagerBridge.dropMappings.ms,1788133998261000000,1788134058259000000,0
compiler.ArtifactManagerBridge.addArtifact.ms,1788133998261000000,1788134058259000000,0
compiler.ArtifactManagerBridge.getArtifactsByType.ms,1788133998261000000,1788134058259000000,0
compiler.ArtifactVirtualFileListener.propertyChanged.ms,1788133998261000000,1788134058259000000,0
JVM.totalBytesAllocated,1788134058259000000,1788134118260000000,9915920
JVM.usedHeapBytes,1788134058259000000,1788134118260000000,285759208
JVM.threadCount,1788134058259000000,1788134118260000000,60
JVM.totalDirectByteBuffersBytes,1788134058259000000,1788134118260000000,234703422
JVM.newThreadsCount,1788134058259000000,1788134118260000000,0
JVM.maxHeapBytes,1788134058259000000,1788134118260000000,2147483648
JVM.GC.collectionTimesMs,1788134058259000000,1788134118260000000,0
JVM.GC.collections,1788134058259000000,1788134118260000000,0
JVM.totalCpuTimeMs,1788134058259000000,1788134118260000000,1056
JVM.maxThreadCount,1788134058259000000,1788134118260000000,163
JVM.usedNativeBytes,1788134058259000000,1788134118260000000,334943864
OS.loadAverage,1788134058259000000,1788134118260000000,2.8154296875
writeAction.count,1788134058259000000,1788134118260000000,0
writeAction.wait.ms,1788134058259000000,1788134118260000000,0
writeAction.max.wait.ms,1788134058259000000,1788134118260000000,1
writeAction.median.wait.ms,1788134058259000000,1788134118260000000,0
workspaceModel.updates.ms,1788134058259000000,1788134118260000000,0
workspaceModel.collect.changes.ms,1788134058259000000,1788134118260000000,0
workspaceModel.init.bridges.ms,1788134058259000000,1788134118260000000,0
workspaceModel.entityStorageSnapshotImpl.instances.count,1788134058259000000,1788134118260000000,0
workspaceModel.updates.precise.ms,1788134058259000000,1788134118260000000,0
workspaceModel.workspaceFileIndexData.init.ms,1788134058259000000,1788134118260000000,0
workspaceModel.workspaceFileIndexData.onEntitiesChanged.ms,1788134058259000000,1788134118260000000,0
workspaceModel.workspaceFileIndexData.instances.count,1788134058259000000,1788134118260000000,0
workspaceModel.cachedValue.clear.ms,1788134058259000000,1788134118260000000,0
workspaceModel.cachedValue.calculated.ms,1788134058259000000,1788134118260000000,0
workspaceModel.workspaceFileIndexData.markDirty.ms,1788134058259000000,1788134118260000000,0
workspaceModel.full.replace.project.model.ms,1788134058259000000,1788134118260000000,0
workspaceModel.cachedValueWithParameters.clear.ms,1788134058259000000,1788134118260000000,0
workspaceModel.workspaceFileIndexData.visitFileSets.ms,1788134058259000000,1788134118260000000,0
workspaceModel.cachedValueWithParameters.from.cache.ms,1788134058259000000,1788134118260000000,0
workspaceModel.update.unloaded.entities.ms,1788134058259000000,1788134118260000000,0
workspaceModel.updates.count,1788134058259000000,1788134118260000000,0
workspaceModel.loading.total.ms,1788134058259000000,1788134118260000000,0
workspaceModel.check.recursive.update.ms,1788134058259000000,1788134118260000000,0
workspaceModel.workspaceFileIndexData.getDirectoriesByPackageName.ms,1788134058259000000,1788134118260000000,0
workspaceModel.cachedValue.from.cache.ms,1788134058259000000,1788134118260000000,0
workspaceModel.workspaceFileIndexContributor.registerFileSets.ms,1788134058259000000,1788134118260000000,0
workspaceModel.workspaceFileIndexData.processFileSets.ms,1788134058259000000,1788134118260000000,0
workspaceModel.workspaceFileIndexData.updateDirtyEntities.ms,1788134058259000000,1788134118260000000,0
workspaceModel.cachedValueWithParameters.calculated.ms,1788134058259000000,1788134118260000000,0
workspaceModel.replace.project.model.ms,1788134058259000000,1788134118260000000,0
workspaceModel.cachedValueWithParameters.total.get.ms,1788134058259000000,1788134118260000000,0
workspaceModel.cachedValue.total.get.ms,1788134058259000000,1788134118260000000,0
workspaceModel.workspaceFileIndexData.getFileInfo.ms,1788134058259000000,1788134118260000000,0
workspaceModel.loading.from.cache.ms,1788134058259000000,1788134118260000000,0
workspaceModel.pre.handlers.ms,1788134058259000000,1788134118260000000,0
workspaceModel.to.snapshot.ms,1788134058259000000,1788134118260000000,0
workspaceModel.initializing.ms,1788134058259000000,1788134118260000000,0
workspaceModel.workspaceFileIndexData.getPackageName.ms,1788134058259000000,1788134118260000000,0
cacheStateStorage.get.counter,1788134058259000000,1788134118260000000,0
cacheStateStorage.set.duration,1788134058259000000,1788134118260000000,0
cacheStateStorage.set.counter,1788134058259000000,1788134118260000000,0
cacheStateStorage.get.duration,1788134058259000000,1788134118260000000,0
workspaceModel.mutableEntityStorage.entities.ms,1788134058259000000,1788134118260000000,0
jps.apply.loaded.storage.ms,1788134058259000000,1788134118260000000,0
jps.module.iml.entities.serializer.load.entities.ms,1788134058259000000,1788134118260000000,0
jps.global.get.library.by.name.ms,1788134058259000000,1788134118260000000,0
workspaceModel.global.updates.count,1788134058259000000,1788134118260000000,0
workspaceModel.mutableEntityStorage.referrers.ms,1788134058259000000,1788134118260000000,0
workspaceModel.mutableEntityStorage.remove.entity.ms,1788134058259000000,1788134118260000000,0
jps.global.get.libraries.ms,1788134058259000000,1788134118260000000,0
workspaceModel.mutableEntityStorage.put.entity.ms,1788134058259000000,1788134118260000000,0
workspaceModel.mutableEntityStorage.apply.changes.from.ms,1788134058259000000,1788134118260000000,0
jps.facet.change.listener.before.change.events.ms,1788134058259000000,1788134118260000000,0
workspaceModel.mutableEntityStorage.to.snapshot.ms,1788134058259000000,1788134118260000000,0
workspaceModel.moduleManagerBridge.newModule.ms,1788134058259000000,1788134118260000000,0
jps.global.handle.changed.events.ms,1788134058259000000,1788134118260000000,0
workspaceModel.global.updates.ms,1788134058259000000,1788134118260000000,0
jps.artifact.entities.serializer.save.entities.ms,1788134058259000000,1788134118260000000,0
workspaceModel.mutableEntityStorage.has.same.entities.ms,1788134058259000000,1788134118260000000,0
workspaceModel.mutableEntityStorage.add.entity.ms,1788134058259000000,1788134118260000000,0
jps.library.entities.serializer.load.entities.ms,1788134058259000000,1788134118260000000,0
workspaceModel.mutableEntityStorage.instances.count,1788134058259000000,1788134118260000000,0
workspaceModel.moduleManagerBridge.load.all.modules.ms,1788134058259000000,1788134118260000000,0
jps.facet.change.listener.process.change.events.ms,1788134058259000000,1788134118260000000,0
workspaceModel.moduleBridgeLoader.loading.modules.ms,1788134058259000000,1788134118260000000,0
workspaceModel.mutableEntityStorage.collect.changes.ms,1788134058259000000,1788134118260000000,0
jps.reload.project.entities.ms,1788134058259000000,1788134118260000000,0
workspaceModel.orphan.listener.update.ms,1788134058259000000,1788134118260000000,0
jps.global.handle.before.change.events.ms,1788134058259000000,1788134118260000000,0
jps.global.initialize.library.bridges.after.loading.ms,1788134058259000000,1788134118260000000,0
workspaceModel.moduleManagerBridge.new.nonPersistent.module.ms,1788134058259000000,1788134118260000000,0
workspaceModel.save.cache.to.file.ms,1788134058259000000,1788134118260000000,0
jps.load.initial.state.ms,1788134058259000000,1788134118260000000,0
jps.project.serializers.save.ms,1788134058259000000,1788134118260000000,0
workspaceModel.load.cache.from.file.ms,1788134058259000000,1788134118260000000,0
jps.library.entities.serializer.save.entities.ms,1788134058259000000,1788134118260000000,0
jps.app.storage.content.writer.save.component.ms,1788134058259000000,1788134118260000000,0
jps.project.serializers.load.ms,1788134058259000000,1788134118260000000,0
workspaceModel.global.apply.state.to.project.ms,1788134058259000000,1788134118260000000,0
jps.global.get.library.ms,1788134058259000000,1788134118260000000,0
workspaceModel.mutableEntityStorage.modify.entity.ms,1788134058259000000,1788134118260000000,0
workspaceModel.moduleBridge.before.changed.ms,1788134058259000000,1788134118260000000,0
workspaceModel.moduleManagerBridge.set.unloadedModules.ms,1788134058259000000,1788134118260000000,0
workspaceModel.mutableEntityStorage.replace.by.source.ms,1788134058259000000,1788134118260000000,0
jps.facet.change.listener.init.bridge.ms,1788134058259000000,1788134118260000000,0
workspaceModel.moduleBridge.update.option.ms,1788134058259000000,1788134118260000000,0
jps.artifact.entities.serializer.load.entities.ms,1788134058259000000,1788134118260000000,0
workspaceModel.moduleManagerBridge.get.modules.ms,1788134058259000000,1788134118260000000,0
workspaceModel.delayed.project.synchronizer.sync.ms,1788134058259000000,1788134118260000000,0
workspaceModel.moduleManagerBridge.build.module.graph.ms,1788134058259000000,1788134118260000000,0
jps.save.changed.project.entities.ms,1788134058259000000,1788134118260000000,0
jps.load.project.to.empty.storage.ms,1788134058259000000,1788134118260000000,0
workspaceModel.sync.entities.ms,1788134058259000000,1788134118260000000,0
workspaceModel.do.save.caches.ms,1788134058259000000,1788134118260000000,0
jps.module.iml.entities.serializer.save.entities.ms,1788134058259000000,1788134118260000000,0
jps.save.global.entities.ms,1788134058259000000,1788134118260000000,0
workspaceModel.mutableEntityStorage.entities.by.source.ms,1788134058259000000,1788134118260000000,0
workspaceModel.mutableEntityStorage.resolve.ms,1788134058259000000,1788134118260000000,0
workspaceModel.load.cache.metadata.from.file.ms,1788134058259000000,1788134118260000000,0
workspaceModel.mutableEntityStorage.mutable.vfurl.index.ms,1788134058259000000,1788134118260000000,0
workspaceModel.mutableEntityStorage.mutable.ext.mapping.ms,1788134058259000000,1788134118260000000,0
workspaceModel.moduleBridge.facet.initialization.ms,1788134058259000000,1788134118260000000,0
jps.app.storage.content.reader.load.component.ms,1788134058259000000,1788134118260000000,0
workspaceModel.moduleManagerBridge.create.module.instance.ms,1788134058259000000,1788134118260000000,0
workspaceModel.moduleManagerBridge.load.module.ms,1788134058259000000,1788134118260000000,0
workspaceModel.global.apply.state.to.project.builder.ms,1788134058259000000,1788134118260000000,0
jps.global.initialize.library.bridges.ms,1788134058259000000,1788134118260000000,0
jps.storage.jps.conf.reader.load.component.ms,1788134058259000000,1788134118260000000,0
DirectByteBufferAllocator.hits,1788134058259000000,1788134118260000000,0
FilePageCacheLockFree.totalBytesRequested,1788134058259000000,1788134118260000000,0
FilePageCache.uncachedFileAccess,1788134058259000000,1788134118260000000,0
FilePageCacheLockFree.totalBytesWritten,1788134058259000000,1788134118260000000,0
DirectByteBufferAllocator.totalSizeOfBuffersAllocatedInBytes,1788134058259000000,1788134118260000000,233848832
StreamlinedBlobStorage.recordsAllocated,1788134058259000000,1788134118260000000,0
FilePageCache.capacityInBytes,1788134058259000000,1788134118260000000,503316478
FilePageCacheLockFree.housekeeperTurnsSkipped,1788134058259000000,1788134118260000000,0
FilePageCacheLockFree.totalHeapBytesReclaimed,1788134058259000000,1788134118260000000,0
FilePageCache.totalPageLoadsUs,1788134058259000000,1788134118260000000,0
FilePageCache.disposedBuffers,1788134058259000000,1788134118260000000,0
StreamlinedBlobStorage.recordsDeleted,1788134058259000000,1788134118260000000,0
FilePageCache.pageLoadsAboveSizeThreshold,1788134058259000000,1788134118260000000,0
FilePageCacheLockFree.housekeeperTurnsDone,1788134058259000000,1788134118260000000,0
FilePageCacheLockFree.totalPagesRequested,1788134058259000000,1788134118260000000,0
FilePageCacheLockFree.totalNativeBytesAllocated,1788134058259000000,1788134118260000000,0
StorageLockContext.competingThreads.avg,1788134058259000000,1788134118260000000,0.0
FilePageCacheLockFree.totalPagesReclaimed,1788134058259000000,1788134118260000000,0
FilePageCacheLockFree.totalPageAllocationsWaited,1788134058259000000,1788134118260000000,0
MappedFileStorage.storages,1788134058259000000,1788134118260000000,15
FilePageCacheLockFree.totalPagesReadMs,1788134058259000000,1788134118260000000,0
StorageLockContext.competingThreads.max,1788134058259000000,1788134118260000000,0
FilePageCacheLockFree.totalBytesRead,1788134058259000000,1788134118260000000,0
FilePageCache.pageFastCacheHits,1788134058259000000,1788134118260000000,0
MappedFileStorage.totalPagesMapped,1788134058259000000,1788134118260000000,15
DirectByteBufferAllocator.disposed,1788134058259000000,1788134118260000000,0
FilePageCacheLockFree.totalPagesHandedOver,1788134058259000000,1788134118260000000,0
FilePageCache.pageLoads,1788134058259000000,1788134118260000000,0
FilePageCacheLockFree.housekeeperTimeSpentMs,1788134058259000000,1788134118260000000,0
FilePageCacheLockFree.totalPagesWritten,1788134058259000000,1788134118260000000,0
FilePageCacheLockFree.totalNativeBytesReclaimed,1788134058259000000,1788134118260000000,0
DirectByteBufferAllocator.reclaimed,1788134058259000000,1788134118260000000,0
StreamlinedBlobStorage.totalLiveRecordsPayloadBytes,1788134058259000000,1788134118260000000,0
FilePageCacheLockFree.totalHeapBytesAllocated,1788134058259000000,1788134118260000000,0
FileChannelInterruptsRetryer.totalRetriedAttempts,1788134058259000000,1788134118260000000,0
FilePageCache.pageHits,1788134058259000000,1788134118260000000,0
StorageLockContext.competingThreads.90P,1788134058259000000,1788134118260000000,0
FilePageCacheLockFree.heapBytesInUse,1788134058259000000,1788134118260000000,0
FilePageCacheLockFree.totalPagesRequestsMs,1788134058259000000,1788134118260000000,0
DirectByteBufferAllocator.misses,1788134058259000000,1788134118260000000,0
FilePageCacheLockFree.totalPagesWriteMs,1788134058259000000,1788134118260000000,0
StreamlinedBlobStorage.totalLiveRecordsCapacityBytes,1788134058259000000,1788134118260000000,0
FilePageCache.maxRegisteredFiles,1788134058259000000,1788134118260000000,555
StreamlinedBlobStorage.recordsRelocated,1788134058259000000,1788134118260000000,0
MappedFileStorage.totalBytesMapped,1788134058259000000,1788134118260000000,198443008
FilePageCacheLockFree.nativeBytesInUse,1788134058259000000,1788134118260000000,0
DirectByteBufferAllocator.totalSizeOfBuffersCachedInBytes,1788134058259000000,1788134118260000000,0
FilePageCacheLockFree.totalClosedStoragesReclaimed,1788134058259000000,1788134118260000000,0
FilePageCacheLockFree.totalPagesAllocated,1788134058259000000,1788134118260000000,0
FilePageCache.maxCacheSizeInBytes,1788134058259000000,1788134118260000000,233848832
FilePageCache.totalPageDisposalsUs,1788134058259000000,1788134118260000000,0
MappedFileStorage.totalTimeSpentOnMappingUs,1788134058259000000,1788134118260000000,121999
FileNameCache.queries,1788134058259000000,1788134118260000000,0
VFS.invertedFileNameIndex.requests,1788134058259000000,1788134118260000000,0
VFS.fileChildByName,1788134058259000000,1788134118260000000,0
FileNameCache.totalMisses,1788134058259000000,1788134118260000000,0
VFS.fileByIdCache.misses,1788134058259000000,1788134118260000000,0
VFS.fileByIdCache.hits,1788134058259000000,1788134118260000000,0
Indexes.entries.lookups,1788134058259000000,1788134118260000000,0.0
Indexes.entries.lookupDurationAvgMs,1788134058259000000,1788134118260000000,0.0
IndexesFlusher.totalFlushingTimeUs,1788134058259000000,1788134118260000000,290853
Indexes.stubs.lookupDurationMaxMs,1788134058259000000,1788134118260000000,0.0
Indexes.entries.lookupDurationMaxMs,1788134058259000000,1788134118260000000,0.0
Indexes.stubs.lookupDuration90PMs,1788134058259000000,1788134118260000000,0.0
Indexes.allKeys.lookupDurationAvgMs,1788134058259000000,1788134118260000000,0.0
IndexesFlusher.totalFlushes,1788134058259000000,1788134118260000000,118
Indexes.stubs.lookups,1788134058259000000,1788134118260000000,0.0
Indexes.allKeys.lookupDurationMaxMs,1788134058259000000,1788134118260000000,0.0
IndexesFlusher.totalContentionQuotaSpent,1788134058259000000,1788134118260000000,0
Indexes.allKeys.lookupDuration90PMs,1788134058259000000,1788134118260000000,0.0
Indexes.entries.lookupDuration90PMs,1788134058259000000,1788134118260000000,0.0
Indexes.allKeys.lookups,1788134058259000000,1788134118260000000,0.0
Indexes.stubs.lookupDurationAvgMs,1788134058259000000,1788134118260000000,0.0
IndexesFlusher.totalFlushesRetried,1788134058259000000,1788134118260000000,0
WriteAction.executionsCount,1788134058259000000,1788134118260000000,0
FlushQueue.executionTimeAvgNs,1788134058259000000,1788134118260000000,41914.99588477366
AWTEventQueue.dispatchTime90PNs,1788134058259000000,1788134118260000000,175103
NonBlockingReadAction.finalizedExecutionsCount,1788134058259000000,1788134118260000000,0
FlushQueue.executionTime90PNs,1788134058259000000,1788134118260000000,68607
AWTEventQueue.dispatchTimeMaxNs,1788134058259000000,1788134118260000000,6324223
AWTEventQueue.eventsDispatched,1788134058259000000,1788134118260000000,257
ReadAction.executionsCount,1788134058259000000,1788134118260000000,0
FlushQueue.queueSize90P,1788134058259000000,1788134118260000000,0
NonBlockingReadAction.finalizedExecutionTimeUs,1788134058259000000,1788134118260000000,0
NonBlockingReadAction.failedExecutionsCount,1788134058259000000,1788134118260000000,0
FlushQueue.tasksExecuted,1788134058259000000,1788134118260000000,243
FlushQueue.queueSizeAvg,1788134058259000000,1788134118260000000,0.0205761316872428
NonBlockingReadAction.failedExecutionTimeUs,1788134058259000000,1788134118260000000,0
FlushQueue.executionTimeMaxNs,1788134058259000000,1788134118260000000,634879
FlushQueue.queueSizeMax,1788134058259000000,1788134118260000000,1
FlushQueue.waitingTimeMaxNs,1788134058259000000,1788134118260000000,3997695
FlushQueue.waitingTimeAvgNs,1788134058259000000,1788134118260000000,192608.9218106996
AWTEventQueue.dispatchTimeAvgNs,1788134058259000000,1788134118260000000,155565.0739299611
FlushQueue.waitingTime90PNs,1788134058259000000,1788134118260000000,218111
AWTEventQueue.dispatchTimeTotalNS,1788134058259000000,1788134118260000000,39983203
compiler.ArtifactManagerBridge.initBridges.ms,1788134058259000000,1788134118260000000,0
compiler.ArtifactManagerBridge.findArtifact.ms,1788134058259000000,1788134118260000000,0
compiler.ArtifactManagerBridge.commit.ms,1788134058259000000,1788134118260000000,0
compiler.ArtifactManagerBridge.getArtifacts.ms,1788134058259000000,1788134118260000000,0
compiler.ArtifactVirtualFileListener.filePathChanged.ms,1788134058259000000,1788134118260000000,0
compiler.ArtifactManagerBridge.dropMappings.ms,1788134058259000000,1788134118260000000,0
compiler.ArtifactManagerBridge.addArtifact.ms,1788134058259000000,1788134118260000000,0
compiler.ArtifactManagerBridge.getArtifactsByType.ms,1788134058259000000,1788134118260000000,0
compiler.ArtifactVirtualFileListener.propertyChanged.ms,1788134058259000000,1788134118260000000,0
JVM.totalBytesAllocated,1788134118260000000,1788134178259000000,24444744
JVM.usedHeapBytes,1788134118260000000,1788134178259000000,310925032
JVM.threadCount,1788134118260000000,1788134178259000000,61
JVM.totalDirectByteBuffersBytes,1788134118260000000,1788134178259000000,234711614
JVM.newThreadsCount,1788134118260000000,1788134178259000000,1
JVM.maxHeapBytes,1788134118260000000,1788134178259000000,2147483648
JVM.GC.collectionTimesMs,1788134118260000000,1788134178259000000,0
JVM.GC.collections,1788134118260000000,1788134178259000000,0
JVM.totalCpuTimeMs,1788134118260000000,1788134178259000000,2357
JVM.maxThreadCount,1788134118260000000,1788134178259000000,163
JVM.usedNativeBytes,1788134118260000000,1788134178259000000,336483160
OS.loadAverage,1788134118260000000,1788134178259000000,3.123046875
writeAction.count,1788134118260000000,1788134178259000000,0
writeAction.wait.ms,1788134118260000000,1788134178259000000,0
writeAction.max.wait.ms,1788134118260000000,1788134178259000000,1
writeAction.median.wait.ms,1788134118260000000,1788134178259000000,0
workspaceModel.updates.ms,1788134118260000000,1788134178259000000,0
workspaceModel.collect.changes.ms,1788134118260000000,1788134178259000000,0
workspaceModel.init.bridges.ms,1788134118260000000,1788134178259000000,0
workspaceModel.entityStorageSnapshotImpl.instances.count,1788134118260000000,1788134178259000000,0
workspaceModel.updates.precise.ms,1788134118260000000,1788134178259000000,0
workspaceModel.workspaceFileIndexData.init.ms,1788134118260000000,1788134178259000000,0
workspaceModel.workspaceFileIndexData.onEntitiesChanged.ms,1788134118260000000,1788134178259000000,0
workspaceModel.workspaceFileIndexData.instances.count,1788134118260000000,1788134178259000000,0
workspaceModel.cachedValue.clear.ms,1788134118260000000,1788134178259000000,0
workspaceModel.cachedValue.calculated.ms,1788134118260000000,1788134178259000000,0
workspaceModel.workspaceFileIndexData.markDirty.ms,1788134118260000000,1788134178259000000,0
workspaceModel.full.replace.project.model.ms,1788134118260000000,1788134178259000000,0
workspaceModel.cachedValueWithParameters.clear.ms,1788134118260000000,1788134178259000000,0
workspaceModel.workspaceFileIndexData.visitFileSets.ms,1788134118260000000,1788134178259000000,0
workspaceModel.cachedValueWithParameters.from.cache.ms,1788134118260000000,1788134178259000000,0
workspaceModel.update.unloaded.entities.ms,1788134118260000000,1788134178259000000,0
workspaceModel.updates.count,1788134118260000000,1788134178259000000,0
workspaceModel.loading.total.ms,1788134118260000000,1788134178259000000,0
workspaceModel.check.recursive.update.ms,1788134118260000000,1788134178259000000,0
workspaceModel.workspaceFileIndexData.getDirectoriesByPackageName.ms,1788134118260000000,1788134178259000000,0
workspaceModel.cachedValue.from.cache.ms,1788134118260000000,1788134178259000000,0
workspaceModel.workspaceFileIndexContributor.registerFileSets.ms,1788134118260000000,1788134178259000000,0
workspaceModel.workspaceFileIndexData.processFileSets.ms,1788134118260000000,1788134178259000000,0
workspaceModel.workspaceFileIndexData.updateDirtyEntities.ms,1788134118260000000,1788134178259000000,0
workspaceModel.cachedValueWithParameters.calculated.ms,1788134118260000000,1788134178259000000,0
workspaceModel.replace.project.model.ms,1788134118260000000,1788134178259000000,0
workspaceModel.cachedValueWithParameters.total.get.ms,1788134118260000000,1788134178259000000,0
workspaceModel.cachedValue.total.get.ms,1788134118260000000,1788134178259000000,0
workspaceModel.workspaceFileIndexData.getFileInfo.ms,1788134118260000000,1788134178259000000,0
workspaceModel.loading.from.cache.ms,1788134118260000000,1788134178259000000,0
workspaceModel.pre.handlers.ms,1788134118260000000,1788134178259000000,0
workspaceModel.to.snapshot.ms,1788134118260000000,1788134178259000000,0
workspaceModel.initializing.ms,1788134118260000000,1788134178259000000,0
workspaceModel.workspaceFileIndexData.getPackageName.ms,1788134118260000000,1788134178259000000,0
cacheStateStorage.get.counter,1788134118260000000,1788134178259000000,0
cacheStateStorage.set.duration,1788134118260000000,1788134178259000000,0
cacheStateStorage.set.counter,1788134118260000000,1788134178259000000,0
cacheStateStorage.get.duration,1788134118260000000,1788134178259000000,0
workspaceModel.mutableEntityStorage.entities.ms,1788134118260000000,1788134178259000000,0
jps.apply.loaded.storage.ms,1788134118260000000,1788134178259000000,0
jps.module.iml.entities.serializer.load.entities.ms,1788134118260000000,1788134178259000000,0
jps.global.get.library.by.name.ms,1788134118260000000,1788134178259000000,0
workspaceModel.global.updates.count,1788134118260000000,1788134178259000000,0
workspaceModel.mutableEntityStorage.referrers.ms,1788134118260000000,1788134178259000000,0
workspaceModel.mutableEntityStorage.remove.entity.ms,1788134118260000000,1788134178259000000,0
jps.global.get.libraries.ms,1788134118260000000,1788134178259000000,0
workspaceModel.mutableEntityStorage.put.entity.ms,1788134118260000000,1788134178259000000,0
workspaceModel.mutableEntityStorage.apply.changes.from.ms,1788134118260000000,1788134178259000000,0
jps.facet.change.listener.before.change.events.ms,1788134118260000000,1788134178259000000,0
workspaceModel.mutableEntityStorage.to.snapshot.ms,1788134118260000000,1788134178259000000,0
workspaceModel.moduleManagerBridge.newModule.ms,1788134118260000000,1788134178259000000,0
jps.global.handle.changed.events.ms,1788134118260000000,1788134178259000000,0
workspaceModel.global.updates.ms,1788134118260000000,1788134178259000000,0
jps.artifact.entities.serializer.save.entities.ms,1788134118260000000,1788134178259000000,0
workspaceModel.mutableEntityStorage.has.same.entities.ms,1788134118260000000,1788134178259000000,0
workspaceModel.mutableEntityStorage.add.entity.ms,1788134118260000000,1788134178259000000,0
jps.library.entities.serializer.load.entities.ms,1788134118260000000,1788134178259000000,0
workspaceModel.mutableEntityStorage.instances.count,1788134118260000000,1788134178259000000,0
workspaceModel.moduleManagerBridge.load.all.modules.ms,1788134118260000000,1788134178259000000,0
jps.facet.change.listener.process.change.events.ms,1788134118260000000,1788134178259000000,0
workspaceModel.moduleBridgeLoader.loading.modules.ms,1788134118260000000,1788134178259000000,0
workspaceModel.mutableEntityStorage.collect.changes.ms,1788134118260000000,1788134178259000000,0
jps.reload.project.entities.ms,1788134118260000000,1788134178259000000,0
workspaceModel.orphan.listener.update.ms,1788134118260000000,1788134178259000000,0
jps.global.handle.before.change.events.ms,1788134118260000000,1788134178259000000,0
jps.global.initialize.library.bridges.after.loading.ms,1788134118260000000,1788134178259000000,0
workspaceModel.moduleManagerBridge.new.nonPersistent.module.ms,1788134118260000000,1788134178259000000,0
workspaceModel.save.cache.to.file.ms,1788134118260000000,1788134178259000000,0
jps.load.initial.state.ms,1788134118260000000,1788134178259000000,0
jps.project.serializers.save.ms,1788134118260000000,1788134178259000000,0
workspaceModel.load.cache.from.file.ms,1788134118260000000,1788134178259000000,0
jps.library.entities.serializer.save.entities.ms,1788134118260000000,1788134178259000000,0
jps.app.storage.content.writer.save.component.ms,1788134118260000000,1788134178259000000,0
jps.project.serializers.load.ms,1788134118260000000,1788134178259000000,0
workspaceModel.global.apply.state.to.project.ms,1788134118260000000,1788134178259000000,0
jps.global.get.library.ms,1788134118260000000,1788134178259000000,0
workspaceModel.mutableEntityStorage.modify.entity.ms,1788134118260000000,1788134178259000000,0
workspaceModel.moduleBridge.before.changed.ms,1788134118260000000,1788134178259000000,0
workspaceModel.moduleManagerBridge.set.unloadedModules.ms,1788134118260000000,1788134178259000000,0
workspaceModel.mutableEntityStorage.replace.by.source.ms,1788134118260000000,1788134178259000000,0
jps.facet.change.listener.init.bridge.ms,1788134118260000000,1788134178259000000,0
workspaceModel.moduleBridge.update.option.ms,1788134118260000000,1788134178259000000,0
jps.artifact.entities.serializer.load.entities.ms,1788134118260000000,1788134178259000000,0
workspaceModel.moduleManagerBridge.get.modules.ms,1788134118260000000,1788134178259000000,0
workspaceModel.delayed.project.synchronizer.sync.ms,1788134118260000000,1788134178259000000,0
workspaceModel.moduleManagerBridge.build.module.graph.ms,1788134118260000000,1788134178259000000,0
jps.save.changed.project.entities.ms,1788134118260000000,1788134178259000000,0
jps.load.project.to.empty.storage.ms,1788134118260000000,1788134178259000000,0
workspaceModel.sync.entities.ms,1788134118260000000,1788134178259000000,0
workspaceModel.do.save.caches.ms,1788134118260000000,1788134178259000000,0
jps.module.iml.entities.serializer.save.entities.ms,1788134118260000000,1788134178259000000,0
jps.save.global.entities.ms,1788134118260000000,1788134178259000000,2
workspaceModel.mutableEntityStorage.entities.by.source.ms,1788134118260000000,1788134178259000000,0
workspaceModel.mutableEntityStorage.resolve.ms,1788134118260000000,1788134178259000000,0
workspaceModel.load.cache.metadata.from.file.ms,1788134118260000000,1788134178259000000,0
workspaceModel.mutableEntityStorage.mutable.vfurl.index.ms,1788134118260000000,1788134178259000000,0
workspaceModel.mutableEntityStorage.mutable.ext.mapping.ms,1788134118260000000,1788134178259000000,0
workspaceModel.moduleBridge.facet.initialization.ms,1788134118260000000,1788134178259000000,0
jps.app.storage.content.reader.load.component.ms,1788134118260000000,1788134178259000000,0
workspaceModel.moduleManagerBridge.create.module.instance.ms,1788134118260000000,1788134178259000000,0
workspaceModel.moduleManagerBridge.load.module.ms,1788134118260000000,1788134178259000000,0
workspaceModel.global.apply.state.to.project.builder.ms,1788134118260000000,1788134178259000000,0
jps.global.initialize.library.bridges.ms,1788134118260000000,1788134178259000000,0
jps.storage.jps.conf.reader.load.component.ms,1788134118260000000,1788134178259000000,0
DirectByteBufferAllocator.hits,1788134118260000000,1788134178259000000,0
FilePageCacheLockFree.totalBytesRequested,1788134118260000000,1788134178259000000,0
FilePageCache.uncachedFileAccess,1788134118260000000,1788134178259000000,0
FilePageCacheLockFree.totalBytesWritten,1788134118260000000,1788134178259000000,0
DirectByteBufferAllocator.totalSizeOfBuffersAllocatedInBytes,1788134118260000000,1788134178259000000,233848832
StreamlinedBlobStorage.recordsAllocated,1788134118260000000,1788134178259000000,0
FilePageCache.capacityInBytes,1788134118260000000,1788134178259000000,503316478
FilePageCacheLockFree.housekeeperTurnsSkipped,1788134118260000000,1788134178259000000,0
FilePageCacheLockFree.totalHeapBytesReclaimed,1788134118260000000,1788134178259000000,0
FilePageCache.totalPageLoadsUs,1788134118260000000,1788134178259000000,0
FilePageCache.disposedBuffers,1788134118260000000,1788134178259000000,0
StreamlinedBlobStorage.recordsDeleted,1788134118260000000,1788134178259000000,0
FilePageCache.pageLoadsAboveSizeThreshold,1788134118260000000,1788134178259000000,0
FilePageCacheLockFree.housekeeperTurnsDone,1788134118260000000,1788134178259000000,0
FilePageCacheLockFree.totalPagesRequested,1788134118260000000,1788134178259000000,0
FilePageCacheLockFree.totalNativeBytesAllocated,1788134118260000000,1788134178259000000,0
StorageLockContext.competingThreads.avg,1788134118260000000,1788134178259000000,0.0
FilePageCacheLockFree.totalPagesReclaimed,1788134118260000000,1788134178259000000,0
FilePageCacheLockFree.totalPageAllocationsWaited,1788134118260000000,1788134178259000000,0
MappedFileStorage.storages,1788134118260000000,1788134178259000000,15
FilePageCacheLockFree.totalPagesReadMs,1788134118260000000,1788134178259000000,0
StorageLockContext.competingThreads.max,1788134118260000000,1788134178259000000,0
FilePageCacheLockFree.totalBytesRead,1788134118260000000,1788134178259000000,0
FilePageCache.pageFastCacheHits,1788134118260000000,1788134178259000000,0
MappedFileStorage.totalPagesMapped,1788134118260000000,1788134178259000000,15
DirectByteBufferAllocator.disposed,1788134118260000000,1788134178259000000,0
FilePageCacheLockFree.totalPagesHandedOver,1788134118260000000,1788134178259000000,0
FilePageCache.pageLoads,1788134118260000000,1788134178259000000,0
FilePageCacheLockFree.housekeeperTimeSpentMs,1788134118260000000,1788134178259000000,0
FilePageCacheLockFree.totalPagesWritten,1788134118260000000,1788134178259000000,0
FilePageCacheLockFree.totalNativeBytesReclaimed,1788134118260000000,1788134178259000000,0
DirectByteBufferAllocator.reclaimed,1788134118260000000,1788134178259000000,0
StreamlinedBlobStorage.totalLiveRecordsPayloadBytes,1788134118260000000,1788134178259000000,0
FilePageCacheLockFree.totalHeapBytesAllocated,1788134118260000000,1788134178259000000,0
FileChannelInterruptsRetryer.totalRetriedAttempts,1788134118260000000,1788134178259000000,0
FilePageCache.pageHits,1788134118260000000,1788134178259000000,0
StorageLockContext.competingThreads.90P,1788134118260000000,1788134178259000000,0
FilePageCacheLockFree.heapBytesInUse,1788134118260000000,1788134178259000000,0
FilePageCacheLockFree.totalPagesRequestsMs,1788134118260000000,1788134178259000000,0
DirectByteBufferAllocator.misses,1788134118260000000,1788134178259000000,0
FilePageCacheLockFree.totalPagesWriteMs,1788134118260000000,1788134178259000000,0
StreamlinedBlobStorage.totalLiveRecordsCapacityBytes,1788134118260000000,1788134178259000000,0
FilePageCache.maxRegisteredFiles,1788134118260000000,1788134178259000000,555
StreamlinedBlobStorage.recordsRelocated,1788134118260000000,1788134178259000000,0
MappedFileStorage.totalBytesMapped,1788134118260000000,1788134178259000000,198443008
FilePageCacheLockFree.nativeBytesInUse,1788134118260000000,1788134178259000000,0
DirectByteBufferAllocator.totalSizeOfBuffersCachedInBytes,1788134118260000000,1788134178259000000,0
FilePageCacheLockFree.totalClosedStoragesReclaimed,1788134118260000000,1788134178259000000,0
FilePageCacheLockFree.totalPagesAllocated,1788134118260000000,1788134178259000000,0
FilePageCache.maxCacheSizeInBytes,1788134118260000000,1788134178259000000,233848832
FilePageCache.totalPageDisposalsUs,1788134118260000000,1788134178259000000,0
MappedFileStorage.totalTimeSpentOnMappingUs,1788134118260000000,1788134178259000000,121999
FileNameCache.queries,1788134118260000000,1788134178259000000,0
VFS.invertedFileNameIndex.requests,1788134118260000000,1788134178259000000,0
VFS.fileChildByName,1788134118260000000,1788134178259000000,8
FileNameCache.totalMisses,1788134118260000000,1788134178259000000,0
VFS.fileByIdCache.misses,1788134118260000000,1788134178259000000,0
VFS.fileByIdCache.hits,1788134118260000000,1788134178259000000,0
Indexes.entries.lookups,1788134118260000000,1788134178259000000,0.0
Indexes.entries.lookupDurationAvgMs,1788134118260000000,1788134178259000000,0.0
IndexesFlusher.totalFlushingTimeUs,1788134118260000000,1788134178259000000,252191
Indexes.stubs.lookupDurationMaxMs,1788134118260000000,1788134178259000000,0.0
Indexes.entries.lookupDurationMaxMs,1788134118260000000,1788134178259000000,0.0
Indexes.stubs.lookupDuration90PMs,1788134118260000000,1788134178259000000,0.0
Indexes.allKeys.lookupDurationAvgMs,1788134118260000000,1788134178259000000,0.0
IndexesFlusher.totalFlushes,1788134118260000000,1788134178259000000,118
Indexes.stubs.lookups,1788134118260000000,1788134178259000000,0.0
Indexes.allKeys.lookupDurationMaxMs,1788134118260000000,1788134178259000000,0.0
IndexesFlusher.totalContentionQuotaSpent,1788134118260000000,1788134178259000000,0
Indexes.allKeys.lookupDuration90PMs,1788134118260000000,1788134178259000000,0.0
Indexes.entries.lookupDuration90PMs,1788134118260000000,1788134178259000000,0.0
Indexes.allKeys.lookups,1788134118260000000,1788134178259000000,0.0
Indexes.stubs.lookupDurationAvgMs,1788134118260000000,1788134178259000000,0.0
IndexesFlusher.totalFlushesRetried,1788134118260000000,1788134178259000000,0
WriteAction.executionsCount,1788134118260000000,1788134178259000000,0
FlushQueue.executionTimeAvgNs,1788134118260000000,1788134178259000000,66598.11224489796
AWTEventQueue.dispatchTime90PNs,1788134118260000000,1788134178259000000,454655
NonBlockingReadAction.finalizedExecutionsCount,1788134118260000000,1788134178259000000,28
FlushQueue.executionTime90PNs,1788134118260000000,1788134178259000000,108543
AWTEventQueue.dispatchTimeMaxNs,1788134118260000000,1788134178259000000,1044381695
AWTEventQueue.eventsDispatched,1788134118260000000,1788134178259000000,967
ReadAction.executionsCount,1788134118260000000,1788134178259000000,6646
FlushQueue.queueSize90P,1788134118260000000,1788134178259000000,3
NonBlockingReadAction.finalizedExecutionTimeUs,1788134118260000000,1788134178259000000,2120
NonBlockingReadAction.failedExecutionsCount,1788134118260000000,1788134178259000000,0
FlushQueue.tasksExecuted,1788134118260000000,1788134178259000000,392
FlushQueue.queueSizeAvg,1788134118260000000,1788134178259000000,0.6326530612244898
NonBlockingReadAction.failedExecutionTimeUs,1788134118260000000,1788134178259000000,0
FlushQueue.executionTimeMaxNs,1788134118260000000,1788134178259000000,4161535
FlushQueue.queueSizeMax,1788134118260000000,1788134178259000000,7
FlushQueue.waitingTimeMaxNs,1788134118260000000,1788134178259000000,998244351
FlushQueue.waitingTimeAvgNs,1788134118260000000,1788134178259000000,1.0902390948979592E7
AWTEventQueue.dispatchTimeAvgNs,1788134118260000000,1788134178259000000,1432698.0765253361
FlushQueue.waitingTime90PNs,1788134118260000000,1788134178259000000,380927
AWTEventQueue.dispatchTimeTotalNS,1788134118260000000,1788134178259000000,1387606042
compiler.ArtifactManagerBridge.initBridges.ms,1788134118260000000,1788134178259000000,0
compiler.ArtifactManagerBridge.findArtifact.ms,1788134118260000000,1788134178259000000,0
compiler.ArtifactManagerBridge.commit.ms,1788134118260000000,1788134178259000000,0
compiler.ArtifactManagerBridge.getArtifacts.ms,1788134118260000000,1788134178259000000,0
compiler.ArtifactVirtualFileListener.filePathChanged.ms,1788134118260000000,1788134178259000000,0
compiler.ArtifactManagerBridge.dropMappings.ms,1788134118260000000,1788134178259000000,0
compiler.ArtifactManagerBridge.addArtifact.ms,1788134118260000000,1788134178259000000,0
compiler.ArtifactManagerBridge.getArtifactsByType.ms,1788134118260000000,1788134178259000000,0
compiler.ArtifactVirtualFileListener.propertyChanged.ms,1788134118260000000,1788134178259000000,0
JVM.totalBytesAllocated,1788134178259000000,1788134238255000000,33839064
JVM.usedHeapBytes,1788134178259000000,1788134238255000000,233697312
JVM.threadCount,1788134178259000000,1788134238255000000,65
JVM.totalDirectByteBuffersBytes,1788134178259000000,1788134238255000000,234740671
JVM.newThreadsCount,1788134178259000000,1788134238255000000,4
JVM.maxHeapBytes,1788134178259000000,1788134238255000000,2147483648
JVM.GC.collectionTimesMs,1788134178259000000,1788134238255000000,55
JVM.GC.collections,1788134178259000000,1788134238255000000,1
JVM.totalCpuTimeMs,1788134178259000000,1788134238255000000,4721
JVM.maxThreadCount,1788134178259000000,1788134238255000000,163
JVM.usedNativeBytes,1788134178259000000,1788134238255000000,344666448
OS.loadAverage,1788134178259000000,1788134238255000000,3.767578125
writeAction.count,1788134178259000000,1788134238255000000,0
writeAction.wait.ms,1788134178259000000,1788134238255000000,0
writeAction.max.wait.ms,1788134178259000000,1788134238255000000,1
writeAction.median.wait.ms,1788134178259000000,1788134238255000000,0
workspaceModel.updates.ms,1788134178259000000,1788134238255000000,0
workspaceModel.collect.changes.ms,1788134178259000000,1788134238255000000,0
workspaceModel.init.bridges.ms,1788134178259000000,1788134238255000000,0
workspaceModel.entityStorageSnapshotImpl.instances.count,1788134178259000000,1788134238255000000,0
workspaceModel.updates.precise.ms,1788134178259000000,1788134238255000000,0
workspaceModel.workspaceFileIndexData.init.ms,1788134178259000000,1788134238255000000,0
workspaceModel.workspaceFileIndexData.onEntitiesChanged.ms,1788134178259000000,1788134238255000000,0
workspaceModel.workspaceFileIndexData.instances.count,1788134178259000000,1788134238255000000,0
workspaceModel.cachedValue.clear.ms,1788134178259000000,1788134238255000000,0
workspaceModel.cachedValue.calculated.ms,1788134178259000000,1788134238255000000,0
workspaceModel.workspaceFileIndexData.markDirty.ms,1788134178259000000,1788134238255000000,0
workspaceModel.full.replace.project.model.ms,1788134178259000000,1788134238255000000,0
workspaceModel.cachedValueWithParameters.clear.ms,1788134178259000000,1788134238255000000,0
workspaceModel.workspaceFileIndexData.visitFileSets.ms,1788134178259000000,1788134238255000000,0
workspaceModel.cachedValueWithParameters.from.cache.ms,1788134178259000000,1788134238255000000,0
workspaceModel.update.unloaded.entities.ms,1788134178259000000,1788134238255000000,0
workspaceModel.updates.count,1788134178259000000,1788134238255000000,0
workspaceModel.loading.total.ms,1788134178259000000,1788134238255000000,0
workspaceModel.check.recursive.update.ms,1788134178259000000,1788134238255000000,0
workspaceModel.workspaceFileIndexData.getDirectoriesByPackageName.ms,1788134178259000000,1788134238255000000,0
workspaceModel.cachedValue.from.cache.ms,1788134178259000000,1788134238255000000,0
workspaceModel.workspaceFileIndexContributor.registerFileSets.ms,1788134178259000000,1788134238255000000,0
workspaceModel.workspaceFileIndexData.processFileSets.ms,1788134178259000000,1788134238255000000,0
workspaceModel.workspaceFileIndexData.updateDirtyEntities.ms,1788134178259000000,1788134238255000000,0
workspaceModel.cachedValueWithParameters.calculated.ms,1788134178259000000,1788134238255000000,0
workspaceModel.replace.project.model.ms,1788134178259000000,1788134238255000000,0
workspaceModel.cachedValueWithParameters.total.get.ms,1788134178259000000,1788134238255000000,0
workspaceModel.cachedValue.total.get.ms,1788134178259000000,1788134238255000000,0
workspaceModel.workspaceFileIndexData.getFileInfo.ms,1788134178259000000,1788134238255000000,3
workspaceModel.loading.from.cache.ms,1788134178259000000,1788134238255000000,0
workspaceModel.pre.handlers.ms,1788134178259000000,1788134238255000000,0
workspaceModel.to.snapshot.ms,1788134178259000000,1788134238255000000,0
workspaceModel.initializing.ms,1788134178259000000,1788134238255000000,0
workspaceModel.workspaceFileIndexData.getPackageName.ms,1788134178259000000,1788134238255000000,0
cacheStateStorage.get.counter,1788134178259000000,1788134238255000000,0
cacheStateStorage.set.duration,1788134178259000000,1788134238255000000,0
cacheStateStorage.set.counter,1788134178259000000,1788134238255000000,0
cacheStateStorage.get.duration,1788134178259000000,1788134238255000000,0
workspaceModel.mutableEntityStorage.entities.ms,1788134178259000000,1788134238255000000,0
jps.apply.loaded.storage.ms,1788134178259000000,1788134238255000000,0
jps.module.iml.entities.serializer.load.entities.ms,1788134178259000000,1788134238255000000,0
jps.global.get.library.by.name.ms,1788134178259000000,1788134238255000000,0
workspaceModel.global.updates.count,1788134178259000000,1788134238255000000,0
workspaceModel.mutableEntityStorage.referrers.ms,1788134178259000000,1788134238255000000,0
workspaceModel.mutableEntityStorage.remove.entity.ms,1788134178259000000,1788134238255000000,0
jps.global.get.libraries.ms,1788134178259000000,1788134238255000000,0
workspaceModel.mutableEntityStorage.put.entity.ms,1788134178259000000,1788134238255000000,0
workspaceModel.mutableEntityStorage.apply.changes.from.ms,1788134178259000000,1788134238255000000,0
jps.facet.change.listener.before.change.events.ms,1788134178259000000,1788134238255000000,0
workspaceModel.mutableEntityStorage.to.snapshot.ms,1788134178259000000,1788134238255000000,0
workspaceModel.moduleManagerBridge.newModule.ms,1788134178259000000,1788134238255000000,0
jps.global.handle.changed.events.ms,1788134178259000000,1788134238255000000,0
workspaceModel.global.updates.ms,1788134178259000000,1788134238255000000,0
jps.artifact.entities.serializer.save.entities.ms,1788134178259000000,1788134238255000000,0
workspaceModel.mutableEntityStorage.has.same.entities.ms,1788134178259000000,1788134238255000000,0
workspaceModel.mutableEntityStorage.add.entity.ms,1788134178259000000,1788134238255000000,0
jps.library.entities.serializer.load.entities.ms,1788134178259000000,1788134238255000000,0
workspaceModel.mutableEntityStorage.instances.count,1788134178259000000,1788134238255000000,0
workspaceModel.moduleManagerBridge.load.all.modules.ms,1788134178259000000,1788134238255000000,0
jps.facet.change.listener.process.change.events.ms,1788134178259000000,1788134238255000000,0
workspaceModel.moduleBridgeLoader.loading.modules.ms,1788134178259000000,1788134238255000000,0
workspaceModel.mutableEntityStorage.collect.changes.ms,1788134178259000000,1788134238255000000,0
jps.reload.project.entities.ms,1788134178259000000,1788134238255000000,0
workspaceModel.orphan.listener.update.ms,1788134178259000000,1788134238255000000,0
jps.global.handle.before.change.events.ms,1788134178259000000,1788134238255000000,0
jps.global.initialize.library.bridges.after.loading.ms,1788134178259000000,1788134238255000000,0
workspaceModel.moduleManagerBridge.new.nonPersistent.module.ms,1788134178259000000,1788134238255000000,0
workspaceModel.save.cache.to.file.ms,1788134178259000000,1788134238255000000,0
jps.load.initial.state.ms,1788134178259000000,1788134238255000000,0
jps.project.serializers.save.ms,1788134178259000000,1788134238255000000,0
workspaceModel.load.cache.from.file.ms,1788134178259000000,1788134238255000000,0
jps.library.entities.serializer.save.entities.ms,1788134178259000000,1788134238255000000,0
jps.app.storage.content.writer.save.component.ms,1788134178259000000,1788134238255000000,0
jps.project.serializers.load.ms,1788134178259000000,1788134238255000000,0
workspaceModel.global.apply.state.to.project.ms,1788134178259000000,1788134238255000000,0
jps.global.get.library.ms,1788134178259000000,1788134238255000000,0
workspaceModel.mutableEntityStorage.modify.entity.ms,1788134178259000000,1788134238255000000,0
workspaceModel.moduleBridge.before.changed.ms,1788134178259000000,1788134238255000000,0
workspaceModel.moduleManagerBridge.set.unloadedModules.ms,1788134178259000000,1788134238255000000,0
workspaceModel.mutableEntityStorage.replace.by.source.ms,1788134178259000000,1788134238255000000,0
jps.facet.change.listener.init.bridge.ms,1788134178259000000,1788134238255000000,0
workspaceModel.moduleBridge.update.option.ms,1788134178259000000,1788134238255000000,0
jps.artifact.entities.serializer.load.entities.ms,1788134178259000000,1788134238255000000,0
workspaceModel.moduleManagerBridge.get.modules.ms,1788134178259000000,1788134238255000000,0
workspaceModel.delayed.project.synchronizer.sync.ms,1788134178259000000,1788134238255000000,0
workspaceModel.moduleManagerBridge.build.module.graph.ms,1788134178259000000,1788134238255000000,0
jps.save.changed.project.entities.ms,1788134178259000000,1788134238255000000,0
jps.load.project.to.empty.storage.ms,1788134178259000000,1788134238255000000,0
workspaceModel.sync.entities.ms,1788134178259000000,1788134238255000000,0
workspaceModel.do.save.caches.ms,1788134178259000000,1788134238255000000,0
jps.module.iml.entities.serializer.save.entities.ms,1788134178259000000,1788134238255000000,0
jps.save.global.entities.ms,1788134178259000000,1788134238255000000,0
workspaceModel.mutableEntityStorage.entities.by.source.ms,1788134178259000000,1788134238255000000,0
workspaceModel.mutableEntityStorage.resolve.ms,1788134178259000000,1788134238255000000,0
workspaceModel.load.cache.metadata.from.file.ms,1788134178259000000,1788134238255000000,0
workspaceModel.mutableEntityStorage.mutable.vfurl.index.ms,1788134178259000000,1788134238255000000,0
workspaceModel.mutableEntityStorage.mutable.ext.mapping.ms,1788134178259000000,1788134238255000000,0
workspaceModel.moduleBridge.facet.initialization.ms,1788134178259000000,1788134238255000000,0
jps.app.storage.content.reader.load.component.ms,1788134178259000000,1788134238255000000,0
workspaceModel.moduleManagerBridge.create.module.instance.ms,1788134178259000000,1788134238255000000,0
workspaceModel.moduleManagerBridge.load.module.ms,1788134178259000000,1788134238255000000,0
workspaceModel.global.apply.state.to.project.builder.ms,1788134178259000000,1788134238255000000,0
jps.global.initialize.library.bridges.ms,1788134178259000000,1788134238255000000,0
jps.storage.jps.conf.reader.load.component.ms,1788134178259000000,1788134238255000000,0
DirectByteBufferAllocator.hits,1788134178259000000,1788134238255000000,0
FilePageCacheLockFree.totalBytesRequested,1788134178259000000,1788134238255000000,0
FilePageCache.uncachedFileAccess,1788134178259000000,1788134238255000000,0
FilePageCacheLockFree.totalBytesWritten,1788134178259000000,1788134238255000000,0
DirectByteBufferAllocator.totalSizeOfBuffersAllocatedInBytes,1788134178259000000,1788134238255000000,233848832
StreamlinedBlobStorage.recordsAllocated,1788134178259000000,1788134238255000000,0
FilePageCache.capacityInBytes,1788134178259000000,1788134238255000000,503316478
FilePageCacheLockFree.housekeeperTurnsSkipped,1788134178259000000,1788134238255000000,0
FilePageCacheLockFree.totalHeapBytesReclaimed,1788134178259000000,1788134238255000000,0
FilePageCache.totalPageLoadsUs,1788134178259000000,1788134238255000000,0
FilePageCache.disposedBuffers,1788134178259000000,1788134238255000000,0
StreamlinedBlobStorage.recordsDeleted,1788134178259000000,1788134238255000000,0
FilePageCache.pageLoadsAboveSizeThreshold,1788134178259000000,1788134238255000000,0
FilePageCacheLockFree.housekeeperTurnsDone,1788134178259000000,1788134238255000000,0
FilePageCacheLockFree.totalPagesRequested,1788134178259000000,1788134238255000000,0
FilePageCacheLockFree.totalNativeBytesAllocated,1788134178259000000,1788134238255000000,0
StorageLockContext.competingThreads.avg,1788134178259000000,1788134238255000000,0.0
FilePageCacheLockFree.totalPagesReclaimed,1788134178259000000,1788134238255000000,0
FilePageCacheLockFree.totalPageAllocationsWaited,1788134178259000000,1788134238255000000,0
MappedFileStorage.storages,1788134178259000000,1788134238255000000,15
FilePageCacheLockFree.totalPagesReadMs,1788134178259000000,1788134238255000000,0
StorageLockContext.competingThreads.max,1788134178259000000,1788134238255000000,0
FilePageCacheLockFree.totalBytesRead,1788134178259000000,1788134238255000000,0
FilePageCache.pageFastCacheHits,1788134178259000000,1788134238255000000,0
MappedFileStorage.totalPagesMapped,1788134178259000000,1788134238255000000,15
DirectByteBufferAllocator.disposed,1788134178259000000,1788134238255000000,0
FilePageCacheLockFree.totalPagesHandedOver,1788134178259000000,1788134238255000000,0
FilePageCache.pageLoads,1788134178259000000,1788134238255000000,0
FilePageCacheLockFree.housekeeperTimeSpentMs,1788134178259000000,1788134238255000000,0
FilePageCacheLockFree.totalPagesWritten,1788134178259000000,1788134238255000000,0
FilePageCacheLockFree.totalNativeBytesReclaimed,1788134178259000000,1788134238255000000,0
DirectByteBufferAllocator.reclaimed,1788134178259000000,1788134238255000000,0
StreamlinedBlobStorage.totalLiveRecordsPayloadBytes,1788134178259000000,1788134238255000000,0
FilePageCacheLockFree.totalHeapBytesAllocated,1788134178259000000,1788134238255000000,0
FileChannelInterruptsRetryer.totalRetriedAttempts,1788134178259000000,1788134238255000000,0
FilePageCache.pageHits,1788134178259000000,1788134238255000000,0
StorageLockContext.competingThreads.90P,1788134178259000000,1788134238255000000,0
FilePageCacheLockFree.heapBytesInUse,1788134178259000000,1788134238255000000,0
FilePageCacheLockFree.totalPagesRequestsMs,1788134178259000000,1788134238255000000,0
DirectByteBufferAllocator.misses,1788134178259000000,1788134238255000000,0
FilePageCacheLockFree.totalPagesWriteMs,1788134178259000000,1788134238255000000,0
StreamlinedBlobStorage.totalLiveRecordsCapacityBytes,1788134178259000000,1788134238255000000,0
FilePageCache.maxRegisteredFiles,1788134178259000000,1788134238255000000,555
StreamlinedBlobStorage.recordsRelocated,1788134178259000000,1788134238255000000,0
MappedFileStorage.totalBytesMapped,1788134178259000000,1788134238255000000,198443008
FilePageCacheLockFree.nativeBytesInUse,1788134178259000000,1788134238255000000,0
DirectByteBufferAllocator.totalSizeOfBuffersCachedInBytes,1788134178259000000,1788134238255000000,0
FilePageCacheLockFree.totalClosedStoragesReclaimed,1788134178259000000,1788134238255000000,0
FilePageCacheLockFree.totalPagesAllocated,1788134178259000000,1788134238255000000,0
FilePageCache.maxCacheSizeInBytes,1788134178259000000,1788134238255000000,233848832
FilePageCache.totalPageDisposalsUs,1788134178259000000,1788134238255000000,0
MappedFileStorage.totalTimeSpentOnMappingUs,1788134178259000000,1788134238255000000,121999
FileNameCache.queries,1788134178259000000,1788134238255000000,0
VFS.invertedFileNameIndex.requests,1788134178259000000,1788134238255000000,1
VFS.fileChildByName,1788134178259000000,1788134238255000000,90
FileNameCache.totalMisses,1788134178259000000,1788134238255000000,0
VFS.fileByIdCache.misses,1788134178259000000,1788134238255000000,0
VFS.fileByIdCache.hits,1788134178259000000,1788134238255000000,0
Indexes.entries.lookups,1788134178259000000,1788134238255000000,1.0
Indexes.entries.lookupDurationAvgMs,1788134178259000000,1788134238255000000,0.0
IndexesFlusher.totalFlushingTimeUs,1788134178259000000,1788134238255000000,232168
Indexes.stubs.lookupDurationMaxMs,1788134178259000000,1788134238255000000,0.0
Indexes.entries.lookupDurationMaxMs,1788134178259000000,1788134238255000000,0.0
Indexes.stubs.lookupDuration90PMs,1788134178259000000,1788134238255000000,0.0
Indexes.allKeys.lookupDurationAvgMs,1788134178259000000,1788134238255000000,0.0
IndexesFlusher.totalFlushes,1788134178259000000,1788134238255000000,118
Indexes.stubs.lookups,1788134178259000000,1788134238255000000,0.0
Indexes.allKeys.lookupDurationMaxMs,1788134178259000000,1788134238255000000,0.0
IndexesFlusher.totalContentionQuotaSpent,1788134178259000000,1788134238255000000,0
Indexes.allKeys.lookupDuration90PMs,1788134178259000000,1788134238255000000,0.0
Indexes.entries.lookupDuration90PMs,1788134178259000000,1788134238255000000,0.0
Indexes.allKeys.lookups,1788134178259000000,1788134238255000000,0.0
Indexes.stubs.lookupDurationAvgMs,1788134178259000000,1788134238255000000,0.0
IndexesFlusher.totalFlushesRetried,1788134178259000000,1788134238255000000,0
WriteAction.executionsCount,1788134178259000000,1788134238255000000,0
FlushQueue.executionTimeAvgNs,1788134178259000000,1788134238255000000,62713.125475285175
AWTEventQueue.dispatchTime90PNs,1788134178259000000,1788134238255000000,235519
NonBlockingReadAction.finalizedExecutionsCount,1788134178259000000,1788134238255000000,6
FlushQueue.executionTime90PNs,1788134178259000000,1788134238255000000,95231
AWTEventQueue.dispatchTimeMaxNs,1788134178259000000,1788134238255000000,8978431
AWTEventQueue.eventsDispatched,1788134178259000000,1788134238255000000,271
ReadAction.executionsCount,1788134178259000000,1788134238255000000,272
FlushQueue.queueSize90P,1788134178259000000,1788134238255000000,0
NonBlockingReadAction.finalizedExecutionTimeUs,1788134178259000000,1788134238255000000,12668
NonBlockingReadAction.failedExecutionsCount,1788134178259000000,1788134238255000000,0
FlushQueue.tasksExecuted,1788134178259000000,1788134238255000000,263
FlushQueue.queueSizeAvg,1788134178259000000,1788134238255000000,0.06463878326996197
NonBlockingReadAction.failedExecutionTimeUs,1788134178259000000,1788134238255000000,0
FlushQueue.executionTimeMaxNs,1788134178259000000,1788134238255000000,1908735
FlushQueue.queueSizeMax,1788134178259000000,1788134238255000000,5
FlushQueue.waitingTimeMaxNs,1788134178259000000,1788134238255000000,864255
FlushQueue.waitingTimeAvgNs,1788134178259000000,1788134238255000000,190112.6692015209
AWTEventQueue.dispatchTimeAvgNs,1788134178259000000,1788134238255000000,204330.9815498155
FlushQueue.waitingTime90PNs,1788134178259000000,1788134238255000000,266239
AWTEventQueue.dispatchTimeTotalNS,1788134178259000000,1788134238255000000,55355375
compiler.ArtifactManagerBridge.initBridges.ms,1788134178259000000,1788134238255000000,0
compiler.ArtifactManagerBridge.findArtifact.ms,1788134178259000000,1788134238255000000,0
compiler.ArtifactManagerBridge.commit.ms,1788134178259000000,1788134238255000000,0
compiler.ArtifactManagerBridge.getArtifacts.ms,1788134178259000000,1788134238255000000,0
compiler.ArtifactVirtualFileListener.filePathChanged.ms,1788134178259000000,1788134238255000000,0
compiler.ArtifactManagerBridge.dropMappings.ms,1788134178259000000,1788134238255000000,0
compiler.ArtifactManagerBridge.addArtifact.ms,1788134178259000000,1788134238255000000,0
compiler.ArtifactManagerBridge.getArtifactsByType.ms,1788134178259000000,1788134238255000000,0
compiler.ArtifactVirtualFileListener.propertyChanged.ms,1788134178259000000,1788134238255000000,0
JVM.totalBytesAllocated,1788134238255000000,1788134298256000000,9363560
JVM.usedHeapBytes,1788134238255000000,1788134298256000000,243134496
JVM.threadCount,1788134238255000000,1788134298256000000,59
JVM.totalDirectByteBuffersBytes,1788134238255000000,1788134298256000000,234740577
JVM.newThreadsCount,1788134238255000000,1788134298256000000,0
JVM.maxHeapBytes,1788134238255000000,1788134298256000000,2147483648
JVM.GC.collectionTimesMs,1788134238255000000,1788134298256000000,0
JVM.GC.collections,1788134238255000000,1788134298256000000,0
JVM.totalCpuTimeMs,1788134238255000000,1788134298256000000,1403
JVM.maxThreadCount,1788134238255000000,1788134298256000000,163
JVM.usedNativeBytes,1788134238255000000,1788134298256000000,345056536
OS.loadAverage,1788134238255000000,1788134298256000000,3.27392578125
writeAction.count,1788134238255000000,1788134298256000000,0
writeAction.wait.ms,1788134238255000000,1788134298256000000,0
writeAction.max.wait.ms,1788134238255000000,1788134298256000000,1
writeAction.median.wait.ms,1788134238255000000,1788134298256000000,0
workspaceModel.updates.ms,1788134238255000000,1788134298256000000,0
workspaceModel.collect.changes.ms,1788134238255000000,1788134298256000000,0
workspaceModel.init.bridges.ms,1788134238255000000,1788134298256000000,0
workspaceModel.entityStorageSnapshotImpl.instances.count,1788134238255000000,1788134298256000000,0
workspaceModel.updates.precise.ms,1788134238255000000,1788134298256000000,0
workspaceModel.workspaceFileIndexData.init.ms,1788134238255000000,1788134298256000000,0
workspaceModel.workspaceFileIndexData.onEntitiesChanged.ms,1788134238255000000,1788134298256000000,0
workspaceModel.workspaceFileIndexData.instances.count,1788134238255000000,1788134298256000000,0
workspaceModel.cachedValue.clear.ms,1788134238255000000,1788134298256000000,0
workspaceModel.cachedValue.calculated.ms,1788134238255000000,1788134298256000000,0
workspaceModel.workspaceFileIndexData.markDirty.ms,1788134238255000000,1788134298256000000,0
workspaceModel.full.replace.project.model.ms,1788134238255000000,1788134298256000000,0
workspaceModel.cachedValueWithParameters.clear.ms,1788134238255000000,1788134298256000000,0
workspaceModel.workspaceFileIndexData.visitFileSets.ms,1788134238255000000,1788134298256000000,0
workspaceModel.cachedValueWithParameters.from.cache.ms,1788134238255000000,1788134298256000000,0
workspaceModel.update.unloaded.entities.ms,1788134238255000000,1788134298256000000,0
workspaceModel.updates.count,1788134238255000000,1788134298256000000,0
workspaceModel.loading.total.ms,1788134238255000000,1788134298256000000,0
workspaceModel.check.recursive.update.ms,1788134238255000000,1788134298256000000,0
workspaceModel.workspaceFileIndexData.getDirectoriesByPackageName.ms,1788134238255000000,1788134298256000000,0
workspaceModel.cachedValue.from.cache.ms,1788134238255000000,1788134298256000000,0
workspaceModel.workspaceFileIndexContributor.registerFileSets.ms,1788134238255000000,1788134298256000000,0
workspaceModel.workspaceFileIndexData.processFileSets.ms,1788134238255000000,1788134298256000000,0
workspaceModel.workspaceFileIndexData.updateDirtyEntities.ms,1788134238255000000,1788134298256000000,0
workspaceModel.cachedValueWithParameters.calculated.ms,1788134238255000000,1788134298256000000,0
workspaceModel.replace.project.model.ms,1788134238255000000,1788134298256000000,0
workspaceModel.cachedValueWithParameters.total.get.ms,1788134238255000000,1788134298256000000,0
workspaceModel.cachedValue.total.get.ms,1788134238255000000,1788134298256000000,0
workspaceModel.workspaceFileIndexData.getFileInfo.ms,1788134238255000000,1788134298256000000,0
workspaceModel.loading.from.cache.ms,1788134238255000000,1788134298256000000,0
workspaceModel.pre.handlers.ms,1788134238255000000,1788134298256000000,0
workspaceModel.to.snapshot.ms,1788134238255000000,1788134298256000000,0
workspaceModel.initializing.ms,1788134238255000000,1788134298256000000,0
workspaceModel.workspaceFileIndexData.getPackageName.ms,1788134238255000000,1788134298256000000,0
cacheStateStorage.get.counter,1788134238255000000,1788134298256000000,0
cacheStateStorage.set.duration,1788134238255000000,1788134298256000000,0
cacheStateStorage.set.counter,1788134238255000000,1788134298256000000,0
cacheStateStorage.get.duration,1788134238255000000,1788134298256000000,0
workspaceModel.mutableEntityStorage.entities.ms,1788134238255000000,1788134298256000000,0
jps.apply.loaded.storage.ms,1788134238255000000,1788134298256000000,0
jps.module.iml.entities.serializer.load.entities.ms,1788134238255000000,1788134298256000000,0
jps.global.get.library.by.name.ms,1788134238255000000,1788134298256000000,0
workspaceModel.global.updates.count,1788134238255000000,1788134298256000000,0
workspaceModel.mutableEntityStorage.referrers.ms,1788134238255000000,1788134298256000000,0
workspaceModel.mutableEntityStorage.remove.entity.ms,1788134238255000000,1788134298256000000,0
jps.global.get.libraries.ms,1788134238255000000,1788134298256000000,0
workspaceModel.mutableEntityStorage.put.entity.ms,1788134238255000000,1788134298256000000,0
workspaceModel.mutableEntityStorage.apply.changes.from.ms,1788134238255000000,1788134298256000000,0
jps.facet.change.listener.before.change.events.ms,1788134238255000000,1788134298256000000,0
workspaceModel.mutableEntityStorage.to.snapshot.ms,1788134238255000000,1788134298256000000,0
workspaceModel.moduleManagerBridge.newModule.ms,1788134238255000000,1788134298256000000,0
jps.global.handle.changed.events.ms,1788134238255000000,1788134298256000000,0
workspaceModel.global.updates.ms,1788134238255000000,1788134298256000000,0
jps.artifact.entities.serializer.save.entities.ms,1788134238255000000,1788134298256000000,0
workspaceModel.mutableEntityStorage.has.same.entities.ms,1788134238255000000,1788134298256000000,0
workspaceModel.mutableEntityStorage.add.entity.ms,1788134238255000000,1788134298256000000,0
jps.library.entities.serializer.load.entities.ms,1788134238255000000,1788134298256000000,0
workspaceModel.mutableEntityStorage.instances.count,1788134238255000000,1788134298256000000,0
workspaceModel.moduleManagerBridge.load.all.modules.ms,1788134238255000000,1788134298256000000,0
jps.facet.change.listener.process.change.events.ms,1788134238255000000,1788134298256000000,0
workspaceModel.moduleBridgeLoader.loading.modules.ms,1788134238255000000,1788134298256000000,0
workspaceModel.mutableEntityStorage.collect.changes.ms,1788134238255000000,1788134298256000000,0
jps.reload.project.entities.ms,1788134238255000000,1788134298256000000,0
workspaceModel.orphan.listener.update.ms,1788134238255000000,1788134298256000000,0
jps.global.handle.before.change.events.ms,1788134238255000000,1788134298256000000,0
jps.global.initialize.library.bridges.after.loading.ms,1788134238255000000,1788134298256000000,0
workspaceModel.moduleManagerBridge.new.nonPersistent.module.ms,1788134238255000000,1788134298256000000,0
workspaceModel.save.cache.to.file.ms,1788134238255000000,1788134298256000000,0
jps.load.initial.state.ms,1788134238255000000,1788134298256000000,0
jps.project.serializers.save.ms,1788134238255000000,1788134298256000000,0
workspaceModel.load.cache.from.file.ms,1788134238255000000,1788134298256000000,0
jps.library.entities.serializer.save.entities.ms,1788134238255000000,1788134298256000000,0
jps.app.storage.content.writer.save.component.ms,1788134238255000000,1788134298256000000,0
jps.project.serializers.load.ms,1788134238255000000,1788134298256000000,0
workspaceModel.global.apply.state.to.project.ms,1788134238255000000,1788134298256000000,0
jps.global.get.library.ms,1788134238255000000,1788134298256000000,0
workspaceModel.mutableEntityStorage.modify.entity.ms,1788134238255000000,1788134298256000000,0
workspaceModel.moduleBridge.before.changed.ms,1788134238255000000,1788134298256000000,0
workspaceModel.moduleManagerBridge.set.unloadedModules.ms,1788134238255000000,1788134298256000000,0
workspaceModel.mutableEntityStorage.replace.by.source.ms,1788134238255000000,1788134298256000000,0
jps.facet.change.listener.init.bridge.ms,1788134238255000000,1788134298256000000,0
workspaceModel.moduleBridge.update.option.ms,1788134238255000000,1788134298256000000,0
jps.artifact.entities.serializer.load.entities.ms,1788134238255000000,1788134298256000000,0
workspaceModel.moduleManagerBridge.get.modules.ms,1788134238255000000,1788134298256000000,0
workspaceModel.delayed.project.synchronizer.sync.ms,1788134238255000000,1788134298256000000,0
workspaceModel.moduleManagerBridge.build.module.graph.ms,1788134238255000000,1788134298256000000,0
jps.save.changed.project.entities.ms,1788134238255000000,1788134298256000000,0
jps.load.project.to.empty.storage.ms,1788134238255000000,1788134298256000000,0
workspaceModel.sync.entities.ms,1788134238255000000,1788134298256000000,0
workspaceModel.do.save.caches.ms,1788134238255000000,1788134298256000000,0
jps.module.iml.entities.serializer.save.entities.ms,1788134238255000000,1788134298256000000,0
jps.save.global.entities.ms,1788134238255000000,1788134298256000000,0
workspaceModel.mutableEntityStorage.entities.by.source.ms,1788134238255000000,1788134298256000000,0
workspaceModel.mutableEntityStorage.resolve.ms,1788134238255000000,1788134298256000000,0
workspaceModel.load.cache.metadata.from.file.ms,1788134238255000000,1788134298256000000,0
workspaceModel.mutableEntityStorage.mutable.vfurl.index.ms,1788134238255000000,1788134298256000000,0
workspaceModel.mutableEntityStorage.mutable.ext.mapping.ms,1788134238255000000,1788134298256000000,0
workspaceModel.moduleBridge.facet.initialization.ms,1788134238255000000,1788134298256000000,0
jps.app.storage.content.reader.load.component.ms,1788134238255000000,1788134298256000000,0
workspaceModel.moduleManagerBridge.create.module.instance.ms,1788134238255000000,1788134298256000000,0
workspaceModel.moduleManagerBridge.load.module.ms,1788134238255000000,1788134298256000000,0
workspaceModel.global.apply.state.to.project.builder.ms,1788134238255000000,1788134298256000000,0
jps.global.initialize.library.bridges.ms,1788134238255000000,1788134298256000000,0
jps.storage.jps.conf.reader.load.component.ms,1788134238255000000,1788134298256000000,0
DirectByteBufferAllocator.hits,1788134238255000000,1788134298256000000,0
FilePageCacheLockFree.totalBytesRequested,1788134238255000000,1788134298256000000,0
FilePageCache.uncachedFileAccess,1788134238255000000,1788134298256000000,0
FilePageCacheLockFree.totalBytesWritten,1788134238255000000,1788134298256000000,0
DirectByteBufferAllocator.totalSizeOfBuffersAllocatedInBytes,1788134238255000000,1788134298256000000,233848832
StreamlinedBlobStorage.recordsAllocated,1788134238255000000,1788134298256000000,0
FilePageCache.capacityInBytes,1788134238255000000,1788134298256000000,503316478
FilePageCacheLockFree.housekeeperTurnsSkipped,1788134238255000000,1788134298256000000,0
FilePageCacheLockFree.totalHeapBytesReclaimed,1788134238255000000,1788134298256000000,0
FilePageCache.totalPageLoadsUs,1788134238255000000,1788134298256000000,0
FilePageCache.disposedBuffers,1788134238255000000,1788134298256000000,0
StreamlinedBlobStorage.recordsDeleted,1788134238255000000,1788134298256000000,0
FilePageCache.pageLoadsAboveSizeThreshold,1788134238255000000,1788134298256000000,0
FilePageCacheLockFree.housekeeperTurnsDone,1788134238255000000,1788134298256000000,0
FilePageCacheLockFree.totalPagesRequested,1788134238255000000,1788134298256000000,0
FilePageCacheLockFree.totalNativeBytesAllocated,1788134238255000000,1788134298256000000,0
StorageLockContext.competingThreads.avg,1788134238255000000,1788134298256000000,0.0
FilePageCacheLockFree.totalPagesReclaimed,1788134238255000000,1788134298256000000,0
FilePageCacheLockFree.totalPageAllocationsWaited,1788134238255000000,1788134298256000000,0
MappedFileStorage.storages,1788134238255000000,1788134298256000000,15
FilePageCacheLockFree.totalPagesReadMs,1788134238255000000,1788134298256000000,0
StorageLockContext.competingThreads.max,1788134238255000000,1788134298256000000,0
FilePageCacheLockFree.totalBytesRead,1788134238255000000,1788134298256000000,0
FilePageCache.pageFastCacheHits,1788134238255000000,1788134298256000000,0
MappedFileStorage.totalPagesMapped,1788134238255000000,1788134298256000000,15
DirectByteBufferAllocator.disposed,1788134238255000000,1788134298256000000,0
FilePageCacheLockFree.totalPagesHandedOver,1788134238255000000,1788134298256000000,0
FilePageCache.pageLoads,1788134238255000000,1788134298256000000,0
FilePageCacheLockFree.housekeeperTimeSpentMs,1788134238255000000,1788134298256000000,0
FilePageCacheLockFree.totalPagesWritten,1788134238255000000,1788134298256000000,0
FilePageCacheLockFree.totalNativeBytesReclaimed,1788134238255000000,1788134298256000000,0
DirectByteBufferAllocator.reclaimed,1788134238255000000,1788134298256000000,0
StreamlinedBlobStorage.totalLiveRecordsPayloadBytes,1788134238255000000,1788134298256000000,0
FilePageCacheLockFree.totalHeapBytesAllocated,1788134238255000000,1788134298256000000,0
FileChannelInterruptsRetryer.totalRetriedAttempts,1788134238255000000,1788134298256000000,0
FilePageCache.pageHits,1788134238255000000,1788134298256000000,0
StorageLockContext.competingThreads.90P,1788134238255000000,1788134298256000000,0
FilePageCacheLockFree.heapBytesInUse,1788134238255000000,1788134298256000000,0
FilePageCacheLockFree.totalPagesRequestsMs,1788134238255000000,1788134298256000000,0
DirectByteBufferAllocator.misses,1788134238255000000,1788134298256000000,0
FilePageCacheLockFree.totalPagesWriteMs,1788134238255000000,1788134298256000000,0
StreamlinedBlobStorage.totalLiveRecordsCapacityBytes,1788134238255000000,1788134298256000000,0
FilePageCache.maxRegisteredFiles,1788134238255000000,1788134298256000000,555
StreamlinedBlobStorage.recordsRelocated,1788134238255000000,1788134298256000000,0
MappedFileStorage.totalBytesMapped,1788134238255000000,1788134298256000000,198443008
FilePageCacheLockFree.nativeBytesInUse,1788134238255000000,1788134298256000000,0
DirectByteBufferAllocator.totalSizeOfBuffersCachedInBytes,1788134238255000000,1788134298256000000,0
FilePageCacheLockFree.totalClosedStoragesReclaimed,1788134238255000000,1788134298256000000,0
FilePageCacheLockFree.totalPagesAllocated,1788134238255000000,1788134298256000000,0
FilePageCache.maxCacheSizeInBytes,1788134238255000000,1788134298256000000,233848832
FilePageCache.totalPageDisposalsUs,1788134238255000000,1788134298256000000,0
MappedFileStorage.totalTimeSpentOnMappingUs,1788134238255000000,1788134298256000000,121999
FileNameCache.queries,1788134238255000000,1788134298256000000,0
VFS.invertedFileNameIndex.requests,1788134238255000000,1788134298256000000,0
VFS.fileChildByName,1788134238255000000,1788134298256000000,0
FileNameCache.totalMisses,1788134238255000000,1788134298256000000,0
VFS.fileByIdCache.misses,1788134238255000000,1788134298256000000,0
VFS.fileByIdCache.hits,1788134238255000000,1788134298256000000,0
Indexes.entries.lookups,1788134238255000000,1788134298256000000,0.0
Indexes.entries.lookupDurationAvgMs,1788134238255000000,1788134298256000000,0.0
IndexesFlusher.totalFlushingTimeUs,1788134238255000000,1788134298256000000,274626
Indexes.stubs.lookupDurationMaxMs,1788134238255000000,1788134298256000000,0.0
Indexes.entries.lookupDurationMaxMs,1788134238255000000,1788134298256000000,0.0
Indexes.stubs.lookupDuration90PMs,1788134238255000000,1788134298256000000,0.0
Indexes.allKeys.lookupDurationAvgMs,1788134238255000000,1788134298256000000,0.0
IndexesFlusher.totalFlushes,1788134238255000000,1788134298256000000,118
Indexes.stubs.lookups,1788134238255000000,1788134298256000000,0.0
Indexes.allKeys.lookupDurationMaxMs,1788134238255000000,1788134298256000000,0.0
IndexesFlusher.totalContentionQuotaSpent,1788134238255000000,1788134298256000000,0
Indexes.allKeys.lookupDuration90PMs,1788134238255000000,1788134298256000000,0.0
Indexes.entries.lookupDuration90PMs,1788134238255000000,1788134298256000000,0.0
Indexes.allKeys.lookups,1788134238255000000,1788134298256000000,0.0
Indexes.stubs.lookupDurationAvgMs,1788134238255000000,1788134298256000000,0.0
IndexesFlusher.totalFlushesRetried,1788134238255000000,1788134298256000000,0
WriteAction.executionsCount,1788134238255000000,1788134298256000000,0
FlushQueue.executionTimeAvgNs,1788134238255000000,1788134298256000000,37302.56066945607
AWTEventQueue.dispatchTime90PNs,1788134238255000000,1788134298256000000,160767
NonBlockingReadAction.finalizedExecutionsCount,1788134238255000000,1788134298256000000,0
FlushQueue.executionTime90PNs,1788134238255000000,1788134298256000000,75775
AWTEventQueue.dispatchTimeMaxNs,1788134238255000000,1788134298256000000,5832703
AWTEventQueue.eventsDispatched,1788134238255000000,1788134298256000000,252
ReadAction.executionsCount,1788134238255000000,1788134298256000000,0
FlushQueue.queueSize90P,1788134238255000000,1788134298256000000,0
NonBlockingReadAction.finalizedExecutionTimeUs,1788134238255000000,1788134298256000000,0
NonBlockingReadAction.failedExecutionsCount,1788134238255000000,1788134298256000000,0
FlushQueue.tasksExecuted,1788134238255000000,1788134298256000000,239
FlushQueue.queueSizeAvg,1788134238255000000,1788134298256000000,0.0
NonBlockingReadAction.failedExecutionTimeUs,1788134238255000000,1788134298256000000,0
FlushQueue.executionTimeMaxNs,1788134238255000000,1788134298256000000,395263
FlushQueue.queueSizeMax,1788134238255000000,1788134298256000000,0
FlushQueue.waitingTimeMaxNs,1788134238255000000,1788134298256000000,448511
FlushQueue.waitingTimeAvgNs,1788134238255000000,1788134298256000000,173345.2050209205
AWTEventQueue.dispatchTimeAvgNs,1788134238255000000,1788134298256000000,134996.31746031746
FlushQueue.waitingTime90PNs,1788134238255000000,1788134298256000000,217087
AWTEventQueue.dispatchTimeTotalNS,1788134238255000000,1788134298256000000,34180805
compiler.ArtifactManagerBridge.initBridges.ms,1788134238255000000,1788134298256000000,0
compiler.ArtifactManagerBridge.findArtifact.ms,1788134238255000000,1788134298256000000,0
compiler.ArtifactManagerBridge.commit.ms,1788134238255000000,1788134298256000000,0
compiler.ArtifactManagerBridge.getArtifacts.ms,1788134238255000000,1788134298256000000,0
compiler.ArtifactVirtualFileListener.filePathChanged.ms,1788134238255000000,1788134298256000000,0
compiler.ArtifactManagerBridge.dropMappings.ms,1788134238255000000,1788134298256000000,0
compiler.ArtifactManagerBridge.addArtifact.ms,1788134238255000000,1788134298256000000,0
compiler.ArtifactManagerBridge.getArtifactsByType.ms,1788134238255000000,1788134298256000000,0
compiler.ArtifactVirtualFileListener.propertyChanged.ms,1788134238255000000,1788134298256000000,0
JVM.totalBytesAllocated,1788134298256000000,1788134358226000000,9425712
JVM.usedHeapBytes,1788134298256000000,1788134358226000000,252571680
JVM.threadCount,1788134298256000000,1788134358226000000,58
JVM.totalDirectByteBuffersBytes,1788134298256000000,1788134358226000000,234732385
JVM.newThreadsCount,1788134298256000000,1788134358226000000,0
JVM.maxHeapBytes,1788134298256000000,1788134358226000000,2147483648
JVM.GC.collectionTimesMs,1788134298256000000,1788134358226000000,0
JVM.GC.collections,1788134298256000000,1788134358226000000,0
JVM.totalCpuTimeMs,1788134298256000000,1788134358226000000,1183
JVM.maxThreadCount,1788134298256000000,1788134358226000000,163
JVM.usedNativeBytes,1788134298256000000,1788134358226000000,345213168
OS.loadAverage,1788134298256000000,1788134358226000000,2.2412109375
writeAction.count,1788134298256000000,1788134358226000000,0
writeAction.wait.ms,1788134298256000000,1788134358226000000,0
writeAction.max.wait.ms,1788134298256000000,1788134358226000000,1
writeAction.median.wait.ms,1788134298256000000,1788134358226000000,0
workspaceModel.updates.ms,1788134298256000000,1788134358226000000,0
workspaceModel.collect.changes.ms,1788134298256000000,1788134358226000000,0
workspaceModel.init.bridges.ms,1788134298256000000,1788134358226000000,0
workspaceModel.entityStorageSnapshotImpl.instances.count,1788134298256000000,1788134358226000000,0
workspaceModel.updates.precise.ms,1788134298256000000,1788134358226000000,0
workspaceModel.workspaceFileIndexData.init.ms,1788134298256000000,1788134358226000000,0
workspaceModel.workspaceFileIndexData.onEntitiesChanged.ms,1788134298256000000,1788134358226000000,0
workspaceModel.workspaceFileIndexData.instances.count,1788134298256000000,1788134358226000000,0
workspaceModel.cachedValue.clear.ms,1788134298256000000,1788134358226000000,0
workspaceModel.cachedValue.calculated.ms,1788134298256000000,1788134358226000000,0
workspaceModel.workspaceFileIndexData.markDirty.ms,1788134298256000000,1788134358226000000,0
workspaceModel.full.replace.project.model.ms,1788134298256000000,1788134358226000000,0
workspaceModel.cachedValueWithParameters.clear.ms,1788134298256000000,1788134358226000000,0
workspaceModel.workspaceFileIndexData.visitFileSets.ms,1788134298256000000,1788134358226000000,0
workspaceModel.cachedValueWithParameters.from.cache.ms,1788134298256000000,1788134358226000000,0
workspaceModel.update.unloaded.entities.ms,1788134298256000000,1788134358226000000,0
workspaceModel.updates.count,1788134298256000000,1788134358226000000,0
workspaceModel.loading.total.ms,1788134298256000000,1788134358226000000,0
workspaceModel.check.recursive.update.ms,1788134298256000000,1788134358226000000,0
workspaceModel.workspaceFileIndexData.getDirectoriesByPackageName.ms,1788134298256000000,1788134358226000000,0
workspaceModel.cachedValue.from.cache.ms,1788134298256000000,1788134358226000000,0
workspaceModel.workspaceFileIndexContributor.registerFileSets.ms,1788134298256000000,1788134358226000000,0
workspaceModel.workspaceFileIndexData.processFileSets.ms,1788134298256000000,1788134358226000000,0
workspaceModel.workspaceFileIndexData.updateDirtyEntities.ms,1788134298256000000,1788134358226000000,0
workspaceModel.cachedValueWithParameters.calculated.ms,1788134298256000000,1788134358226000000,0
workspaceModel.replace.project.model.ms,1788134298256000000,1788134358226000000,0
workspaceModel.cachedValueWithParameters.total.get.ms,1788134298256000000,1788134358226000000,0
workspaceModel.cachedValue.total.get.ms,1788134298256000000,1788134358226000000,0
workspaceModel.workspaceFileIndexData.getFileInfo.ms,1788134298256000000,1788134358226000000,0
workspaceModel.loading.from.cache.ms,1788134298256000000,1788134358226000000,0
workspaceModel.pre.handlers.ms,1788134298256000000,1788134358226000000,0
workspaceModel.to.snapshot.ms,1788134298256000000,1788134358226000000,0
workspaceModel.initializing.ms,1788134298256000000,1788134358226000000,0
workspaceModel.workspaceFileIndexData.getPackageName.ms,1788134298256000000,1788134358226000000,0
cacheStateStorage.get.counter,1788134298256000000,1788134358226000000,0
cacheStateStorage.set.duration,1788134298256000000,1788134358226000000,0
cacheStateStorage.set.counter,1788134298256000000,1788134358226000000,0
cacheStateStorage.get.duration,1788134298256000000,1788134358226000000,0
workspaceModel.mutableEntityStorage.entities.ms,1788134298256000000,1788134358226000000,0
jps.apply.loaded.storage.ms,1788134298256000000,1788134358226000000,0
jps.module.iml.entities.serializer.load.entities.ms,1788134298256000000,1788134358226000000,0
jps.global.get.library.by.name.ms,1788134298256000000,1788134358226000000,0
workspaceModel.global.updates.count,1788134298256000000,1788134358226000000,0
workspaceModel.mutableEntityStorage.referrers.ms,1788134298256000000,1788134358226000000,0
workspaceModel.mutableEntityStorage.remove.entity.ms,1788134298256000000,1788134358226000000,0
jps.global.get.libraries.ms,1788134298256000000,1788134358226000000,0
workspaceModel.mutableEntityStorage.put.entity.ms,1788134298256000000,1788134358226000000,0
workspaceModel.mutableEntityStorage.apply.changes.from.ms,1788134298256000000,1788134358226000000,0
jps.facet.change.listener.before.change.events.ms,1788134298256000000,1788134358226000000,0
workspaceModel.mutableEntityStorage.to.snapshot.ms,1788134298256000000,1788134358226000000,0
workspaceModel.moduleManagerBridge.newModule.ms,1788134298256000000,1788134358226000000,0
jps.global.handle.changed.events.ms,1788134298256000000,1788134358226000000,0
workspaceModel.global.updates.ms,1788134298256000000,1788134358226000000,0
jps.artifact.entities.serializer.save.entities.ms,1788134298256000000,1788134358226000000,0
workspaceModel.mutableEntityStorage.has.same.entities.ms,1788134298256000000,1788134358226000000,0
workspaceModel.mutableEntityStorage.add.entity.ms,1788134298256000000,1788134358226000000,0
jps.library.entities.serializer.load.entities.ms,1788134298256000000,1788134358226000000,0
workspaceModel.mutableEntityStorage.instances.count,1788134298256000000,1788134358226000000,0
workspaceModel.moduleManagerBridge.load.all.modules.ms,1788134298256000000,1788134358226000000,0
jps.facet.change.listener.process.change.events.ms,1788134298256000000,1788134358226000000,0
workspaceModel.moduleBridgeLoader.loading.modules.ms,1788134298256000000,1788134358226000000,0
workspaceModel.mutableEntityStorage.collect.changes.ms,1788134298256000000,1788134358226000000,0
jps.reload.project.entities.ms,1788134298256000000,1788134358226000000,0
workspaceModel.orphan.listener.update.ms,1788134298256000000,1788134358226000000,0
jps.global.handle.before.change.events.ms,1788134298256000000,1788134358226000000,0
jps.global.initialize.library.bridges.after.loading.ms,1788134298256000000,1788134358226000000,0
workspaceModel.moduleManagerBridge.new.nonPersistent.module.ms,1788134298256000000,1788134358226000000,0
workspaceModel.save.cache.to.file.ms,1788134298256000000,1788134358226000000,0
jps.load.initial.state.ms,1788134298256000000,1788134358226000000,0
jps.project.serializers.save.ms,1788134298256000000,1788134358226000000,0
workspaceModel.load.cache.from.file.ms,1788134298256000000,1788134358226000000,0
jps.library.entities.serializer.save.entities.ms,1788134298256000000,1788134358226000000,0
jps.app.storage.content.writer.save.component.ms,1788134298256000000,1788134358226000000,0
jps.project.serializers.load.ms,1788134298256000000,1788134358226000000,0
workspaceModel.global.apply.state.to.project.ms,1788134298256000000,1788134358226000000,0
jps.global.get.library.ms,1788134298256000000,1788134358226000000,0
workspaceModel.mutableEntityStorage.modify.entity.ms,1788134298256000000,1788134358226000000,0
workspaceModel.moduleBridge.before.changed.ms,1788134298256000000,1788134358226000000,0
workspaceModel.moduleManagerBridge.set.unloadedModules.ms,1788134298256000000,1788134358226000000,0
workspaceModel.mutableEntityStorage.replace.by.source.ms,1788134298256000000,1788134358226000000,0
jps.facet.change.listener.init.bridge.ms,1788134298256000000,1788134358226000000,0
workspaceModel.moduleBridge.update.option.ms,1788134298256000000,1788134358226000000,0
jps.artifact.entities.serializer.load.entities.ms,1788134298256000000,1788134358226000000,0
workspaceModel.moduleManagerBridge.get.modules.ms,1788134298256000000,1788134358226000000,0
workspaceModel.delayed.project.synchronizer.sync.ms,1788134298256000000,1788134358226000000,0
workspaceModel.moduleManagerBridge.build.module.graph.ms,1788134298256000000,1788134358226000000,0
jps.save.changed.project.entities.ms,1788134298256000000,1788134358226000000,0
jps.load.project.to.empty.storage.ms,1788134298256000000,1788134358226000000,0
workspaceModel.sync.entities.ms,1788134298256000000,1788134358226000000,0
workspaceModel.do.save.caches.ms,1788134298256000000,1788134358226000000,0
jps.module.iml.entities.serializer.save.entities.ms,1788134298256000000,1788134358226000000,0
jps.save.global.entities.ms,1788134298256000000,1788134358226000000,0
workspaceModel.mutableEntityStorage.entities.by.source.ms,1788134298256000000,1788134358226000000,0
workspaceModel.mutableEntityStorage.resolve.ms,1788134298256000000,1788134358226000000,0
workspaceModel.load.cache.metadata.from.file.ms,1788134298256000000,1788134358226000000,0
workspaceModel.mutableEntityStorage.mutable.vfurl.index.ms,1788134298256000000,1788134358226000000,0
workspaceModel.mutableEntityStorage.mutable.ext.mapping.ms,1788134298256000000,1788134358226000000,0
workspaceModel.moduleBridge.facet.initialization.ms,1788134298256000000,1788134358226000000,0
jps.app.storage.content.reader.load.component.ms,1788134298256000000,1788134358226000000,0
workspaceModel.moduleManagerBridge.create.module.instance.ms,1788134298256000000,1788134358226000000,0
workspaceModel.moduleManagerBridge.load.module.ms,1788134298256000000,1788134358226000000,0
workspaceModel.global.apply.state.to.project.builder.ms,1788134298256000000,1788134358226000000,0
jps.global.initialize.library.bridges.ms,1788134298256000000,1788134358226000000,0
jps.storage.jps.conf.reader.load.component.ms,1788134298256000000,1788134358226000000,0
DirectByteBufferAllocator.hits,1788134298256000000,1788134358226000000,0
FilePageCacheLockFree.totalBytesRequested,1788134298256000000,1788134358226000000,0
FilePageCache.uncachedFileAccess,1788134298256000000,1788134358226000000,0
FilePageCacheLockFree.totalBytesWritten,1788134298256000000,1788134358226000000,0
DirectByteBufferAllocator.totalSizeOfBuffersAllocatedInBytes,1788134298256000000,1788134358226000000,233848832
StreamlinedBlobStorage.recordsAllocated,1788134298256000000,1788134358226000000,0
FilePageCache.capacityInBytes,1788134298256000000,1788134358226000000,503316478
FilePageCacheLockFree.housekeeperTurnsSkipped,1788134298256000000,1788134358226000000,0
FilePageCacheLockFree.totalHeapBytesReclaimed,1788134298256000000,1788134358226000000,0
FilePageCache.totalPageLoadsUs,1788134298256000000,1788134358226000000,0
FilePageCache.disposedBuffers,1788134298256000000,1788134358226000000,0
StreamlinedBlobStorage.recordsDeleted,1788134298256000000,1788134358226000000,0
FilePageCache.pageLoadsAboveSizeThreshold,1788134298256000000,1788134358226000000,0
FilePageCacheLockFree.housekeeperTurnsDone,1788134298256000000,1788134358226000000,0
FilePageCacheLockFree.totalPagesRequested,1788134298256000000,1788134358226000000,0
FilePageCacheLockFree.totalNativeBytesAllocated,1788134298256000000,1788134358226000000,0
StorageLockContext.competingThreads.avg,1788134298256000000,1788134358226000000,0.0
FilePageCacheLockFree.totalPagesReclaimed,1788134298256000000,1788134358226000000,0
FilePageCacheLockFree.totalPageAllocationsWaited,1788134298256000000,1788134358226000000,0
MappedFileStorage.storages,1788134298256000000,1788134358226000000,15
FilePageCacheLockFree.totalPagesReadMs,1788134298256000000,1788134358226000000,0
StorageLockContext.competingThreads.max,1788134298256000000,1788134358226000000,0
FilePageCacheLockFree.totalBytesRead,1788134298256000000,1788134358226000000,0
FilePageCache.pageFastCacheHits,1788134298256000000,1788134358226000000,0
MappedFileStorage.totalPagesMapped,1788134298256000000,1788134358226000000,15
DirectByteBufferAllocator.disposed,1788134298256000000,1788134358226000000,0
FilePageCacheLockFree.totalPagesHandedOver,1788134298256000000,1788134358226000000,0
FilePageCache.pageLoads,1788134298256000000,1788134358226000000,0
FilePageCacheLockFree.housekeeperTimeSpentMs,1788134298256000000,1788134358226000000,0
FilePageCacheLockFree.totalPagesWritten,1788134298256000000,1788134358226000000,0
FilePageCacheLockFree.totalNativeBytesReclaimed,1788134298256000000,1788134358226000000,0
DirectByteBufferAllocator.reclaimed,1788134298256000000,1788134358226000000,0
StreamlinedBlobStorage.totalLiveRecordsPayloadBytes,1788134298256000000,1788134358226000000,0
FilePageCacheLockFree.totalHeapBytesAllocated,1788134298256000000,1788134358226000000,0
FileChannelInterruptsRetryer.totalRetriedAttempts,1788134298256000000,1788134358226000000,0
FilePageCache.pageHits,1788134298256000000,1788134358226000000,0
StorageLockContext.competingThreads.90P,1788134298256000000,1788134358226000000,0
FilePageCacheLockFree.heapBytesInUse,1788134298256000000,1788134358226000000,0
FilePageCacheLockFree.totalPagesRequestsMs,1788134298256000000,1788134358226000000,0
DirectByteBufferAllocator.misses,1788134298256000000,1788134358226000000,0
FilePageCacheLockFree.totalPagesWriteMs,1788134298256000000,1788134358226000000,0
StreamlinedBlobStorage.totalLiveRecordsCapacityBytes,1788134298256000000,1788134358226000000,0
FilePageCache.maxRegisteredFiles,1788134298256000000,1788134358226000000,555
StreamlinedBlobStorage.recordsRelocated,1788134298256000000,1788134358226000000,0
MappedFileStorage.totalBytesMapped,1788134298256000000,1788134358226000000,198443008
FilePageCacheLockFree.nativeBytesInUse,1788134298256000000,1788134358226000000,0
DirectByteBufferAllocator.totalSizeOfBuffersCachedInBytes,1788134298256000000,1788134358226000000,0
FilePageCacheLockFree.totalClosedStoragesReclaimed,1788134298256000000,1788134358226000000,0
FilePageCacheLockFree.totalPagesAllocated,1788134298256000000,1788134358226000000,0
FilePageCache.maxCacheSizeInBytes,1788134298256000000,1788134358226000000,233848832
FilePageCache.totalPageDisposalsUs,1788134298256000000,1788134358226000000,0
MappedFileStorage.totalTimeSpentOnMappingUs,1788134298256000000,1788134358226000000,121999
FileNameCache.queries,1788134298256000000,1788134358226000000,0
VFS.invertedFileNameIndex.requests,1788134298256000000,1788134358226000000,0
VFS.fileChildByName,1788134298256000000,1788134358226000000,0
FileNameCache.totalMisses,1788134298256000000,1788134358226000000,0
VFS.fileByIdCache.misses,1788134298256000000,1788134358226000000,0
VFS.fileByIdCache.hits,1788134298256000000,1788134358226000000,0
Indexes.entries.lookups,1788134298256000000,1788134358226000000,0.0
Indexes.entries.lookupDurationAvgMs,1788134298256000000,1788134358226000000,0.0
IndexesFlusher.totalFlushingTimeUs,1788134298256000000,1788134358226000000,228241
Indexes.stubs.lookupDurationMaxMs,1788134298256000000,1788134358226000000,0.0
Indexes.entries.lookupDurationMaxMs,1788134298256000000,1788134358226000000,0.0
Indexes.stubs.lookupDuration90PMs,1788134298256000000,1788134358226000000,0.0
Indexes.allKeys.lookupDurationAvgMs,1788134298256000000,1788134358226000000,0.0
IndexesFlusher.totalFlushes,1788134298256000000,1788134358226000000,118
Indexes.stubs.lookups,1788134298256000000,1788134358226000000,0.0
Indexes.allKeys.lookupDurationMaxMs,1788134298256000000,1788134358226000000,0.0
IndexesFlusher.totalContentionQuotaSpent,1788134298256000000,1788134358226000000,0
Indexes.allKeys.lookupDuration90PMs,1788134298256000000,1788134358226000000,0.0
Indexes.entries.lookupDuration90PMs,1788134298256000000,1788134358226000000,0.0
Indexes.allKeys.lookups,1788134298256000000,1788134358226000000,0.0
Indexes.stubs.lookupDurationAvgMs,1788134298256000000,1788134358226000000,0.0
IndexesFlusher.totalFlushesRetried,1788134298256000000,1788134358226000000,0
WriteAction.executionsCount,1788134298256000000,1788134358226000000,0
FlushQueue.executionTimeAvgNs,1788134298256000000,1788134358226000000,33736.89256198347
AWTEventQueue.dispatchTime90PNs,1788134298256000000,1788134358226000000,172031
NonBlockingReadAction.finalizedExecutionsCount,1788134298256000000,1788134358226000000,0
FlushQueue.executionTime90PNs,1788134298256000000,1788134358226000000,59391
AWTEventQueue.dispatchTimeMaxNs,1788134298256000000,1788134358226000000,14286847
AWTEventQueue.eventsDispatched,1788134298256000000,1788134358226000000,255
ReadAction.executionsCount,1788134298256000000,1788134358226000000,0
FlushQueue.queueSize90P,1788134298256000000,1788134358226000000,0
NonBlockingReadAction.finalizedExecutionTimeUs,1788134298256000000,1788134358226000000,0
NonBlockingReadAction.failedExecutionsCount,1788134298256000000,1788134358226000000,0
FlushQueue.tasksExecuted,1788134298256000000,1788134358226000000,242
FlushQueue.queueSizeAvg,1788134298256000000,1788134358226000000,0.004132231404958678
NonBlockingReadAction.failedExecutionTimeUs,1788134298256000000,1788134358226000000,0
FlushQueue.executionTimeMaxNs,1788134298256000000,1788134358226000000,950271
FlushQueue.queueSizeMax,1788134298256000000,1788134358226000000,1
FlushQueue.waitingTimeMaxNs,1788134298256000000,1788134358226000000,434175
FlushQueue.waitingTimeAvgNs,1788134298256000000,1788134358226000000,177736.9917355372
AWTEventQueue.dispatchTimeAvgNs,1788134298256000000,1788134358226000000,168794.2274509804
FlushQueue.waitingTime90PNs,1788134298256000000,1788134358226000000,233471
AWTEventQueue.dispatchTimeTotalNS,1788134298256000000,1788134358226000000,43071329
compiler.ArtifactManagerBridge.initBridges.ms,1788134298256000000,1788134358226000000,0
compiler.ArtifactManagerBridge.findArtifact.ms,1788134298256000000,1788134358226000000,0
compiler.ArtifactManagerBridge.commit.ms,1788134298256000000,1788134358226000000,0
compiler.ArtifactManagerBridge.getArtifacts.ms,1788134298256000000,1788134358226000000,0
compiler.ArtifactVirtualFileListener.filePathChanged.ms,1788134298256000000,1788134358226000000,0
compiler.ArtifactManagerBridge.dropMappings.ms,1788134298256000000,1788134358226000000,0
compiler.ArtifactManagerBridge.addArtifact.ms,1788134298256000000,1788134358226000000,0
compiler.ArtifactManagerBridge.getArtifactsByType.ms,1788134298256000000,1788134358226000000,0
compiler.ArtifactVirtualFileListener.propertyChanged.ms,1788134298256000000,1788134358226000000,0
JVM.totalBytesAllocated,1788134358226000000,1788134418222000000,9420568
JVM.usedHeapBytes,1788134358226000000,1788134418222000000,262008864
JVM.threadCount,1788134358226000000,1788134418222000000,57
JVM.totalDirectByteBuffersBytes,1788134358226000000,1788134418222000000,234724193
JVM.newThreadsCount,1788134358226000000,1788134418222000000,0
JVM.maxHeapBytes,1788134358226000000,1788134418222000000,2147483648
JVM.GC.collectionTimesMs,1788134358226000000,1788134418222000000,0
JVM.GC.collections,1788134358226000000,1788134418222000000,0
JVM.totalCpuTimeMs,1788134358226000000,1788134418222000000,753
JVM.maxThreadCount,1788134358226000000,1788134418222000000,163
JVM.usedNativeBytes,1788134358226000000,1788134418222000000,345315760
OS.loadAverage,1788134358226000000,1788134418222000000,2.3388671875
writeAction.count,1788134358226000000,1788134418222000000,0
writeAction.wait.ms,1788134358226000000,1788134418222000000,0
writeAction.max.wait.ms,1788134358226000000,1788134418222000000,1
writeAction.median.wait.ms,1788134358226000000,1788134418222000000,0
workspaceModel.updates.ms,1788134358226000000,1788134418222000000,0
workspaceModel.collect.changes.ms,1788134358226000000,1788134418222000000,0
workspaceModel.init.bridges.ms,1788134358226000000,1788134418222000000,0
workspaceModel.entityStorageSnapshotImpl.instances.count,1788134358226000000,1788134418222000000,0
workspaceModel.updates.precise.ms,1788134358226000000,1788134418222000000,0
workspaceModel.workspaceFileIndexData.init.ms,1788134358226000000,1788134418222000000,0
workspaceModel.workspaceFileIndexData.onEntitiesChanged.ms,1788134358226000000,1788134418222000000,0
workspaceModel.workspaceFileIndexData.instances.count,1788134358226000000,1788134418222000000,0
workspaceModel.cachedValue.clear.ms,1788134358226000000,1788134418222000000,0
workspaceModel.cachedValue.calculated.ms,1788134358226000000,1788134418222000000,0
workspaceModel.workspaceFileIndexData.markDirty.ms,1788134358226000000,1788134418222000000,0
workspaceModel.full.replace.project.model.ms,1788134358226000000,1788134418222000000,0
workspaceModel.cachedValueWithParameters.clear.ms,1788134358226000000,1788134418222000000,0
workspaceModel.workspaceFileIndexData.visitFileSets.ms,1788134358226000000,1788134418222000000,0
workspaceModel.cachedValueWithParameters.from.cache.ms,1788134358226000000,1788134418222000000,0
workspaceModel.update.unloaded.entities.ms,1788134358226000000,1788134418222000000,0
workspaceModel.updates.count,1788134358226000000,1788134418222000000,0
workspaceModel.loading.total.ms,1788134358226000000,1788134418222000000,0
workspaceModel.check.recursive.update.ms,1788134358226000000,1788134418222000000,0
workspaceModel.workspaceFileIndexData.getDirectoriesByPackageName.ms,1788134358226000000,1788134418222000000,0
workspaceModel.cachedValue.from.cache.ms,1788134358226000000,1788134418222000000,0
workspaceModel.workspaceFileIndexContributor.registerFileSets.ms,1788134358226000000,1788134418222000000,0
workspaceModel.workspaceFileIndexData.processFileSets.ms,1788134358226000000,1788134418222000000,0
workspaceModel.workspaceFileIndexData.updateDirtyEntities.ms,1788134358226000000,1788134418222000000,0
workspaceModel.cachedValueWithParameters.calculated.ms,1788134358226000000,1788134418222000000,0
workspaceModel.replace.project.model.ms,1788134358226000000,1788134418222000000,0
workspaceModel.cachedValueWithParameters.total.get.ms,1788134358226000000,1788134418222000000,0
workspaceModel.cachedValue.total.get.ms,1788134358226000000,1788134418222000000,0
workspaceModel.workspaceFileIndexData.getFileInfo.ms,1788134358226000000,1788134418222000000,0
workspaceModel.loading.from.cache.ms,1788134358226000000,1788134418222000000,0
workspaceModel.pre.handlers.ms,1788134358226000000,1788134418222000000,0
workspaceModel.to.snapshot.ms,1788134358226000000,1788134418222000000,0
workspaceModel.initializing.ms,1788134358226000000,1788134418222000000,0
workspaceModel.workspaceFileIndexData.getPackageName.ms,1788134358226000000,1788134418222000000,0
cacheStateStorage.get.counter,1788134358226000000,1788134418222000000,0
cacheStateStorage.set.duration,1788134358226000000,1788134418222000000,0
cacheStateStorage.set.counter,1788134358226000000,1788134418222000000,0
cacheStateStorage.get.duration,1788134358226000000,1788134418222000000,0
workspaceModel.mutableEntityStorage.entities.ms,1788134358226000000,1788134418222000000,0
jps.apply.loaded.storage.ms,1788134358226000000,1788134418222000000,0
jps.module.iml.entities.serializer.load.entities.ms,1788134358226000000,1788134418222000000,0
jps.global.get.library.by.name.ms,1788134358226000000,1788134418222000000,0
workspaceModel.global.updates.count,1788134358226000000,1788134418222000000,0
workspaceModel.mutableEntityStorage.referrers.ms,1788134358226000000,1788134418222000000,0
workspaceModel.mutableEntityStorage.remove.entity.ms,1788134358226000000,1788134418222000000,0
jps.global.get.libraries.ms,1788134358226000000,1788134418222000000,0
workspaceModel.mutableEntityStorage.put.entity.ms,1788134358226000000,1788134418222000000,0
workspaceModel.mutableEntityStorage.apply.changes.from.ms,1788134358226000000,1788134418222000000,0
jps.facet.change.listener.before.change.events.ms,1788134358226000000,1788134418222000000,0
workspaceModel.mutableEntityStorage.to.snapshot.ms,1788134358226000000,1788134418222000000,0
workspaceModel.moduleManagerBridge.newModule.ms,1788134358226000000,1788134418222000000,0
jps.global.handle.changed.events.ms,1788134358226000000,1788134418222000000,0
workspaceModel.global.updates.ms,1788134358226000000,1788134418222000000,0
jps.artifact.entities.serializer.save.entities.ms,1788134358226000000,1788134418222000000,0
workspaceModel.mutableEntityStorage.has.same.entities.ms,1788134358226000000,1788134418222000000,0
workspaceModel.mutableEntityStorage.add.entity.ms,1788134358226000000,1788134418222000000,0
jps.library.entities.serializer.load.entities.ms,1788134358226000000,1788134418222000000,0
workspaceModel.mutableEntityStorage.instances.count,1788134358226000000,1788134418222000000,0
workspaceModel.moduleManagerBridge.load.all.modules.ms,1788134358226000000,1788134418222000000,0
jps.facet.change.listener.process.change.events.ms,1788134358226000000,1788134418222000000,0
workspaceModel.moduleBridgeLoader.loading.modules.ms,1788134358226000000,1788134418222000000,0
workspaceModel.mutableEntityStorage.collect.changes.ms,1788134358226000000,1788134418222000000,0
jps.reload.project.entities.ms,1788134358226000000,1788134418222000000,0
workspaceModel.orphan.listener.update.ms,1788134358226000000,1788134418222000000,0
jps.global.handle.before.change.events.ms,1788134358226000000,1788134418222000000,0
jps.global.initialize.library.bridges.after.loading.ms,1788134358226000000,1788134418222000000,0
workspaceModel.moduleManagerBridge.new.nonPersistent.module.ms,1788134358226000000,1788134418222000000,0
workspaceModel.save.cache.to.file.ms,1788134358226000000,1788134418222000000,0
jps.load.initial.state.ms,1788134358226000000,1788134418222000000,0
jps.project.serializers.save.ms,1788134358226000000,1788134418222000000,0
workspaceModel.load.cache.from.file.ms,1788134358226000000,1788134418222000000,0
jps.library.entities.serializer.save.entities.ms,1788134358226000000,1788134418222000000,0
jps.app.storage.content.writer.save.component.ms,1788134358226000000,1788134418222000000,0
jps.project.serializers.load.ms,1788134358226000000,1788134418222000000,0
workspaceModel.global.apply.state.to.project.ms,1788134358226000000,1788134418222000000,0
jps.global.get.library.ms,1788134358226000000,1788134418222000000,0
workspaceModel.mutableEntityStorage.modify.entity.ms,1788134358226000000,1788134418222000000,0
workspaceModel.moduleBridge.before.changed.ms,1788134358226000000,1788134418222000000,0
workspaceModel.moduleManagerBridge.set.unloadedModules.ms,1788134358226000000,1788134418222000000,0
workspaceModel.mutableEntityStorage.replace.by.source.ms,1788134358226000000,1788134418222000000,0
jps.facet.change.listener.init.bridge.ms,1788134358226000000,1788134418222000000,0
workspaceModel.moduleBridge.update.option.ms,1788134358226000000,1788134418222000000,0
jps.artifact.entities.serializer.load.entities.ms,1788134358226000000,1788134418222000000,0
workspaceModel.moduleManagerBridge.get.modules.ms,1788134358226000000,1788134418222000000,0
workspaceModel.delayed.project.synchronizer.sync.ms,1788134358226000000,1788134418222000000,0
workspaceModel.moduleManagerBridge.build.module.graph.ms,1788134358226000000,1788134418222000000,0
jps.save.changed.project.entities.ms,1788134358226000000,1788134418222000000,0
jps.load.project.to.empty.storage.ms,1788134358226000000,1788134418222000000,0
workspaceModel.sync.entities.ms,1788134358226000000,1788134418222000000,0
workspaceModel.do.save.caches.ms,1788134358226000000,1788134418222000000,0
jps.module.iml.entities.serializer.save.entities.ms,1788134358226000000,1788134418222000000,0
jps.save.global.entities.ms,1788134358226000000,1788134418222000000,0
workspaceModel.mutableEntityStorage.entities.by.source.ms,1788134358226000000,1788134418222000000,0
workspaceModel.mutableEntityStorage.resolve.ms,1788134358226000000,1788134418222000000,0
workspaceModel.load.cache.metadata.from.file.ms,1788134358226000000,1788134418222000000,0
workspaceModel.mutableEntityStorage.mutable.vfurl.index.ms,1788134358226000000,1788134418222000000,0
workspaceModel.mutableEntityStorage.mutable.ext.mapping.ms,1788134358226000000,1788134418222000000,0
workspaceModel.moduleBridge.facet.initialization.ms,1788134358226000000,1788134418222000000,0
jps.app.storage.content.reader.load.component.ms,1788134358226000000,1788134418222000000,0
workspaceModel.moduleManagerBridge.create.module.instance.ms,1788134358226000000,1788134418222000000,0
workspaceModel.moduleManagerBridge.load.module.ms,1788134358226000000,1788134418222000000,0
workspaceModel.global.apply.state.to.project.builder.ms,1788134358226000000,1788134418222000000,0
jps.global.initialize.library.bridges.ms,1788134358226000000,1788134418222000000,0
jps.storage.jps.conf.reader.load.component.ms,1788134358226000000,1788134418222000000,0
DirectByteBufferAllocator.hits,1788134358226000000,1788134418222000000,0
FilePageCacheLockFree.totalBytesRequested,1788134358226000000,1788134418222000000,0
FilePageCache.uncachedFileAccess,1788134358226000000,1788134418222000000,0
FilePageCacheLockFree.totalBytesWritten,1788134358226000000,1788134418222000000,0
DirectByteBufferAllocator.totalSizeOfBuffersAllocatedInBytes,1788134358226000000,1788134418222000000,233848832
StreamlinedBlobStorage.recordsAllocated,1788134358226000000,1788134418222000000,0
FilePageCache.capacityInBytes,1788134358226000000,1788134418222000000,503316478
FilePageCacheLockFree.housekeeperTurnsSkipped,1788134358226000000,1788134418222000000,0
FilePageCacheLockFree.totalHeapBytesReclaimed,1788134358226000000,1788134418222000000,0
FilePageCache.totalPageLoadsUs,1788134358226000000,1788134418222000000,0
FilePageCache.disposedBuffers,1788134358226000000,1788134418222000000,0
StreamlinedBlobStorage.recordsDeleted,1788134358226000000,1788134418222000000,0
FilePageCache.pageLoadsAboveSizeThreshold,1788134358226000000,1788134418222000000,0
FilePageCacheLockFree.housekeeperTurnsDone,1788134358226000000,1788134418222000000,0
FilePageCacheLockFree.totalPagesRequested,1788134358226000000,1788134418222000000,0
FilePageCacheLockFree.totalNativeBytesAllocated,1788134358226000000,1788134418222000000,0
StorageLockContext.competingThreads.avg,1788134358226000000,1788134418222000000,0.0
FilePageCacheLockFree.totalPagesReclaimed,1788134358226000000,1788134418222000000,0
FilePageCacheLockFree.totalPageAllocationsWaited,1788134358226000000,1788134418222000000,0
MappedFileStorage.storages,1788134358226000000,1788134418222000000,15
FilePageCacheLockFree.totalPagesReadMs,1788134358226000000,1788134418222000000,0
StorageLockContext.competingThreads.max,1788134358226000000,1788134418222000000,0
FilePageCacheLockFree.totalBytesRead,1788134358226000000,1788134418222000000,0
FilePageCache.pageFastCacheHits,1788134358226000000,1788134418222000000,0
MappedFileStorage.totalPagesMapped,1788134358226000000,1788134418222000000,15
DirectByteBufferAllocator.disposed,1788134358226000000,1788134418222000000,0
FilePageCacheLockFree.totalPagesHandedOver,1788134358226000000,1788134418222000000,0
FilePageCache.pageLoads,1788134358226000000,1788134418222000000,0
FilePageCacheLockFree.housekeeperTimeSpentMs,1788134358226000000,1788134418222000000,0
FilePageCacheLockFree.totalPagesWritten,1788134358226000000,1788134418222000000,0
FilePageCacheLockFree.totalNativeBytesReclaimed,1788134358226000000,1788134418222000000,0
DirectByteBufferAllocator.reclaimed,1788134358226000000,1788134418222000000,0
StreamlinedBlobStorage.totalLiveRecordsPayloadBytes,1788134358226000000,1788134418222000000,0
FilePageCacheLockFree.totalHeapBytesAllocated,1788134358226000000,1788134418222000000,0
FileChannelInterruptsRetryer.totalRetriedAttempts,1788134358226000000,1788134418222000000,0
FilePageCache.pageHits,1788134358226000000,1788134418222000000,0
StorageLockContext.competingThreads.90P,1788134358226000000,1788134418222000000,0
FilePageCacheLockFree.heapBytesInUse,1788134358226000000,1788134418222000000,0
FilePageCacheLockFree.totalPagesRequestsMs,1788134358226000000,1788134418222000000,0
DirectByteBufferAllocator.misses,1788134358226000000,1788134418222000000,0
FilePageCacheLockFree.totalPagesWriteMs,1788134358226000000,1788134418222000000,0
StreamlinedBlobStorage.totalLiveRecordsCapacityBytes,1788134358226000000,1788134418222000000,0
FilePageCache.maxRegisteredFiles,1788134358226000000,1788134418222000000,555
StreamlinedBlobStorage.recordsRelocated,1788134358226000000,1788134418222000000,0
MappedFileStorage.totalBytesMapped,1788134358226000000,1788134418222000000,198443008
FilePageCacheLockFree.nativeBytesInUse,1788134358226000000,1788134418222000000,0
DirectByteBufferAllocator.totalSizeOfBuffersCachedInBytes,1788134358226000000,1788134418222000000,0
FilePageCacheLockFree.totalClosedStoragesReclaimed,1788134358226000000,1788134418222000000,0
FilePageCacheLockFree.totalPagesAllocated,1788134358226000000,1788134418222000000,0
FilePageCache.maxCacheSizeInBytes,1788134358226000000,1788134418222000000,233848832
FilePageCache.totalPageDisposalsUs,1788134358226000000,1788134418222000000,0
MappedFileStorage.totalTimeSpentOnMappingUs,1788134358226000000,1788134418222000000,121999
FileNameCache.queries,1788134358226000000,1788134418222000000,0
VFS.invertedFileNameIndex.requests,1788134358226000000,1788134418222000000,0
VFS.fileChildByName,1788134358226000000,1788134418222000000,0
FileNameCache.totalMisses,1788134358226000000,1788134418222000000,0
VFS.fileByIdCache.misses,1788134358226000000,1788134418222000000,0
VFS.fileByIdCache.hits,1788134358226000000,1788134418222000000,0
Indexes.entries.lookups,1788134358226000000,1788134418222000000,0.0
Indexes.entries.lookupDurationAvgMs,1788134358226000000,1788134418222000000,0.0
IndexesFlusher.totalFlushingTimeUs,1788134358226000000,1788134418222000000,222953
Indexes.stubs.lookupDurationMaxMs,1788134358226000000,1788134418222000000,0.0
Indexes.entries.lookupDurationMaxMs,1788134358226000000,1788134418222000000,0.0
Indexes.stubs.lookupDuration90PMs,1788134358226000000,1788134418222000000,0.0
Indexes.allKeys.lookupDurationAvgMs,1788134358226000000,1788134418222000000,0.0
IndexesFlusher.totalFlushes,1788134358226000000,1788134418222000000,118
Indexes.stubs.lookups,1788134358226000000,1788134418222000000,0.0
Indexes.allKeys.lookupDurationMaxMs,1788134358226000000,1788134418222000000,0.0
IndexesFlusher.totalContentionQuotaSpent,1788134358226000000,1788134418222000000,0
Indexes.allKeys.lookupDuration90PMs,1788134358226000000,1788134418222000000,0.0
Indexes.entries.lookupDuration90PMs,1788134358226000000,1788134418222000000,0.0
Indexes.allKeys.lookups,1788134358226000000,1788134418222000000,0.0
Indexes.stubs.lookupDurationAvgMs,1788134358226000000,1788134418222000000,0.0
IndexesFlusher.totalFlushesRetried,1788134358226000000,1788134418222000000,0
WriteAction.executionsCount,1788134358226000000,1788134418222000000,0
FlushQueue.executionTimeAvgNs,1788134358226000000,1788134418222000000,30041.29460580913
AWTEventQueue.dispatchTime90PNs,1788134358226000000,1788134418222000000,152575
NonBlockingReadAction.finalizedExecutionsCount,1788134358226000000,1788134418222000000,0
FlushQueue.executionTime90PNs,1788134358226000000,1788134418222000000,56063
AWTEventQueue.dispatchTimeMaxNs,1788134358226000000,1788134418222000000,3768319
AWTEventQueue.eventsDispatched,1788134358226000000,1788134418222000000,255
ReadAction.executionsCount,1788134358226000000,1788134418222000000,0
FlushQueue.queueSize90P,1788134358226000000,1788134418222000000,0
NonBlockingReadAction.finalizedExecutionTimeUs,1788134358226000000,1788134418222000000,0
NonBlockingReadAction.failedExecutionsCount,1788134358226000000,1788134418222000000,0
FlushQueue.tasksExecuted,1788134358226000000,1788134418222000000,241
FlushQueue.queueSizeAvg,1788134358226000000,1788134418222000000,0.0
NonBlockingReadAction.failedExecutionTimeUs,1788134358226000000,1788134418222000000,0
FlushQueue.executionTimeMaxNs,1788134358226000000,1788134418222000000,851967
FlushQueue.queueSizeMax,1788134358226000000,1788134418222000000,0
FlushQueue.waitingTimeMaxNs,1788134358226000000,1788134418222000000,1146879
FlushQueue.waitingTimeAvgNs,1788134358226000000,1788134418222000000,181632.53112033196
AWTEventQueue.dispatchTimeAvgNs,1788134358226000000,1788134418222000000,125514.29019607844
FlushQueue.waitingTime90PNs,1788134358226000000,1788134418222000000,237567
AWTEventQueue.dispatchTimeTotalNS,1788134358226000000,1788134418222000000,32000609
compiler.ArtifactManagerBridge.initBridges.ms,1788134358226000000,1788134418222000000,0
compiler.ArtifactManagerBridge.findArtifact.ms,1788134358226000000,1788134418222000000,0
compiler.ArtifactManagerBridge.commit.ms,1788134358226000000,1788134418222000000,0
compiler.ArtifactManagerBridge.getArtifacts.ms,1788134358226000000,1788134418222000000,0
compiler.ArtifactVirtualFileListener.filePathChanged.ms,1788134358226000000,1788134418222000000,0
compiler.ArtifactManagerBridge.dropMappings.ms,1788134358226000000,1788134418222000000,0
compiler.ArtifactManagerBridge.addArtifact.ms,1788134358226000000,1788134418222000000,0
compiler.ArtifactManagerBridge.getArtifactsByType.ms,1788134358226000000,1788134418222000000,0
compiler.ArtifactVirtualFileListener.propertyChanged.ms,1788134358226000000,1788134418222000000,0
JVM.totalBytesAllocated,1788134418222000000,1788134478223000000,9489072
JVM.usedHeapBytes,1788134418222000000,1788134478223000000,271446048
JVM.threadCount,1788134418222000000,1788134478223000000,56
JVM.totalDirectByteBuffersBytes,1788134418222000000,1788134478223000000,234724193
JVM.newThreadsCount,1788134418222000000,1788134478223000000,0
JVM.maxHeapBytes,1788134418222000000,1788134478223000000,2147483648
JVM.GC.collectionTimesMs,1788134418222000000,1788134478223000000,0
JVM.GC.collections,1788134418222000000,1788134478223000000,0
JVM.totalCpuTimeMs,1788134418222000000,1788134478223000000,831
JVM.maxThreadCount,1788134418222000000,1788134478223000000,163
JVM.usedNativeBytes,1788134418222000000,1788134478223000000,345408760
OS.loadAverage,1788134418222000000,1788134478223000000,2.45703125
writeAction.count,1788134418222000000,1788134478223000000,0
writeAction.wait.ms,1788134418222000000,1788134478223000000,0
writeAction.max.wait.ms,1788134418222000000,1788134478223000000,1
writeAction.median.wait.ms,1788134418222000000,1788134478223000000,0
workspaceModel.updates.ms,1788134418222000000,1788134478223000000,0
workspaceModel.collect.changes.ms,1788134418222000000,1788134478223000000,0
workspaceModel.init.bridges.ms,1788134418222000000,1788134478223000000,0
workspaceModel.entityStorageSnapshotImpl.instances.count,1788134418222000000,1788134478223000000,0
workspaceModel.updates.precise.ms,1788134418222000000,1788134478223000000,0
workspaceModel.workspaceFileIndexData.init.ms,1788134418222000000,1788134478223000000,0
workspaceModel.workspaceFileIndexData.onEntitiesChanged.ms,1788134418222000000,1788134478223000000,0
workspaceModel.workspaceFileIndexData.instances.count,1788134418222000000,1788134478223000000,0
workspaceModel.cachedValue.clear.ms,1788134418222000000,1788134478223000000,0
workspaceModel.cachedValue.calculated.ms,1788134418222000000,1788134478223000000,0
workspaceModel.workspaceFileIndexData.markDirty.ms,1788134418222000000,1788134478223000000,0
workspaceModel.full.replace.project.model.ms,1788134418222000000,1788134478223000000,0
workspaceModel.cachedValueWithParameters.clear.ms,1788134418222000000,1788134478223000000,0
workspaceModel.workspaceFileIndexData.visitFileSets.ms,1788134418222000000,1788134478223000000,0
workspaceModel.cachedValueWithParameters.from.cache.ms,1788134418222000000,1788134478223000000,0
workspaceModel.update.unloaded.entities.ms,1788134418222000000,1788134478223000000,0
workspaceModel.updates.count,1788134418222000000,1788134478223000000,0
workspaceModel.loading.total.ms,1788134418222000000,1788134478223000000,0
workspaceModel.check.recursive.update.ms,1788134418222000000,1788134478223000000,0
workspaceModel.workspaceFileIndexData.getDirectoriesByPackageName.ms,1788134418222000000,1788134478223000000,0
workspaceModel.cachedValue.from.cache.ms,1788134418222000000,1788134478223000000,0
workspaceModel.workspaceFileIndexContributor.registerFileSets.ms,1788134418222000000,1788134478223000000,0
workspaceModel.workspaceFileIndexData.processFileSets.ms,1788134418222000000,1788134478223000000,0
workspaceModel.workspaceFileIndexData.updateDirtyEntities.ms,1788134418222000000,1788134478223000000,0
workspaceModel.cachedValueWithParameters.calculated.ms,1788134418222000000,1788134478223000000,0
workspaceModel.replace.project.model.ms,1788134418222000000,1788134478223000000,0
workspaceModel.cachedValueWithParameters.total.get.ms,1788134418222000000,1788134478223000000,0
workspaceModel.cachedValue.total.get.ms,1788134418222000000,1788134478223000000,0
workspaceModel.workspaceFileIndexData.getFileInfo.ms,1788134418222000000,1788134478223000000,0
workspaceModel.loading.from.cache.ms,1788134418222000000,1788134478223000000,0
workspaceModel.pre.handlers.ms,1788134418222000000,1788134478223000000,0
workspaceModel.to.snapshot.ms,1788134418222000000,1788134478223000000,0
workspaceModel.initializing.ms,1788134418222000000,1788134478223000000,0
workspaceModel.workspaceFileIndexData.getPackageName.ms,1788134418222000000,1788134478223000000,0
cacheStateStorage.get.counter,1788134418222000000,1788134478223000000,0
cacheStateStorage.set.duration,1788134418222000000,1788134478223000000,0
cacheStateStorage.set.counter,1788134418222000000,1788134478223000000,0
cacheStateStorage.get.duration,1788134418222000000,1788134478223000000,0
workspaceModel.mutableEntityStorage.entities.ms,1788134418222000000,1788134478223000000,0
jps.apply.loaded.storage.ms,1788134418222000000,1788134478223000000,0
jps.module.iml.entities.serializer.load.entities.ms,1788134418222000000,1788134478223000000,0
jps.global.get.library.by.name.ms,1788134418222000000,1788134478223000000,0
workspaceModel.global.updates.count,1788134418222000000,1788134478223000000,0
workspaceModel.mutableEntityStorage.referrers.ms,1788134418222000000,1788134478223000000,0
workspaceModel.mutableEntityStorage.remove.entity.ms,1788134418222000000,1788134478223000000,0
jps.global.get.libraries.ms,1788134418222000000,1788134478223000000,0
workspaceModel.mutableEntityStorage.put.entity.ms,1788134418222000000,1788134478223000000,0
workspaceModel.mutableEntityStorage.apply.changes.from.ms,1788134418222000000,1788134478223000000,0
jps.facet.change.listener.before.change.events.ms,1788134418222000000,1788134478223000000,0
workspaceModel.mutableEntityStorage.to.snapshot.ms,1788134418222000000,1788134478223000000,0
workspaceModel.moduleManagerBridge.newModule.ms,1788134418222000000,1788134478223000000,0
jps.global.handle.changed.events.ms,1788134418222000000,1788134478223000000,0
workspaceModel.global.updates.ms,1788134418222000000,1788134478223000000,0
jps.artifact.entities.serializer.save.entities.ms,1788134418222000000,1788134478223000000,0
workspaceModel.mutableEntityStorage.has.same.entities.ms,1788134418222000000,1788134478223000000,0
workspaceModel.mutableEntityStorage.add.entity.ms,1788134418222000000,1788134478223000000,0
jps.library.entities.serializer.load.entities.ms,1788134418222000000,1788134478223000000,0
workspaceModel.mutableEntityStorage.instances.count,1788134418222000000,1788134478223000000,0
workspaceModel.moduleManagerBridge.load.all.modules.ms,1788134418222000000,1788134478223000000,0
jps.facet.change.listener.process.change.events.ms,1788134418222000000,1788134478223000000,0
workspaceModel.moduleBridgeLoader.loading.modules.ms,1788134418222000000,1788134478223000000,0
workspaceModel.mutableEntityStorage.collect.changes.ms,1788134418222000000,1788134478223000000,0
jps.reload.project.entities.ms,1788134418222000000,1788134478223000000,0
workspaceModel.orphan.listener.update.ms,1788134418222000000,1788134478223000000,0
jps.global.handle.before.change.events.ms,1788134418222000000,1788134478223000000,0
jps.global.initialize.library.bridges.after.loading.ms,1788134418222000000,1788134478223000000,0
workspaceModel.moduleManagerBridge.new.nonPersistent.module.ms,1788134418222000000,1788134478223000000,0
workspaceModel.save.cache.to.file.ms,1788134418222000000,1788134478223000000,0
jps.load.initial.state.ms,1788134418222000000,1788134478223000000,0
jps.project.serializers.save.ms,1788134418222000000,1788134478223000000,0
workspaceModel.load.cache.from.file.ms,1788134418222000000,1788134478223000000,0
jps.library.entities.serializer.save.entities.ms,1788134418222000000,1788134478223000000,0
jps.app.storage.content.writer.save.component.ms,1788134418222000000,1788134478223000000,0
jps.project.serializers.load.ms,1788134418222000000,1788134478223000000,0
workspaceModel.global.apply.state.to.project.ms,1788134418222000000,1788134478223000000,0
jps.global.get.library.ms,1788134418222000000,1788134478223000000,0
workspaceModel.mutableEntityStorage.modify.entity.ms,1788134418222000000,1788134478223000000,0
workspaceModel.moduleBridge.before.changed.ms,1788134418222000000,1788134478223000000,0
workspaceModel.moduleManagerBridge.set.unloadedModules.ms,1788134418222000000,1788134478223000000,0
workspaceModel.mutableEntityStorage.replace.by.source.ms,1788134418222000000,1788134478223000000,0
jps.facet.change.listener.init.bridge.ms,1788134418222000000,1788134478223000000,0
workspaceModel.moduleBridge.update.option.ms,1788134418222000000,1788134478223000000,0
jps.artifact.entities.serializer.load.entities.ms,1788134418222000000,1788134478223000000,0
workspaceModel.moduleManagerBridge.get.modules.ms,1788134418222000000,1788134478223000000,0
workspaceModel.delayed.project.synchronizer.sync.ms,1788134418222000000,1788134478223000000,0
workspaceModel.moduleManagerBridge.build.module.graph.ms,1788134418222000000,1788134478223000000,0
jps.save.changed.project.entities.ms,1788134418222000000,1788134478223000000,0
jps.load.project.to.empty.storage.ms,1788134418222000000,1788134478223000000,0
workspaceModel.sync.entities.ms,1788134418222000000,1788134478223000000,0
workspaceModel.do.save.caches.ms,1788134418222000000,1788134478223000000,0
jps.module.iml.entities.serializer.save.entities.ms,1788134418222000000,1788134478223000000,0
jps.save.global.entities.ms,1788134418222000000,1788134478223000000,0
workspaceModel.mutableEntityStorage.entities.by.source.ms,1788134418222000000,1788134478223000000,0
workspaceModel.mutableEntityStorage.resolve.ms,1788134418222000000,1788134478223000000,0
workspaceModel.load.cache.metadata.from.file.ms,1788134418222000000,1788134478223000000,0
workspaceModel.mutableEntityStorage.mutable.vfurl.index.ms,1788134418222000000,1788134478223000000,0
workspaceModel.mutableEntityStorage.mutable.ext.mapping.ms,1788134418222000000,1788134478223000000,0
workspaceModel.moduleBridge.facet.initialization.ms,1788134418222000000,1788134478223000000,0
jps.app.storage.content.reader.load.component.ms,1788134418222000000,1788134478223000000,0
workspaceModel.moduleManagerBridge.create.module.instance.ms,1788134418222000000,1788134478223000000,0
workspaceModel.moduleManagerBridge.load.module.ms,1788134418222000000,1788134478223000000,0
workspaceModel.global.apply.state.to.project.builder.ms,1788134418222000000,1788134478223000000,0
jps.global.initialize.library.bridges.ms,1788134418222000000,1788134478223000000,0
jps.storage.jps.conf.reader.load.component.ms,1788134418222000000,1788134478223000000,0
DirectByteBufferAllocator.hits,1788134418222000000,1788134478223000000,0
FilePageCacheLockFree.totalBytesRequested,1788134418222000000,1788134478223000000,0
FilePageCache.uncachedFileAccess,1788134418222000000,1788134478223000000,0
FilePageCacheLockFree.totalBytesWritten,1788134418222000000,1788134478223000000,0
DirectByteBufferAllocator.totalSizeOfBuffersAllocatedInBytes,1788134418222000000,1788134478223000000,233848832
StreamlinedBlobStorage.recordsAllocated,1788134418222000000,1788134478223000000,0
FilePageCache.capacityInBytes,1788134418222000000,1788134478223000000,503316478
FilePageCacheLockFree.housekeeperTurnsSkipped,1788134418222000000,1788134478223000000,0
FilePageCacheLockFree.totalHeapBytesReclaimed,1788134418222000000,1788134478223000000,0
FilePageCache.totalPageLoadsUs,1788134418222000000,1788134478223000000,0
FilePageCache.disposedBuffers,1788134418222000000,1788134478223000000,0
StreamlinedBlobStorage.recordsDeleted,1788134418222000000,1788134478223000000,0
FilePageCache.pageLoadsAboveSizeThreshold,1788134418222000000,1788134478223000000,0
FilePageCacheLockFree.housekeeperTurnsDone,1788134418222000000,1788134478223000000,0
FilePageCacheLockFree.totalPagesRequested,1788134418222000000,1788134478223000000,0
FilePageCacheLockFree.totalNativeBytesAllocated,1788134418222000000,1788134478223000000,0
StorageLockContext.competingThreads.avg,1788134418222000000,1788134478223000000,0.0
FilePageCacheLockFree.totalPagesReclaimed,1788134418222000000,1788134478223000000,0
FilePageCacheLockFree.totalPageAllocationsWaited,1788134418222000000,1788134478223000000,0
MappedFileStorage.storages,1788134418222000000,1788134478223000000,15
FilePageCacheLockFree.totalPagesReadMs,1788134418222000000,1788134478223000000,0
StorageLockContext.competingThreads.max,1788134418222000000,1788134478223000000,0
FilePageCacheLockFree.totalBytesRead,1788134418222000000,1788134478223000000,0
FilePageCache.pageFastCacheHits,1788134418222000000,1788134478223000000,0
MappedFileStorage.totalPagesMapped,1788134418222000000,1788134478223000000,15
DirectByteBufferAllocator.disposed,1788134418222000000,1788134478223000000,0
FilePageCacheLockFree.totalPagesHandedOver,1788134418222000000,1788134478223000000,0
FilePageCache.pageLoads,1788134418222000000,1788134478223000000,0
FilePageCacheLockFree.housekeeperTimeSpentMs,1788134418222000000,1788134478223000000,0
FilePageCacheLockFree.totalPagesWritten,1788134418222000000,1788134478223000000,0
FilePageCacheLockFree.totalNativeBytesReclaimed,1788134418222000000,1788134478223000000,0
DirectByteBufferAllocator.reclaimed,1788134418222000000,1788134478223000000,0
StreamlinedBlobStorage.totalLiveRecordsPayloadBytes,1788134418222000000,1788134478223000000,0
FilePageCacheLockFree.totalHeapBytesAllocated,1788134418222000000,1788134478223000000,0
FileChannelInterruptsRetryer.totalRetriedAttempts,1788134418222000000,1788134478223000000,0
FilePageCache.pageHits,1788134418222000000,1788134478223000000,0
StorageLockContext.competingThreads.90P,1788134418222000000,1788134478223000000,0
FilePageCacheLockFree.heapBytesInUse,1788134418222000000,1788134478223000000,0
FilePageCacheLockFree.totalPagesRequestsMs,1788134418222000000,1788134478223000000,0
DirectByteBufferAllocator.misses,1788134418222000000,1788134478223000000,0
FilePageCacheLockFree.totalPagesWriteMs,1788134418222000000,1788134478223000000,0
StreamlinedBlobStorage.totalLiveRecordsCapacityBytes,1788134418222000000,1788134478223000000,0
FilePageCache.maxRegisteredFiles,1788134418222000000,1788134478223000000,555
StreamlinedBlobStorage.recordsRelocated,1788134418222000000,1788134478223000000,0
MappedFileStorage.totalBytesMapped,1788134418222000000,1788134478223000000,198443008
FilePageCacheLockFree.nativeBytesInUse,1788134418222000000,1788134478223000000,0
DirectByteBufferAllocator.totalSizeOfBuffersCachedInBytes,1788134418222000000,1788134478223000000,0
FilePageCacheLockFree.totalClosedStoragesReclaimed,1788134418222000000,1788134478223000000,0
FilePageCacheLockFree.totalPagesAllocated,1788134418222000000,1788134478223000000,0
FilePageCache.maxCacheSizeInBytes,1788134418222000000,1788134478223000000,233848832
FilePageCache.totalPageDisposalsUs,1788134418222000000,1788134478223000000,0
MappedFileStorage.totalTimeSpentOnMappingUs,1788134418222000000,1788134478223000000,121999
FileNameCache.queries,1788134418222000000,1788134478223000000,0
VFS.invertedFileNameIndex.requests,1788134418222000000,1788134478223000000,0
VFS.fileChildByName,1788134418222000000,1788134478223000000,0
FileNameCache.totalMisses,1788134418222000000,1788134478223000000,0
VFS.fileByIdCache.misses,1788134418222000000,1788134478223000000,0
VFS.fileByIdCache.hits,1788134418222000000,1788134478223000000,0
Indexes.entries.lookups,1788134418222000000,1788134478223000000,0.0
Indexes.entries.lookupDurationAvgMs,1788134418222000000,1788134478223000000,0.0
IndexesFlusher.totalFlushingTimeUs,1788134418222000000,1788134478223000000,239876
Indexes.stubs.lookupDurationMaxMs,1788134418222000000,1788134478223000000,0.0
Indexes.entries.lookupDurationMaxMs,1788134418222000000,1788134478223000000,0.0
Indexes.stubs.lookupDuration90PMs,1788134418222000000,1788134478223000000,0.0
Indexes.allKeys.lookupDurationAvgMs,1788134418222000000,1788134478223000000,0.0
IndexesFlusher.totalFlushes,1788134418222000000,1788134478223000000,118
Indexes.stubs.lookups,1788134418222000000,1788134478223000000,0.0
Indexes.allKeys.lookupDurationMaxMs,1788134418222000000,1788134478223000000,0.0
IndexesFlusher.totalContentionQuotaSpent,1788134418222000000,1788134478223000000,0
Indexes.allKeys.lookupDuration90PMs,1788134418222000000,1788134478223000000,0.0
Indexes.entries.lookupDuration90PMs,1788134418222000000,1788134478223000000,0.0
Indexes.allKeys.lookups,1788134418222000000,1788134478223000000,0.0
Indexes.stubs.lookupDurationAvgMs,1788134418222000000,1788134478223000000,0.0
IndexesFlusher.totalFlushesRetried,1788134418222000000,1788134478223000000,0
WriteAction.executionsCount,1788134418222000000,1788134478223000000,0
FlushQueue.executionTimeAvgNs,1788134418222000000,1788134478223000000,29920.099585062242
AWTEventQueue.dispatchTime90PNs,1788134418222000000,1788134478223000000,165887
NonBlockingReadAction.finalizedExecutionsCount,1788134418222000000,1788134478223000000,0
FlushQueue.executionTime90PNs,1788134418222000000,1788134478223000000,56575
AWTEventQueue.dispatchTimeMaxNs,1788134418222000000,1788134478223000000,8355839
AWTEventQueue.eventsDispatched,1788134418222000000,1788134478223000000,255
ReadAction.executionsCount,1788134418222000000,1788134478223000000,0
FlushQueue.queueSize90P,1788134418222000000,1788134478223000000,0
NonBlockingReadAction.finalizedExecutionTimeUs,1788134418222000000,1788134478223000000,0
NonBlockingReadAction.failedExecutionsCount,1788134418222000000,1788134478223000000,0
FlushQueue.tasksExecuted,1788134418222000000,1788134478223000000,241
FlushQueue.queueSizeAvg,1788134418222000000,1788134478223000000,0.0
NonBlockingReadAction.failedExecutionTimeUs,1788134418222000000,1788134478223000000,0
FlushQueue.executionTimeMaxNs,1788134418222000000,1788134478223000000,913407
FlushQueue.queueSizeMax,1788134418222000000,1788134478223000000,0
FlushQueue.waitingTimeMaxNs,1788134418222000000,1788134478223000000,643071
FlushQueue.waitingTimeAvgNs,1788134418222000000,1788134478223000000,174316.8796680498
AWTEventQueue.dispatchTimeAvgNs,1788134418222000000,1788134478223000000,142627.63921568627
FlushQueue.waitingTime90PNs,1788134418222000000,1788134478223000000,238591
AWTEventQueue.dispatchTimeTotalNS,1788134418222000000,1788134478223000000,36374383
compiler.ArtifactManagerBridge.initBridges.ms,1788134418222000000,1788134478223000000,0
compiler.ArtifactManagerBridge.findArtifact.ms,1788134418222000000,1788134478223000000,0
compiler.ArtifactManagerBridge.commit.ms,1788134418222000000,1788134478223000000,0
compiler.ArtifactManagerBridge.getArtifacts.ms,1788134418222000000,1788134478223000000,0
compiler.ArtifactVirtualFileListener.filePathChanged.ms,1788134418222000000,1788134478223000000,0
compiler.ArtifactManagerBridge.dropMappings.ms,1788134418222000000,1788134478223000000,0
compiler.ArtifactManagerBridge.addArtifact.ms,1788134418222000000,1788134478223000000,0
compiler.ArtifactManagerBridge.getArtifactsByType.ms,1788134418222000000,1788134478223000000,0
compiler.ArtifactVirtualFileListener.propertyChanged.ms,1788134418222000000,1788134478223000000,0
JVM.totalBytesAllocated,1788134478223000000,1788134505441000000,8262520
JVM.usedHeapBytes,1788134478223000000,1788134505441000000,281931808
JVM.threadCount,1788134478223000000,1788134505441000000,70
JVM.totalDirectByteBuffersBytes,1788134478223000000,1788134505441000000,47012811
JVM.newThreadsCount,1788134478223000000,1788134505441000000,17
JVM.maxHeapBytes,1788134478223000000,1788134505441000000,2147483648
JVM.GC.collectionTimesMs,1788134478223000000,1788134505441000000,0
JVM.GC.collections,1788134478223000000,1788134505441000000,0
JVM.totalCpuTimeMs,1788134478223000000,1788134505441000000,683
JVM.maxThreadCount,1788134478223000000,1788134505441000000,163
JVM.usedNativeBytes,1788134478223000000,1788134505441000000,345891216
OS.loadAverage,1788134478223000000,1788134505441000000,2.22705078125
writeAction.count,1788134478223000000,1788134505441000000,0
writeAction.wait.ms,1788134478223000000,1788134505441000000,0
writeAction.max.wait.ms,1788134478223000000,1788134505441000000,1
writeAction.median.wait.ms,1788134478223000000,1788134505441000000,0
workspaceModel.updates.ms,1788134478223000000,1788134505441000000,0
workspaceModel.collect.changes.ms,1788134478223000000,1788134505441000000,0
workspaceModel.init.bridges.ms,1788134478223000000,1788134505441000000,0
workspaceModel.entityStorageSnapshotImpl.instances.count,1788134478223000000,1788134505441000000,0
workspaceModel.updates.precise.ms,1788134478223000000,1788134505441000000,0
workspaceModel.workspaceFileIndexData.init.ms,1788134478223000000,1788134505441000000,0
workspaceModel.workspaceFileIndexData.onEntitiesChanged.ms,1788134478223000000,1788134505441000000,0
workspaceModel.workspaceFileIndexData.instances.count,1788134478223000000,1788134505441000000,0
workspaceModel.cachedValue.clear.ms,1788134478223000000,1788134505441000000,0
workspaceModel.cachedValue.calculated.ms,1788134478223000000,1788134505441000000,0
workspaceModel.workspaceFileIndexData.markDirty.ms,1788134478223000000,1788134505441000000,0
workspaceModel.full.replace.project.model.ms,1788134478223000000,1788134505441000000,0
workspaceModel.cachedValueWithParameters.clear.ms,1788134478223000000,1788134505441000000,0
workspaceModel.workspaceFileIndexData.visitFileSets.ms,1788134478223000000,1788134505441000000,0
workspaceModel.cachedValueWithParameters.from.cache.ms,1788134478223000000,1788134505441000000,0
workspaceModel.update.unloaded.entities.ms,1788134478223000000,1788134505441000000,0
workspaceModel.updates.count,1788134478223000000,1788134505441000000,0
workspaceModel.loading.total.ms,1788134478223000000,1788134505441000000,0
workspaceModel.check.recursive.update.ms,1788134478223000000,1788134505441000000,0
workspaceModel.workspaceFileIndexData.getDirectoriesByPackageName.ms,1788134478223000000,1788134505441000000,0
workspaceModel.cachedValue.from.cache.ms,1788134478223000000,1788134505441000000,0
workspaceModel.workspaceFileIndexContributor.registerFileSets.ms,1788134478223000000,1788134505441000000,0
workspaceModel.workspaceFileIndexData.processFileSets.ms,1788134478223000000,1788134505441000000,0
workspaceModel.workspaceFileIndexData.updateDirtyEntities.ms,1788134478223000000,1788134505441000000,0
workspaceModel.cachedValueWithParameters.calculated.ms,1788134478223000000,1788134505441000000,0
workspaceModel.replace.project.model.ms,1788134478223000000,1788134505441000000,0
workspaceModel.cachedValueWithParameters.total.get.ms,1788134478223000000,1788134505441000000,0
workspaceModel.cachedValue.total.get.ms,1788134478223000000,1788134505441000000,0
workspaceModel.workspaceFileIndexData.getFileInfo.ms,1788134478223000000,1788134505441000000,0
workspaceModel.loading.from.cache.ms,1788134478223000000,1788134505441000000,0
workspaceModel.pre.handlers.ms,1788134478223000000,1788134505441000000,0
workspaceModel.to.snapshot.ms,1788134478223000000,1788134505441000000,0
workspaceModel.initializing.ms,1788134478223000000,1788134505441000000,0
workspaceModel.workspaceFileIndexData.getPackageName.ms,1788134478223000000,1788134505441000000,0
cacheStateStorage.get.counter,1788134478223000000,1788134505441000000,1
cacheStateStorage.set.duration,1788134478223000000,1788134505441000000,0
cacheStateStorage.set.counter,1788134478223000000,1788134505441000000,1
cacheStateStorage.get.duration,1788134478223000000,1788134505441000000,0
workspaceModel.mutableEntityStorage.entities.ms,1788134478223000000,1788134505441000000,0
jps.apply.loaded.storage.ms,1788134478223000000,1788134505441000000,0
jps.module.iml.entities.serializer.load.entities.ms,1788134478223000000,1788134505441000000,0
jps.global.get.library.by.name.ms,1788134478223000000,1788134505441000000,0
workspaceModel.global.updates.count,1788134478223000000,1788134505441000000,0
workspaceModel.mutableEntityStorage.referrers.ms,1788134478223000000,1788134505441000000,0
workspaceModel.mutableEntityStorage.remove.entity.ms,1788134478223000000,1788134505441000000,0
jps.global.get.libraries.ms,1788134478223000000,1788134505441000000,0
workspaceModel.mutableEntityStorage.put.entity.ms,1788134478223000000,1788134505441000000,0
workspaceModel.mutableEntityStorage.apply.changes.from.ms,1788134478223000000,1788134505441000000,0
jps.facet.change.listener.before.change.events.ms,1788134478223000000,1788134505441000000,0
workspaceModel.mutableEntityStorage.to.snapshot.ms,1788134478223000000,1788134505441000000,0
workspaceModel.moduleManagerBridge.newModule.ms,1788134478223000000,1788134505441000000,0
jps.global.handle.changed.events.ms,1788134478223000000,1788134505441000000,0
workspaceModel.global.updates.ms,1788134478223000000,1788134505441000000,0
jps.artifact.entities.serializer.save.entities.ms,1788134478223000000,1788134505441000000,0
workspaceModel.mutableEntityStorage.has.same.entities.ms,1788134478223000000,1788134505441000000,0
workspaceModel.mutableEntityStorage.add.entity.ms,1788134478223000000,1788134505441000000,0
jps.library.entities.serializer.load.entities.ms,1788134478223000000,1788134505441000000,0
workspaceModel.mutableEntityStorage.instances.count,1788134478223000000,1788134505441000000,0
workspaceModel.moduleManagerBridge.load.all.modules.ms,1788134478223000000,1788134505441000000,0
jps.facet.change.listener.process.change.events.ms,1788134478223000000,1788134505441000000,0
workspaceModel.moduleBridgeLoader.loading.modules.ms,1788134478223000000,1788134505441000000,0
workspaceModel.mutableEntityStorage.collect.changes.ms,1788134478223000000,1788134505441000000,0
jps.reload.project.entities.ms,1788134478223000000,1788134505441000000,0
workspaceModel.orphan.listener.update.ms,1788134478223000000,1788134505441000000,0
jps.global.handle.before.change.events.ms,1788134478223000000,1788134505441000000,0
jps.global.initialize.library.bridges.after.loading.ms,1788134478223000000,1788134505441000000,0
workspaceModel.moduleManagerBridge.new.nonPersistent.module.ms,1788134478223000000,1788134505441000000,0
workspaceModel.save.cache.to.file.ms,1788134478223000000,1788134505441000000,0
jps.load.initial.state.ms,1788134478223000000,1788134505441000000,0
jps.project.serializers.save.ms,1788134478223000000,1788134505441000000,0
workspaceModel.load.cache.from.file.ms,1788134478223000000,1788134505441000000,0
jps.library.entities.serializer.save.entities.ms,1788134478223000000,1788134505441000000,0
jps.app.storage.content.writer.save.component.ms,1788134478223000000,1788134505441000000,0
jps.project.serializers.load.ms,1788134478223000000,1788134505441000000,0
workspaceModel.global.apply.state.to.project.ms,1788134478223000000,1788134505441000000,0
jps.global.get.library.ms,1788134478223000000,1788134505441000000,0
workspaceModel.mutableEntityStorage.modify.entity.ms,1788134478223000000,1788134505441000000,0
workspaceModel.moduleBridge.before.changed.ms,1788134478223000000,1788134505441000000,0
workspaceModel.moduleManagerBridge.set.unloadedModules.ms,1788134478223000000,1788134505441000000,0
workspaceModel.mutableEntityStorage.replace.by.source.ms,1788134478223000000,1788134505441000000,0
jps.facet.change.listener.init.bridge.ms,1788134478223000000,1788134505441000000,0
workspaceModel.moduleBridge.update.option.ms,1788134478223000000,1788134505441000000,0
jps.artifact.entities.serializer.load.entities.ms,1788134478223000000,1788134505441000000,0
workspaceModel.moduleManagerBridge.get.modules.ms,1788134478223000000,1788134505441000000,0
workspaceModel.delayed.project.synchronizer.sync.ms,1788134478223000000,1788134505441000000,0
workspaceModel.moduleManagerBridge.build.module.graph.ms,1788134478223000000,1788134505441000000,0
jps.save.changed.project.entities.ms,1788134478223000000,1788134505441000000,0
jps.load.project.to.empty.storage.ms,1788134478223000000,1788134505441000000,0
workspaceModel.sync.entities.ms,1788134478223000000,1788134505441000000,0
workspaceModel.do.save.caches.ms,1788134478223000000,1788134505441000000,0
jps.module.iml.entities.serializer.save.entities.ms,1788134478223000000,1788134505441000000,0
jps.save.global.entities.ms,1788134478223000000,1788134505441000000,0
workspaceModel.mutableEntityStorage.entities.by.source.ms,1788134478223000000,1788134505441000000,0
workspaceModel.mutableEntityStorage.resolve.ms,1788134478223000000,1788134505441000000,0
workspaceModel.load.cache.metadata.from.file.ms,1788134478223000000,1788134505441000000,0
workspaceModel.mutableEntityStorage.mutable.vfurl.index.ms,1788134478223000000,1788134505441000000,0
workspaceModel.mutableEntityStorage.mutable.ext.mapping.ms,1788134478223000000,1788134505441000000,0
workspaceModel.moduleBridge.facet.initialization.ms,1788134478223000000,1788134505441000000,0
jps.app.storage.content.reader.load.component.ms,1788134478223000000,1788134505441000000,0
workspaceModel.moduleManagerBridge.create.module.instance.ms,1788134478223000000,1788134505441000000,0
workspaceModel.moduleManagerBridge.load.module.ms,1788134478223000000,1788134505441000000,0
workspaceModel.global.apply.state.to.project.builder.ms,1788134478223000000,1788134505441000000,0
jps.global.initialize.library.bridges.ms,1788134478223000000,1788134505441000000,0
jps.storage.jps.conf.reader.load.component.ms,1788134478223000000,1788134505441000000,0
DirectByteBufferAllocator.hits,1788134478223000000,1788134505441000000,0
FilePageCacheLockFree.totalBytesRequested,1788134478223000000,1788134505441000000,0
FilePageCache.uncachedFileAccess,1788134478223000000,1788134505441000000,0
FilePageCacheLockFree.totalBytesWritten,1788134478223000000,1788134505441000000,0
DirectByteBufferAllocator.totalSizeOfBuffersAllocatedInBytes,1788134478223000000,1788134505441000000,46153728
FilePageCache.capacityInBytes,1788134478223000000,1788134505441000000,503316478
FilePageCacheLockFree.housekeeperTurnsSkipped,1788134478223000000,1788134505441000000,0
FilePageCacheLockFree.totalHeapBytesReclaimed,1788134478223000000,1788134505441000000,0
FilePageCache.totalPageLoadsUs,1788134478223000000,1788134505441000000,0
FilePageCache.disposedBuffers,1788134478223000000,1788134505441000000,221
FilePageCache.pageLoadsAboveSizeThreshold,1788134478223000000,1788134505441000000,0
FilePageCacheLockFree.housekeeperTurnsDone,1788134478223000000,1788134505441000000,0
FilePageCacheLockFree.totalPagesRequested,1788134478223000000,1788134505441000000,0
FilePageCacheLockFree.totalNativeBytesAllocated,1788134478223000000,1788134505441000000,0
StorageLockContext.competingThreads.avg,1788134478223000000,1788134505441000000,0.0
FilePageCacheLockFree.totalPagesReclaimed,1788134478223000000,1788134505441000000,0
FilePageCacheLockFree.totalPageAllocationsWaited,1788134478223000000,1788134505441000000,0
MappedFileStorage.storages,1788134478223000000,1788134505441000000,0
FilePageCacheLockFree.totalPagesReadMs,1788134478223000000,1788134505441000000,0
StorageLockContext.competingThreads.max,1788134478223000000,1788134505441000000,0
FilePageCacheLockFree.totalBytesRead,1788134478223000000,1788134505441000000,0
FilePageCache.pageFastCacheHits,1788134478223000000,1788134505441000000,28
MappedFileStorage.totalPagesMapped,1788134478223000000,1788134505441000000,0
DirectByteBufferAllocator.disposed,1788134478223000000,1788134505441000000,179
FilePageCacheLockFree.totalPagesHandedOver,1788134478223000000,1788134505441000000,0
FilePageCache.pageLoads,1788134478223000000,1788134505441000000,0
FilePageCacheLockFree.housekeeperTimeSpentMs,1788134478223000000,1788134505441000000,0
FilePageCacheLockFree.totalPagesWritten,1788134478223000000,1788134505441000000,0
FilePageCacheLockFree.totalNativeBytesReclaimed,1788134478223000000,1788134505441000000,0
DirectByteBufferAllocator.reclaimed,1788134478223000000,1788134505441000000,42
FilePageCacheLockFree.totalHeapBytesAllocated,1788134478223000000,1788134505441000000,0
FileChannelInterruptsRetryer.totalRetriedAttempts,1788134478223000000,1788134505441000000,0
FilePageCache.pageHits,1788134478223000000,1788134505441000000,0
StorageLockContext.competingThreads.90P,1788134478223000000,1788134505441000000,0
FilePageCacheLockFree.heapBytesInUse,1788134478223000000,1788134505441000000,0
FilePageCacheLockFree.totalPagesRequestsMs,1788134478223000000,1788134505441000000,0
DirectByteBufferAllocator.misses,1788134478223000000,1788134505441000000,0
FilePageCacheLockFree.totalPagesWriteMs,1788134478223000000,1788134505441000000,0
FilePageCache.maxRegisteredFiles,1788134478223000000,1788134505441000000,555
MappedFileStorage.totalBytesMapped,1788134478223000000,1788134505441000000,0
FilePageCacheLockFree.nativeBytesInUse,1788134478223000000,1788134505441000000,0
DirectByteBufferAllocator.totalSizeOfBuffersCachedInBytes,1788134478223000000,1788134505441000000,41959424
FilePageCacheLockFree.totalClosedStoragesReclaimed,1788134478223000000,1788134505441000000,0
FilePageCacheLockFree.totalPagesAllocated,1788134478223000000,1788134505441000000,0
FilePageCache.maxCacheSizeInBytes,1788134478223000000,1788134505441000000,233848832
FilePageCache.totalPageDisposalsUs,1788134478223000000,1788134505441000000,0
MappedFileStorage.totalTimeSpentOnMappingUs,1788134478223000000,1788134505441000000,121999
VFS.invertedFileNameIndex.requests,1788134478223000000,1788134505441000000,0
VFS.fileChildByName,1788134478223000000,1788134505441000000,29
VFS.fileByIdCache.misses,1788134478223000000,1788134505441000000,0
VFS.fileByIdCache.hits,1788134478223000000,1788134505441000000,0
Indexes.entries.lookups,1788134478223000000,1788134505441000000,0.0
Indexes.entries.lookupDurationAvgMs,1788134478223000000,1788134505441000000,0.0
Indexes.stubs.lookupDurationMaxMs,1788134478223000000,1788134505441000000,0.0
Indexes.entries.lookupDurationMaxMs,1788134478223000000,1788134505441000000,0.0
Indexes.stubs.lookupDuration90PMs,1788134478223000000,1788134505441000000,0.0
Indexes.allKeys.lookupDurationAvgMs,1788134478223000000,1788134505441000000,0.0
Indexes.stubs.lookups,1788134478223000000,1788134505441000000,0.0
Indexes.allKeys.lookupDurationMaxMs,1788134478223000000,1788134505441000000,0.0
Indexes.allKeys.lookupDuration90PMs,1788134478223000000,1788134505441000000,0.0
Indexes.entries.lookupDuration90PMs,1788134478223000000,1788134505441000000,0.0
Indexes.allKeys.lookups,1788134478223000000,1788134505441000000,0.0
Indexes.stubs.lookupDurationAvgMs,1788134478223000000,1788134505441000000,0.0
WriteAction.executionsCount,1788134478223000000,1788134505441000000,0
FlushQueue.executionTimeAvgNs,1788134478223000000,1788134505441000000,22947.08256880734
AWTEventQueue.dispatchTime90PNs,1788134478223000000,1788134505441000000,143359
NonBlockingReadAction.finalizedExecutionsCount,1788134478223000000,1788134505441000000,3
FlushQueue.executionTime90PNs,1788134478223000000,1788134505441000000,54271
AWTEventQueue.dispatchTimeMaxNs,1788134478223000000,1788134505441000000,268287
AWTEventQueue.eventsDispatched,1788134478223000000,1788134505441000000,115
ReadAction.executionsCount,1788134478223000000,1788134505441000000,27
FlushQueue.queueSize90P,1788134478223000000,1788134505441000000,0
NonBlockingReadAction.finalizedExecutionTimeUs,1788134478223000000,1788134505441000000,7700
NonBlockingReadAction.failedExecutionsCount,1788134478223000000,1788134505441000000,0
FlushQueue.tasksExecuted,1788134478223000000,1788134505441000000,109
FlushQueue.queueSizeAvg,1788134478223000000,1788134505441000000,0.0
NonBlockingReadAction.failedExecutionTimeUs,1788134478223000000,1788134505441000000,0
FlushQueue.executionTimeMaxNs,1788134478223000000,1788134505441000000,215039
FlushQueue.queueSizeMax,1788134478223000000,1788134505441000000,0
FlushQueue.waitingTimeMaxNs,1788134478223000000,1788134505441000000,385023
FlushQueue.waitingTimeAvgNs,1788134478223000000,1788134505441000000,165648.44036697247
AWTEventQueue.dispatchTimeAvgNs,1788134478223000000,1788134505441000000,97963.40869565218
FlushQueue.waitingTime90PNs,1788134478223000000,1788134505441000000,216063
AWTEventQueue.dispatchTimeTotalNS,1788134478223000000,1788134505441000000,11265759
compiler.ArtifactManagerBridge.initBridges.ms,1788134478223000000,1788134505441000000,0
compiler.ArtifactManagerBridge.findArtifact.ms,1788134478223000000,1788134505441000000,0
compiler.ArtifactManagerBridge.commit.ms,1788134478223000000,1788134505441000000,0
compiler.ArtifactManagerBridge.getArtifacts.ms,1788134478223000000,1788134505441000000,0
compiler.ArtifactVirtualFileListener.filePathChanged.ms,1788134478223000000,1788134505441000000,0
compiler.ArtifactManagerBridge.dropMappings.ms,1788134478223000000,1788134505441000000,0
compiler.ArtifactManagerBridge.addArtifact.ms,1788134478223000000,1788134505441000000,0
compiler.ArtifactManagerBridge.getArtifactsByType.ms,1788134478223000000,1788134505441000000,0
compiler.ArtifactVirtualFileListener.propertyChanged.ms,1788134478223000000,1788134505441000000,0
