# OpenTelemetry Metrics report: .csv, 4 fields: 
# <metric name>, <period start, nanoseconds>, <period end, nanoseconds>, <metric value>
# See CsvMetricsExporter for details.
# 
# NAME, PERIOD_START_NANOS, PERIOD_END_NANOS, VALUE
FlushQueue.queueSize90P,1788221266637000000,1788221326646000000,78
FlushQueue.queueSizeAvg,1788221266637000000,1788221326646000000,25.496680366740435
ReadAction.executionsCount,1788221266637000000,1788221326646000000,23649
AWTEventQueue.dispatchTimeTotalNS,1788221266637000000,1788221326646000000,11970938693
NonBlockingReadAction.finalizedExecutionsCount,1788221266637000000,1788221326646000000,123
AWTEventQueue.dispatchTimeAvgNs,1788221266637000000,1788221326646000000,1395107.0172494173
FlushQueue.queueSizeMax,1788221266637000000,1788221326646000000,200
FlushQueue.executionTime90PNs,1788221266637000000,1788221326646000000,3637247
FlushQueue.executionTimeAvgNs,1788221266637000000,1788221326646000000,1523594.118242175
AWTEventQueue.eventsDispatched,1788221266637000000,1788221326646000000,8580
AWTEventQueue.dispatchTimeMaxNs,1788221266637000000,1788221326646000000,446693375
NonBlockingReadAction.failedExecutionsCount,1788221266637000000,1788221326646000000,0
FlushQueue.waitingTime90PNs,1788221266637000000,1788221326646000000,700448767
FlushQueue.waitingTimeAvgNs,1788221266637000000,1788221326646000000,1.845204291963326E8
FlushQueue.waitingTimeMaxNs,1788221266637000000,1788221326646000000,1753219071
FlushQueue.tasksExecuted,1788221266637000000,1788221326646000000,3163
WriteAction.executionsCount,1788221266637000000,1788221326646000000,9
NonBlockingReadAction.finalizedExecutionTimeUs,1788221266637000000,1788221326646000000,684498
AWTEventQueue.dispatchTime90PNs,1788221266637000000,1788221326646000000,2605055
NonBlockingReadAction.failedExecutionTimeUs,1788221266637000000,1788221326646000000,0
FlushQueue.executionTimeMaxNs,1788221266637000000,1788221326646000000,446693375
workspaceModel.mutableEntityStorage.remove.entity.ms,1788221266637000000,1788221326646000000,0
workspaceModel.global.updates.count,1788221266637000000,1788221326646000000,0
jps.facet.change.listener.process.change.events.ms,1788221266637000000,1788221326646000000,0
workspaceModel.mutableEntityStorage.referrers.ms,1788221266637000000,1788221326646000000,0
workspaceModel.sync.entities.ms,1788221266637000000,1788221326646000000,0
workspaceModel.moduleManagerBridge.create.module.instance.ms,1788221266637000000,1788221326646000000,0
workspaceModel.mutableEntityStorage.mutable.ext.mapping.ms,1788221266637000000,1788221326646000000,2
workspaceModel.moduleManagerBridge.get.modules.ms,1788221266637000000,1788221326646000000,0
workspaceModel.mutableEntityStorage.has.same.entities.ms,1788221266637000000,1788221326646000000,0
jps.save.global.entities.ms,1788221266637000000,1788221326646000000,0
workspaceModel.mutableEntityStorage.apply.changes.from.ms,1788221266637000000,1788221326646000000,8
jps.reload.project.entities.ms,1788221266637000000,1788221326646000000,0
workspaceModel.global.apply.state.to.project.builder.ms,1788221266637000000,1788221326646000000,0
workspaceModel.mutableEntityStorage.replace.by.source.ms,1788221266637000000,1788221326646000000,11
workspaceModel.moduleManagerBridge.load.module.ms,1788221266637000000,1788221326646000000,0
jps.load.project.to.empty.storage.ms,1788221266637000000,1788221326646000000,58
jps.save.changed.project.entities.ms,1788221266637000000,1788221326646000000,0
workspaceModel.moduleManagerBridge.new.nonPersistent.module.ms,1788221266637000000,1788221326646000000,0
workspaceModel.moduleManagerBridge.load.all.modules.ms,1788221266637000000,1788221326646000000,107
jps.library.entities.serializer.load.entities.ms,1788221266637000000,1788221326646000000,0
workspaceModel.do.save.caches.ms,1788221266637000000,1788221326646000000,47
workspaceModel.mutableEntityStorage.entities.ms,1788221266637000000,1788221326646000000,2
jps.load.initial.state.ms,1788221266637000000,1788221326646000000,18
workspaceModel.mutableEntityStorage.modify.entity.ms,1788221266637000000,1788221326646000000,1
jps.global.get.libraries.ms,1788221266637000000,1788221326646000000,0
workspaceModel.mutableEntityStorage.put.entity.ms,1788221266637000000,1788221326646000000,3
jps.apply.loaded.storage.ms,1788221266637000000,1788221326646000000,31
jps.storage.jps.conf.reader.load.component.ms,1788221266637000000,1788221326646000000,5
jps.facet.change.listener.before.change.events.ms,1788221266637000000,1788221326646000000,0
jps.artifact.entities.serializer.save.entities.ms,1788221266637000000,1788221326646000000,0
workspaceModel.mutableEntityStorage.add.entity.ms,1788221266637000000,1788221326646000000,12
workspaceModel.moduleBridge.update.option.ms,1788221266637000000,1788221326646000000,0
workspaceModel.mutableEntityStorage.mutable.vfurl.index.ms,1788221266637000000,1788221326646000000,0
jps.project.serializers.load.ms,1788221266637000000,1788221326646000000,32
workspaceModel.moduleManagerBridge.build.module.graph.ms,1788221266637000000,1788221326646000000,2
jps.global.get.library.ms,1788221266637000000,1788221326646000000,0
jps.library.entities.serializer.save.entities.ms,1788221266637000000,1788221326646000000,0
workspaceModel.delayed.project.synchronizer.sync.ms,1788221266637000000,1788221326646000000,92
jps.global.initialize.library.bridges.after.loading.ms,1788221266637000000,1788221326646000000,1
workspaceModel.mutableEntityStorage.entities.by.source.ms,1788221266637000000,1788221326646000000,0
workspaceModel.mutableEntityStorage.resolve.ms,1788221266637000000,1788221326646000000,0
jps.global.initialize.library.bridges.ms,1788221266637000000,1788221326646000000,0
jps.global.get.library.by.name.ms,1788221266637000000,1788221326646000000,0
workspaceModel.global.updates.ms,1788221266637000000,1788221326646000000,0
workspaceModel.moduleBridgeLoader.loading.modules.ms,1788221266637000000,1788221326646000000,436
jps.artifact.entities.serializer.load.entities.ms,1788221266637000000,1788221326646000000,0
workspaceModel.mutableEntityStorage.collect.changes.ms,1788221266637000000,1788221326646000000,0
jps.module.iml.entities.serializer.load.entities.ms,1788221266637000000,1788221326646000000,14
jps.global.handle.before.change.events.ms,1788221266637000000,1788221326646000000,0
workspaceModel.orphan.listener.update.ms,1788221266637000000,1788221326646000000,4
jps.facet.change.listener.init.bridge.ms,1788221266637000000,1788221326646000000,0
workspaceModel.moduleBridge.before.changed.ms,1788221266637000000,1788221326646000000,0
workspaceModel.load.cache.from.file.ms,1788221266637000000,1788221326646000000,158
jps.module.iml.entities.serializer.save.entities.ms,1788221266637000000,1788221326646000000,0
jps.app.storage.content.reader.load.component.ms,1788221266637000000,1788221326646000000,0
workspaceModel.global.apply.state.to.project.ms,1788221266637000000,1788221326646000000,43
workspaceModel.moduleBridge.facet.initialization.ms,1788221266637000000,1788221326646000000,0
workspaceModel.load.cache.metadata.from.file.ms,1788221266637000000,1788221326646000000,14
workspaceModel.moduleManagerBridge.set.unloadedModules.ms,1788221266637000000,1788221326646000000,0
workspaceModel.save.cache.to.file.ms,1788221266637000000,1788221326646000000,38
workspaceModel.mutableEntityStorage.instances.count,1788221266637000000,1788221326646000000,21
jps.global.handle.changed.events.ms,1788221266637000000,1788221326646000000,0
workspaceModel.mutableEntityStorage.to.snapshot.ms,1788221266637000000,1788221326646000000,4
jps.project.serializers.save.ms,1788221266637000000,1788221326646000000,0
workspaceModel.moduleManagerBridge.newModule.ms,1788221266637000000,1788221326646000000,0
cacheStateStorage.get.counter,1788221266637000000,1788221326646000000,23
cacheStateStorage.set.counter,1788221266637000000,1788221326646000000,3
cacheStateStorage.set.duration,1788221266637000000,1788221326646000000,8
cacheStateStorage.get.duration,1788221266637000000,1788221326646000000,222
FilePageCacheLockFree.housekeeperTurnsDone,1788221266637000000,1788221326646000000,0
FilePageCacheLockFree.heapBytesInUse,1788221266637000000,1788221326646000000,0
FilePageCache.pageLoads,1788221266637000000,1788221326646000000,208
FilePageCache.totalPageLoadsUs,1788221266637000000,1788221326646000000,247973
DirectByteBufferAllocator.hits,1788221266637000000,1788221326646000000,3
FilePageCacheLockFree.totalPagesHandedOver,1788221266637000000,1788221326646000000,0
DirectByteBufferAllocator.totalSizeOfBuffersAllocatedInBytes,1788221266637000000,1788221326646000000,212877312
FilePageCache.maxRegisteredFiles,1788221266637000000,1788221326646000000,555
FilePageCacheLockFree.totalBytesRead,1788221266637000000,1788221326646000000,0
DirectByteBufferAllocator.reclaimed,1788221266637000000,1788221326646000000,3
FilePageCacheLockFree.totalClosedStoragesReclaimed,1788221266637000000,1788221326646000000,0
FilePageCacheLockFree.totalPagesReadMs,1788221266637000000,1788221326646000000,0
FilePageCache.maxCacheSizeInBytes,1788221266637000000,1788221326646000000,212877312
FilePageCacheLockFree.totalPagesRequested,1788221266637000000,1788221326646000000,0
FilePageCacheLockFree.housekeeperTurnsSkipped,1788221266637000000,1788221326646000000,0
StorageLockContext.competingThreads.90P,1788221266637000000,1788221326646000000,0
StreamlinedBlobStorage.recordsRelocated,1788221266637000000,1788221326646000000,0
MappedFileStorage.totalBytesMapped,1788221266637000000,1788221326646000000,181665792
FileChannelInterruptsRetryer.totalRetriedAttempts,1788221266637000000,1788221326646000000,0
FilePageCache.uncachedFileAccess,1788221266637000000,1788221326646000000,118
FilePageCacheLockFree.totalBytesWritten,1788221266637000000,1788221326646000000,0
FilePageCacheLockFree.totalPagesAllocated,1788221266637000000,1788221326646000000,0
FilePageCache.pageHits,1788221266637000000,1788221326646000000,0
StorageLockContext.competingThreads.avg,1788221266637000000,1788221326646000000,0.12605042016806722
FilePageCacheLockFree.totalPagesReclaimed,1788221266637000000,1788221326646000000,0
FilePageCache.capacityInBytes,1788221266637000000,1788221326646000000,503316478
DirectByteBufferAllocator.totalSizeOfBuffersCachedInBytes,1788221266637000000,1788221326646000000,0
DirectByteBufferAllocator.disposed,1788221266637000000,1788221326646000000,0
DirectByteBufferAllocator.misses,1788221266637000000,1788221326646000000,205
FilePageCacheLockFree.totalHeapBytesAllocated,1788221266637000000,1788221326646000000,0
FilePageCacheLockFree.totalHeapBytesReclaimed,1788221266637000000,1788221326646000000,0
FilePageCacheLockFree.totalPagesRequestsMs,1788221266637000000,1788221326646000000,0
FilePageCacheLockFree.nativeBytesInUse,1788221266637000000,1788221326646000000,0
StreamlinedBlobStorage.totalLiveRecordsCapacityBytes,1788221266637000000,1788221326646000000,213058
MappedFileStorage.storages,1788221266637000000,1788221326646000000,11
FilePageCacheLockFree.totalPagesWriteMs,1788221266637000000,1788221326646000000,0
MappedFileStorage.totalPagesMapped,1788221266637000000,1788221326646000000,11
FilePageCacheLockFree.housekeeperTimeSpentMs,1788221266637000000,1788221326646000000,0
StorageLockContext.competingThreads.max,1788221266637000000,1788221326646000000,15
FilePageCacheLockFree.totalNativeBytesReclaimed,1788221266637000000,1788221326646000000,0
FilePageCache.totalPageDisposalsUs,1788221266637000000,1788221326646000000,2863
FilePageCache.pageFastCacheHits,1788221266637000000,1788221326646000000,4376
StreamlinedBlobStorage.recordsDeleted,1788221266637000000,1788221326646000000,19
FilePageCacheLockFree.totalNativeBytesAllocated,1788221266637000000,1788221326646000000,0
FilePageCacheLockFree.totalPageAllocationsWaited,1788221266637000000,1788221326646000000,0
FilePageCache.pageLoadsAboveSizeThreshold,1788221266637000000,1788221326646000000,0
FilePageCacheLockFree.totalBytesRequested,1788221266637000000,1788221326646000000,0
FilePageCacheLockFree.totalPagesWritten,1788221266637000000,1788221326646000000,0
StreamlinedBlobStorage.totalLiveRecordsPayloadBytes,1788221266637000000,1788221326646000000,69851
MappedFileStorage.totalTimeSpentOnMappingUs,1788221266637000000,1788221326646000000,10951
FilePageCache.disposedBuffers,1788221266637000000,1788221326646000000,3
StreamlinedBlobStorage.recordsAllocated,1788221266637000000,1788221326646000000,2665
VFS.fileByIdCache.misses,1788221266637000000,1788221326646000000,22
FileNameCache.queries,1788221266637000000,1788221326646000000,23872
VFS.invertedFileNameIndex.requests,1788221266637000000,1788221326646000000,0
VFS.fileChildByName,1788221266637000000,1788221326646000000,1415
VFS.fileByIdCache.hits,1788221266637000000,1788221326646000000,0
FileNameCache.totalMisses,1788221266637000000,1788221326646000000,1088
writeAction.median.wait.ms,1788221266637000000,1788221326646000000,0
writeAction.max.wait.ms,1788221266637000000,1788221326646000000,5
writeAction.wait.ms,1788221266637000000,1788221326646000000,6
writeAction.count,1788221266637000000,1788221326646000000,9
compiler.ArtifactManagerBridge.initBridges.ms,1788221266637000000,1788221326646000000,0
compiler.ArtifactManagerBridge.addArtifact.ms,1788221266637000000,1788221326646000000,0
compiler.ArtifactManagerBridge.findArtifact.ms,1788221266637000000,1788221326646000000,0
compiler.ArtifactManagerBridge.getArtifactsByType.ms,1788221266637000000,1788221326646000000,1
compiler.ArtifactVirtualFileListener.filePathChanged.ms,1788221266637000000,1788221326646000000,0
compiler.ArtifactManagerBridge.commit.ms,1788221266637000000,1788221326646000000,0
compiler.ArtifactManagerBridge.dropMappings.ms,1788221266637000000,1788221326646000000,0
compiler.ArtifactVirtualFileListener.propertyChanged.ms,1788221266637000000,1788221326646000000,0
compiler.ArtifactManagerBridge.getArtifacts.ms,1788221266637000000,1788221326646000000,0
workspaceModel.cachedValueWithParameters.clear.ms,1788221266637000000,1788221326646000000,0
workspaceModel.pre.handlers.ms,1788221266637000000,1788221326646000000,0
workspaceModel.collect.changes.ms,1788221266637000000,1788221326646000000,0
workspaceModel.workspaceFileIndexData.init.ms,1788221266637000000,1788221326646000000,37
workspaceModel.initializing.ms,1788221266637000000,1788221326646000000,2
workspaceModel.replace.project.model.ms,1788221266637000000,1788221326646000000,0
workspaceModel.updates.count,1788221266637000000,1788221326646000000,2
workspaceModel.cachedValue.calculated.ms,1788221266637000000,1788221326646000000,9
workspaceModel.workspaceFileIndexData.markDirty.ms,1788221266637000000,1788221326646000000,0
workspaceModel.workspaceFileIndexData.visitFileSets.ms,1788221266637000000,1788221326646000000,11
workspaceModel.init.bridges.ms,1788221266637000000,1788221326646000000,2
workspaceModel.workspaceFileIndexData.getDirectoriesByPackageName.ms,1788221266637000000,1788221326646000000,4
workspaceModel.cachedValue.from.cache.ms,1788221266637000000,1788221326646000000,0
workspaceModel.cachedValueWithParameters.from.cache.ms,1788221266637000000,1788221326646000000,0
workspaceModel.cachedValue.total.get.ms,1788221266637000000,1788221326646000000,9
workspaceModel.workspaceFileIndexData.onEntitiesChanged.ms,1788221266637000000,1788221326646000000,0
workspaceModel.workspaceFileIndexData.instances.count,1788221266637000000,1788221326646000000,1
workspaceModel.workspaceFileIndexData.updateDirtyEntities.ms,1788221266637000000,1788221326646000000,0
workspaceModel.entityStorageSnapshotImpl.instances.count,1788221266637000000,1788221326646000000,14
workspaceModel.cachedValueWithParameters.calculated.ms,1788221266637000000,1788221326646000000,0
workspaceModel.updates.ms,1788221266637000000,1788221326646000000,54
workspaceModel.workspaceFileIndexData.getFileInfo.ms,1788221266637000000,1788221326646000000,64
workspaceModel.to.snapshot.ms,1788221266637000000,1788221326646000000,0
workspaceModel.full.replace.project.model.ms,1788221266637000000,1788221326646000000,12
workspaceModel.loading.from.cache.ms,1788221266637000000,1788221326646000000,166
workspaceModel.cachedValue.clear.ms,1788221266637000000,1788221326646000000,0
workspaceModel.cachedValueWithParameters.total.get.ms,1788221266637000000,1788221326646000000,0
workspaceModel.updates.precise.ms,1788221266637000000,1788221326646000000,13
workspaceModel.update.unloaded.entities.ms,1788221266637000000,1788221326646000000,0
workspaceModel.workspaceFileIndexData.getPackageName.ms,1788221266637000000,1788221326646000000,0
workspaceModel.workspaceFileIndexData.processFileSets.ms,1788221266637000000,1788221326646000000,0
workspaceModel.check.recursive.update.ms,1788221266637000000,1788221326646000000,0
workspaceModel.workspaceFileIndexContributor.registerFileSets.ms,1788221266637000000,1788221326646000000,68
workspaceModel.loading.total.ms,1788221266637000000,1788221326646000000,177
IndexesFlusher.totalContentionQuotaSpent,1788221266637000000,1788221326646000000,20
Indexes.stubs.lookupDurationAvgMs,1788221266637000000,1788221326646000000,0.0
Indexes.stubs.lookups,1788221266637000000,1788221326646000000,0.0
Indexes.entries.lookupDurationMaxMs,1788221266637000000,1788221326646000000,11.0
Indexes.allKeys.lookupDurationAvgMs,1788221266637000000,1788221326646000000,0.0
IndexesFlusher.totalFlushesRetried,1788221266637000000,1788221326646000000,1
Indexes.entries.lookups,1788221266637000000,1788221326646000000,11.0
IndexesFlusher.totalFlushingTimeUs,1788221266637000000,1788221326646000000,321433
Indexes.entries.lookupDurationAvgMs,1788221266637000000,1788221326646000000,5.818181818181818
Indexes.allKeys.lookupDurationMaxMs,1788221266637000000,1788221326646000000,0.0
Indexes.allKeys.lookups,1788221266637000000,1788221326646000000,0.0
Indexes.allKeys.lookupDuration90PMs,1788221266637000000,1788221326646000000,0.0
Indexes.stubs.lookupDuration90PMs,1788221266637000000,1788221326646000000,0.0
Indexes.entries.lookupDuration90PMs,1788221266637000000,1788221326646000000,10.0
Indexes.stubs.lookupDurationMaxMs,1788221266637000000,1788221326646000000,0.0
IndexesFlusher.totalFlushes,1788221266637000000,1788221326646000000,59
JVM.totalCpuTimeMs,1788221266637000000,1788221326646000000,66955
JVM.GC.collectionTimesMs,1788221266637000000,1788221326646000000,157
JVM.maxHeapBytes,1788221266637000000,1788221326646000000,2147483648
OS.loadAverage,1788221266637000000,1788221326646000000,3.22021484375
JVM.totalDirectByteBuffersBytes,1788221266637000000,1788221326646000000,215517034
JVM.threadCount,1788221266637000000,1788221326646000000,165
JVM.totalBytesAllocated,1788221266637000000,1788221326646000000,2813647120
JVM.GC.collections,1788221266637000000,1788221326646000000,26
JVM.newThreadsCount,1788221266637000000,1788221326646000000,171
JVM.usedHeapBytes,1788221266637000000,1788221326646000000,463490496
JVM.maxThreadCount,1788221266637000000,1788221326646000000,165
JVM.usedNativeBytes,1788221266637000000,1788221326646000000,297980960
FlushQueue.queueSize90P,1788221326646000000,1788221386639000000,11
FlushQueue.queueSizeAvg,1788221326646000000,1788221386639000000,4.3453837597330365
ReadAction.executionsCount,1788221326646000000,1788221386639000000,105475
AWTEventQueue.dispatchTimeTotalNS,1788221326646000000,1788221386639000000,4173335456
NonBlockingReadAction.finalizedExecutionsCount,1788221326646000000,1788221386639000000,310
AWTEventQueue.dispatchTimeAvgNs,1788221326646000000,1788221386639000000,548569.052714605
FlushQueue.queueSizeMax,1788221326646000000,1788221386639000000,80
FlushQueue.executionTime90PNs,1788221326646000000,1788221386639000000,163839
FlushQueue.executionTimeAvgNs,1788221326646000000,1788221386639000000,273433.6106785317
AWTEventQueue.eventsDispatched,1788221326646000000,1788221386639000000,7607
AWTEventQueue.dispatchTimeMaxNs,1788221326646000000,1788221386639000000,270532607
NonBlockingReadAction.failedExecutionsCount,1788221326646000000,1788221386639000000,0
FlushQueue.waitingTime90PNs,1788221326646000000,1788221386639000000,5111807
FlushQueue.waitingTimeAvgNs,1788221326646000000,1788221386639000000,7484235.724137931
FlushQueue.waitingTimeMaxNs,1788221326646000000,1788221386639000000,217055231
FlushQueue.tasksExecuted,1788221326646000000,1788221386639000000,1798
WriteAction.executionsCount,1788221326646000000,1788221386639000000,2
NonBlockingReadAction.finalizedExecutionTimeUs,1788221326646000000,1788221386639000000,121232
AWTEventQueue.dispatchTime90PNs,1788221326646000000,1788221386639000000,655359
NonBlockingReadAction.failedExecutionTimeUs,1788221326646000000,1788221386639000000,0
FlushQueue.executionTimeMaxNs,1788221326646000000,1788221386639000000,270532607
workspaceModel.mutableEntityStorage.remove.entity.ms,1788221326646000000,1788221386639000000,0
workspaceModel.global.updates.count,1788221326646000000,1788221386639000000,0
jps.facet.change.listener.process.change.events.ms,1788221326646000000,1788221386639000000,0
workspaceModel.mutableEntityStorage.referrers.ms,1788221326646000000,1788221386639000000,0
workspaceModel.sync.entities.ms,1788221326646000000,1788221386639000000,0
workspaceModel.moduleManagerBridge.create.module.instance.ms,1788221326646000000,1788221386639000000,0
workspaceModel.mutableEntityStorage.mutable.ext.mapping.ms,1788221326646000000,1788221386639000000,0
workspaceModel.moduleManagerBridge.get.modules.ms,1788221326646000000,1788221386639000000,0
workspaceModel.mutableEntityStorage.has.same.entities.ms,1788221326646000000,1788221386639000000,0
jps.app.storage.content.writer.save.component.ms,1788221326646000000,1788221386639000000,1
jps.save.global.entities.ms,1788221326646000000,1788221386639000000,3
workspaceModel.mutableEntityStorage.apply.changes.from.ms,1788221326646000000,1788221386639000000,0
jps.reload.project.entities.ms,1788221326646000000,1788221386639000000,0
workspaceModel.global.apply.state.to.project.builder.ms,1788221326646000000,1788221386639000000,0
workspaceModel.mutableEntityStorage.replace.by.source.ms,1788221326646000000,1788221386639000000,0
workspaceModel.moduleManagerBridge.load.module.ms,1788221326646000000,1788221386639000000,0
jps.load.project.to.empty.storage.ms,1788221326646000000,1788221386639000000,0
jps.save.changed.project.entities.ms,1788221326646000000,1788221386639000000,1
workspaceModel.moduleManagerBridge.new.nonPersistent.module.ms,1788221326646000000,1788221386639000000,0
workspaceModel.moduleManagerBridge.load.all.modules.ms,1788221326646000000,1788221386639000000,0
jps.library.entities.serializer.load.entities.ms,1788221326646000000,1788221386639000000,0
workspaceModel.do.save.caches.ms,1788221326646000000,1788221386639000000,0
workspaceModel.mutableEntityStorage.entities.ms,1788221326646000000,1788221386639000000,0
jps.load.initial.state.ms,1788221326646000000,1788221386639000000,0
workspaceModel.mutableEntityStorage.modify.entity.ms,1788221326646000000,1788221386639000000,0
jps.global.get.libraries.ms,1788221326646000000,1788221386639000000,0
workspaceModel.mutableEntityStorage.put.entity.ms,1788221326646000000,1788221386639000000,0
jps.apply.loaded.storage.ms,1788221326646000000,1788221386639000000,0
jps.storage.jps.conf.reader.load.component.ms,1788221326646000000,1788221386639000000,0
jps.facet.change.listener.before.change.events.ms,1788221326646000000,1788221386639000000,0
jps.artifact.entities.serializer.save.entities.ms,1788221326646000000,1788221386639000000,0
workspaceModel.mutableEntityStorage.add.entity.ms,1788221326646000000,1788221386639000000,0
workspaceModel.moduleBridge.update.option.ms,1788221326646000000,1788221386639000000,0
workspaceModel.mutableEntityStorage.mutable.vfurl.index.ms,1788221326646000000,1788221386639000000,0
jps.project.serializers.load.ms,1788221326646000000,1788221386639000000,0
workspaceModel.moduleManagerBridge.build.module.graph.ms,1788221326646000000,1788221386639000000,0
jps.global.get.library.ms,1788221326646000000,1788221386639000000,0
jps.library.entities.serializer.save.entities.ms,1788221326646000000,1788221386639000000,0
workspaceModel.delayed.project.synchronizer.sync.ms,1788221326646000000,1788221386639000000,0
jps.global.initialize.library.bridges.after.loading.ms,1788221326646000000,1788221386639000000,0
workspaceModel.mutableEntityStorage.entities.by.source.ms,1788221326646000000,1788221386639000000,0
workspaceModel.mutableEntityStorage.resolve.ms,1788221326646000000,1788221386639000000,0
jps.global.initialize.library.bridges.ms,1788221326646000000,1788221386639000000,0
jps.global.get.library.by.name.ms,1788221326646000000,1788221386639000000,0
workspaceModel.global.updates.ms,1788221326646000000,1788221386639000000,0
workspaceModel.moduleBridgeLoader.loading.modules.ms,1788221326646000000,1788221386639000000,0
jps.artifact.entities.serializer.load.entities.ms,1788221326646000000,1788221386639000000,0
workspaceModel.mutableEntityStorage.collect.changes.ms,1788221326646000000,1788221386639000000,0
jps.module.iml.entities.serializer.load.entities.ms,1788221326646000000,1788221386639000000,0
jps.global.handle.before.change.events.ms,1788221326646000000,1788221386639000000,0
workspaceModel.orphan.listener.update.ms,1788221326646000000,1788221386639000000,0
jps.facet.change.listener.init.bridge.ms,1788221326646000000,1788221386639000000,0
workspaceModel.moduleBridge.before.changed.ms,1788221326646000000,1788221386639000000,0
workspaceModel.load.cache.from.file.ms,1788221326646000000,1788221386639000000,0
jps.module.iml.entities.serializer.save.entities.ms,1788221326646000000,1788221386639000000,0
jps.app.storage.content.reader.load.component.ms,1788221326646000000,1788221386639000000,0
workspaceModel.global.apply.state.to.project.ms,1788221326646000000,1788221386639000000,0
workspaceModel.moduleBridge.facet.initialization.ms,1788221326646000000,1788221386639000000,0
workspaceModel.load.cache.metadata.from.file.ms,1788221326646000000,1788221386639000000,0
workspaceModel.moduleManagerBridge.set.unloadedModules.ms,1788221326646000000,1788221386639000000,0
workspaceModel.save.cache.to.file.ms,1788221326646000000,1788221386639000000,0
workspaceModel.mutableEntityStorage.instances.count,1788221326646000000,1788221386639000000,0
jps.global.handle.changed.events.ms,1788221326646000000,1788221386639000000,0
workspaceModel.mutableEntityStorage.to.snapshot.ms,1788221326646000000,1788221386639000000,0
jps.project.serializers.save.ms,1788221326646000000,1788221386639000000,0
workspaceModel.moduleManagerBridge.newModule.ms,1788221326646000000,1788221386639000000,0
cacheStateStorage.get.counter,1788221326646000000,1788221386639000000,3
cacheStateStorage.set.counter,1788221326646000000,1788221386639000000,4
cacheStateStorage.set.duration,1788221326646000000,1788221386639000000,3
cacheStateStorage.get.duration,1788221326646000000,1788221386639000000,62
FilePageCacheLockFree.housekeeperTurnsDone,1788221326646000000,1788221386639000000,0
FilePageCacheLockFree.heapBytesInUse,1788221326646000000,1788221386639000000,0
FilePageCache.pageLoads,1788221326646000000,1788221386639000000,0
FilePageCache.totalPageLoadsUs,1788221326646000000,1788221386639000000,0
DirectByteBufferAllocator.hits,1788221326646000000,1788221386639000000,0
FilePageCacheLockFree.totalPagesHandedOver,1788221326646000000,1788221386639000000,0
DirectByteBufferAllocator.totalSizeOfBuffersAllocatedInBytes,1788221326646000000,1788221386639000000,212877312
FilePageCache.maxRegisteredFiles,1788221326646000000,1788221386639000000,555
FilePageCacheLockFree.totalBytesRead,1788221326646000000,1788221386639000000,0
DirectByteBufferAllocator.reclaimed,1788221326646000000,1788221386639000000,0
FilePageCacheLockFree.totalClosedStoragesReclaimed,1788221326646000000,1788221386639000000,0
FilePageCacheLockFree.totalPagesReadMs,1788221326646000000,1788221386639000000,0
FilePageCache.maxCacheSizeInBytes,1788221326646000000,1788221386639000000,212877312
FilePageCacheLockFree.totalPagesRequested,1788221326646000000,1788221386639000000,0
FilePageCacheLockFree.housekeeperTurnsSkipped,1788221326646000000,1788221386639000000,0
StorageLockContext.competingThreads.90P,1788221326646000000,1788221386639000000,0
StreamlinedBlobStorage.recordsRelocated,1788221326646000000,1788221386639000000,0
MappedFileStorage.totalBytesMapped,1788221326646000000,1788221386639000000,181665792
FileChannelInterruptsRetryer.totalRetriedAttempts,1788221326646000000,1788221386639000000,0
FilePageCache.uncachedFileAccess,1788221326646000000,1788221386639000000,2
FilePageCacheLockFree.totalBytesWritten,1788221326646000000,1788221386639000000,0
FilePageCacheLockFree.totalPagesAllocated,1788221326646000000,1788221386639000000,0
FilePageCache.pageHits,1788221326646000000,1788221386639000000,0
StorageLockContext.competingThreads.avg,1788221326646000000,1788221386639000000,0.0
FilePageCacheLockFree.totalPagesReclaimed,1788221326646000000,1788221386639000000,0
FilePageCache.capacityInBytes,1788221326646000000,1788221386639000000,503316478
DirectByteBufferAllocator.totalSizeOfBuffersCachedInBytes,1788221326646000000,1788221386639000000,0
DirectByteBufferAllocator.disposed,1788221326646000000,1788221386639000000,0
DirectByteBufferAllocator.misses,1788221326646000000,1788221386639000000,0
FilePageCacheLockFree.totalHeapBytesAllocated,1788221326646000000,1788221386639000000,0
FilePageCacheLockFree.totalHeapBytesReclaimed,1788221326646000000,1788221386639000000,0
FilePageCacheLockFree.totalPagesRequestsMs,1788221326646000000,1788221386639000000,0
FilePageCacheLockFree.nativeBytesInUse,1788221326646000000,1788221386639000000,0
StreamlinedBlobStorage.totalLiveRecordsCapacityBytes,1788221326646000000,1788221386639000000,0
MappedFileStorage.storages,1788221326646000000,1788221386639000000,11
FilePageCacheLockFree.totalPagesWriteMs,1788221326646000000,1788221386639000000,0
MappedFileStorage.totalPagesMapped,1788221326646000000,1788221386639000000,11
FilePageCacheLockFree.housekeeperTimeSpentMs,1788221326646000000,1788221386639000000,0
StorageLockContext.competingThreads.max,1788221326646000000,1788221386639000000,0
FilePageCacheLockFree.totalNativeBytesReclaimed,1788221326646000000,1788221386639000000,0
FilePageCache.totalPageDisposalsUs,1788221326646000000,1788221386639000000,0
FilePageCache.pageFastCacheHits,1788221326646000000,1788221386639000000,78
StreamlinedBlobStorage.recordsDeleted,1788221326646000000,1788221386639000000,0
FilePageCacheLockFree.totalNativeBytesAllocated,1788221326646000000,1788221386639000000,0
FilePageCacheLockFree.totalPageAllocationsWaited,1788221326646000000,1788221386639000000,0
FilePageCache.pageLoadsAboveSizeThreshold,1788221326646000000,1788221386639000000,0
FilePageCacheLockFree.totalBytesRequested,1788221326646000000,1788221386639000000,0
FilePageCacheLockFree.totalPagesWritten,1788221326646000000,1788221386639000000,0
StreamlinedBlobStorage.totalLiveRecordsPayloadBytes,1788221326646000000,1788221386639000000,0
MappedFileStorage.totalTimeSpentOnMappingUs,1788221326646000000,1788221386639000000,10951
FilePageCache.disposedBuffers,1788221326646000000,1788221386639000000,0
StreamlinedBlobStorage.recordsAllocated,1788221326646000000,1788221386639000000,0
VFS.fileByIdCache.misses,1788221326646000000,1788221386639000000,0
FileNameCache.queries,1788221326646000000,1788221386639000000,7488
VFS.invertedFileNameIndex.requests,1788221326646000000,1788221386639000000,0
VFS.fileChildByName,1788221326646000000,1788221386639000000,979
VFS.fileByIdCache.hits,1788221326646000000,1788221386639000000,0
FileNameCache.totalMisses,1788221326646000000,1788221386639000000,0
writeAction.median.wait.ms,1788221326646000000,1788221386639000000,0
writeAction.max.wait.ms,1788221326646000000,1788221386639000000,5
writeAction.wait.ms,1788221326646000000,1788221386639000000,0
writeAction.count,1788221326646000000,1788221386639000000,2
compiler.ArtifactManagerBridge.initBridges.ms,1788221326646000000,1788221386639000000,0
compiler.ArtifactManagerBridge.addArtifact.ms,1788221326646000000,1788221386639000000,0
compiler.ArtifactManagerBridge.findArtifact.ms,1788221326646000000,1788221386639000000,0
compiler.ArtifactManagerBridge.getArtifactsByType.ms,1788221326646000000,1788221386639000000,0
compiler.ArtifactVirtualFileListener.filePathChanged.ms,1788221326646000000,1788221386639000000,0
compiler.ArtifactManagerBridge.commit.ms,1788221326646000000,1788221386639000000,0
compiler.ArtifactManagerBridge.dropMappings.ms,1788221326646000000,1788221386639000000,0
compiler.ArtifactVirtualFileListener.propertyChanged.ms,1788221326646000000,1788221386639000000,0
compiler.ArtifactManagerBridge.getArtifacts.ms,1788221326646000000,1788221386639000000,0
workspaceModel.cachedValueWithParameters.clear.ms,1788221326646000000,1788221386639000000,0
workspaceModel.pre.handlers.ms,1788221326646000000,1788221386639000000,0
workspaceModel.collect.changes.ms,1788221326646000000,1788221386639000000,0
workspaceModel.workspaceFileIndexData.init.ms,1788221326646000000,1788221386639000000,0
workspaceModel.initializing.ms,1788221326646000000,1788221386639000000,0
workspaceModel.replace.project.model.ms,1788221326646000000,1788221386639000000,0
workspaceModel.updates.count,1788221326646000000,1788221386639000000,0
workspaceModel.cachedValue.calculated.ms,1788221326646000000,1788221386639000000,0
workspaceModel.workspaceFileIndexData.markDirty.ms,1788221326646000000,1788221386639000000,0
workspaceModel.workspaceFileIndexData.visitFileSets.ms,1788221326646000000,1788221386639000000,0
workspaceModel.init.bridges.ms,1788221326646000000,1788221386639000000,0
workspaceModel.workspaceFileIndexData.getDirectoriesByPackageName.ms,1788221326646000000,1788221386639000000,0
workspaceModel.cachedValue.from.cache.ms,1788221326646000000,1788221386639000000,0
workspaceModel.cachedValueWithParameters.from.cache.ms,1788221326646000000,1788221386639000000,0
workspaceModel.cachedValue.total.get.ms,1788221326646000000,1788221386639000000,0
workspaceModel.workspaceFileIndexData.onEntitiesChanged.ms,1788221326646000000,1788221386639000000,0
workspaceModel.workspaceFileIndexData.instances.count,1788221326646000000,1788221386639000000,0
workspaceModel.workspaceFileIndexData.updateDirtyEntities.ms,1788221326646000000,1788221386639000000,0
workspaceModel.entityStorageSnapshotImpl.instances.count,1788221326646000000,1788221386639000000,0
workspaceModel.cachedValueWithParameters.calculated.ms,1788221326646000000,1788221386639000000,0
workspaceModel.updates.ms,1788221326646000000,1788221386639000000,0
workspaceModel.workspaceFileIndexData.getFileInfo.ms,1788221326646000000,1788221386639000000,1
workspaceModel.to.snapshot.ms,1788221326646000000,1788221386639000000,0
workspaceModel.full.replace.project.model.ms,1788221326646000000,1788221386639000000,0
workspaceModel.loading.from.cache.ms,1788221326646000000,1788221386639000000,0
workspaceModel.cachedValue.clear.ms,1788221326646000000,1788221386639000000,0
workspaceModel.cachedValueWithParameters.total.get.ms,1788221326646000000,1788221386639000000,0
workspaceModel.updates.precise.ms,1788221326646000000,1788221386639000000,0
workspaceModel.update.unloaded.entities.ms,1788221326646000000,1788221386639000000,0
workspaceModel.workspaceFileIndexData.getPackageName.ms,1788221326646000000,1788221386639000000,0
workspaceModel.workspaceFileIndexData.processFileSets.ms,1788221326646000000,1788221386639000000,0
workspaceModel.check.recursive.update.ms,1788221326646000000,1788221386639000000,0
workspaceModel.workspaceFileIndexContributor.registerFileSets.ms,1788221326646000000,1788221386639000000,0
workspaceModel.loading.total.ms,1788221326646000000,1788221386639000000,0
IndexesFlusher.totalContentionQuotaSpent,1788221326646000000,1788221386639000000,0
Indexes.stubs.lookupDurationAvgMs,1788221326646000000,1788221386639000000,0.0
Indexes.stubs.lookups,1788221326646000000,1788221386639000000,0.0
Indexes.entries.lookupDurationMaxMs,1788221326646000000,1788221386639000000,0.0
Indexes.allKeys.lookupDurationAvgMs,1788221326646000000,1788221386639000000,0.0
IndexesFlusher.totalFlushesRetried,1788221326646000000,1788221386639000000,0
Indexes.entries.lookups,1788221326646000000,1788221386639000000,2.0
IndexesFlusher.totalFlushingTimeUs,1788221326646000000,1788221386639000000,293097
Indexes.entries.lookupDurationAvgMs,1788221326646000000,1788221386639000000,0.0
Indexes.allKeys.lookupDurationMaxMs,1788221326646000000,1788221386639000000,0.0
Indexes.allKeys.lookups,1788221326646000000,1788221386639000000,0.0
Indexes.allKeys.lookupDuration90PMs,1788221326646000000,1788221386639000000,0.0
Indexes.stubs.lookupDuration90PMs,1788221326646000000,1788221386639000000,0.0
Indexes.entries.lookupDuration90PMs,1788221326646000000,1788221386639000000,0.0
Indexes.stubs.lookupDurationMaxMs,1788221326646000000,1788221386639000000,0.0
IndexesFlusher.totalFlushes,1788221326646000000,1788221386639000000,59
JVM.totalCpuTimeMs,1788221326646000000,1788221386639000000,22800
JVM.GC.collectionTimesMs,1788221326646000000,1788221386639000000,4
JVM.maxHeapBytes,1788221326646000000,1788221386639000000,2147483648
OS.loadAverage,1788221326646000000,1788221386639000000,2.67138671875
JVM.totalDirectByteBuffersBytes,1788221326646000000,1788221386639000000,214400018
JVM.threadCount,1788221326646000000,1788221386639000000,62
JVM.totalBytesAllocated,1788221326646000000,1788221386639000000,266758104
JVM.GC.collections,1788221326646000000,1788221386639000000,1
JVM.newThreadsCount,1788221326646000000,1788221386639000000,1
JVM.usedHeapBytes,1788221326646000000,1788221386639000000,408996640
JVM.maxThreadCount,1788221326646000000,1788221386639000000,165
JVM.usedNativeBytes,1788221326646000000,1788221386639000000,324047592
FlushQueue.queueSize90P,1788221386639000000,1788221446640000000,1
FlushQueue.queueSizeAvg,1788221386639000000,1788221446640000000,0.3057142857142857
ReadAction.executionsCount,1788221386639000000,1788221446640000000,4917
AWTEventQueue.dispatchTimeTotalNS,1788221386639000000,1788221446640000000,552424895
NonBlockingReadAction.finalizedExecutionsCount,1788221386639000000,1788221446640000000,48
AWTEventQueue.dispatchTimeAvgNs,1788221386639000000,1788221446640000000,481824.5310043668
FlushQueue.queueSizeMax,1788221386639000000,1788221446640000000,7
FlushQueue.executionTime90PNs,1788221386639000000,1788221446640000000,100863
FlushQueue.executionTimeAvgNs,1788221386639000000,1788221446640000000,73750.69714285714
AWTEventQueue.eventsDispatched,1788221386639000000,1788221446640000000,1145
AWTEventQueue.dispatchTimeMaxNs,1788221386639000000,1788221446640000000,78118911
NonBlockingReadAction.failedExecutionsCount,1788221386639000000,1788221446640000000,0
FlushQueue.waitingTime90PNs,1788221386639000000,1788221446640000000,228351
FlushQueue.waitingTimeAvgNs,1788221386639000000,1788221446640000000,264599.5542857143
FlushQueue.waitingTimeMaxNs,1788221386639000000,1788221446640000000,25952255
FlushQueue.tasksExecuted,1788221386639000000,1788221446640000000,350
WriteAction.executionsCount,1788221386639000000,1788221446640000000,0
NonBlockingReadAction.finalizedExecutionTimeUs,1788221386639000000,1788221446640000000,2321
AWTEventQueue.dispatchTime90PNs,1788221386639000000,1788221446640000000,585727
NonBlockingReadAction.failedExecutionTimeUs,1788221386639000000,1788221446640000000,0
FlushQueue.executionTimeMaxNs,1788221386639000000,1788221446640000000,3047423
workspaceModel.mutableEntityStorage.remove.entity.ms,1788221386639000000,1788221446640000000,0
workspaceModel.global.updates.count,1788221386639000000,1788221446640000000,0
jps.facet.change.listener.process.change.events.ms,1788221386639000000,1788221446640000000,0
workspaceModel.mutableEntityStorage.referrers.ms,1788221386639000000,1788221446640000000,0
workspaceModel.sync.entities.ms,1788221386639000000,1788221446640000000,0
workspaceModel.moduleManagerBridge.create.module.instance.ms,1788221386639000000,1788221446640000000,0
workspaceModel.mutableEntityStorage.mutable.ext.mapping.ms,1788221386639000000,1788221446640000000,0
workspaceModel.moduleManagerBridge.get.modules.ms,1788221386639000000,1788221446640000000,0
workspaceModel.mutableEntityStorage.has.same.entities.ms,1788221386639000000,1788221446640000000,0
jps.app.storage.content.writer.save.component.ms,1788221386639000000,1788221446640000000,1
jps.save.global.entities.ms,1788221386639000000,1788221446640000000,2
workspaceModel.mutableEntityStorage.apply.changes.from.ms,1788221386639000000,1788221446640000000,0
jps.reload.project.entities.ms,1788221386639000000,1788221446640000000,0
workspaceModel.global.apply.state.to.project.builder.ms,1788221386639000000,1788221446640000000,0
workspaceModel.mutableEntityStorage.replace.by.source.ms,1788221386639000000,1788221446640000000,0
workspaceModel.moduleManagerBridge.load.module.ms,1788221386639000000,1788221446640000000,0
jps.load.project.to.empty.storage.ms,1788221386639000000,1788221446640000000,0
jps.save.changed.project.entities.ms,1788221386639000000,1788221446640000000,0
workspaceModel.moduleManagerBridge.new.nonPersistent.module.ms,1788221386639000000,1788221446640000000,0
workspaceModel.moduleManagerBridge.load.all.modules.ms,1788221386639000000,1788221446640000000,0
jps.library.entities.serializer.load.entities.ms,1788221386639000000,1788221446640000000,0
workspaceModel.do.save.caches.ms,1788221386639000000,1788221446640000000,0
workspaceModel.mutableEntityStorage.entities.ms,1788221386639000000,1788221446640000000,0
jps.load.initial.state.ms,1788221386639000000,1788221446640000000,0
workspaceModel.mutableEntityStorage.modify.entity.ms,1788221386639000000,1788221446640000000,0
jps.global.get.libraries.ms,1788221386639000000,1788221446640000000,0
workspaceModel.mutableEntityStorage.put.entity.ms,1788221386639000000,1788221446640000000,0
jps.apply.loaded.storage.ms,1788221386639000000,1788221446640000000,0
jps.storage.jps.conf.reader.load.component.ms,1788221386639000000,1788221446640000000,0
jps.facet.change.listener.before.change.events.ms,1788221386639000000,1788221446640000000,0
jps.artifact.entities.serializer.save.entities.ms,1788221386639000000,1788221446640000000,0
workspaceModel.mutableEntityStorage.add.entity.ms,1788221386639000000,1788221446640000000,0
workspaceModel.moduleBridge.update.option.ms,1788221386639000000,1788221446640000000,0
workspaceModel.mutableEntityStorage.mutable.vfurl.index.ms,1788221386639000000,1788221446640000000,0
jps.project.serializers.load.ms,1788221386639000000,1788221446640000000,0
workspaceModel.moduleManagerBridge.build.module.graph.ms,1788221386639000000,1788221446640000000,0
jps.global.get.library.ms,1788221386639000000,1788221446640000000,0
jps.library.entities.serializer.save.entities.ms,1788221386639000000,1788221446640000000,0
workspaceModel.delayed.project.synchronizer.sync.ms,1788221386639000000,1788221446640000000,0
jps.global.initialize.library.bridges.after.loading.ms,1788221386639000000,1788221446640000000,0
workspaceModel.mutableEntityStorage.entities.by.source.ms,1788221386639000000,1788221446640000000,0
workspaceModel.mutableEntityStorage.resolve.ms,1788221386639000000,1788221446640000000,0
jps.global.initialize.library.bridges.ms,1788221386639000000,1788221446640000000,0
jps.global.get.library.by.name.ms,1788221386639000000,1788221446640000000,0
workspaceModel.global.updates.ms,1788221386639000000,1788221446640000000,0
workspaceModel.moduleBridgeLoader.loading.modules.ms,1788221386639000000,1788221446640000000,0
jps.artifact.entities.serializer.load.entities.ms,1788221386639000000,1788221446640000000,0
workspaceModel.mutableEntityStorage.collect.changes.ms,1788221386639000000,1788221446640000000,0
jps.module.iml.entities.serializer.load.entities.ms,1788221386639000000,1788221446640000000,0
jps.global.handle.before.change.events.ms,1788221386639000000,1788221446640000000,0
workspaceModel.orphan.listener.update.ms,1788221386639000000,1788221446640000000,0
jps.facet.change.listener.init.bridge.ms,1788221386639000000,1788221446640000000,0
workspaceModel.moduleBridge.before.changed.ms,1788221386639000000,1788221446640000000,0
workspaceModel.load.cache.from.file.ms,1788221386639000000,1788221446640000000,0
jps.module.iml.entities.serializer.save.entities.ms,1788221386639000000,1788221446640000000,0
jps.app.storage.content.reader.load.component.ms,1788221386639000000,1788221446640000000,0
workspaceModel.global.apply.state.to.project.ms,1788221386639000000,1788221446640000000,0
workspaceModel.moduleBridge.facet.initialization.ms,1788221386639000000,1788221446640000000,0
workspaceModel.load.cache.metadata.from.file.ms,1788221386639000000,1788221446640000000,0
workspaceModel.moduleManagerBridge.set.unloadedModules.ms,1788221386639000000,1788221446640000000,0
workspaceModel.save.cache.to.file.ms,1788221386639000000,1788221446640000000,0
workspaceModel.mutableEntityStorage.instances.count,1788221386639000000,1788221446640000000,0
jps.global.handle.changed.events.ms,1788221386639000000,1788221446640000000,0
workspaceModel.mutableEntityStorage.to.snapshot.ms,1788221386639000000,1788221446640000000,0
jps.project.serializers.save.ms,1788221386639000000,1788221446640000000,0
workspaceModel.moduleManagerBridge.newModule.ms,1788221386639000000,1788221446640000000,0
cacheStateStorage.get.counter,1788221386639000000,1788221446640000000,0
cacheStateStorage.set.counter,1788221386639000000,1788221446640000000,0
cacheStateStorage.set.duration,1788221386639000000,1788221446640000000,0
cacheStateStorage.get.duration,1788221386639000000,1788221446640000000,0
FilePageCacheLockFree.housekeeperTurnsDone,1788221386639000000,1788221446640000000,0
FilePageCacheLockFree.heapBytesInUse,1788221386639000000,1788221446640000000,0
FilePageCache.pageLoads,1788221386639000000,1788221446640000000,0
FilePageCache.totalPageLoadsUs,1788221386639000000,1788221446640000000,0
DirectByteBufferAllocator.hits,1788221386639000000,1788221446640000000,0
FilePageCacheLockFree.totalPagesHandedOver,1788221386639000000,1788221446640000000,0
DirectByteBufferAllocator.totalSizeOfBuffersAllocatedInBytes,1788221386639000000,1788221446640000000,212877312
FilePageCache.maxRegisteredFiles,1788221386639000000,1788221446640000000,555
FilePageCacheLockFree.totalBytesRead,1788221386639000000,1788221446640000000,0
DirectByteBufferAllocator.reclaimed,1788221386639000000,1788221446640000000,0
FilePageCacheLockFree.totalClosedStoragesReclaimed,1788221386639000000,1788221446640000000,0
FilePageCacheLockFree.totalPagesReadMs,1788221386639000000,1788221446640000000,0
FilePageCache.maxCacheSizeInBytes,1788221386639000000,1788221446640000000,212877312
FilePageCacheLockFree.totalPagesRequested,1788221386639000000,1788221446640000000,0
FilePageCacheLockFree.housekeeperTurnsSkipped,1788221386639000000,1788221446640000000,0
StorageLockContext.competingThreads.90P,1788221386639000000,1788221446640000000,0
StreamlinedBlobStorage.recordsRelocated,1788221386639000000,1788221446640000000,0
MappedFileStorage.totalBytesMapped,1788221386639000000,1788221446640000000,181665792
FileChannelInterruptsRetryer.totalRetriedAttempts,1788221386639000000,1788221446640000000,0
FilePageCache.uncachedFileAccess,1788221386639000000,1788221446640000000,0
FilePageCacheLockFree.totalBytesWritten,1788221386639000000,1788221446640000000,0
FilePageCacheLockFree.totalPagesAllocated,1788221386639000000,1788221446640000000,0
FilePageCache.pageHits,1788221386639000000,1788221446640000000,0
StorageLockContext.competingThreads.avg,1788221386639000000,1788221446640000000,0.0
FilePageCacheLockFree.totalPagesReclaimed,1788221386639000000,1788221446640000000,0
FilePageCache.capacityInBytes,1788221386639000000,1788221446640000000,503316478
DirectByteBufferAllocator.totalSizeOfBuffersCachedInBytes,1788221386639000000,1788221446640000000,0
DirectByteBufferAllocator.disposed,1788221386639000000,1788221446640000000,0
DirectByteBufferAllocator.misses,1788221386639000000,1788221446640000000,0
FilePageCacheLockFree.totalHeapBytesAllocated,1788221386639000000,1788221446640000000,0
FilePageCacheLockFree.totalHeapBytesReclaimed,1788221386639000000,1788221446640000000,0
FilePageCacheLockFree.totalPagesRequestsMs,1788221386639000000,1788221446640000000,0
FilePageCacheLockFree.nativeBytesInUse,1788221386639000000,1788221446640000000,0
StreamlinedBlobStorage.totalLiveRecordsCapacityBytes,1788221386639000000,1788221446640000000,0
MappedFileStorage.storages,1788221386639000000,1788221446640000000,11
FilePageCacheLockFree.totalPagesWriteMs,1788221386639000000,1788221446640000000,0
MappedFileStorage.totalPagesMapped,1788221386639000000,1788221446640000000,11
FilePageCacheLockFree.housekeeperTimeSpentMs,1788221386639000000,1788221446640000000,0
StorageLockContext.competingThreads.max,1788221386639000000,1788221446640000000,0
FilePageCacheLockFree.totalNativeBytesReclaimed,1788221386639000000,1788221446640000000,0
FilePageCache.totalPageDisposalsUs,1788221386639000000,1788221446640000000,0
FilePageCache.pageFastCacheHits,1788221386639000000,1788221446640000000,0
StreamlinedBlobStorage.recordsDeleted,1788221386639000000,1788221446640000000,0
FilePageCacheLockFree.totalNativeBytesAllocated,1788221386639000000,1788221446640000000,0
FilePageCacheLockFree.totalPageAllocationsWaited,1788221386639000000,1788221446640000000,0
FilePageCache.pageLoadsAboveSizeThreshold,1788221386639000000,1788221446640000000,0
FilePageCacheLockFree.totalBytesRequested,1788221386639000000,1788221446640000000,0
FilePageCacheLockFree.totalPagesWritten,1788221386639000000,1788221446640000000,0
StreamlinedBlobStorage.totalLiveRecordsPayloadBytes,1788221386639000000,1788221446640000000,0
MappedFileStorage.totalTimeSpentOnMappingUs,1788221386639000000,1788221446640000000,10951
FilePageCache.disposedBuffers,1788221386639000000,1788221446640000000,0
StreamlinedBlobStorage.recordsAllocated,1788221386639000000,1788221446640000000,0
VFS.fileByIdCache.misses,1788221386639000000,1788221446640000000,0
FileNameCache.queries,1788221386639000000,1788221446640000000,1472
VFS.invertedFileNameIndex.requests,1788221386639000000,1788221446640000000,0
VFS.fileChildByName,1788221386639000000,1788221446640000000,9
VFS.fileByIdCache.hits,1788221386639000000,1788221446640000000,0
FileNameCache.totalMisses,1788221386639000000,1788221446640000000,0
writeAction.median.wait.ms,1788221386639000000,1788221446640000000,0
writeAction.max.wait.ms,1788221386639000000,1788221446640000000,5
writeAction.wait.ms,1788221386639000000,1788221446640000000,0
writeAction.count,1788221386639000000,1788221446640000000,0
compiler.ArtifactManagerBridge.initBridges.ms,1788221386639000000,1788221446640000000,0
compiler.ArtifactManagerBridge.addArtifact.ms,1788221386639000000,1788221446640000000,0
compiler.ArtifactManagerBridge.findArtifact.ms,1788221386639000000,1788221446640000000,0
compiler.ArtifactManagerBridge.getArtifactsByType.ms,1788221386639000000,1788221446640000000,0
compiler.ArtifactVirtualFileListener.filePathChanged.ms,1788221386639000000,1788221446640000000,0
compiler.ArtifactManagerBridge.commit.ms,1788221386639000000,1788221446640000000,0
compiler.ArtifactManagerBridge.dropMappings.ms,1788221386639000000,1788221446640000000,0
compiler.ArtifactVirtualFileListener.propertyChanged.ms,1788221386639000000,1788221446640000000,0
compiler.ArtifactManagerBridge.getArtifacts.ms,1788221386639000000,1788221446640000000,0
workspaceModel.cachedValueWithParameters.clear.ms,1788221386639000000,1788221446640000000,0
workspaceModel.pre.handlers.ms,1788221386639000000,1788221446640000000,0
workspaceModel.collect.changes.ms,1788221386639000000,1788221446640000000,0
workspaceModel.workspaceFileIndexData.init.ms,1788221386639000000,1788221446640000000,0
workspaceModel.initializing.ms,1788221386639000000,1788221446640000000,0
workspaceModel.replace.project.model.ms,1788221386639000000,1788221446640000000,0
workspaceModel.updates.count,1788221386639000000,1788221446640000000,0
workspaceModel.cachedValue.calculated.ms,1788221386639000000,1788221446640000000,0
workspaceModel.workspaceFileIndexData.markDirty.ms,1788221386639000000,1788221446640000000,0
workspaceModel.workspaceFileIndexData.visitFileSets.ms,1788221386639000000,1788221446640000000,0
workspaceModel.init.bridges.ms,1788221386639000000,1788221446640000000,0
workspaceModel.workspaceFileIndexData.getDirectoriesByPackageName.ms,1788221386639000000,1788221446640000000,0
workspaceModel.cachedValue.from.cache.ms,1788221386639000000,1788221446640000000,0
workspaceModel.cachedValueWithParameters.from.cache.ms,1788221386639000000,1788221446640000000,0
workspaceModel.cachedValue.total.get.ms,1788221386639000000,1788221446640000000,0
workspaceModel.workspaceFileIndexData.onEntitiesChanged.ms,1788221386639000000,1788221446640000000,0
workspaceModel.workspaceFileIndexData.instances.count,1788221386639000000,1788221446640000000,0
workspaceModel.workspaceFileIndexData.updateDirtyEntities.ms,1788221386639000000,1788221446640000000,0
workspaceModel.entityStorageSnapshotImpl.instances.count,1788221386639000000,1788221446640000000,0
workspaceModel.cachedValueWithParameters.calculated.ms,1788221386639000000,1788221446640000000,0
workspaceModel.updates.ms,1788221386639000000,1788221446640000000,0
workspaceModel.workspaceFileIndexData.getFileInfo.ms,1788221386639000000,1788221446640000000,0
workspaceModel.to.snapshot.ms,1788221386639000000,1788221446640000000,0
workspaceModel.full.replace.project.model.ms,1788221386639000000,1788221446640000000,0
workspaceModel.loading.from.cache.ms,1788221386639000000,1788221446640000000,0
workspaceModel.cachedValue.clear.ms,1788221386639000000,1788221446640000000,0
workspaceModel.cachedValueWithParameters.total.get.ms,1788221386639000000,1788221446640000000,0
workspaceModel.updates.precise.ms,1788221386639000000,1788221446640000000,0
workspaceModel.update.unloaded.entities.ms,1788221386639000000,1788221446640000000,0
workspaceModel.workspaceFileIndexData.getPackageName.ms,1788221386639000000,1788221446640000000,0
workspaceModel.workspaceFileIndexData.processFileSets.ms,1788221386639000000,1788221446640000000,0
workspaceModel.check.recursive.update.ms,1788221386639000000,1788221446640000000,0
workspaceModel.workspaceFileIndexContributor.registerFileSets.ms,1788221386639000000,1788221446640000000,0
workspaceModel.loading.total.ms,1788221386639000000,1788221446640000000,0
IndexesFlusher.totalContentionQuotaSpent,1788221386639000000,1788221446640000000,0
Indexes.stubs.lookupDurationAvgMs,1788221386639000000,1788221446640000000,0.0
Indexes.stubs.lookups,1788221386639000000,1788221446640000000,0.0
Indexes.entries.lookupDurationMaxMs,1788221386639000000,1788221446640000000,0.0
Indexes.allKeys.lookupDurationAvgMs,1788221386639000000,1788221446640000000,0.0
IndexesFlusher.totalFlushesRetried,1788221386639000000,1788221446640000000,0
Indexes.entries.lookups,1788221386639000000,1788221446640000000,0.0
IndexesFlusher.totalFlushingTimeUs,1788221386639000000,1788221446640000000,305588
Indexes.entries.lookupDurationAvgMs,1788221386639000000,1788221446640000000,0.0
Indexes.allKeys.lookupDurationMaxMs,1788221386639000000,1788221446640000000,0.0
Indexes.allKeys.lookups,1788221386639000000,1788221446640000000,0.0
Indexes.allKeys.lookupDuration90PMs,1788221386639000000,1788221446640000000,0.0
Indexes.stubs.lookupDuration90PMs,1788221386639000000,1788221446640000000,0.0
Indexes.entries.lookupDuration90PMs,1788221386639000000,1788221446640000000,0.0
Indexes.stubs.lookupDurationMaxMs,1788221386639000000,1788221446640000000,0.0
IndexesFlusher.totalFlushes,1788221386639000000,1788221446640000000,59
JVM.totalCpuTimeMs,1788221386639000000,1788221446640000000,3497
JVM.GC.collectionTimesMs,1788221386639000000,1788221446640000000,0
JVM.maxHeapBytes,1788221386639000000,1788221446640000000,2147483648
OS.loadAverage,1788221386639000000,1788221446640000000,2.8525390625
JVM.totalDirectByteBuffersBytes,1788221386639000000,1788221446640000000,214400018
JVM.threadCount,1788221386639000000,1788221446640000000,61
JVM.totalBytesAllocated,1788221386639000000,1788221446640000000,29081296
JVM.GC.collections,1788221386639000000,1788221446640000000,0
JVM.newThreadsCount,1788221386639000000,1788221446640000000,0
JVM.usedHeapBytes,1788221386639000000,1788221446640000000,439405344
JVM.maxThreadCount,1788221386639000000,1788221446640000000,165
JVM.usedNativeBytes,1788221386639000000,1788221446640000000,325839152
FlushQueue.queueSize90P,1788221446640000000,1788221506637000000,4
FlushQueue.queueSizeAvg,1788221446640000000,1788221506637000000,1.1673758865248227
ReadAction.executionsCount,1788221446640000000,1788221506637000000,7791
AWTEventQueue.dispatchTimeTotalNS,1788221446640000000,1788221506637000000,1980876137
NonBlockingReadAction.finalizedExecutionsCount,1788221446640000000,1788221506637000000,7
AWTEventQueue.dispatchTimeAvgNs,1788221446640000000,1788221506637000000,1261082.5919796308
FlushQueue.queueSizeMax,1788221446640000000,1788221506637000000,9
FlushQueue.executionTime90PNs,1788221446640000000,1788221506637000000,140287
FlushQueue.executionTimeAvgNs,1788221446640000000,1788221506637000000,150049.41276595744
AWTEventQueue.eventsDispatched,1788221446640000000,1788221506637000000,1571
AWTEventQueue.dispatchTimeMaxNs,1788221446640000000,1788221506637000000,759169023
NonBlockingReadAction.failedExecutionsCount,1788221446640000000,1788221506637000000,0
FlushQueue.waitingTime90PNs,1788221446640000000,1788221506637000000,1023999
FlushQueue.waitingTimeAvgNs,1788221446640000000,1788221506637000000,5988430.218439716
FlushQueue.waitingTimeMaxNs,1788221446640000000,1788221506637000000,746586111
FlushQueue.tasksExecuted,1788221446640000000,1788221506637000000,705
WriteAction.executionsCount,1788221446640000000,1788221506637000000,0
NonBlockingReadAction.finalizedExecutionTimeUs,1788221446640000000,1788221506637000000,476
AWTEventQueue.dispatchTime90PNs,1788221446640000000,1788221506637000000,405503
NonBlockingReadAction.failedExecutionTimeUs,1788221446640000000,1788221506637000000,0
FlushQueue.executionTimeMaxNs,1788221446640000000,1788221506637000000,31195135
workspaceModel.mutableEntityStorage.remove.entity.ms,1788221446640000000,1788221506637000000,0
workspaceModel.global.updates.count,1788221446640000000,1788221506637000000,0
jps.facet.change.listener.process.change.events.ms,1788221446640000000,1788221506637000000,0
workspaceModel.mutableEntityStorage.referrers.ms,1788221446640000000,1788221506637000000,0
workspaceModel.sync.entities.ms,1788221446640000000,1788221506637000000,0
workspaceModel.moduleManagerBridge.create.module.instance.ms,1788221446640000000,1788221506637000000,0
workspaceModel.mutableEntityStorage.mutable.ext.mapping.ms,1788221446640000000,1788221506637000000,0
workspaceModel.moduleManagerBridge.get.modules.ms,1788221446640000000,1788221506637000000,0
workspaceModel.mutableEntityStorage.has.same.entities.ms,1788221446640000000,1788221506637000000,0
jps.app.storage.content.writer.save.component.ms,1788221446640000000,1788221506637000000,1
jps.save.global.entities.ms,1788221446640000000,1788221506637000000,3
workspaceModel.mutableEntityStorage.apply.changes.from.ms,1788221446640000000,1788221506637000000,0
jps.reload.project.entities.ms,1788221446640000000,1788221506637000000,0
workspaceModel.global.apply.state.to.project.builder.ms,1788221446640000000,1788221506637000000,0
workspaceModel.mutableEntityStorage.replace.by.source.ms,1788221446640000000,1788221506637000000,0
workspaceModel.moduleManagerBridge.load.module.ms,1788221446640000000,1788221506637000000,0
jps.load.project.to.empty.storage.ms,1788221446640000000,1788221506637000000,0
jps.save.changed.project.entities.ms,1788221446640000000,1788221506637000000,0
workspaceModel.moduleManagerBridge.new.nonPersistent.module.ms,1788221446640000000,1788221506637000000,0
workspaceModel.moduleManagerBridge.load.all.modules.ms,1788221446640000000,1788221506637000000,0
jps.library.entities.serializer.load.entities.ms,1788221446640000000,1788221506637000000,0
workspaceModel.do.save.caches.ms,1788221446640000000,1788221506637000000,0
workspaceModel.mutableEntityStorage.entities.ms,1788221446640000000,1788221506637000000,0
jps.load.initial.state.ms,1788221446640000000,1788221506637000000,0
workspaceModel.mutableEntityStorage.modify.entity.ms,1788221446640000000,1788221506637000000,0
jps.global.get.libraries.ms,1788221446640000000,1788221506637000000,0
workspaceModel.mutableEntityStorage.put.entity.ms,1788221446640000000,1788221506637000000,0
jps.apply.loaded.storage.ms,1788221446640000000,1788221506637000000,0
jps.storage.jps.conf.reader.load.component.ms,1788221446640000000,1788221506637000000,0
jps.facet.change.listener.before.change.events.ms,1788221446640000000,1788221506637000000,0
jps.artifact.entities.serializer.save.entities.ms,1788221446640000000,1788221506637000000,0
workspaceModel.mutableEntityStorage.add.entity.ms,1788221446640000000,1788221506637000000,0
workspaceModel.moduleBridge.update.option.ms,1788221446640000000,1788221506637000000,0
workspaceModel.mutableEntityStorage.mutable.vfurl.index.ms,1788221446640000000,1788221506637000000,0
jps.project.serializers.load.ms,1788221446640000000,1788221506637000000,0
workspaceModel.moduleManagerBridge.build.module.graph.ms,1788221446640000000,1788221506637000000,0
jps.global.get.library.ms,1788221446640000000,1788221506637000000,0
jps.library.entities.serializer.save.entities.ms,1788221446640000000,1788221506637000000,0
workspaceModel.delayed.project.synchronizer.sync.ms,1788221446640000000,1788221506637000000,0
jps.global.initialize.library.bridges.after.loading.ms,1788221446640000000,1788221506637000000,0
workspaceModel.mutableEntityStorage.entities.by.source.ms,1788221446640000000,1788221506637000000,0
workspaceModel.mutableEntityStorage.resolve.ms,1788221446640000000,1788221506637000000,0
jps.global.initialize.library.bridges.ms,1788221446640000000,1788221506637000000,0
jps.global.get.library.by.name.ms,1788221446640000000,1788221506637000000,0
workspaceModel.global.updates.ms,1788221446640000000,1788221506637000000,0
workspaceModel.moduleBridgeLoader.loading.modules.ms,1788221446640000000,1788221506637000000,0
jps.artifact.entities.serializer.load.entities.ms,1788221446640000000,1788221506637000000,0
workspaceModel.mutableEntityStorage.collect.changes.ms,1788221446640000000,1788221506637000000,0
jps.module.iml.entities.serializer.load.entities.ms,1788221446640000000,1788221506637000000,0
jps.global.handle.before.change.events.ms,1788221446640000000,1788221506637000000,0
workspaceModel.orphan.listener.update.ms,1788221446640000000,1788221506637000000,0
jps.facet.change.listener.init.bridge.ms,1788221446640000000,1788221506637000000,0
workspaceModel.moduleBridge.before.changed.ms,1788221446640000000,1788221506637000000,0
workspaceModel.load.cache.from.file.ms,1788221446640000000,1788221506637000000,0
jps.module.iml.entities.serializer.save.entities.ms,1788221446640000000,1788221506637000000,0
jps.app.storage.content.reader.load.component.ms,1788221446640000000,1788221506637000000,0
workspaceModel.global.apply.state.to.project.ms,1788221446640000000,1788221506637000000,0
workspaceModel.moduleBridge.facet.initialization.ms,1788221446640000000,1788221506637000000,0
workspaceModel.load.cache.metadata.from.file.ms,1788221446640000000,1788221506637000000,0
workspaceModel.moduleManagerBridge.set.unloadedModules.ms,1788221446640000000,1788221506637000000,0
workspaceModel.save.cache.to.file.ms,1788221446640000000,1788221506637000000,0
workspaceModel.mutableEntityStorage.instances.count,1788221446640000000,1788221506637000000,0
jps.global.handle.changed.events.ms,1788221446640000000,1788221506637000000,0
workspaceModel.mutableEntityStorage.to.snapshot.ms,1788221446640000000,1788221506637000000,0
jps.project.serializers.save.ms,1788221446640000000,1788221506637000000,0
workspaceModel.moduleManagerBridge.newModule.ms,1788221446640000000,1788221506637000000,0
cacheStateStorage.get.counter,1788221446640000000,1788221506637000000,0
cacheStateStorage.set.counter,1788221446640000000,1788221506637000000,0
cacheStateStorage.set.duration,1788221446640000000,1788221506637000000,0
cacheStateStorage.get.duration,1788221446640000000,1788221506637000000,0
FilePageCacheLockFree.housekeeperTurnsDone,1788221446640000000,1788221506637000000,0
FilePageCacheLockFree.heapBytesInUse,1788221446640000000,1788221506637000000,0
FilePageCache.pageLoads,1788221446640000000,1788221506637000000,0
FilePageCache.totalPageLoadsUs,1788221446640000000,1788221506637000000,0
DirectByteBufferAllocator.hits,1788221446640000000,1788221506637000000,0
FilePageCacheLockFree.totalPagesHandedOver,1788221446640000000,1788221506637000000,0
DirectByteBufferAllocator.totalSizeOfBuffersAllocatedInBytes,1788221446640000000,1788221506637000000,212877312
FilePageCache.maxRegisteredFiles,1788221446640000000,1788221506637000000,555
FilePageCacheLockFree.totalBytesRead,1788221446640000000,1788221506637000000,0
DirectByteBufferAllocator.reclaimed,1788221446640000000,1788221506637000000,0
FilePageCacheLockFree.totalClosedStoragesReclaimed,1788221446640000000,1788221506637000000,0
FilePageCacheLockFree.totalPagesReadMs,1788221446640000000,1788221506637000000,0
FilePageCache.maxCacheSizeInBytes,1788221446640000000,1788221506637000000,212877312
FilePageCacheLockFree.totalPagesRequested,1788221446640000000,1788221506637000000,0
FilePageCacheLockFree.housekeeperTurnsSkipped,1788221446640000000,1788221506637000000,0
StorageLockContext.competingThreads.90P,1788221446640000000,1788221506637000000,0
StreamlinedBlobStorage.recordsRelocated,1788221446640000000,1788221506637000000,0
MappedFileStorage.totalBytesMapped,1788221446640000000,1788221506637000000,181665792
FileChannelInterruptsRetryer.totalRetriedAttempts,1788221446640000000,1788221506637000000,0
FilePageCache.uncachedFileAccess,1788221446640000000,1788221506637000000,0
FilePageCacheLockFree.totalBytesWritten,1788221446640000000,1788221506637000000,0
FilePageCacheLockFree.totalPagesAllocated,1788221446640000000,1788221506637000000,0
FilePageCache.pageHits,1788221446640000000,1788221506637000000,0
StorageLockContext.competingThreads.avg,1788221446640000000,1788221506637000000,0.0
FilePageCacheLockFree.totalPagesReclaimed,1788221446640000000,1788221506637000000,0
FilePageCache.capacityInBytes,1788221446640000000,1788221506637000000,503316478
DirectByteBufferAllocator.totalSizeOfBuffersCachedInBytes,1788221446640000000,1788221506637000000,0
DirectByteBufferAllocator.disposed,1788221446640000000,1788221506637000000,0
DirectByteBufferAllocator.misses,1788221446640000000,1788221506637000000,0
FilePageCacheLockFree.totalHeapBytesAllocated,1788221446640000000,1788221506637000000,0
FilePageCacheLockFree.totalHeapBytesReclaimed,1788221446640000000,1788221506637000000,0
FilePageCacheLockFree.totalPagesRequestsMs,1788221446640000000,1788221506637000000,0
FilePageCacheLockFree.nativeBytesInUse,1788221446640000000,1788221506637000000,0
StreamlinedBlobStorage.totalLiveRecordsCapacityBytes,1788221446640000000,1788221506637000000,0
MappedFileStorage.storages,1788221446640000000,1788221506637000000,11
FilePageCacheLockFree.totalPagesWriteMs,1788221446640000000,1788221506637000000,0
MappedFileStorage.totalPagesMapped,1788221446640000000,1788221506637000000,11
FilePageCacheLockFree.housekeeperTimeSpentMs,1788221446640000000,1788221506637000000,0
StorageLockContext.competingThreads.max,1788221446640000000,1788221506637000000,0
FilePageCacheLockFree.totalNativeBytesReclaimed,1788221446640000000,1788221506637000000,0
FilePageCache.totalPageDisposalsUs,1788221446640000000,1788221506637000000,0
FilePageCache.pageFastCacheHits,1788221446640000000,1788221506637000000,0
StreamlinedBlobStorage.recordsDeleted,1788221446640000000,1788221506637000000,0
FilePageCacheLockFree.totalNativeBytesAllocated,1788221446640000000,1788221506637000000,0
FilePageCacheLockFree.totalPageAllocationsWaited,1788221446640000000,1788221506637000000,0
FilePageCache.pageLoadsAboveSizeThreshold,1788221446640000000,1788221506637000000,0
FilePageCacheLockFree.totalBytesRequested,1788221446640000000,1788221506637000000,0
FilePageCacheLockFree.totalPagesWritten,1788221446640000000,1788221506637000000,0
StreamlinedBlobStorage.totalLiveRecordsPayloadBytes,1788221446640000000,1788221506637000000,0
MappedFileStorage.totalTimeSpentOnMappingUs,1788221446640000000,1788221506637000000,10951
FilePageCache.disposedBuffers,1788221446640000000,1788221506637000000,0
StreamlinedBlobStorage.recordsAllocated,1788221446640000000,1788221506637000000,0
VFS.fileByIdCache.misses,1788221446640000000,1788221506637000000,0
FileNameCache.queries,1788221446640000000,1788221506637000000,5504
VFS.invertedFileNameIndex.requests,1788221446640000000,1788221506637000000,0
VFS.fileChildByName,1788221446640000000,1788221506637000000,718
VFS.fileByIdCache.hits,1788221446640000000,1788221506637000000,0
FileNameCache.totalMisses,1788221446640000000,1788221506637000000,0
writeAction.median.wait.ms,1788221446640000000,1788221506637000000,0
writeAction.max.wait.ms,1788221446640000000,1788221506637000000,5
writeAction.wait.ms,1788221446640000000,1788221506637000000,0
writeAction.count,1788221446640000000,1788221506637000000,0
compiler.ArtifactManagerBridge.initBridges.ms,1788221446640000000,1788221506637000000,0
compiler.ArtifactManagerBridge.addArtifact.ms,1788221446640000000,1788221506637000000,0
compiler.ArtifactManagerBridge.findArtifact.ms,1788221446640000000,1788221506637000000,0
compiler.ArtifactManagerBridge.getArtifactsByType.ms,1788221446640000000,1788221506637000000,0
compiler.ArtifactVirtualFileListener.filePathChanged.ms,1788221446640000000,1788221506637000000,0
compiler.ArtifactManagerBridge.commit.ms,1788221446640000000,1788221506637000000,0
compiler.ArtifactManagerBridge.dropMappings.ms,1788221446640000000,1788221506637000000,0
compiler.ArtifactVirtualFileListener.propertyChanged.ms,1788221446640000000,1788221506637000000,0
compiler.ArtifactManagerBridge.getArtifacts.ms,1788221446640000000,1788221506637000000,0
workspaceModel.cachedValueWithParameters.clear.ms,1788221446640000000,1788221506637000000,0
workspaceModel.pre.handlers.ms,1788221446640000000,1788221506637000000,0
workspaceModel.collect.changes.ms,1788221446640000000,1788221506637000000,0
workspaceModel.workspaceFileIndexData.init.ms,1788221446640000000,1788221506637000000,0
workspaceModel.initializing.ms,1788221446640000000,1788221506637000000,0
workspaceModel.replace.project.model.ms,1788221446640000000,1788221506637000000,0
workspaceModel.updates.count,1788221446640000000,1788221506637000000,0
workspaceModel.cachedValue.calculated.ms,1788221446640000000,1788221506637000000,0
workspaceModel.workspaceFileIndexData.markDirty.ms,1788221446640000000,1788221506637000000,0
workspaceModel.workspaceFileIndexData.visitFileSets.ms,1788221446640000000,1788221506637000000,0
workspaceModel.init.bridges.ms,1788221446640000000,1788221506637000000,0
workspaceModel.workspaceFileIndexData.getDirectoriesByPackageName.ms,1788221446640000000,1788221506637000000,0
workspaceModel.cachedValue.from.cache.ms,1788221446640000000,1788221506637000000,0
workspaceModel.cachedValueWithParameters.from.cache.ms,1788221446640000000,1788221506637000000,0
workspaceModel.cachedValue.total.get.ms,1788221446640000000,1788221506637000000,0
workspaceModel.workspaceFileIndexData.onEntitiesChanged.ms,1788221446640000000,1788221506637000000,0
workspaceModel.workspaceFileIndexData.instances.count,1788221446640000000,1788221506637000000,0
workspaceModel.workspaceFileIndexData.updateDirtyEntities.ms,1788221446640000000,1788221506637000000,0
workspaceModel.entityStorageSnapshotImpl.instances.count,1788221446640000000,1788221506637000000,0
workspaceModel.cachedValueWithParameters.calculated.ms,1788221446640000000,1788221506637000000,0
workspaceModel.updates.ms,1788221446640000000,1788221506637000000,0
workspaceModel.workspaceFileIndexData.getFileInfo.ms,1788221446640000000,1788221506637000000,0
workspaceModel.to.snapshot.ms,1788221446640000000,1788221506637000000,0
workspaceModel.full.replace.project.model.ms,1788221446640000000,1788221506637000000,0
workspaceModel.loading.from.cache.ms,1788221446640000000,1788221506637000000,0
workspaceModel.cachedValue.clear.ms,1788221446640000000,1788221506637000000,0
workspaceModel.cachedValueWithParameters.total.get.ms,1788221446640000000,1788221506637000000,0
workspaceModel.updates.precise.ms,1788221446640000000,1788221506637000000,0
workspaceModel.update.unloaded.entities.ms,1788221446640000000,1788221506637000000,0
workspaceModel.workspaceFileIndexData.getPackageName.ms,1788221446640000000,1788221506637000000,0
workspaceModel.workspaceFileIndexData.processFileSets.ms,1788221446640000000,1788221506637000000,0
workspaceModel.check.recursive.update.ms,1788221446640000000,1788221506637000000,0
workspaceModel.workspaceFileIndexContributor.registerFileSets.ms,1788221446640000000,1788221506637000000,0
workspaceModel.loading.total.ms,1788221446640000000,1788221506637000000,0
IndexesFlusher.totalContentionQuotaSpent,1788221446640000000,1788221506637000000,0
Indexes.stubs.lookupDurationAvgMs,1788221446640000000,1788221506637000000,0.0
Indexes.stubs.lookups,1788221446640000000,1788221506637000000,0.0
Indexes.entries.lookupDurationMaxMs,1788221446640000000,1788221506637000000,0.0
Indexes.allKeys.lookupDurationAvgMs,1788221446640000000,1788221506637000000,0.0
IndexesFlusher.totalFlushesRetried,1788221446640000000,1788221506637000000,0
Indexes.entries.lookups,1788221446640000000,1788221506637000000,0.0
IndexesFlusher.totalFlushingTimeUs,1788221446640000000,1788221506637000000,239875
Indexes.entries.lookupDurationAvgMs,1788221446640000000,1788221506637000000,0.0
Indexes.allKeys.lookupDurationMaxMs,1788221446640000000,1788221506637000000,0.0
Indexes.allKeys.lookups,1788221446640000000,1788221506637000000,0.0
Indexes.allKeys.lookupDuration90PMs,1788221446640000000,1788221506637000000,0.0
Indexes.stubs.lookupDuration90PMs,1788221446640000000,1788221506637000000,0.0
Indexes.entries.lookupDuration90PMs,1788221446640000000,1788221506637000000,0.0
Indexes.stubs.lookupDurationMaxMs,1788221446640000000,1788221506637000000,0.0
IndexesFlusher.totalFlushes,1788221446640000000,1788221506637000000,59
JVM.totalCpuTimeMs,1788221446640000000,1788221506637000000,4724
JVM.GC.collectionTimesMs,1788221446640000000,1788221506637000000,0
JVM.maxHeapBytes,1788221446640000000,1788221506637000000,2147483648
OS.loadAverage,1788221446640000000,1788221506637000000,2.73046875
JVM.totalDirectByteBuffersBytes,1788221446640000000,1788221506637000000,214400018
JVM.threadCount,1788221446640000000,1788221506637000000,62
JVM.totalBytesAllocated,1788221446640000000,1788221506637000000,48595568
JVM.GC.collections,1788221446640000000,1788221506637000000,0
JVM.newThreadsCount,1788221446640000000,1788221506637000000,1
JVM.usedHeapBytes,1788221446640000000,1788221506637000000,489736992
JVM.maxThreadCount,1788221446640000000,1788221506637000000,165
JVM.usedNativeBytes,1788221446640000000,1788221506637000000,329113080
FlushQueue.queueSize90P,1788221506637000000,1788221566714000000,0
FlushQueue.queueSizeAvg,1788221506637000000,1788221566714000000,0.07083333333333333
ReadAction.executionsCount,1788221506637000000,1788221566714000000,0
AWTEventQueue.dispatchTimeTotalNS,1788221506637000000,1788221566714000000,29781276
NonBlockingReadAction.finalizedExecutionsCount,1788221506637000000,1788221566714000000,0
AWTEventQueue.dispatchTimeAvgNs,1788221506637000000,1788221566714000000,118166.22222222222
FlushQueue.queueSizeMax,1788221506637000000,1788221566714000000,1
FlushQueue.executionTime90PNs,1788221506637000000,1788221566714000000,67071
FlushQueue.executionTimeAvgNs,1788221506637000000,1788221566714000000,34967.0
AWTEventQueue.eventsDispatched,1788221506637000000,1788221566714000000,252
AWTEventQueue.dispatchTimeMaxNs,1788221506637000000,1788221566714000000,511999
NonBlockingReadAction.failedExecutionsCount,1788221506637000000,1788221566714000000,0
FlushQueue.waitingTime90PNs,1788221506637000000,1788221566714000000,232447
FlushQueue.waitingTimeAvgNs,1788221506637000000,1788221566714000000,177094.4
FlushQueue.waitingTimeMaxNs,1788221506637000000,1788221566714000000,573439
FlushQueue.tasksExecuted,1788221506637000000,1788221566714000000,240
WriteAction.executionsCount,1788221506637000000,1788221566714000000,0
NonBlockingReadAction.finalizedExecutionTimeUs,1788221506637000000,1788221566714000000,0
AWTEventQueue.dispatchTime90PNs,1788221506637000000,1788221566714000000,186367
NonBlockingReadAction.failedExecutionTimeUs,1788221506637000000,1788221566714000000,0
FlushQueue.executionTimeMaxNs,1788221506637000000,1788221566714000000,374783
workspaceModel.mutableEntityStorage.remove.entity.ms,1788221506637000000,1788221566714000000,0
workspaceModel.global.updates.count,1788221506637000000,1788221566714000000,0
jps.facet.change.listener.process.change.events.ms,1788221506637000000,1788221566714000000,0
workspaceModel.mutableEntityStorage.referrers.ms,1788221506637000000,1788221566714000000,0
workspaceModel.sync.entities.ms,1788221506637000000,1788221566714000000,0
workspaceModel.moduleManagerBridge.create.module.instance.ms,1788221506637000000,1788221566714000000,0
workspaceModel.mutableEntityStorage.mutable.ext.mapping.ms,1788221506637000000,1788221566714000000,0
workspaceModel.moduleManagerBridge.get.modules.ms,1788221506637000000,1788221566714000000,0
workspaceModel.mutableEntityStorage.has.same.entities.ms,1788221506637000000,1788221566714000000,0
jps.app.storage.content.writer.save.component.ms,1788221506637000000,1788221566714000000,0
jps.save.global.entities.ms,1788221506637000000,1788221566714000000,0
workspaceModel.mutableEntityStorage.apply.changes.from.ms,1788221506637000000,1788221566714000000,0
jps.reload.project.entities.ms,1788221506637000000,1788221566714000000,0
workspaceModel.global.apply.state.to.project.builder.ms,1788221506637000000,1788221566714000000,0
workspaceModel.mutableEntityStorage.replace.by.source.ms,1788221506637000000,1788221566714000000,0
workspaceModel.moduleManagerBridge.load.module.ms,1788221506637000000,1788221566714000000,0
jps.load.project.to.empty.storage.ms,1788221506637000000,1788221566714000000,0
jps.save.changed.project.entities.ms,1788221506637000000,1788221566714000000,0
workspaceModel.moduleManagerBridge.new.nonPersistent.module.ms,1788221506637000000,1788221566714000000,0
workspaceModel.moduleManagerBridge.load.all.modules.ms,1788221506637000000,1788221566714000000,0
jps.library.entities.serializer.load.entities.ms,1788221506637000000,1788221566714000000,0
workspaceModel.do.save.caches.ms,1788221506637000000,1788221566714000000,0
workspaceModel.mutableEntityStorage.entities.ms,1788221506637000000,1788221566714000000,0
jps.load.initial.state.ms,1788221506637000000,1788221566714000000,0
workspaceModel.mutableEntityStorage.modify.entity.ms,1788221506637000000,1788221566714000000,0
jps.global.get.libraries.ms,1788221506637000000,1788221566714000000,0
workspaceModel.mutableEntityStorage.put.entity.ms,1788221506637000000,1788221566714000000,0
jps.apply.loaded.storage.ms,1788221506637000000,1788221566714000000,0
jps.storage.jps.conf.reader.load.component.ms,1788221506637000000,1788221566714000000,0
jps.facet.change.listener.before.change.events.ms,1788221506637000000,1788221566714000000,0
jps.artifact.entities.serializer.save.entities.ms,1788221506637000000,1788221566714000000,0
workspaceModel.mutableEntityStorage.add.entity.ms,1788221506637000000,1788221566714000000,0
workspaceModel.moduleBridge.update.option.ms,1788221506637000000,1788221566714000000,0
workspaceModel.mutableEntityStorage.mutable.vfurl.index.ms,1788221506637000000,1788221566714000000,0
jps.project.serializers.load.ms,1788221506637000000,1788221566714000000,0
workspaceModel.moduleManagerBridge.build.module.graph.ms,1788221506637000000,1788221566714000000,0
jps.global.get.library.ms,1788221506637000000,1788221566714000000,0
jps.library.entities.serializer.save.entities.ms,1788221506637000000,1788221566714000000,0
workspaceModel.delayed.project.synchronizer.sync.ms,1788221506637000000,1788221566714000000,0
jps.global.initialize.library.bridges.after.loading.ms,1788221506637000000,1788221566714000000,0
workspaceModel.mutableEntityStorage.entities.by.source.ms,1788221506637000000,1788221566714000000,0
workspaceModel.mutableEntityStorage.resolve.ms,1788221506637000000,1788221566714000000,0
jps.global.initialize.library.bridges.ms,1788221506637000000,1788221566714000000,0
jps.global.get.library.by.name.ms,1788221506637000000,1788221566714000000,0
workspaceModel.global.updates.ms,1788221506637000000,1788221566714000000,0
workspaceModel.moduleBridgeLoader.loading.modules.ms,1788221506637000000,1788221566714000000,0
jps.artifact.entities.serializer.load.entities.ms,1788221506637000000,1788221566714000000,0
workspaceModel.mutableEntityStorage.collect.changes.ms,1788221506637000000,1788221566714000000,0
jps.module.iml.entities.serializer.load.entities.ms,1788221506637000000,1788221566714000000,0
jps.global.handle.before.change.events.ms,1788221506637000000,1788221566714000000,0
workspaceModel.orphan.listener.update.ms,1788221506637000000,1788221566714000000,0
jps.facet.change.listener.init.bridge.ms,1788221506637000000,1788221566714000000,0
workspaceModel.moduleBridge.before.changed.ms,1788221506637000000,1788221566714000000,0
workspaceModel.load.cache.from.file.ms,1788221506637000000,1788221566714000000,0
jps.module.iml.entities.serializer.save.entities.ms,1788221506637000000,1788221566714000000,0
jps.app.storage.content.reader.load.component.ms,1788221506637000000,1788221566714000000,0
workspaceModel.global.apply.state.to.project.ms,1788221506637000000,1788221566714000000,0
workspaceModel.moduleBridge.facet.initialization.ms,1788221506637000000,1788221566714000000,0
workspaceModel.load.cache.metadata.from.file.ms,1788221506637000000,1788221566714000000,0
workspaceModel.moduleManagerBridge.set.unloadedModules.ms,1788221506637000000,1788221566714000000,0
workspaceModel.save.cache.to.file.ms,1788221506637000000,1788221566714000000,0
workspaceModel.mutableEntityStorage.instances.count,1788221506637000000,1788221566714000000,0
jps.global.handle.changed.events.ms,1788221506637000000,1788221566714000000,0
workspaceModel.mutableEntityStorage.to.snapshot.ms,1788221506637000000,1788221566714000000,0
jps.project.serializers.save.ms,1788221506637000000,1788221566714000000,0
workspaceModel.moduleManagerBridge.newModule.ms,1788221506637000000,1788221566714000000,0
cacheStateStorage.get.counter,1788221506637000000,1788221566714000000,0
cacheStateStorage.set.counter,1788221506637000000,1788221566714000000,0
cacheStateStorage.set.duration,1788221506637000000,1788221566714000000,0
cacheStateStorage.get.duration,1788221506637000000,1788221566714000000,0
FilePageCacheLockFree.housekeeperTurnsDone,1788221506637000000,1788221566714000000,0
FilePageCacheLockFree.heapBytesInUse,1788221506637000000,1788221566714000000,0
FilePageCache.pageLoads,1788221506637000000,1788221566714000000,0
FilePageCache.totalPageLoadsUs,1788221506637000000,1788221566714000000,0
DirectByteBufferAllocator.hits,1788221506637000000,1788221566714000000,0
FilePageCacheLockFree.totalPagesHandedOver,1788221506637000000,1788221566714000000,0
DirectByteBufferAllocator.totalSizeOfBuffersAllocatedInBytes,1788221506637000000,1788221566714000000,212877312
FilePageCache.maxRegisteredFiles,1788221506637000000,1788221566714000000,555
FilePageCacheLockFree.totalBytesRead,1788221506637000000,1788221566714000000,0
DirectByteBufferAllocator.reclaimed,1788221506637000000,1788221566714000000,0
FilePageCacheLockFree.totalClosedStoragesReclaimed,1788221506637000000,1788221566714000000,0
FilePageCacheLockFree.totalPagesReadMs,1788221506637000000,1788221566714000000,0
FilePageCache.maxCacheSizeInBytes,1788221506637000000,1788221566714000000,212877312
FilePageCacheLockFree.totalPagesRequested,1788221506637000000,1788221566714000000,0
FilePageCacheLockFree.housekeeperTurnsSkipped,1788221506637000000,1788221566714000000,0
StorageLockContext.competingThreads.90P,1788221506637000000,1788221566714000000,0
StreamlinedBlobStorage.recordsRelocated,1788221506637000000,1788221566714000000,0
MappedFileStorage.totalBytesMapped,1788221506637000000,1788221566714000000,181665792
FileChannelInterruptsRetryer.totalRetriedAttempts,1788221506637000000,1788221566714000000,0
FilePageCache.uncachedFileAccess,1788221506637000000,1788221566714000000,0
FilePageCacheLockFree.totalBytesWritten,1788221506637000000,1788221566714000000,0
FilePageCacheLockFree.totalPagesAllocated,1788221506637000000,1788221566714000000,0
FilePageCache.pageHits,1788221506637000000,1788221566714000000,0
StorageLockContext.competingThreads.avg,1788221506637000000,1788221566714000000,0.0
FilePageCacheLockFree.totalPagesReclaimed,1788221506637000000,1788221566714000000,0
FilePageCache.capacityInBytes,1788221506637000000,1788221566714000000,503316478
DirectByteBufferAllocator.totalSizeOfBuffersCachedInBytes,1788221506637000000,1788221566714000000,0
DirectByteBufferAllocator.disposed,1788221506637000000,1788221566714000000,0
DirectByteBufferAllocator.misses,1788221506637000000,1788221566714000000,0
FilePageCacheLockFree.totalHeapBytesAllocated,1788221506637000000,1788221566714000000,0
FilePageCacheLockFree.totalHeapBytesReclaimed,1788221506637000000,1788221566714000000,0
FilePageCacheLockFree.totalPagesRequestsMs,1788221506637000000,1788221566714000000,0
FilePageCacheLockFree.nativeBytesInUse,1788221506637000000,1788221566714000000,0
StreamlinedBlobStorage.totalLiveRecordsCapacityBytes,1788221506637000000,1788221566714000000,0
MappedFileStorage.storages,1788221506637000000,1788221566714000000,11
FilePageCacheLockFree.totalPagesWriteMs,1788221506637000000,1788221566714000000,0
MappedFileStorage.totalPagesMapped,1788221506637000000,1788221566714000000,11
FilePageCacheLockFree.housekeeperTimeSpentMs,1788221506637000000,1788221566714000000,0
StorageLockContext.competingThreads.max,1788221506637000000,1788221566714000000,0
FilePageCacheLockFree.totalNativeBytesReclaimed,1788221506637000000,1788221566714000000,0
FilePageCache.totalPageDisposalsUs,1788221506637000000,1788221566714000000,0
FilePageCache.pageFastCacheHits,1788221506637000000,1788221566714000000,0
StreamlinedBlobStorage.recordsDeleted,1788221506637000000,1788221566714000000,0
FilePageCacheLockFree.totalNativeBytesAllocated,1788221506637000000,1788221566714000000,0
FilePageCacheLockFree.totalPageAllocationsWaited,1788221506637000000,1788221566714000000,0
FilePageCache.pageLoadsAboveSizeThreshold,1788221506637000000,1788221566714000000,0
FilePageCacheLockFree.totalBytesRequested,1788221506637000000,1788221566714000000,0
FilePageCacheLockFree.totalPagesWritten,1788221506637000000,1788221566714000000,0
StreamlinedBlobStorage.totalLiveRecordsPayloadBytes,1788221506637000000,1788221566714000000,0
MappedFileStorage.totalTimeSpentOnMappingUs,1788221506637000000,1788221566714000000,10951
FilePageCache.disposedBuffers,1788221506637000000,1788221566714000000,0
StreamlinedBlobStorage.recordsAllocated,1788221506637000000,1788221566714000000,0
VFS.fileByIdCache.misses,1788221506637000000,1788221566714000000,0
FileNameCache.queries,1788221506637000000,1788221566714000000,0
VFS.invertedFileNameIndex.requests,1788221506637000000,1788221566714000000,0
VFS.fileChildByName,1788221506637000000,1788221566714000000,0
VFS.fileByIdCache.hits,1788221506637000000,1788221566714000000,0
FileNameCache.totalMisses,1788221506637000000,1788221566714000000,0
writeAction.median.wait.ms,1788221506637000000,1788221566714000000,0
writeAction.max.wait.ms,1788221506637000000,1788221566714000000,5
writeAction.wait.ms,1788221506637000000,1788221566714000000,0
writeAction.count,1788221506637000000,1788221566714000000,0
compiler.ArtifactManagerBridge.initBridges.ms,1788221506637000000,1788221566714000000,0
compiler.ArtifactManagerBridge.addArtifact.ms,1788221506637000000,1788221566714000000,0
compiler.ArtifactManagerBridge.findArtifact.ms,1788221506637000000,1788221566714000000,0
compiler.ArtifactManagerBridge.getArtifactsByType.ms,1788221506637000000,1788221566714000000,0
compiler.ArtifactVirtualFileListener.filePathChanged.ms,1788221506637000000,1788221566714000000,0
compiler.ArtifactManagerBridge.commit.ms,1788221506637000000,1788221566714000000,0
compiler.ArtifactManagerBridge.dropMappings.ms,1788221506637000000,1788221566714000000,0
compiler.ArtifactVirtualFileListener.propertyChanged.ms,1788221506637000000,1788221566714000000,0
compiler.ArtifactManagerBridge.getArtifacts.ms,1788221506637000000,1788221566714000000,0
workspaceModel.cachedValueWithParameters.clear.ms,1788221506637000000,1788221566714000000,0
workspaceModel.pre.handlers.ms,1788221506637000000,1788221566714000000,0
workspaceModel.collect.changes.ms,1788221506637000000,1788221566714000000,0
workspaceModel.workspaceFileIndexData.init.ms,1788221506637000000,1788221566714000000,0
workspaceModel.initializing.ms,1788221506637000000,1788221566714000000,0
workspaceModel.replace.project.model.ms,1788221506637000000,1788221566714000000,0
workspaceModel.updates.count,1788221506637000000,1788221566714000000,0
workspaceModel.cachedValue.calculated.ms,1788221506637000000,1788221566714000000,0
workspaceModel.workspaceFileIndexData.markDirty.ms,1788221506637000000,1788221566714000000,0
workspaceModel.workspaceFileIndexData.visitFileSets.ms,1788221506637000000,1788221566714000000,0
workspaceModel.init.bridges.ms,1788221506637000000,1788221566714000000,0
workspaceModel.workspaceFileIndexData.getDirectoriesByPackageName.ms,1788221506637000000,1788221566714000000,0
workspaceModel.cachedValue.from.cache.ms,1788221506637000000,1788221566714000000,0
workspaceModel.cachedValueWithParameters.from.cache.ms,1788221506637000000,1788221566714000000,0
workspaceModel.cachedValue.total.get.ms,1788221506637000000,1788221566714000000,0
workspaceModel.workspaceFileIndexData.onEntitiesChanged.ms,1788221506637000000,1788221566714000000,0
workspaceModel.workspaceFileIndexData.instances.count,1788221506637000000,1788221566714000000,0
workspaceModel.workspaceFileIndexData.updateDirtyEntities.ms,1788221506637000000,1788221566714000000,0
workspaceModel.entityStorageSnapshotImpl.instances.count,1788221506637000000,1788221566714000000,0
workspaceModel.cachedValueWithParameters.calculated.ms,1788221506637000000,1788221566714000000,0
workspaceModel.updates.ms,1788221506637000000,1788221566714000000,0
workspaceModel.workspaceFileIndexData.getFileInfo.ms,1788221506637000000,1788221566714000000,0
workspaceModel.to.snapshot.ms,1788221506637000000,1788221566714000000,0
workspaceModel.full.replace.project.model.ms,1788221506637000000,1788221566714000000,0
workspaceModel.loading.from.cache.ms,1788221506637000000,1788221566714000000,0
workspaceModel.cachedValue.clear.ms,1788221506637000000,1788221566714000000,0
workspaceModel.cachedValueWithParameters.total.get.ms,1788221506637000000,1788221566714000000,0
workspaceModel.updates.precise.ms,1788221506637000000,1788221566714000000,0
workspaceModel.update.unloaded.entities.ms,1788221506637000000,1788221566714000000,0
workspaceModel.workspaceFileIndexData.getPackageName.ms,1788221506637000000,1788221566714000000,0
workspaceModel.workspaceFileIndexData.processFileSets.ms,1788221506637000000,1788221566714000000,0
workspaceModel.check.recursive.update.ms,1788221506637000000,1788221566714000000,0
workspaceModel.workspaceFileIndexContributor.registerFileSets.ms,1788221506637000000,1788221566714000000,0
workspaceModel.loading.total.ms,1788221506637000000,1788221566714000000,0
IndexesFlusher.totalContentionQuotaSpent,1788221506637000000,1788221566714000000,0
Indexes.stubs.lookupDurationAvgMs,1788221506637000000,1788221566714000000,0.0
Indexes.stubs.lookups,1788221506637000000,1788221566714000000,0.0
Indexes.entries.lookupDurationMaxMs,1788221506637000000,1788221566714000000,0.0
Indexes.allKeys.lookupDurationAvgMs,1788221506637000000,1788221566714000000,0.0
IndexesFlusher.totalFlushesRetried,1788221506637000000,1788221566714000000,0
Indexes.entries.lookups,1788221506637000000,1788221566714000000,0.0
IndexesFlusher.totalFlushingTimeUs,1788221506637000000,1788221566714000000,266530
Indexes.entries.lookupDurationAvgMs,1788221506637000000,1788221566714000000,0.0
Indexes.allKeys.lookupDurationMaxMs,1788221506637000000,1788221566714000000,0.0
Indexes.allKeys.lookups,1788221506637000000,1788221566714000000,0.0
Indexes.allKeys.lookupDuration90PMs,1788221506637000000,1788221566714000000,0.0
Indexes.stubs.lookupDuration90PMs,1788221506637000000,1788221566714000000,0.0
Indexes.entries.lookupDuration90PMs,1788221506637000000,1788221566714000000,0.0
Indexes.stubs.lookupDurationMaxMs,1788221506637000000,1788221566714000000,0.0
IndexesFlusher.totalFlushes,1788221506637000000,1788221566714000000,59
JVM.totalCpuTimeMs,1788221506637000000,1788221566714000000,898
JVM.GC.collectionTimesMs,1788221506637000000,1788221566714000000,0
JVM.maxHeapBytes,1788221506637000000,1788221566714000000,2147483648
OS.loadAverage,1788221506637000000,1788221566714000000,2.65478515625
JVM.totalDirectByteBuffersBytes,1788221506637000000,1788221566714000000,214391826
JVM.threadCount,1788221506637000000,1788221566714000000,60
JVM.totalBytesAllocated,1788221506637000000,1788221566714000000,9788696
JVM.GC.collections,1788221506637000000,1788221566714000000,0
JVM.newThreadsCount,1788221506637000000,1788221566714000000,0
JVM.usedHeapBytes,1788221506637000000,1788221566714000000,499174176
JVM.maxThreadCount,1788221506637000000,1788221566714000000,165
JVM.usedNativeBytes,1788221506637000000,1788221566714000000,329492080
FlushQueue.queueSize90P,1788221566714000000,1788221626714000000,0
FlushQueue.queueSizeAvg,1788221566714000000,1788221626714000000,0.15708812260536398
ReadAction.executionsCount,1788221566714000000,1788221626714000000,210
AWTEventQueue.dispatchTimeTotalNS,1788221566714000000,1788221626714000000,37319393
NonBlockingReadAction.finalizedExecutionsCount,1788221566714000000,1788221626714000000,6
AWTEventQueue.dispatchTimeAvgNs,1788221566714000000,1788221626714000000,141924.38022813687
FlushQueue.queueSizeMax,1788221566714000000,1788221626714000000,6
FlushQueue.executionTime90PNs,1788221566714000000,1788221626714000000,69119
FlushQueue.executionTimeAvgNs,1788221566714000000,1788221626714000000,37200.67432950192
AWTEventQueue.eventsDispatched,1788221566714000000,1788221626714000000,263
AWTEventQueue.dispatchTimeMaxNs,1788221566714000000,1788221626714000000,4784127
NonBlockingReadAction.failedExecutionsCount,1788221566714000000,1788221626714000000,0
FlushQueue.waitingTime90PNs,1788221566714000000,1788221626714000000,262143
FlushQueue.waitingTimeAvgNs,1788221566714000000,1788221626714000000,190194.14559386973
FlushQueue.waitingTimeMaxNs,1788221566714000000,1788221626714000000,1089535
FlushQueue.tasksExecuted,1788221566714000000,1788221626714000000,261
WriteAction.executionsCount,1788221566714000000,1788221626714000000,0
NonBlockingReadAction.finalizedExecutionTimeUs,1788221566714000000,1788221626714000000,12559
AWTEventQueue.dispatchTime90PNs,1788221566714000000,1788221626714000000,180223
NonBlockingReadAction.failedExecutionTimeUs,1788221566714000000,1788221626714000000,0
FlushQueue.executionTimeMaxNs,1788221566714000000,1788221626714000000,1028095
workspaceModel.mutableEntityStorage.remove.entity.ms,1788221566714000000,1788221626714000000,0
workspaceModel.global.updates.count,1788221566714000000,1788221626714000000,0
jps.facet.change.listener.process.change.events.ms,1788221566714000000,1788221626714000000,0
workspaceModel.mutableEntityStorage.referrers.ms,1788221566714000000,1788221626714000000,0
workspaceModel.sync.entities.ms,1788221566714000000,1788221626714000000,0
workspaceModel.moduleManagerBridge.create.module.instance.ms,1788221566714000000,1788221626714000000,0
workspaceModel.mutableEntityStorage.mutable.ext.mapping.ms,1788221566714000000,1788221626714000000,0
workspaceModel.moduleManagerBridge.get.modules.ms,1788221566714000000,1788221626714000000,0
workspaceModel.mutableEntityStorage.has.same.entities.ms,1788221566714000000,1788221626714000000,0
jps.app.storage.content.writer.save.component.ms,1788221566714000000,1788221626714000000,0
jps.save.global.entities.ms,1788221566714000000,1788221626714000000,0
workspaceModel.mutableEntityStorage.apply.changes.from.ms,1788221566714000000,1788221626714000000,0
jps.reload.project.entities.ms,1788221566714000000,1788221626714000000,0
workspaceModel.global.apply.state.to.project.builder.ms,1788221566714000000,1788221626714000000,0
workspaceModel.mutableEntityStorage.replace.by.source.ms,1788221566714000000,1788221626714000000,0
workspaceModel.moduleManagerBridge.load.module.ms,1788221566714000000,1788221626714000000,0
jps.load.project.to.empty.storage.ms,1788221566714000000,1788221626714000000,0
jps.save.changed.project.entities.ms,1788221566714000000,1788221626714000000,0
workspaceModel.moduleManagerBridge.new.nonPersistent.module.ms,1788221566714000000,1788221626714000000,0
workspaceModel.moduleManagerBridge.load.all.modules.ms,1788221566714000000,1788221626714000000,0
jps.library.entities.serializer.load.entities.ms,1788221566714000000,1788221626714000000,0
workspaceModel.do.save.caches.ms,1788221566714000000,1788221626714000000,0
workspaceModel.mutableEntityStorage.entities.ms,1788221566714000000,1788221626714000000,0
jps.load.initial.state.ms,1788221566714000000,1788221626714000000,0
workspaceModel.mutableEntityStorage.modify.entity.ms,1788221566714000000,1788221626714000000,0
jps.global.get.libraries.ms,1788221566714000000,1788221626714000000,0
workspaceModel.mutableEntityStorage.put.entity.ms,1788221566714000000,1788221626714000000,0
jps.apply.loaded.storage.ms,1788221566714000000,1788221626714000000,0
jps.storage.jps.conf.reader.load.component.ms,1788221566714000000,1788221626714000000,0
jps.facet.change.listener.before.change.events.ms,1788221566714000000,1788221626714000000,0
jps.artifact.entities.serializer.save.entities.ms,1788221566714000000,1788221626714000000,0
workspaceModel.mutableEntityStorage.add.entity.ms,1788221566714000000,1788221626714000000,0
workspaceModel.moduleBridge.update.option.ms,1788221566714000000,1788221626714000000,0
workspaceModel.mutableEntityStorage.mutable.vfurl.index.ms,1788221566714000000,1788221626714000000,0
jps.project.serializers.load.ms,1788221566714000000,1788221626714000000,0
workspaceModel.moduleManagerBridge.build.module.graph.ms,1788221566714000000,1788221626714000000,0
jps.global.get.library.ms,1788221566714000000,1788221626714000000,0
jps.library.entities.serializer.save.entities.ms,1788221566714000000,1788221626714000000,0
workspaceModel.delayed.project.synchronizer.sync.ms,1788221566714000000,1788221626714000000,0
jps.global.initialize.library.bridges.after.loading.ms,1788221566714000000,1788221626714000000,0
workspaceModel.mutableEntityStorage.entities.by.source.ms,1788221566714000000,1788221626714000000,0
workspaceModel.mutableEntityStorage.resolve.ms,1788221566714000000,1788221626714000000,0
jps.global.initialize.library.bridges.ms,1788221566714000000,1788221626714000000,0
jps.global.get.library.by.name.ms,1788221566714000000,1788221626714000000,0
workspaceModel.global.updates.ms,1788221566714000000,1788221626714000000,0
workspaceModel.moduleBridgeLoader.loading.modules.ms,1788221566714000000,1788221626714000000,0
jps.artifact.entities.serializer.load.entities.ms,1788221566714000000,1788221626714000000,0
workspaceModel.mutableEntityStorage.collect.changes.ms,1788221566714000000,1788221626714000000,0
jps.module.iml.entities.serializer.load.entities.ms,1788221566714000000,1788221626714000000,0
jps.global.handle.before.change.events.ms,1788221566714000000,1788221626714000000,0
workspaceModel.orphan.listener.update.ms,1788221566714000000,1788221626714000000,0
jps.facet.change.listener.init.bridge.ms,1788221566714000000,1788221626714000000,0
workspaceModel.moduleBridge.before.changed.ms,1788221566714000000,1788221626714000000,0
workspaceModel.load.cache.from.file.ms,1788221566714000000,1788221626714000000,0
jps.module.iml.entities.serializer.save.entities.ms,1788221566714000000,1788221626714000000,0
jps.app.storage.content.reader.load.component.ms,1788221566714000000,1788221626714000000,0
workspaceModel.global.apply.state.to.project.ms,1788221566714000000,1788221626714000000,0
workspaceModel.moduleBridge.facet.initialization.ms,1788221566714000000,1788221626714000000,0
workspaceModel.load.cache.metadata.from.file.ms,1788221566714000000,1788221626714000000,0
workspaceModel.moduleManagerBridge.set.unloadedModules.ms,1788221566714000000,1788221626714000000,0
workspaceModel.save.cache.to.file.ms,1788221566714000000,1788221626714000000,0
workspaceModel.mutableEntityStorage.instances.count,1788221566714000000,1788221626714000000,0
jps.global.handle.changed.events.ms,1788221566714000000,1788221626714000000,0
workspaceModel.mutableEntityStorage.to.snapshot.ms,1788221566714000000,1788221626714000000,0
jps.project.serializers.save.ms,1788221566714000000,1788221626714000000,0
workspaceModel.moduleManagerBridge.newModule.ms,1788221566714000000,1788221626714000000,0
cacheStateStorage.get.counter,1788221566714000000,1788221626714000000,0
cacheStateStorage.set.counter,1788221566714000000,1788221626714000000,0
cacheStateStorage.set.duration,1788221566714000000,1788221626714000000,0
cacheStateStorage.get.duration,1788221566714000000,1788221626714000000,0
FilePageCacheLockFree.housekeeperTurnsDone,1788221566714000000,1788221626714000000,0
FilePageCacheLockFree.heapBytesInUse,1788221566714000000,1788221626714000000,0
FilePageCache.pageLoads,1788221566714000000,1788221626714000000,0
FilePageCache.totalPageLoadsUs,1788221566714000000,1788221626714000000,0
DirectByteBufferAllocator.hits,1788221566714000000,1788221626714000000,0
FilePageCacheLockFree.totalPagesHandedOver,1788221566714000000,1788221626714000000,0
DirectByteBufferAllocator.totalSizeOfBuffersAllocatedInBytes,1788221566714000000,1788221626714000000,212877312
FilePageCache.maxRegisteredFiles,1788221566714000000,1788221626714000000,555
FilePageCacheLockFree.totalBytesRead,1788221566714000000,1788221626714000000,0
DirectByteBufferAllocator.reclaimed,1788221566714000000,1788221626714000000,0
FilePageCacheLockFree.totalClosedStoragesReclaimed,1788221566714000000,1788221626714000000,0
FilePageCacheLockFree.totalPagesReadMs,1788221566714000000,1788221626714000000,0
FilePageCache.maxCacheSizeInBytes,1788221566714000000,1788221626714000000,212877312
FilePageCacheLockFree.totalPagesRequested,1788221566714000000,1788221626714000000,0
FilePageCacheLockFree.housekeeperTurnsSkipped,1788221566714000000,1788221626714000000,0
StorageLockContext.competingThreads.90P,1788221566714000000,1788221626714000000,0
StreamlinedBlobStorage.recordsRelocated,1788221566714000000,1788221626714000000,0
MappedFileStorage.totalBytesMapped,1788221566714000000,1788221626714000000,181665792
FileChannelInterruptsRetryer.totalRetriedAttempts,1788221566714000000,1788221626714000000,0
FilePageCache.uncachedFileAccess,1788221566714000000,1788221626714000000,0
FilePageCacheLockFree.totalBytesWritten,1788221566714000000,1788221626714000000,0
FilePageCacheLockFree.totalPagesAllocated,1788221566714000000,1788221626714000000,0
FilePageCache.pageHits,1788221566714000000,1788221626714000000,0
StorageLockContext.competingThreads.avg,1788221566714000000,1788221626714000000,0.0
FilePageCacheLockFree.totalPagesReclaimed,1788221566714000000,1788221626714000000,0
FilePageCache.capacityInBytes,1788221566714000000,1788221626714000000,503316478
DirectByteBufferAllocator.totalSizeOfBuffersCachedInBytes,1788221566714000000,1788221626714000000,0
DirectByteBufferAllocator.disposed,1788221566714000000,1788221626714000000,0
DirectByteBufferAllocator.misses,1788221566714000000,1788221626714000000,0
FilePageCacheLockFree.totalHeapBytesAllocated,1788221566714000000,1788221626714000000,0
FilePageCacheLockFree.totalHeapBytesReclaimed,1788221566714000000,1788221626714000000,0
FilePageCacheLockFree.totalPagesRequestsMs,1788221566714000000,1788221626714000000,0
FilePageCacheLockFree.nativeBytesInUse,1788221566714000000,1788221626714000000,0
StreamlinedBlobStorage.totalLiveRecordsCapacityBytes,1788221566714000000,1788221626714000000,0
MappedFileStorage.storages,1788221566714000000,1788221626714000000,11
FilePageCacheLockFree.totalPagesWriteMs,1788221566714000000,1788221626714000000,0
MappedFileStorage.totalPagesMapped,1788221566714000000,1788221626714000000,11
FilePageCacheLockFree.housekeeperTimeSpentMs,1788221566714000000,1788221626714000000,0
StorageLockContext.competingThreads.max,1788221566714000000,1788221626714000000,0
FilePageCacheLockFree.totalNativeBytesReclaimed,1788221566714000000,1788221626714000000,0
FilePageCache.totalPageDisposalsUs,1788221566714000000,1788221626714000000,0
FilePageCache.pageFastCacheHits,1788221566714000000,1788221626714000000,0
StreamlinedBlobStorage.recordsDeleted,1788221566714000000,1788221626714000000,0
FilePageCacheLockFree.totalNativeBytesAllocated,1788221566714000000,1788221626714000000,0
FilePageCacheLockFree.totalPageAllocationsWaited,1788221566714000000,1788221626714000000,0
FilePageCache.pageLoadsAboveSizeThreshold,1788221566714000000,1788221626714000000,0
FilePageCacheLockFree.totalBytesRequested,1788221566714000000,1788221626714000000,0
FilePageCacheLockFree.totalPagesWritten,1788221566714000000,1788221626714000000,0
StreamlinedBlobStorage.totalLiveRecordsPayloadBytes,1788221566714000000,1788221626714000000,0
MappedFileStorage.totalTimeSpentOnMappingUs,1788221566714000000,1788221626714000000,10951
FilePageCache.disposedBuffers,1788221566714000000,1788221626714000000,0
StreamlinedBlobStorage.recordsAllocated,1788221566714000000,1788221626714000000,0
VFS.fileByIdCache.misses,1788221566714000000,1788221626714000000,0
FileNameCache.queries,1788221566714000000,1788221626714000000,2048
VFS.invertedFileNameIndex.requests,1788221566714000000,1788221626714000000,1
VFS.fileChildByName,1788221566714000000,1788221626714000000,183
VFS.fileByIdCache.hits,1788221566714000000,1788221626714000000,0
FileNameCache.totalMisses,1788221566714000000,1788221626714000000,0
writeAction.median.wait.ms,1788221566714000000,1788221626714000000,0
writeAction.max.wait.ms,1788221566714000000,1788221626714000000,5
writeAction.wait.ms,1788221566714000000,1788221626714000000,0
writeAction.count,1788221566714000000,1788221626714000000,0
compiler.ArtifactManagerBridge.initBridges.ms,1788221566714000000,1788221626714000000,0
compiler.ArtifactManagerBridge.addArtifact.ms,1788221566714000000,1788221626714000000,0
compiler.ArtifactManagerBridge.findArtifact.ms,1788221566714000000,1788221626714000000,0
compiler.ArtifactManagerBridge.getArtifactsByType.ms,1788221566714000000,1788221626714000000,0
compiler.ArtifactVirtualFileListener.filePathChanged.ms,1788221566714000000,1788221626714000000,0
compiler.ArtifactManagerBridge.commit.ms,1788221566714000000,1788221626714000000,0
compiler.ArtifactManagerBridge.dropMappings.ms,1788221566714000000,1788221626714000000,0
compiler.ArtifactVirtualFileListener.propertyChanged.ms,1788221566714000000,1788221626714000000,0
compiler.ArtifactManagerBridge.getArtifacts.ms,1788221566714000000,1788221626714000000,0
workspaceModel.cachedValueWithParameters.clear.ms,1788221566714000000,1788221626714000000,0
workspaceModel.pre.handlers.ms,1788221566714000000,1788221626714000000,0
workspaceModel.collect.changes.ms,1788221566714000000,1788221626714000000,0
workspaceModel.workspaceFileIndexData.init.ms,1788221566714000000,1788221626714000000,0
workspaceModel.initializing.ms,1788221566714000000,1788221626714000000,0
workspaceModel.replace.project.model.ms,1788221566714000000,1788221626714000000,0
workspaceModel.updates.count,1788221566714000000,1788221626714000000,0
workspaceModel.cachedValue.calculated.ms,1788221566714000000,1788221626714000000,0
workspaceModel.workspaceFileIndexData.markDirty.ms,1788221566714000000,1788221626714000000,0
workspaceModel.workspaceFileIndexData.visitFileSets.ms,1788221566714000000,1788221626714000000,0
workspaceModel.init.bridges.ms,1788221566714000000,1788221626714000000,0
workspaceModel.workspaceFileIndexData.getDirectoriesByPackageName.ms,1788221566714000000,1788221626714000000,0
workspaceModel.cachedValue.from.cache.ms,1788221566714000000,1788221626714000000,0
workspaceModel.cachedValueWithParameters.from.cache.ms,1788221566714000000,1788221626714000000,0
workspaceModel.cachedValue.total.get.ms,1788221566714000000,1788221626714000000,0
workspaceModel.workspaceFileIndexData.onEntitiesChanged.ms,1788221566714000000,1788221626714000000,0
workspaceModel.workspaceFileIndexData.instances.count,1788221566714000000,1788221626714000000,0
workspaceModel.workspaceFileIndexData.updateDirtyEntities.ms,1788221566714000000,1788221626714000000,0
workspaceModel.entityStorageSnapshotImpl.instances.count,1788221566714000000,1788221626714000000,0
workspaceModel.cachedValueWithParameters.calculated.ms,1788221566714000000,1788221626714000000,0
workspaceModel.updates.ms,1788221566714000000,1788221626714000000,0
workspaceModel.workspaceFileIndexData.getFileInfo.ms,1788221566714000000,1788221626714000000,2
workspaceModel.to.snapshot.ms,1788221566714000000,1788221626714000000,0
workspaceModel.full.replace.project.model.ms,1788221566714000000,1788221626714000000,0
workspaceModel.loading.from.cache.ms,1788221566714000000,1788221626714000000,0
workspaceModel.cachedValue.clear.ms,1788221566714000000,1788221626714000000,0
workspaceModel.cachedValueWithParameters.total.get.ms,1788221566714000000,1788221626714000000,0
workspaceModel.updates.precise.ms,1788221566714000000,1788221626714000000,0
workspaceModel.update.unloaded.entities.ms,1788221566714000000,1788221626714000000,0
workspaceModel.workspaceFileIndexData.getPackageName.ms,1788221566714000000,1788221626714000000,0
workspaceModel.workspaceFileIndexData.processFileSets.ms,1788221566714000000,1788221626714000000,0
workspaceModel.check.recursive.update.ms,1788221566714000000,1788221626714000000,0
workspaceModel.workspaceFileIndexContributor.registerFileSets.ms,1788221566714000000,1788221626714000000,0
workspaceModel.loading.total.ms,1788221566714000000,1788221626714000000,0
IndexesFlusher.totalContentionQuotaSpent,1788221566714000000,1788221626714000000,0
Indexes.stubs.lookupDurationAvgMs,1788221566714000000,1788221626714000000,0.0
Indexes.stubs.lookups,1788221566714000000,1788221626714000000,0.0
Indexes.entries.lookupDurationMaxMs,1788221566714000000,1788221626714000000,8.0
Indexes.allKeys.lookupDurationAvgMs,1788221566714000000,1788221626714000000,0.0
IndexesFlusher.totalFlushesRetried,1788221566714000000,1788221626714000000,0
Indexes.entries.lookups,1788221566714000000,1788221626714000000,1.0
IndexesFlusher.totalFlushingTimeUs,1788221566714000000,1788221626714000000,256409
Indexes.entries.lookupDurationAvgMs,1788221566714000000,1788221626714000000,8.0
Indexes.allKeys.lookupDurationMaxMs,1788221566714000000,1788221626714000000,0.0
Indexes.allKeys.lookups,1788221566714000000,1788221626714000000,0.0
Indexes.allKeys.lookupDuration90PMs,1788221566714000000,1788221626714000000,0.0
Indexes.stubs.lookupDuration90PMs,1788221566714000000,1788221626714000000,0.0
Indexes.entries.lookupDuration90PMs,1788221566714000000,1788221626714000000,8.0
Indexes.stubs.lookupDurationMaxMs,1788221566714000000,1788221626714000000,0.0
IndexesFlusher.totalFlushes,1788221566714000000,1788221626714000000,59
JVM.totalCpuTimeMs,1788221566714000000,1788221626714000000,2267
JVM.GC.collectionTimesMs,1788221566714000000,1788221626714000000,25
JVM.maxHeapBytes,1788221566714000000,1788221626714000000,2147483648
OS.loadAverage,1788221566714000000,1788221626714000000,2.93212890625
JVM.totalDirectByteBuffersBytes,1788221566714000000,1788221626714000000,214396014
JVM.threadCount,1788221566714000000,1788221626714000000,69
JVM.totalBytesAllocated,1788221566714000000,1788221626714000000,34441136
JVM.GC.collections,1788221566714000000,1788221626714000000,2
JVM.newThreadsCount,1788221566714000000,1788221626714000000,9
JVM.usedHeapBytes,1788221566714000000,1788221626714000000,188892480
JVM.maxThreadCount,1788221566714000000,1788221626714000000,165
JVM.usedNativeBytes,1788221566714000000,1788221626714000000,336078352
FlushQueue.queueSize90P,1788221626714000000,1788221686712000000,0
FlushQueue.queueSizeAvg,1788221626714000000,1788221686712000000,0.008333333333333333
ReadAction.executionsCount,1788221626714000000,1788221686712000000,0
AWTEventQueue.dispatchTimeTotalNS,1788221626714000000,1788221686712000000,29990332
NonBlockingReadAction.finalizedExecutionsCount,1788221626714000000,1788221686712000000,0
AWTEventQueue.dispatchTimeAvgNs,1788221626714000000,1788221686712000000,119020.8253968254
FlushQueue.queueSizeMax,1788221626714000000,1788221686712000000,1
FlushQueue.executionTime90PNs,1788221626714000000,1788221686712000000,57855
FlushQueue.executionTimeAvgNs,1788221626714000000,1788221686712000000,29643.0
AWTEventQueue.eventsDispatched,1788221626714000000,1788221686712000000,252
AWTEventQueue.dispatchTimeMaxNs,1788221626714000000,1788221686712000000,405503
NonBlockingReadAction.failedExecutionsCount,1788221626714000000,1788221686712000000,0
FlushQueue.waitingTime90PNs,1788221626714000000,1788221686712000000,311295
FlushQueue.waitingTimeAvgNs,1788221626714000000,1788221686712000000,195389.86666666667
FlushQueue.waitingTimeMaxNs,1788221626714000000,1788221686712000000,1417215
FlushQueue.tasksExecuted,1788221626714000000,1788221686712000000,240
WriteAction.executionsCount,1788221626714000000,1788221686712000000,0
NonBlockingReadAction.finalizedExecutionTimeUs,1788221626714000000,1788221686712000000,0
AWTEventQueue.dispatchTime90PNs,1788221626714000000,1788221686712000000,202751
NonBlockingReadAction.failedExecutionTimeUs,1788221626714000000,1788221686712000000,0
FlushQueue.executionTimeMaxNs,1788221626714000000,1788221686712000000,126463
workspaceModel.mutableEntityStorage.remove.entity.ms,1788221626714000000,1788221686712000000,0
workspaceModel.global.updates.count,1788221626714000000,1788221686712000000,0
jps.facet.change.listener.process.change.events.ms,1788221626714000000,1788221686712000000,0
workspaceModel.mutableEntityStorage.referrers.ms,1788221626714000000,1788221686712000000,0
workspaceModel.sync.entities.ms,1788221626714000000,1788221686712000000,0
workspaceModel.moduleManagerBridge.create.module.instance.ms,1788221626714000000,1788221686712000000,0
workspaceModel.mutableEntityStorage.mutable.ext.mapping.ms,1788221626714000000,1788221686712000000,0
workspaceModel.moduleManagerBridge.get.modules.ms,1788221626714000000,1788221686712000000,0
workspaceModel.mutableEntityStorage.has.same.entities.ms,1788221626714000000,1788221686712000000,0
jps.app.storage.content.writer.save.component.ms,1788221626714000000,1788221686712000000,0
jps.save.global.entities.ms,1788221626714000000,1788221686712000000,0
workspaceModel.mutableEntityStorage.apply.changes.from.ms,1788221626714000000,1788221686712000000,0
jps.reload.project.entities.ms,1788221626714000000,1788221686712000000,0
workspaceModel.global.apply.state.to.project.builder.ms,1788221626714000000,1788221686712000000,0
workspaceModel.mutableEntityStorage.replace.by.source.ms,1788221626714000000,1788221686712000000,0
workspaceModel.moduleManagerBridge.load.module.ms,1788221626714000000,1788221686712000000,0
jps.load.project.to.empty.storage.ms,1788221626714000000,1788221686712000000,0
jps.save.changed.project.entities.ms,1788221626714000000,1788221686712000000,0
workspaceModel.moduleManagerBridge.new.nonPersistent.module.ms,1788221626714000000,1788221686712000000,0
workspaceModel.moduleManagerBridge.load.all.modules.ms,1788221626714000000,1788221686712000000,0
jps.library.entities.serializer.load.entities.ms,1788221626714000000,1788221686712000000,0
workspaceModel.do.save.caches.ms,1788221626714000000,1788221686712000000,0
workspaceModel.mutableEntityStorage.entities.ms,1788221626714000000,1788221686712000000,0
jps.load.initial.state.ms,1788221626714000000,1788221686712000000,0
workspaceModel.mutableEntityStorage.modify.entity.ms,1788221626714000000,1788221686712000000,0
jps.global.get.libraries.ms,1788221626714000000,1788221686712000000,0
workspaceModel.mutableEntityStorage.put.entity.ms,1788221626714000000,1788221686712000000,0
jps.apply.loaded.storage.ms,1788221626714000000,1788221686712000000,0
jps.storage.jps.conf.reader.load.component.ms,1788221626714000000,1788221686712000000,0
jps.facet.change.listener.before.change.events.ms,1788221626714000000,1788221686712000000,0
jps.artifact.entities.serializer.save.entities.ms,1788221626714000000,1788221686712000000,0
workspaceModel.mutableEntityStorage.add.entity.ms,1788221626714000000,1788221686712000000,0
workspaceModel.moduleBridge.update.option.ms,1788221626714000000,1788221686712000000,0
workspaceModel.mutableEntityStorage.mutable.vfurl.index.ms,1788221626714000000,1788221686712000000,0
jps.project.serializers.load.ms,1788221626714000000,1788221686712000000,0
workspaceModel.moduleManagerBridge.build.module.graph.ms,1788221626714000000,1788221686712000000,0
jps.global.get.library.ms,1788221626714000000,1788221686712000000,0
jps.library.entities.serializer.save.entities.ms,1788221626714000000,1788221686712000000,0
workspaceModel.delayed.project.synchronizer.sync.ms,1788221626714000000,1788221686712000000,0
jps.global.initialize.library.bridges.after.loading.ms,1788221626714000000,1788221686712000000,0
workspaceModel.mutableEntityStorage.entities.by.source.ms,1788221626714000000,1788221686712000000,0
workspaceModel.mutableEntityStorage.resolve.ms,1788221626714000000,1788221686712000000,0
jps.global.initialize.library.bridges.ms,1788221626714000000,1788221686712000000,0
jps.global.get.library.by.name.ms,1788221626714000000,1788221686712000000,0
workspaceModel.global.updates.ms,1788221626714000000,1788221686712000000,0
workspaceModel.moduleBridgeLoader.loading.modules.ms,1788221626714000000,1788221686712000000,0
jps.artifact.entities.serializer.load.entities.ms,1788221626714000000,1788221686712000000,0
workspaceModel.mutableEntityStorage.collect.changes.ms,1788221626714000000,1788221686712000000,0
jps.module.iml.entities.serializer.load.entities.ms,1788221626714000000,1788221686712000000,0
jps.global.handle.before.change.events.ms,1788221626714000000,1788221686712000000,0
workspaceModel.orphan.listener.update.ms,1788221626714000000,1788221686712000000,0
jps.facet.change.listener.init.bridge.ms,1788221626714000000,1788221686712000000,0
workspaceModel.moduleBridge.before.changed.ms,1788221626714000000,1788221686712000000,0
workspaceModel.load.cache.from.file.ms,1788221626714000000,1788221686712000000,0
jps.module.iml.entities.serializer.save.entities.ms,1788221626714000000,1788221686712000000,0
jps.app.storage.content.reader.load.component.ms,1788221626714000000,1788221686712000000,0
workspaceModel.global.apply.state.to.project.ms,1788221626714000000,1788221686712000000,0
workspaceModel.moduleBridge.facet.initialization.ms,1788221626714000000,1788221686712000000,0
workspaceModel.load.cache.metadata.from.file.ms,1788221626714000000,1788221686712000000,0
workspaceModel.moduleManagerBridge.set.unloadedModules.ms,1788221626714000000,1788221686712000000,0
workspaceModel.save.cache.to.file.ms,1788221626714000000,1788221686712000000,0
workspaceModel.mutableEntityStorage.instances.count,1788221626714000000,1788221686712000000,0
jps.global.handle.changed.events.ms,1788221626714000000,1788221686712000000,0
workspaceModel.mutableEntityStorage.to.snapshot.ms,1788221626714000000,1788221686712000000,0
jps.project.serializers.save.ms,1788221626714000000,1788221686712000000,0
workspaceModel.moduleManagerBridge.newModule.ms,1788221626714000000,1788221686712000000,0
cacheStateStorage.get.counter,1788221626714000000,1788221686712000000,0
cacheStateStorage.set.counter,1788221626714000000,1788221686712000000,0
cacheStateStorage.set.duration,1788221626714000000,1788221686712000000,0
cacheStateStorage.get.duration,1788221626714000000,1788221686712000000,0
FilePageCacheLockFree.housekeeperTurnsDone,1788221626714000000,1788221686712000000,0
FilePageCacheLockFree.heapBytesInUse,1788221626714000000,1788221686712000000,0
FilePageCache.pageLoads,1788221626714000000,1788221686712000000,0
FilePageCache.totalPageLoadsUs,1788221626714000000,1788221686712000000,0
DirectByteBufferAllocator.hits,1788221626714000000,1788221686712000000,0
FilePageCacheLockFree.totalPagesHandedOver,1788221626714000000,1788221686712000000,0
DirectByteBufferAllocator.totalSizeOfBuffersAllocatedInBytes,1788221626714000000,1788221686712000000,212877312
FilePageCache.maxRegisteredFiles,1788221626714000000,1788221686712000000,555
FilePageCacheLockFree.totalBytesRead,1788221626714000000,1788221686712000000,0
DirectByteBufferAllocator.reclaimed,1788221626714000000,1788221686712000000,0
FilePageCacheLockFree.totalClosedStoragesReclaimed,1788221626714000000,1788221686712000000,0
FilePageCacheLockFree.totalPagesReadMs,1788221626714000000,1788221686712000000,0
FilePageCache.maxCacheSizeInBytes,1788221626714000000,1788221686712000000,212877312
FilePageCacheLockFree.totalPagesRequested,1788221626714000000,1788221686712000000,0
FilePageCacheLockFree.housekeeperTurnsSkipped,1788221626714000000,1788221686712000000,0
StorageLockContext.competingThreads.90P,1788221626714000000,1788221686712000000,0
StreamlinedBlobStorage.recordsRelocated,1788221626714000000,1788221686712000000,0
MappedFileStorage.totalBytesMapped,1788221626714000000,1788221686712000000,181665792
FileChannelInterruptsRetryer.totalRetriedAttempts,1788221626714000000,1788221686712000000,0
FilePageCache.uncachedFileAccess,1788221626714000000,1788221686712000000,0
FilePageCacheLockFree.totalBytesWritten,1788221626714000000,1788221686712000000,0
FilePageCacheLockFree.totalPagesAllocated,1788221626714000000,1788221686712000000,0
FilePageCache.pageHits,1788221626714000000,1788221686712000000,0
StorageLockContext.competingThreads.avg,1788221626714000000,1788221686712000000,0.0
FilePageCacheLockFree.totalPagesReclaimed,1788221626714000000,1788221686712000000,0
FilePageCache.capacityInBytes,1788221626714000000,1788221686712000000,503316478
DirectByteBufferAllocator.totalSizeOfBuffersCachedInBytes,1788221626714000000,1788221686712000000,0
DirectByteBufferAllocator.disposed,1788221626714000000,1788221686712000000,0
DirectByteBufferAllocator.misses,1788221626714000000,1788221686712000000,0
FilePageCacheLockFree.totalHeapBytesAllocated,1788221626714000000,1788221686712000000,0
FilePageCacheLockFree.totalHeapBytesReclaimed,1788221626714000000,1788221686712000000,0
FilePageCacheLockFree.totalPagesRequestsMs,1788221626714000000,1788221686712000000,0
FilePageCacheLockFree.nativeBytesInUse,1788221626714000000,1788221686712000000,0
StreamlinedBlobStorage.totalLiveRecordsCapacityBytes,1788221626714000000,1788221686712000000,0
MappedFileStorage.storages,1788221626714000000,1788221686712000000,11
FilePageCacheLockFree.totalPagesWriteMs,1788221626714000000,1788221686712000000,0
MappedFileStorage.totalPagesMapped,1788221626714000000,1788221686712000000,11
FilePageCacheLockFree.housekeeperTimeSpentMs,1788221626714000000,1788221686712000000,0
StorageLockContext.competingThreads.max,1788221626714000000,1788221686712000000,0
FilePageCacheLockFree.totalNativeBytesReclaimed,1788221626714000000,1788221686712000000,0
FilePageCache.totalPageDisposalsUs,1788221626714000000,1788221686712000000,0
FilePageCache.pageFastCacheHits,1788221626714000000,1788221686712000000,0
StreamlinedBlobStorage.recordsDeleted,1788221626714000000,1788221686712000000,0
FilePageCacheLockFree.totalNativeBytesAllocated,1788221626714000000,1788221686712000000,0
FilePageCacheLockFree.totalPageAllocationsWaited,1788221626714000000,1788221686712000000,0
FilePageCache.pageLoadsAboveSizeThreshold,1788221626714000000,1788221686712000000,0
FilePageCacheLockFree.totalBytesRequested,1788221626714000000,1788221686712000000,0
FilePageCacheLockFree.totalPagesWritten,1788221626714000000,1788221686712000000,0
StreamlinedBlobStorage.totalLiveRecordsPayloadBytes,1788221626714000000,1788221686712000000,0
MappedFileStorage.totalTimeSpentOnMappingUs,1788221626714000000,1788221686712000000,10951
FilePageCache.disposedBuffers,1788221626714000000,1788221686712000000,0
StreamlinedBlobStorage.recordsAllocated,1788221626714000000,1788221686712000000,0
VFS.fileByIdCache.misses,1788221626714000000,1788221686712000000,0
FileNameCache.queries,1788221626714000000,1788221686712000000,0
VFS.invertedFileNameIndex.requests,1788221626714000000,1788221686712000000,0
VFS.fileChildByName,1788221626714000000,1788221686712000000,0
VFS.fileByIdCache.hits,1788221626714000000,1788221686712000000,0
FileNameCache.totalMisses,1788221626714000000,1788221686712000000,0
writeAction.median.wait.ms,1788221626714000000,1788221686712000000,0
writeAction.max.wait.ms,1788221626714000000,1788221686712000000,5
writeAction.wait.ms,1788221626714000000,1788221686712000000,0
writeAction.count,1788221626714000000,1788221686712000000,0
compiler.ArtifactManagerBridge.initBridges.ms,1788221626714000000,1788221686712000000,0
compiler.ArtifactManagerBridge.addArtifact.ms,1788221626714000000,1788221686712000000,0
compiler.ArtifactManagerBridge.findArtifact.ms,1788221626714000000,1788221686712000000,0
compiler.ArtifactManagerBridge.getArtifactsByType.ms,1788221626714000000,1788221686712000000,0
compiler.ArtifactVirtualFileListener.filePathChanged.ms,1788221626714000000,1788221686712000000,0
compiler.ArtifactManagerBridge.commit.ms,1788221626714000000,1788221686712000000,0
compiler.ArtifactManagerBridge.dropMappings.ms,1788221626714000000,1788221686712000000,0
compiler.ArtifactVirtualFileListener.propertyChanged.ms,1788221626714000000,1788221686712000000,0
compiler.ArtifactManagerBridge.getArtifacts.ms,1788221626714000000,1788221686712000000,0
workspaceModel.cachedValueWithParameters.clear.ms,1788221626714000000,1788221686712000000,0
workspaceModel.pre.handlers.ms,1788221626714000000,1788221686712000000,0
workspaceModel.collect.changes.ms,1788221626714000000,1788221686712000000,0
workspaceModel.workspaceFileIndexData.init.ms,1788221626714000000,1788221686712000000,0
workspaceModel.initializing.ms,1788221626714000000,1788221686712000000,0
workspaceModel.replace.project.model.ms,1788221626714000000,1788221686712000000,0
workspaceModel.updates.count,1788221626714000000,1788221686712000000,0
workspaceModel.cachedValue.calculated.ms,1788221626714000000,1788221686712000000,0
workspaceModel.workspaceFileIndexData.markDirty.ms,1788221626714000000,1788221686712000000,0
workspaceModel.workspaceFileIndexData.visitFileSets.ms,1788221626714000000,1788221686712000000,0
workspaceModel.init.bridges.ms,1788221626714000000,1788221686712000000,0
workspaceModel.workspaceFileIndexData.getDirectoriesByPackageName.ms,1788221626714000000,1788221686712000000,0
workspaceModel.cachedValue.from.cache.ms,1788221626714000000,1788221686712000000,0
workspaceModel.cachedValueWithParameters.from.cache.ms,1788221626714000000,1788221686712000000,0
workspaceModel.cachedValue.total.get.ms,1788221626714000000,1788221686712000000,0
workspaceModel.workspaceFileIndexData.onEntitiesChanged.ms,1788221626714000000,1788221686712000000,0
workspaceModel.workspaceFileIndexData.instances.count,1788221626714000000,1788221686712000000,0
workspaceModel.workspaceFileIndexData.updateDirtyEntities.ms,1788221626714000000,1788221686712000000,0
workspaceModel.entityStorageSnapshotImpl.instances.count,1788221626714000000,1788221686712000000,0
workspaceModel.cachedValueWithParameters.calculated.ms,1788221626714000000,1788221686712000000,0
workspaceModel.updates.ms,1788221626714000000,1788221686712000000,0
workspaceModel.workspaceFileIndexData.getFileInfo.ms,1788221626714000000,1788221686712000000,0
workspaceModel.to.snapshot.ms,1788221626714000000,1788221686712000000,0
workspaceModel.full.replace.project.model.ms,1788221626714000000,1788221686712000000,0
workspaceModel.loading.from.cache.ms,1788221626714000000,1788221686712000000,0
workspaceModel.cachedValue.clear.ms,1788221626714000000,1788221686712000000,0
workspaceModel.cachedValueWithParameters.total.get.ms,1788221626714000000,1788221686712000000,0
workspaceModel.updates.precise.ms,1788221626714000000,1788221686712000000,0
workspaceModel.update.unloaded.entities.ms,1788221626714000000,1788221686712000000,0
workspaceModel.workspaceFileIndexData.getPackageName.ms,1788221626714000000,1788221686712000000,0
workspaceModel.workspaceFileIndexData.processFileSets.ms,1788221626714000000,1788221686712000000,0
workspaceModel.check.recursive.update.ms,1788221626714000000,1788221686712000000,0
workspaceModel.workspaceFileIndexContributor.registerFileSets.ms,1788221626714000000,1788221686712000000,0
workspaceModel.loading.total.ms,1788221626714000000,1788221686712000000,0
IndexesFlusher.totalContentionQuotaSpent,1788221626714000000,1788221686712000000,0
Indexes.stubs.lookupDurationAvgMs,1788221626714000000,1788221686712000000,0.0
Indexes.stubs.lookups,1788221626714000000,1788221686712000000,0.0
Indexes.entries.lookupDurationMaxMs,1788221626714000000,1788221686712000000,0.0
Indexes.allKeys.lookupDurationAvgMs,1788221626714000000,1788221686712000000,0.0
IndexesFlusher.totalFlushesRetried,1788221626714000000,1788221686712000000,0
Indexes.entries.lookups,1788221626714000000,1788221686712000000,0.0
IndexesFlusher.totalFlushingTimeUs,1788221626714000000,1788221686712000000,202748
Indexes.entries.lookupDurationAvgMs,1788221626714000000,1788221686712000000,0.0
Indexes.allKeys.lookupDurationMaxMs,1788221626714000000,1788221686712000000,0.0
Indexes.allKeys.lookups,1788221626714000000,1788221686712000000,0.0
Indexes.allKeys.lookupDuration90PMs,1788221626714000000,1788221686712000000,0.0
Indexes.stubs.lookupDuration90PMs,1788221626714000000,1788221686712000000,0.0
Indexes.entries.lookupDuration90PMs,1788221626714000000,1788221686712000000,0.0
Indexes.stubs.lookupDurationMaxMs,1788221626714000000,1788221686712000000,0.0
IndexesFlusher.totalFlushes,1788221626714000000,1788221686712000000,59
JVM.totalCpuTimeMs,1788221626714000000,1788221686712000000,1458
JVM.GC.collectionTimesMs,1788221626714000000,1788221686712000000,0
JVM.maxHeapBytes,1788221626714000000,1788221686712000000,2147483648
OS.loadAverage,1788221626714000000,1788221686712000000,3.16943359375
JVM.totalDirectByteBuffersBytes,1788221626714000000,1788221686712000000,214379536
JVM.threadCount,1788221626714000000,1788221686712000000,59
JVM.totalBytesAllocated,1788221626714000000,1788221686712000000,9899464
JVM.GC.collections,1788221626714000000,1788221686712000000,0
JVM.newThreadsCount,1788221626714000000,1788221686712000000,0
JVM.usedHeapBytes,1788221626714000000,1788221686712000000,199378240
JVM.maxThreadCount,1788221626714000000,1788221686712000000,165
JVM.usedNativeBytes,1788221626714000000,1788221686712000000,336529240
FlushQueue.queueSize90P,1788221686712000000,1788221726982000000,0
FlushQueue.queueSizeAvg,1788221686712000000,1788221726982000000,0.0
ReadAction.executionsCount,1788221686712000000,1788221726982000000,1
AWTEventQueue.dispatchTimeTotalNS,1788221686712000000,1788221726982000000,18698302
NonBlockingReadAction.finalizedExecutionsCount,1788221686712000000,1788221726982000000,0
AWTEventQueue.dispatchTimeAvgNs,1788221686712000000,1788221726982000000,110612.44970414201
FlushQueue.queueSizeMax,1788221686712000000,1788221726982000000,0
FlushQueue.executionTime90PNs,1788221686712000000,1788221726982000000,61951
FlushQueue.executionTimeAvgNs,1788221686712000000,1788221726982000000,24817.55
AWTEventQueue.eventsDispatched,1788221686712000000,1788221726982000000,169
AWTEventQueue.dispatchTimeMaxNs,1788221686712000000,1788221726982000000,352255
NonBlockingReadAction.failedExecutionsCount,1788221686712000000,1788221726982000000,0
FlushQueue.waitingTime90PNs,1788221686712000000,1788221726982000000,282623
FlushQueue.waitingTimeAvgNs,1788221686712000000,1788221726982000000,183038.4
FlushQueue.waitingTimeMaxNs,1788221686712000000,1788221726982000000,634879
FlushQueue.tasksExecuted,1788221686712000000,1788221726982000000,160
WriteAction.executionsCount,1788221686712000000,1788221726982000000,0
NonBlockingReadAction.finalizedExecutionTimeUs,1788221686712000000,1788221726982000000,0
AWTEventQueue.dispatchTime90PNs,1788221686712000000,1788221726982000000,179199
NonBlockingReadAction.failedExecutionTimeUs,1788221686712000000,1788221726982000000,0
FlushQueue.executionTimeMaxNs,1788221686712000000,1788221726982000000,87551
workspaceModel.mutableEntityStorage.remove.entity.ms,1788221686712000000,1788221726982000000,0
workspaceModel.global.updates.count,1788221686712000000,1788221726982000000,0
jps.facet.change.listener.process.change.events.ms,1788221686712000000,1788221726982000000,0
workspaceModel.mutableEntityStorage.referrers.ms,1788221686712000000,1788221726982000000,0
workspaceModel.sync.entities.ms,1788221686712000000,1788221726982000000,0
workspaceModel.moduleManagerBridge.create.module.instance.ms,1788221686712000000,1788221726982000000,0
workspaceModel.mutableEntityStorage.mutable.ext.mapping.ms,1788221686712000000,1788221726982000000,0
workspaceModel.moduleManagerBridge.get.modules.ms,1788221686712000000,1788221726982000000,0
workspaceModel.mutableEntityStorage.has.same.entities.ms,1788221686712000000,1788221726982000000,0
jps.app.storage.content.writer.save.component.ms,1788221686712000000,1788221726982000000,0
jps.save.global.entities.ms,1788221686712000000,1788221726982000000,0
workspaceModel.mutableEntityStorage.apply.changes.from.ms,1788221686712000000,1788221726982000000,0
jps.reload.project.entities.ms,1788221686712000000,1788221726982000000,0
workspaceModel.global.apply.state.to.project.builder.ms,1788221686712000000,1788221726982000000,0
workspaceModel.mutableEntityStorage.replace.by.source.ms,1788221686712000000,1788221726982000000,0
workspaceModel.moduleManagerBridge.load.module.ms,1788221686712000000,1788221726982000000,0
jps.load.project.to.empty.storage.ms,1788221686712000000,1788221726982000000,0
jps.save.changed.project.entities.ms,1788221686712000000,1788221726982000000,0
workspaceModel.moduleManagerBridge.new.nonPersistent.module.ms,1788221686712000000,1788221726982000000,0
workspaceModel.moduleManagerBridge.load.all.modules.ms,1788221686712000000,1788221726982000000,0
jps.library.entities.serializer.load.entities.ms,1788221686712000000,1788221726982000000,0
workspaceModel.do.save.caches.ms,1788221686712000000,1788221726982000000,0
workspaceModel.mutableEntityStorage.entities.ms,1788221686712000000,1788221726982000000,0
jps.load.initial.state.ms,1788221686712000000,1788221726982000000,0
workspaceModel.mutableEntityStorage.modify.entity.ms,1788221686712000000,1788221726982000000,0
jps.global.get.libraries.ms,1788221686712000000,1788221726982000000,0
workspaceModel.mutableEntityStorage.put.entity.ms,1788221686712000000,1788221726982000000,0
jps.apply.loaded.storage.ms,1788221686712000000,1788221726982000000,0
jps.storage.jps.conf.reader.load.component.ms,1788221686712000000,1788221726982000000,0
jps.facet.change.listener.before.change.events.ms,1788221686712000000,1788221726982000000,0
jps.artifact.entities.serializer.save.entities.ms,1788221686712000000,1788221726982000000,0
workspaceModel.mutableEntityStorage.add.entity.ms,1788221686712000000,1788221726982000000,0
workspaceModel.moduleBridge.update.option.ms,1788221686712000000,1788221726982000000,0
workspaceModel.mutableEntityStorage.mutable.vfurl.index.ms,1788221686712000000,1788221726982000000,0
jps.project.serializers.load.ms,1788221686712000000,1788221726982000000,0
workspaceModel.moduleManagerBridge.build.module.graph.ms,1788221686712000000,1788221726982000000,0
jps.global.get.library.ms,1788221686712000000,1788221726982000000,0
jps.library.entities.serializer.save.entities.ms,1788221686712000000,1788221726982000000,0
workspaceModel.delayed.project.synchronizer.sync.ms,1788221686712000000,1788221726982000000,0
jps.global.initialize.library.bridges.after.loading.ms,1788221686712000000,1788221726982000000,0
workspaceModel.mutableEntityStorage.entities.by.source.ms,1788221686712000000,1788221726982000000,0
workspaceModel.mutableEntityStorage.resolve.ms,1788221686712000000,1788221726982000000,0
jps.global.initialize.library.bridges.ms,1788221686712000000,1788221726982000000,0
jps.global.get.library.by.name.ms,1788221686712000000,1788221726982000000,0
workspaceModel.global.updates.ms,1788221686712000000,1788221726982000000,0
workspaceModel.moduleBridgeLoader.loading.modules.ms,1788221686712000000,1788221726982000000,0
jps.artifact.entities.serializer.load.entities.ms,1788221686712000000,1788221726982000000,0
workspaceModel.mutableEntityStorage.collect.changes.ms,1788221686712000000,1788221726982000000,0
jps.module.iml.entities.serializer.load.entities.ms,1788221686712000000,1788221726982000000,0
jps.global.handle.before.change.events.ms,1788221686712000000,1788221726982000000,0
workspaceModel.orphan.listener.update.ms,1788221686712000000,1788221726982000000,0
jps.facet.change.listener.init.bridge.ms,1788221686712000000,1788221726982000000,0
workspaceModel.moduleBridge.before.changed.ms,1788221686712000000,1788221726982000000,0
workspaceModel.load.cache.from.file.ms,1788221686712000000,1788221726982000000,0
jps.module.iml.entities.serializer.save.entities.ms,1788221686712000000,1788221726982000000,0
jps.app.storage.content.reader.load.component.ms,1788221686712000000,1788221726982000000,0
workspaceModel.global.apply.state.to.project.ms,1788221686712000000,1788221726982000000,0
workspaceModel.moduleBridge.facet.initialization.ms,1788221686712000000,1788221726982000000,0
workspaceModel.load.cache.metadata.from.file.ms,1788221686712000000,1788221726982000000,0
workspaceModel.moduleManagerBridge.set.unloadedModules.ms,1788221686712000000,1788221726982000000,0
workspaceModel.save.cache.to.file.ms,1788221686712000000,1788221726982000000,0
workspaceModel.mutableEntityStorage.instances.count,1788221686712000000,1788221726982000000,0
jps.global.handle.changed.events.ms,1788221686712000000,1788221726982000000,0
workspaceModel.mutableEntityStorage.to.snapshot.ms,1788221686712000000,1788221726982000000,0
jps.project.serializers.save.ms,1788221686712000000,1788221726982000000,0
workspaceModel.moduleManagerBridge.newModule.ms,1788221686712000000,1788221726982000000,0
cacheStateStorage.get.counter,1788221686712000000,1788221726982000000,0
cacheStateStorage.set.counter,1788221686712000000,1788221726982000000,0
cacheStateStorage.set.duration,1788221686712000000,1788221726982000000,0
cacheStateStorage.get.duration,1788221686712000000,1788221726982000000,0
FilePageCacheLockFree.housekeeperTurnsDone,1788221686712000000,1788221726982000000,0
FilePageCacheLockFree.heapBytesInUse,1788221686712000000,1788221726982000000,0
FilePageCache.pageLoads,1788221686712000000,1788221726982000000,0
FilePageCache.totalPageLoadsUs,1788221686712000000,1788221726982000000,0
DirectByteBufferAllocator.hits,1788221686712000000,1788221726982000000,0
FilePageCacheLockFree.totalPagesHandedOver,1788221686712000000,1788221726982000000,0
DirectByteBufferAllocator.totalSizeOfBuffersAllocatedInBytes,1788221686712000000,1788221726982000000,46153728
FilePageCache.maxRegisteredFiles,1788221686712000000,1788221726982000000,555
FilePageCacheLockFree.totalBytesRead,1788221686712000000,1788221726982000000,0
DirectByteBufferAllocator.reclaimed,1788221686712000000,1788221726982000000,42
FilePageCacheLockFree.totalClosedStoragesReclaimed,1788221686712000000,1788221726982000000,0
FilePageCacheLockFree.totalPagesReadMs,1788221686712000000,1788221726982000000,0
FilePageCache.maxCacheSizeInBytes,1788221686712000000,1788221726982000000,212877312
FilePageCacheLockFree.totalPagesRequested,1788221686712000000,1788221726982000000,0
FilePageCacheLockFree.housekeeperTurnsSkipped,1788221686712000000,1788221726982000000,0
StorageLockContext.competingThreads.90P,1788221686712000000,1788221726982000000,0
MappedFileStorage.totalBytesMapped,1788221686712000000,1788221726982000000,0
FileChannelInterruptsRetryer.totalRetriedAttempts,1788221686712000000,1788221726982000000,0
FilePageCache.uncachedFileAccess,1788221686712000000,1788221726982000000,0
FilePageCacheLockFree.totalBytesWritten,1788221686712000000,1788221726982000000,0
FilePageCacheLockFree.totalPagesAllocated,1788221686712000000,1788221726982000000,0
FilePageCache.pageHits,1788221686712000000,1788221726982000000,0
StorageLockContext.competingThreads.avg,1788221686712000000,1788221726982000000,0.0
FilePageCacheLockFree.totalPagesReclaimed,1788221686712000000,1788221726982000000,0
FilePageCache.capacityInBytes,1788221686712000000,1788221726982000000,503316478
DirectByteBufferAllocator.totalSizeOfBuffersCachedInBytes,1788221686712000000,1788221726982000000,41959424
DirectByteBufferAllocator.disposed,1788221686712000000,1788221726982000000,159
DirectByteBufferAllocator.misses,1788221686712000000,1788221726982000000,0
FilePageCacheLockFree.totalHeapBytesAllocated,1788221686712000000,1788221726982000000,0
FilePageCacheLockFree.totalHeapBytesReclaimed,1788221686712000000,1788221726982000000,0
FilePageCacheLockFree.totalPagesRequestsMs,1788221686712000000,1788221726982000000,0
FilePageCacheLockFree.nativeBytesInUse,1788221686712000000,1788221726982000000,0
MappedFileStorage.storages,1788221686712000000,1788221726982000000,0
FilePageCacheLockFree.totalPagesWriteMs,1788221686712000000,1788221726982000000,0
MappedFileStorage.totalPagesMapped,1788221686712000000,1788221726982000000,0
FilePageCacheLockFree.housekeeperTimeSpentMs,1788221686712000000,1788221726982000000,0
StorageLockContext.competingThreads.max,1788221686712000000,1788221726982000000,0
FilePageCacheLockFree.totalNativeBytesReclaimed,1788221686712000000,1788221726982000000,0
FilePageCache.totalPageDisposalsUs,1788221686712000000,1788221726982000000,0
FilePageCache.pageFastCacheHits,1788221686712000000,1788221726982000000,0
FilePageCacheLockFree.totalNativeBytesAllocated,1788221686712000000,1788221726982000000,0
FilePageCacheLockFree.totalPageAllocationsWaited,1788221686712000000,1788221726982000000,0
FilePageCache.pageLoadsAboveSizeThreshold,1788221686712000000,1788221726982000000,0
FilePageCacheLockFree.totalBytesRequested,1788221686712000000,1788221726982000000,0
FilePageCacheLockFree.totalPagesWritten,1788221686712000000,1788221726982000000,0
MappedFileStorage.totalTimeSpentOnMappingUs,1788221686712000000,1788221726982000000,10951
FilePageCache.disposedBuffers,1788221686712000000,1788221726982000000,201
VFS.fileByIdCache.misses,1788221686712000000,1788221726982000000,0
VFS.invertedFileNameIndex.requests,1788221686712000000,1788221726982000000,0
VFS.fileChildByName,1788221686712000000,1788221726982000000,0
VFS.fileByIdCache.hits,1788221686712000000,1788221726982000000,0
writeAction.median.wait.ms,1788221686712000000,1788221726982000000,0
writeAction.max.wait.ms,1788221686712000000,1788221726982000000,5
writeAction.wait.ms,1788221686712000000,1788221726982000000,0
writeAction.count,1788221686712000000,1788221726982000000,0
compiler.ArtifactManagerBridge.initBridges.ms,1788221686712000000,1788221726982000000,0
compiler.ArtifactManagerBridge.addArtifact.ms,1788221686712000000,1788221726982000000,0
compiler.ArtifactManagerBridge.findArtifact.ms,1788221686712000000,1788221726982000000,0
compiler.ArtifactManagerBridge.getArtifactsByType.ms,1788221686712000000,1788221726982000000,0
compiler.ArtifactVirtualFileListener.filePathChanged.ms,1788221686712000000,1788221726982000000,0
compiler.ArtifactManagerBridge.commit.ms,1788221686712000000,1788221726982000000,0
compiler.ArtifactManagerBridge.dropMappings.ms,1788221686712000000,1788221726982000000,0
compiler.ArtifactVirtualFileListener.propertyChanged.ms,1788221686712000000,1788221726982000000,0
compiler.ArtifactManagerBridge.getArtifacts.ms,1788221686712000000,1788221726982000000,0
workspaceModel.cachedValueWithParameters.clear.ms,1788221686712000000,1788221726982000000,0
workspaceModel.pre.handlers.ms,1788221686712000000,1788221726982000000,0
workspaceModel.collect.changes.ms,1788221686712000000,1788221726982000000,0
workspaceModel.workspaceFileIndexData.init.ms,1788221686712000000,1788221726982000000,0
workspaceModel.initializing.ms,1788221686712000000,1788221726982000000,0
workspaceModel.replace.project.model.ms,1788221686712000000,1788221726982000000,0
workspaceModel.updates.count,1788221686712000000,1788221726982000000,0
workspaceModel.cachedValue.calculated.ms,1788221686712000000,1788221726982000000,0
workspaceModel.workspaceFileIndexData.markDirty.ms,1788221686712000000,1788221726982000000,0
workspaceModel.workspaceFileIndexData.visitFileSets.ms,1788221686712000000,1788221726982000000,0
workspaceModel.init.bridges.ms,1788221686712000000,1788221726982000000,0
workspaceModel.workspaceFileIndexData.getDirectoriesByPackageName.ms,1788221686712000000,1788221726982000000,0
workspaceModel.cachedValue.from.cache.ms,1788221686712000000,1788221726982000000,0
workspaceModel.cachedValueWithParameters.from.cache.ms,1788221686712000000,1788221726982000000,0
workspaceModel.cachedValue.total.get.ms,1788221686712000000,1788221726982000000,0
workspaceModel.workspaceFileIndexData.onEntitiesChanged.ms,1788221686712000000,1788221726982000000,0
workspaceModel.workspaceFileIndexData.instances.count,1788221686712000000,1788221726982000000,0
workspaceModel.workspaceFileIndexData.updateDirtyEntities.ms,1788221686712000000,1788221726982000000,0
workspaceModel.entityStorageSnapshotImpl.instances.count,1788221686712000000,1788221726982000000,0
workspaceModel.cachedValueWithParameters.calculated.ms,1788221686712000000,1788221726982000000,0
workspaceModel.updates.ms,1788221686712000000,1788221726982000000,0
workspaceModel.workspaceFileIndexData.getFileInfo.ms,1788221686712000000,1788221726982000000,0
workspaceModel.to.snapshot.ms,1788221686712000000,1788221726982000000,0
workspaceModel.full.replace.project.model.ms,1788221686712000000,1788221726982000000,0
workspaceModel.loading.from.cache.ms,1788221686712000000,1788221726982000000,0
workspaceModel.cachedValue.clear.ms,1788221686712000000,1788221726982000000,0
workspaceModel.cachedValueWithParameters.total.get.ms,1788221686712000000,1788221726982000000,0
workspaceModel.updates.precise.ms,1788221686712000000,1788221726982000000,0
workspaceModel.update.unloaded.entities.ms,1788221686712000000,1788221726982000000,0
workspaceModel.workspaceFileIndexData.getPackageName.ms,1788221686712000000,1788221726982000000,0
workspaceModel.workspaceFileIndexData.processFileSets.ms,1788221686712000000,1788221726982000000,0
workspaceModel.check.recursive.update.ms,1788221686712000000,1788221726982000000,0
workspaceModel.workspaceFileIndexContributor.registerFileSets.ms,1788221686712000000,1788221726982000000,0
workspaceModel.loading.total.ms,1788221686712000000,1788221726982000000,0
Indexes.stubs.lookupDurationAvgMs,1788221686712000000,1788221726982000000,0.0
Indexes.stubs.lookups,1788221686712000000,1788221726982000000,0.0
Indexes.entries.lookupDurationMaxMs,1788221686712000000,1788221726982000000,0.0
Indexes.allKeys.lookupDurationAvgMs,1788221686712000000,1788221726982000000,0.0
Indexes.entries.lookups,1788221686712000000,1788221726982000000,0.0
Indexes.entries.lookupDurationAvgMs,1788221686712000000,1788221726982000000,0.0
Indexes.allKeys.lookupDurationMaxMs,1788221686712000000,1788221726982000000,0.0
Indexes.allKeys.lookups,1788221686712000000,1788221726982000000,0.0
Indexes.allKeys.lookupDuration90PMs,1788221686712000000,1788221726982000000,0.0
Indexes.stubs.lookupDuration90PMs,1788221686712000000,1788221726982000000,0.0
Indexes.entries.lookupDuration90PMs,1788221686712000000,1788221726982000000,0.0
Indexes.stubs.lookupDurationMaxMs,1788221686712000000,1788221726982000000,0.0
JVM.totalCpuTimeMs,1788221686712000000,1788221726982000000,1075
JVM.GC.collectionTimesMs,1788221686712000000,1788221726982000000,0
JVM.maxHeapBytes,1788221686712000000,1788221726982000000,2147483648
OS.loadAverage,1788221686712000000,1788221726982000000,3.021484375
JVM.totalDirectByteBuffersBytes,1788221686712000000,1788221726982000000,47639860
JVM.threadCount,1788221686712000000,1788221726982000000,73
JVM.totalBytesAllocated,1788221686712000000,1788221726982000000,9471880
JVM.GC.collections,1788221686712000000,1788221726982000000,0
JVM.newThreadsCount,1788221686712000000,1788221726982000000,17
JVM.usedHeapBytes,1788221686712000000,1788221726982000000,210912576
JVM.maxThreadCount,1788221686712000000,1788221726982000000,165
JVM.usedNativeBytes,1788221686712000000,1788221726982000000,337041504
