# OpenTelemetry Metrics report: .csv, 4 fields: 
# <metric name>, <period start, nanoseconds>, <period end, nanoseconds>, <metric value>
# See CsvMetricsExporter for details.
# 
# NAME, PERIOD_START_NANOS, PERIOD_END_NANOS, VALUE
DirectByteBufferAllocator.misses,1788057800429000000,1788057860466000000,197
MappedFileStorage.storages,1788057800429000000,1788057860466000000,6
FilePageCache.disposedBuffers,1788057800429000000,1788057860466000000,5
FilePageCache.pageLoads,1788057800429000000,1788057860466000000,202
MappedFileStorage.totalPagesMapped,1788057800429000000,1788057860466000000,6
DirectByteBufferAllocator.totalSizeOfBuffersAllocatedInBytes,1788057800429000000,1788057860466000000,204488704
FilePageCache.pageFastCacheHits,1788057800429000000,1788057860466000000,13772
FilePageCache.maxRegisteredFiles,1788057800429000000,1788057860466000000,542
FilePageCacheLockFree.totalClosedStoragesReclaimed,1788057800429000000,1788057860466000000,0
FilePageCache.uncachedFileAccess,1788057800429000000,1788057860466000000,339
DirectByteBufferAllocator.hits,1788057800429000000,1788057860466000000,5
StreamlinedBlobStorage.recordsRelocated,1788057800429000000,1788057860466000000,0
FilePageCache.pageLoadsAboveSizeThreshold,1788057800429000000,1788057860466000000,0
FileChannelInterruptsRetryer.totalRetriedAttempts,1788057800429000000,1788057860466000000,0
DirectByteBufferAllocator.reclaimed,1788057800429000000,1788057860466000000,5
FilePageCache.pageHits,1788057800429000000,1788057860466000000,0
FilePageCacheLockFree.totalPagesReadMs,1788057800429000000,1788057860466000000,0
FilePageCacheLockFree.totalPagesWritten,1788057800429000000,1788057860466000000,0
FilePageCacheLockFree.totalHeapBytesReclaimed,1788057800429000000,1788057860466000000,0
FilePageCacheLockFree.nativeBytesInUse,1788057800429000000,1788057860466000000,0
StreamlinedBlobStorage.totalLiveRecordsCapacityBytes,1788057800429000000,1788057860466000000,840
FilePageCacheLockFree.totalPagesRequestsMs,1788057800429000000,1788057860466000000,0
FilePageCache.maxCacheSizeInBytes,1788057800429000000,1788057860466000000,204488704
StreamlinedBlobStorage.totalLiveRecordsPayloadBytes,1788057800429000000,1788057860466000000,85
FilePageCacheLockFree.heapBytesInUse,1788057800429000000,1788057860466000000,0
FilePageCacheLockFree.totalPagesReclaimed,1788057800429000000,1788057860466000000,0
FilePageCacheLockFree.totalBytesRequested,1788057800429000000,1788057860466000000,0
FilePageCacheLockFree.totalNativeBytesReclaimed,1788057800429000000,1788057860466000000,0
StorageLockContext.competingThreads.90P,1788057800429000000,1788057860466000000,0
FilePageCacheLockFree.totalHeapBytesAllocated,1788057800429000000,1788057860466000000,0
StorageLockContext.competingThreads.avg,1788057800429000000,1788057860466000000,0.0
FilePageCacheLockFree.housekeeperTurnsSkipped,1788057800429000000,1788057860466000000,0
FilePageCache.totalPageDisposalsUs,1788057800429000000,1788057860466000000,2408
FilePageCacheLockFree.totalPagesAllocated,1788057800429000000,1788057860466000000,0
FilePageCacheLockFree.totalPagesRequested,1788057800429000000,1788057860466000000,0
StreamlinedBlobStorage.recordsDeleted,1788057800429000000,1788057860466000000,0
FilePageCacheLockFree.totalNativeBytesAllocated,1788057800429000000,1788057860466000000,0
StorageLockContext.competingThreads.max,1788057800429000000,1788057860466000000,0
MappedFileStorage.totalTimeSpentOnMappingUs,1788057800429000000,1788057860466000000,2288504
FilePageCacheLockFree.totalBytesWritten,1788057800429000000,1788057860466000000,0
FilePageCacheLockFree.totalBytesRead,1788057800429000000,1788057860466000000,0
FilePageCache.totalPageLoadsUs,1788057800429000000,1788057860466000000,233388
FilePageCacheLockFree.totalPageAllocationsWaited,1788057800429000000,1788057860466000000,0
FilePageCacheLockFree.totalPagesHandedOver,1788057800429000000,1788057860466000000,0
FilePageCacheLockFree.housekeeperTimeSpentMs,1788057800429000000,1788057860466000000,0
DirectByteBufferAllocator.disposed,1788057800429000000,1788057860466000000,0
FilePageCache.capacityInBytes,1788057800429000000,1788057860466000000,503316478
FilePageCacheLockFree.housekeeperTurnsDone,1788057800429000000,1788057860466000000,0
FilePageCacheLockFree.totalPagesWriteMs,1788057800429000000,1788057860466000000,0
DirectByteBufferAllocator.totalSizeOfBuffersCachedInBytes,1788057800429000000,1788057860466000000,0
StreamlinedBlobStorage.recordsAllocated,1788057800429000000,1788057860466000000,12
MappedFileStorage.totalBytesMapped,1788057800429000000,1788057860466000000,164626432
writeAction.wait.ms,1788057800429000000,1788057860466000000,0
writeAction.count,1788057800429000000,1788057860466000000,1
writeAction.max.wait.ms,1788057800429000000,1788057860466000000,0
writeAction.median.wait.ms,1788057800429000000,1788057860466000000,0
FlushQueue.waitingTimeMaxNs,1788057800429000000,1788057860466000000,0
FlushQueue.queueSizeMax,1788057800429000000,1788057860466000000,0
FlushQueue.executionTime90PNs,1788057800429000000,1788057860466000000,0
AWTEventQueue.dispatchTime90PNs,1788057800429000000,1788057860466000000,0
FlushQueue.tasksExecuted,1788057800429000000,1788057860466000000,0
AWTEventQueue.eventsDispatched,1788057800429000000,1788057860466000000,0
FlushQueue.queueSize90P,1788057800429000000,1788057860466000000,0
FlushQueue.waitingTime90PNs,1788057800429000000,1788057860466000000,0
FlushQueue.executionTimeMaxNs,1788057800429000000,1788057860466000000,0
FlushQueue.executionTimeAvgNs,1788057800429000000,1788057860466000000,0.0
AWTEventQueue.dispatchTimeAvgNs,1788057800429000000,1788057860466000000,0.0
FlushQueue.waitingTimeAvgNs,1788057800429000000,1788057860466000000,0.0
AWTEventQueue.dispatchTimeMaxNs,1788057800429000000,1788057860466000000,0
WriteAction.executionsCount,1788057800429000000,1788057860466000000,1
ReadAction.executionsCount,1788057800429000000,1788057860466000000,36
FlushQueue.queueSizeAvg,1788057800429000000,1788057860466000000,0.0
AWTEventQueue.dispatchTimeTotalNS,1788057800429000000,1788057860466000000,1298221581
cacheStateStorage.set.duration,1788057800429000000,1788057860466000000,0
cacheStateStorage.get.duration,1788057800429000000,1788057860466000000,0
cacheStateStorage.get.counter,1788057800429000000,1788057860466000000,2
cacheStateStorage.set.counter,1788057800429000000,1788057860466000000,0
IndexesFlusher.totalFlushes,1788057800429000000,1788057860466000000,60
IndexesFlusher.totalFlushesRetried,1788057800429000000,1788057860466000000,2
IndexesFlusher.totalFlushingTimeUs,1788057800429000000,1788057860466000000,357126
IndexesFlusher.totalContentionQuotaSpent,1788057800429000000,1788057860466000000,64
FileNameCache.queries,1788057800429000000,1788057860466000000,2816
FileNameCache.totalMisses,1788057800429000000,1788057860466000000,0
VFS.fileByIdCache.hits,1788057800429000000,1788057860466000000,0
VFS.fileByIdCache.misses,1788057800429000000,1788057860466000000,0
VFS.invertedFileNameIndex.requests,1788057800429000000,1788057860466000000,0
VFS.fileChildByName,1788057800429000000,1788057860466000000,8
DirectByteBufferAllocator.misses,1788057860466000000,1788057920447000000,0
MappedFileStorage.storages,1788057860466000000,1788057920447000000,6
FilePageCache.disposedBuffers,1788057860466000000,1788057920447000000,0
FilePageCache.pageLoads,1788057860466000000,1788057920447000000,0
MappedFileStorage.totalPagesMapped,1788057860466000000,1788057920447000000,6
DirectByteBufferAllocator.totalSizeOfBuffersAllocatedInBytes,1788057860466000000,1788057920447000000,204488704
FilePageCache.pageFastCacheHits,1788057860466000000,1788057920447000000,0
FilePageCache.maxRegisteredFiles,1788057860466000000,1788057920447000000,542
FilePageCacheLockFree.totalClosedStoragesReclaimed,1788057860466000000,1788057920447000000,0
FilePageCache.uncachedFileAccess,1788057860466000000,1788057920447000000,0
DirectByteBufferAllocator.hits,1788057860466000000,1788057920447000000,0
StreamlinedBlobStorage.recordsRelocated,1788057860466000000,1788057920447000000,0
FilePageCache.pageLoadsAboveSizeThreshold,1788057860466000000,1788057920447000000,0
FileChannelInterruptsRetryer.totalRetriedAttempts,1788057860466000000,1788057920447000000,0
DirectByteBufferAllocator.reclaimed,1788057860466000000,1788057920447000000,0
FilePageCache.pageHits,1788057860466000000,1788057920447000000,0
FilePageCacheLockFree.totalPagesReadMs,1788057860466000000,1788057920447000000,0
FilePageCacheLockFree.totalPagesWritten,1788057860466000000,1788057920447000000,0
FilePageCacheLockFree.totalHeapBytesReclaimed,1788057860466000000,1788057920447000000,0
FilePageCacheLockFree.nativeBytesInUse,1788057860466000000,1788057920447000000,0
StreamlinedBlobStorage.totalLiveRecordsCapacityBytes,1788057860466000000,1788057920447000000,0
FilePageCacheLockFree.totalPagesRequestsMs,1788057860466000000,1788057920447000000,0
FilePageCache.maxCacheSizeInBytes,1788057860466000000,1788057920447000000,204488704
StreamlinedBlobStorage.totalLiveRecordsPayloadBytes,1788057860466000000,1788057920447000000,0
FilePageCacheLockFree.heapBytesInUse,1788057860466000000,1788057920447000000,0
FilePageCacheLockFree.totalPagesReclaimed,1788057860466000000,1788057920447000000,0
FilePageCacheLockFree.totalBytesRequested,1788057860466000000,1788057920447000000,0
FilePageCacheLockFree.totalNativeBytesReclaimed,1788057860466000000,1788057920447000000,0
StorageLockContext.competingThreads.90P,1788057860466000000,1788057920447000000,0
FilePageCacheLockFree.totalHeapBytesAllocated,1788057860466000000,1788057920447000000,0
StorageLockContext.competingThreads.avg,1788057860466000000,1788057920447000000,0.0
FilePageCacheLockFree.housekeeperTurnsSkipped,1788057860466000000,1788057920447000000,0
FilePageCache.totalPageDisposalsUs,1788057860466000000,1788057920447000000,0
FilePageCacheLockFree.totalPagesAllocated,1788057860466000000,1788057920447000000,0
FilePageCacheLockFree.totalPagesRequested,1788057860466000000,1788057920447000000,0
StreamlinedBlobStorage.recordsDeleted,1788057860466000000,1788057920447000000,0
FilePageCacheLockFree.totalNativeBytesAllocated,1788057860466000000,1788057920447000000,0
StorageLockContext.competingThreads.max,1788057860466000000,1788057920447000000,0
MappedFileStorage.totalTimeSpentOnMappingUs,1788057860466000000,1788057920447000000,2288504
FilePageCacheLockFree.totalBytesWritten,1788057860466000000,1788057920447000000,0
FilePageCacheLockFree.totalBytesRead,1788057860466000000,1788057920447000000,0
FilePageCache.totalPageLoadsUs,1788057860466000000,1788057920447000000,0
FilePageCacheLockFree.totalPageAllocationsWaited,1788057860466000000,1788057920447000000,0
FilePageCacheLockFree.totalPagesHandedOver,1788057860466000000,1788057920447000000,0
FilePageCacheLockFree.housekeeperTimeSpentMs,1788057860466000000,1788057920447000000,0
DirectByteBufferAllocator.disposed,1788057860466000000,1788057920447000000,0
FilePageCache.capacityInBytes,1788057860466000000,1788057920447000000,503316478
FilePageCacheLockFree.housekeeperTurnsDone,1788057860466000000,1788057920447000000,0
FilePageCacheLockFree.totalPagesWriteMs,1788057860466000000,1788057920447000000,0
DirectByteBufferAllocator.totalSizeOfBuffersCachedInBytes,1788057860466000000,1788057920447000000,0
StreamlinedBlobStorage.recordsAllocated,1788057860466000000,1788057920447000000,0
MappedFileStorage.totalBytesMapped,1788057860466000000,1788057920447000000,164626432
writeAction.wait.ms,1788057860466000000,1788057920447000000,0
writeAction.count,1788057860466000000,1788057920447000000,0
writeAction.max.wait.ms,1788057860466000000,1788057920447000000,0
writeAction.median.wait.ms,1788057860466000000,1788057920447000000,0
FlushQueue.waitingTimeMaxNs,1788057860466000000,1788057920447000000,0
FlushQueue.queueSizeMax,1788057860466000000,1788057920447000000,0
FlushQueue.executionTime90PNs,1788057860466000000,1788057920447000000,0
AWTEventQueue.dispatchTime90PNs,1788057860466000000,1788057920447000000,0
FlushQueue.tasksExecuted,1788057860466000000,1788057920447000000,0
AWTEventQueue.eventsDispatched,1788057860466000000,1788057920447000000,0
FlushQueue.queueSize90P,1788057860466000000,1788057920447000000,0
FlushQueue.waitingTime90PNs,1788057860466000000,1788057920447000000,0
FlushQueue.executionTimeMaxNs,1788057860466000000,1788057920447000000,0
FlushQueue.executionTimeAvgNs,1788057860466000000,1788057920447000000,0.0
AWTEventQueue.dispatchTimeAvgNs,1788057860466000000,1788057920447000000,0.0
FlushQueue.waitingTimeAvgNs,1788057860466000000,1788057920447000000,0.0
AWTEventQueue.dispatchTimeMaxNs,1788057860466000000,1788057920447000000,0
WriteAction.executionsCount,1788057860466000000,1788057920447000000,0
ReadAction.executionsCount,1788057860466000000,1788057920447000000,0
FlushQueue.queueSizeAvg,1788057860466000000,1788057920447000000,0.0
AWTEventQueue.dispatchTimeTotalNS,1788057860466000000,1788057920447000000,54796138
cacheStateStorage.set.duration,1788057860466000000,1788057920447000000,3
cacheStateStorage.get.duration,1788057860466000000,1788057920447000000,0
cacheStateStorage.get.counter,1788057860466000000,1788057920447000000,1
cacheStateStorage.set.counter,1788057860466000000,1788057920447000000,1
IndexesFlusher.totalFlushes,1788057860466000000,1788057920447000000,59
IndexesFlusher.totalFlushesRetried,1788057860466000000,1788057920447000000,0
IndexesFlusher.totalFlushingTimeUs,1788057860466000000,1788057920447000000,263832
IndexesFlusher.totalContentionQuotaSpent,1788057860466000000,1788057920447000000,0
FileNameCache.queries,1788057860466000000,1788057920447000000,0
FileNameCache.totalMisses,1788057860466000000,1788057920447000000,0
VFS.fileByIdCache.hits,1788057860466000000,1788057920447000000,0
VFS.fileByIdCache.misses,1788057860466000000,1788057920447000000,0
VFS.invertedFileNameIndex.requests,1788057860466000000,1788057920447000000,0
VFS.fileChildByName,1788057860466000000,1788057920447000000,0
DirectByteBufferAllocator.misses,1788057920447000000,1788057980444000000,0
MappedFileStorage.storages,1788057920447000000,1788057980444000000,6
FilePageCache.disposedBuffers,1788057920447000000,1788057980444000000,0
FilePageCache.pageLoads,1788057920447000000,1788057980444000000,0
MappedFileStorage.totalPagesMapped,1788057920447000000,1788057980444000000,6
DirectByteBufferAllocator.totalSizeOfBuffersAllocatedInBytes,1788057920447000000,1788057980444000000,204488704
FilePageCache.pageFastCacheHits,1788057920447000000,1788057980444000000,32
FilePageCache.maxRegisteredFiles,1788057920447000000,1788057980444000000,542
FilePageCacheLockFree.totalClosedStoragesReclaimed,1788057920447000000,1788057980444000000,0
FilePageCache.uncachedFileAccess,1788057920447000000,1788057980444000000,0
DirectByteBufferAllocator.hits,1788057920447000000,1788057980444000000,0
StreamlinedBlobStorage.recordsRelocated,1788057920447000000,1788057980444000000,0
FilePageCache.pageLoadsAboveSizeThreshold,1788057920447000000,1788057980444000000,0
FileChannelInterruptsRetryer.totalRetriedAttempts,1788057920447000000,1788057980444000000,0
DirectByteBufferAllocator.reclaimed,1788057920447000000,1788057980444000000,0
FilePageCache.pageHits,1788057920447000000,1788057980444000000,0
FilePageCacheLockFree.totalPagesReadMs,1788057920447000000,1788057980444000000,0
FilePageCacheLockFree.totalPagesWritten,1788057920447000000,1788057980444000000,0
FilePageCacheLockFree.totalHeapBytesReclaimed,1788057920447000000,1788057980444000000,0
FilePageCacheLockFree.nativeBytesInUse,1788057920447000000,1788057980444000000,0
StreamlinedBlobStorage.totalLiveRecordsCapacityBytes,1788057920447000000,1788057980444000000,70
FilePageCacheLockFree.totalPagesRequestsMs,1788057920447000000,1788057980444000000,0
FilePageCache.maxCacheSizeInBytes,1788057920447000000,1788057980444000000,204488704
StreamlinedBlobStorage.totalLiveRecordsPayloadBytes,1788057920447000000,1788057980444000000,8
FilePageCacheLockFree.heapBytesInUse,1788057920447000000,1788057980444000000,0
FilePageCacheLockFree.totalPagesReclaimed,1788057920447000000,1788057980444000000,0
FilePageCacheLockFree.totalBytesRequested,1788057920447000000,1788057980444000000,0
FilePageCacheLockFree.totalNativeBytesReclaimed,1788057920447000000,1788057980444000000,0
StorageLockContext.competingThreads.90P,1788057920447000000,1788057980444000000,0
FilePageCacheLockFree.totalHeapBytesAllocated,1788057920447000000,1788057980444000000,0
StorageLockContext.competingThreads.avg,1788057920447000000,1788057980444000000,0.0
FilePageCacheLockFree.housekeeperTurnsSkipped,1788057920447000000,1788057980444000000,0
FilePageCache.totalPageDisposalsUs,1788057920447000000,1788057980444000000,0
FilePageCacheLockFree.totalPagesAllocated,1788057920447000000,1788057980444000000,0
FilePageCacheLockFree.totalPagesRequested,1788057920447000000,1788057980444000000,0
StreamlinedBlobStorage.recordsDeleted,1788057920447000000,1788057980444000000,0
FilePageCacheLockFree.totalNativeBytesAllocated,1788057920447000000,1788057980444000000,0
StorageLockContext.competingThreads.max,1788057920447000000,1788057980444000000,0
MappedFileStorage.totalTimeSpentOnMappingUs,1788057920447000000,1788057980444000000,2288504
FilePageCacheLockFree.totalBytesWritten,1788057920447000000,1788057980444000000,0
FilePageCacheLockFree.totalBytesRead,1788057920447000000,1788057980444000000,0
FilePageCache.totalPageLoadsUs,1788057920447000000,1788057980444000000,0
FilePageCacheLockFree.totalPageAllocationsWaited,1788057920447000000,1788057980444000000,0
FilePageCacheLockFree.totalPagesHandedOver,1788057920447000000,1788057980444000000,0
FilePageCacheLockFree.housekeeperTimeSpentMs,1788057920447000000,1788057980444000000,0
DirectByteBufferAllocator.disposed,1788057920447000000,1788057980444000000,0
FilePageCache.capacityInBytes,1788057920447000000,1788057980444000000,503316478
FilePageCacheLockFree.housekeeperTurnsDone,1788057920447000000,1788057980444000000,0
FilePageCacheLockFree.totalPagesWriteMs,1788057920447000000,1788057980444000000,0
DirectByteBufferAllocator.totalSizeOfBuffersCachedInBytes,1788057920447000000,1788057980444000000,0
StreamlinedBlobStorage.recordsAllocated,1788057920447000000,1788057980444000000,1
MappedFileStorage.totalBytesMapped,1788057920447000000,1788057980444000000,164626432
writeAction.wait.ms,1788057920447000000,1788057980444000000,0
writeAction.count,1788057920447000000,1788057980444000000,0
writeAction.max.wait.ms,1788057920447000000,1788057980444000000,0
writeAction.median.wait.ms,1788057920447000000,1788057980444000000,0
FlushQueue.waitingTimeMaxNs,1788057920447000000,1788057980444000000,0
FlushQueue.queueSizeMax,1788057920447000000,1788057980444000000,0
FlushQueue.executionTime90PNs,1788057920447000000,1788057980444000000,0
AWTEventQueue.dispatchTime90PNs,1788057920447000000,1788057980444000000,223231
FlushQueue.tasksExecuted,1788057920447000000,1788057980444000000,0
AWTEventQueue.eventsDispatched,1788057920447000000,1788057980444000000,4
FlushQueue.queueSize90P,1788057920447000000,1788057980444000000,0
FlushQueue.waitingTime90PNs,1788057920447000000,1788057980444000000,0
FlushQueue.executionTimeMaxNs,1788057920447000000,1788057980444000000,0
FlushQueue.executionTimeAvgNs,1788057920447000000,1788057980444000000,0.0
AWTEventQueue.dispatchTimeAvgNs,1788057920447000000,1788057980444000000,125024.0
FlushQueue.waitingTimeAvgNs,1788057920447000000,1788057980444000000,0.0
AWTEventQueue.dispatchTimeMaxNs,1788057920447000000,1788057980444000000,223231
WriteAction.executionsCount,1788057920447000000,1788057980444000000,0
ReadAction.executionsCount,1788057920447000000,1788057980444000000,121
FlushQueue.queueSizeAvg,1788057920447000000,1788057980444000000,0.0
AWTEventQueue.dispatchTimeTotalNS,1788057920447000000,1788057980444000000,683211809
cacheStateStorage.set.duration,1788057920447000000,1788057980444000000,3
cacheStateStorage.get.duration,1788057920447000000,1788057980444000000,0
cacheStateStorage.get.counter,1788057920447000000,1788057980444000000,0
cacheStateStorage.set.counter,1788057920447000000,1788057980444000000,1
jps.global.get.library.ms,1788057920447000000,1788057980444000000,0
jps.global.get.library.by.name.ms,1788057920447000000,1788057980444000000,0
jps.library.entities.serializer.load.entities.ms,1788057920447000000,1788057980444000000,0
workspaceModel.global.updates.count,1788057920447000000,1788057980444000000,0
workspaceModel.mutableEntityStorage.remove.entity.ms,1788057920447000000,1788057980444000000,0
workspaceModel.load.cache.from.file.ms,1788057920447000000,1788057980444000000,0
workspaceModel.mutableEntityStorage.apply.changes.from.ms,1788057920447000000,1788057980444000000,0
jps.global.handle.before.change.events.ms,1788057920447000000,1788057980444000000,0
jps.app.storage.content.reader.load.component.ms,1788057920447000000,1788057980444000000,1
jps.global.initialize.library.bridges.ms,1788057920447000000,1788057980444000000,0
workspaceModel.global.apply.state.to.project.builder.ms,1788057920447000000,1788057980444000000,0
workspaceModel.mutableEntityStorage.resolve.ms,1788057920447000000,1788057980444000000,0
jps.app.storage.content.writer.save.component.ms,1788057920447000000,1788057980444000000,1
workspaceModel.mutableEntityStorage.mutable.ext.mapping.ms,1788057920447000000,1788057980444000000,0
workspaceModel.mutableEntityStorage.has.same.entities.ms,1788057920447000000,1788057980444000000,0
workspaceModel.mutableEntityStorage.add.entity.ms,1788057920447000000,1788057980444000000,0
workspaceModel.mutableEntityStorage.collect.changes.ms,1788057920447000000,1788057980444000000,0
workspaceModel.mutableEntityStorage.entities.by.source.ms,1788057920447000000,1788057980444000000,0
jps.load.initial.state.ms,1788057920447000000,1788057980444000000,17
workspaceModel.mutableEntityStorage.mutable.vfurl.index.ms,1788057920447000000,1788057980444000000,0
jps.global.initialize.library.bridges.after.loading.ms,1788057920447000000,1788057980444000000,1
jps.global.get.libraries.ms,1788057920447000000,1788057980444000000,0
workspaceModel.global.updates.ms,1788057920447000000,1788057980444000000,0
workspaceModel.mutableEntityStorage.referrers.ms,1788057920447000000,1788057980444000000,0
workspaceModel.mutableEntityStorage.instances.count,1788057920447000000,1788057980444000000,1
jps.library.entities.serializer.save.entities.ms,1788057920447000000,1788057980444000000,0
workspaceModel.mutableEntityStorage.replace.by.source.ms,1788057920447000000,1788057980444000000,0
jps.global.handle.changed.events.ms,1788057920447000000,1788057980444000000,0
workspaceModel.sync.entities.ms,1788057920447000000,1788057980444000000,0
workspaceModel.global.apply.state.to.project.ms,1788057920447000000,1788057980444000000,0
workspaceModel.save.cache.to.file.ms,1788057920447000000,1788057980444000000,0
jps.save.global.entities.ms,1788057920447000000,1788057980444000000,54
workspaceModel.mutableEntityStorage.put.entity.ms,1788057920447000000,1788057980444000000,0
workspaceModel.mutableEntityStorage.entities.ms,1788057920447000000,1788057980444000000,1
workspaceModel.mutableEntityStorage.to.snapshot.ms,1788057920447000000,1788057980444000000,0
workspaceModel.mutableEntityStorage.modify.entity.ms,1788057920447000000,1788057980444000000,0
workspaceModel.load.cache.metadata.from.file.ms,1788057920447000000,1788057980444000000,0
workspaceModel.entityStorageSnapshotImpl.instances.count,1788057920447000000,1788057980444000000,2
IndexesFlusher.totalFlushes,1788057920447000000,1788057980444000000,59
IndexesFlusher.totalFlushesRetried,1788057920447000000,1788057980444000000,0
IndexesFlusher.totalFlushingTimeUs,1788057920447000000,1788057980444000000,234814
IndexesFlusher.totalContentionQuotaSpent,1788057920447000000,1788057980444000000,0
FileNameCache.queries,1788057920447000000,1788057980444000000,3584
FileNameCache.totalMisses,1788057920447000000,1788057980444000000,0
VFS.fileByIdCache.hits,1788057920447000000,1788057980444000000,0
VFS.fileByIdCache.misses,1788057920447000000,1788057980444000000,0
VFS.invertedFileNameIndex.requests,1788057920447000000,1788057980444000000,0
VFS.fileChildByName,1788057920447000000,1788057980444000000,32
DirectByteBufferAllocator.misses,1788057980444000000,1788058040464000000,87
MappedFileStorage.storages,1788057980444000000,1788058040464000000,14
FilePageCache.disposedBuffers,1788057980444000000,1788058040464000000,0
FilePageCache.pageLoads,1788057980444000000,1788058040464000000,87
MappedFileStorage.totalPagesMapped,1788057980444000000,1788058040464000000,14
DirectByteBufferAllocator.totalSizeOfBuffersAllocatedInBytes,1788057980444000000,1788058040464000000,295714816
FilePageCache.pageFastCacheHits,1788057980444000000,1788058040464000000,41813
FilePageCache.maxRegisteredFiles,1788057980444000000,1788058040464000000,545
FilePageCacheLockFree.totalClosedStoragesReclaimed,1788057980444000000,1788058040464000000,0
FilePageCache.uncachedFileAccess,1788057980444000000,1788058040464000000,115
DirectByteBufferAllocator.hits,1788057980444000000,1788058040464000000,0
StreamlinedBlobStorage.recordsRelocated,1788057980444000000,1788058040464000000,0
FilePageCache.pageLoadsAboveSizeThreshold,1788057980444000000,1788058040464000000,0
FileChannelInterruptsRetryer.totalRetriedAttempts,1788057980444000000,1788058040464000000,0
DirectByteBufferAllocator.reclaimed,1788057980444000000,1788058040464000000,0
FilePageCache.pageHits,1788057980444000000,1788058040464000000,0
FilePageCacheLockFree.totalPagesReadMs,1788057980444000000,1788058040464000000,0
FilePageCacheLockFree.totalPagesWritten,1788057980444000000,1788058040464000000,0
FilePageCacheLockFree.totalHeapBytesReclaimed,1788057980444000000,1788058040464000000,0
FilePageCacheLockFree.nativeBytesInUse,1788057980444000000,1788058040464000000,0
StreamlinedBlobStorage.totalLiveRecordsCapacityBytes,1788057980444000000,1788058040464000000,211860
FilePageCacheLockFree.totalPagesRequestsMs,1788057980444000000,1788058040464000000,0
FilePageCache.maxCacheSizeInBytes,1788057980444000000,1788058040464000000,295714816
StreamlinedBlobStorage.totalLiveRecordsPayloadBytes,1788057980444000000,1788058040464000000,69710
FilePageCacheLockFree.heapBytesInUse,1788057980444000000,1788058040464000000,0
FilePageCacheLockFree.totalPagesReclaimed,1788057980444000000,1788058040464000000,0
FilePageCacheLockFree.totalBytesRequested,1788057980444000000,1788058040464000000,0
FilePageCacheLockFree.totalNativeBytesReclaimed,1788057980444000000,1788058040464000000,0
StorageLockContext.competingThreads.90P,1788057980444000000,1788058040464000000,0
FilePageCacheLockFree.totalHeapBytesAllocated,1788057980444000000,1788058040464000000,0
StorageLockContext.competingThreads.avg,1788057980444000000,1788058040464000000,0.0
FilePageCacheLockFree.housekeeperTurnsSkipped,1788057980444000000,1788058040464000000,0
FilePageCache.totalPageDisposalsUs,1788057980444000000,1788058040464000000,166
FilePageCacheLockFree.totalPagesAllocated,1788057980444000000,1788058040464000000,0
FilePageCacheLockFree.totalPagesRequested,1788057980444000000,1788058040464000000,0
StreamlinedBlobStorage.recordsDeleted,1788057980444000000,1788058040464000000,18
FilePageCacheLockFree.totalNativeBytesAllocated,1788057980444000000,1788058040464000000,0
StorageLockContext.competingThreads.max,1788057980444000000,1788058040464000000,0
MappedFileStorage.totalTimeSpentOnMappingUs,1788057980444000000,1788058040464000000,2586502
FilePageCacheLockFree.totalBytesWritten,1788057980444000000,1788058040464000000,0
FilePageCacheLockFree.totalBytesRead,1788057980444000000,1788058040464000000,0
FilePageCache.totalPageLoadsUs,1788057980444000000,1788058040464000000,71079
FilePageCacheLockFree.totalPageAllocationsWaited,1788057980444000000,1788058040464000000,0
FilePageCacheLockFree.totalPagesHandedOver,1788057980444000000,1788058040464000000,0
FilePageCacheLockFree.housekeeperTimeSpentMs,1788057980444000000,1788058040464000000,0
DirectByteBufferAllocator.disposed,1788057980444000000,1788058040464000000,0
FilePageCache.capacityInBytes,1788057980444000000,1788058040464000000,503316478
FilePageCacheLockFree.housekeeperTurnsDone,1788057980444000000,1788058040464000000,0
FilePageCacheLockFree.totalPagesWriteMs,1788057980444000000,1788058040464000000,0
DirectByteBufferAllocator.totalSizeOfBuffersCachedInBytes,1788057980444000000,1788058040464000000,0
StreamlinedBlobStorage.recordsAllocated,1788057980444000000,1788058040464000000,2647
MappedFileStorage.totalBytesMapped,1788057980444000000,1788058040464000000,194248704
JVM.maxHeapBytes,1788057980444000000,1788058040464000000,2147483648
JVM.GC.collections,1788057980444000000,1788058040464000000,33
OS.loadAverage,1788057980444000000,1788058040464000000,3.794921875
JVM.GC.collectionTimesMs,1788057980444000000,1788058040464000000,215
JVM.totalBytesAllocated,1788057980444000000,1788058040464000000,1880413320
JVM.usedNativeBytes,1788057980444000000,1788058040464000000,320875648
JVM.usedHeapBytes,1788057980444000000,1788058040464000000,389932096
JVM.totalDirectByteBuffersBytes,1788057980444000000,1788058040464000000,297087517
JVM.maxThreadCount,1788057980444000000,1788058040464000000,179
JVM.newThreadsCount,1788057980444000000,1788058040464000000,260
JVM.threadCount,1788057980444000000,1788058040464000000,177
JVM.totalCpuTimeMs,1788057980444000000,1788058040464000000,96184
writeAction.wait.ms,1788057980444000000,1788058040464000000,13
lexer.HTML.time.ns,1788057980444000000,1788058040464000000,2994707
writeAction.count,1788057980444000000,1788058040464000000,12
lexer.HTML.size.bytes,1788057980444000000,1788058040464000000,19924
writeAction.max.wait.ms,1788057980444000000,1788058040464000000,11
writeAction.median.wait.ms,1788057980444000000,1788058040464000000,0
parser.HTML.time.ns,1788057980444000000,1788058040464000000,26316260
parser.HTML.size.bytes,1788057980444000000,1788058040464000000,19924
NonBlockingReadAction.failedExecutionsCount,1788057980444000000,1788058040464000000,1
FlushQueue.waitingTimeMaxNs,1788057980444000000,1788058040464000000,0
NonBlockingReadAction.failedExecutionTimeUs,1788057980444000000,1788058040464000000,7172
FlushQueue.queueSizeMax,1788057980444000000,1788058040464000000,0
FlushQueue.executionTime90PNs,1788057980444000000,1788058040464000000,0
AWTEventQueue.dispatchTime90PNs,1788057980444000000,1788058040464000000,86527
FlushQueue.tasksExecuted,1788057980444000000,1788058040464000000,0
AWTEventQueue.eventsDispatched,1788057980444000000,1788058040464000000,1
FlushQueue.queueSize90P,1788057980444000000,1788058040464000000,0
FlushQueue.waitingTime90PNs,1788057980444000000,1788058040464000000,0
FlushQueue.executionTimeMaxNs,1788057980444000000,1788058040464000000,0
FlushQueue.executionTimeAvgNs,1788057980444000000,1788058040464000000,0.0
AWTEventQueue.dispatchTimeAvgNs,1788057980444000000,1788058040464000000,86272.0
NonBlockingReadAction.finalizedExecutionTimeUs,1788057980444000000,1788058040464000000,7123429
FlushQueue.waitingTimeAvgNs,1788057980444000000,1788058040464000000,0.0
AWTEventQueue.dispatchTimeMaxNs,1788057980444000000,1788058040464000000,86527
NonBlockingReadAction.finalizedExecutionsCount,1788057980444000000,1788058040464000000,242
WriteAction.executionsCount,1788057980444000000,1788058040464000000,12
ReadAction.executionsCount,1788057980444000000,1788058040464000000,3005
FlushQueue.queueSizeAvg,1788057980444000000,1788058040464000000,0.0
AWTEventQueue.dispatchTimeTotalNS,1788057980444000000,1788058040464000000,6936350925
cacheStateStorage.set.duration,1788057980444000000,1788058040464000000,26
cacheStateStorage.get.duration,1788057980444000000,1788058040464000000,9
cacheStateStorage.get.counter,1788057980444000000,1788058040464000000,20
cacheStateStorage.set.counter,1788057980444000000,1788058040464000000,5
jps.global.get.library.ms,1788057980444000000,1788058040464000000,0
jps.global.get.library.by.name.ms,1788057980444000000,1788058040464000000,0
jps.library.entities.serializer.load.entities.ms,1788057980444000000,1788058040464000000,0
workspaceModel.global.updates.count,1788057980444000000,1788058040464000000,0
workspaceModel.moduleBridge.before.changed.ms,1788057980444000000,1788058040464000000,0
workspaceModel.moduleBridge.update.option.ms,1788057980444000000,1788058040464000000,0
workspaceModel.moduleBridge.facet.initialization.ms,1788057980444000000,1788058040464000000,0
workspaceModel.mutableEntityStorage.apply.changes.from.ms,1788057980444000000,1788058040464000000,11
jps.facet.change.listener.before.change.events.ms,1788057980444000000,1788058040464000000,1
jps.global.handle.before.change.events.ms,1788057980444000000,1788058040464000000,0
jps.app.storage.content.reader.load.component.ms,1788057980444000000,1788058040464000000,0
jps.save.changed.project.entities.ms,1788057980444000000,1788058040464000000,1
workspaceModel.moduleBridgeLoader.loading.modules.ms,1788057980444000000,1788058040464000000,1109
jps.facet.change.listener.init.bridge.ms,1788057980444000000,1788058040464000000,0
jps.project.serializers.save.ms,1788057980444000000,1788058040464000000,1
workspaceModel.mutableEntityStorage.has.same.entities.ms,1788057980444000000,1788058040464000000,0
workspaceModel.mutableEntityStorage.add.entity.ms,1788057980444000000,1788058040464000000,56
workspaceModel.delayed.project.synchronizer.sync.ms,1788057980444000000,1788058040464000000,0
jps.project.serializers.load.ms,1788057980444000000,1788058040464000000,86
workspaceModel.mutableEntityStorage.mutable.vfurl.index.ms,1788057980444000000,1788058040464000000,1
jps.load.project.to.empty.storage.ms,1788057980444000000,1788058040464000000,116
jps.global.initialize.library.bridges.after.loading.ms,1788057980444000000,1788058040464000000,0
workspaceModel.moduleManagerBridge.newModule.ms,1788057980444000000,1788058040464000000,0
workspaceModel.mutableEntityStorage.referrers.ms,1788057980444000000,1788058040464000000,0
workspaceModel.moduleManagerBridge.build.module.graph.ms,1788057980444000000,1788058040464000000,0
jps.library.entities.serializer.save.entities.ms,1788057980444000000,1788058040464000000,0
workspaceModel.orphan.listener.update.ms,1788057980444000000,1788058040464000000,2
jps.module.iml.entities.serializer.save.entities.ms,1788057980444000000,1788058040464000000,0
workspaceModel.mutableEntityStorage.replace.by.source.ms,1788057980444000000,1788058040464000000,9
jps.global.handle.changed.events.ms,1788057980444000000,1788058040464000000,0
workspaceModel.global.apply.state.to.project.ms,1788057980444000000,1788058040464000000,0
jps.storage.jps.conf.reader.load.component.ms,1788057980444000000,1788058040464000000,5
workspaceModel.save.cache.to.file.ms,1788057980444000000,1788058040464000000,221
jps.save.global.entities.ms,1788057980444000000,1788058040464000000,1
workspaceModel.mutableEntityStorage.put.entity.ms,1788057980444000000,1788058040464000000,15
workspaceModel.mutableEntityStorage.to.snapshot.ms,1788057980444000000,1788058040464000000,1
workspaceModel.mutableEntityStorage.modify.entity.ms,1788057980444000000,1788058040464000000,0
jps.reload.project.entities.ms,1788057980444000000,1788058040464000000,0
workspaceModel.moduleManagerBridge.set.unloadedModules.ms,1788057980444000000,1788058040464000000,0
workspaceModel.moduleManagerBridge.load.module.ms,1788057980444000000,1788058040464000000,0
workspaceModel.mutableEntityStorage.remove.entity.ms,1788057980444000000,1788058040464000000,0
workspaceModel.load.cache.from.file.ms,1788057980444000000,1788058040464000000,0
jps.facet.change.listener.process.change.events.ms,1788057980444000000,1788058040464000000,0
workspaceModel.moduleManagerBridge.load.all.modules.ms,1788057980444000000,1788058040464000000,44
workspaceModel.do.save.caches.ms,1788057980444000000,1788058040464000000,266
jps.global.initialize.library.bridges.ms,1788057980444000000,1788058040464000000,1
workspaceModel.global.apply.state.to.project.builder.ms,1788057980444000000,1788058040464000000,2
workspaceModel.mutableEntityStorage.resolve.ms,1788057980444000000,1788058040464000000,0
jps.app.storage.content.writer.save.component.ms,1788057980444000000,1788058040464000000,0
workspaceModel.mutableEntityStorage.mutable.ext.mapping.ms,1788057980444000000,1788058040464000000,1
workspaceModel.mutableEntityStorage.collect.changes.ms,1788057980444000000,1788058040464000000,2
workspaceModel.mutableEntityStorage.entities.by.source.ms,1788057980444000000,1788058040464000000,0
jps.load.initial.state.ms,1788057980444000000,1788058040464000000,0
jps.apply.loaded.storage.ms,1788057980444000000,1788058040464000000,905
jps.artifact.entities.serializer.load.entities.ms,1788057980444000000,1788058040464000000,0
jps.global.get.libraries.ms,1788057980444000000,1788058040464000000,0
workspaceModel.global.updates.ms,1788057980444000000,1788058040464000000,0
jps.artifact.entities.serializer.save.entities.ms,1788057980444000000,1788058040464000000,0
workspaceModel.mutableEntityStorage.instances.count,1788057980444000000,1788058040464000000,19
workspaceModel.moduleManagerBridge.get.modules.ms,1788057980444000000,1788058040464000000,1
workspaceModel.sync.entities.ms,1788057980444000000,1788058040464000000,0
workspaceModel.moduleManagerBridge.create.module.instance.ms,1788057980444000000,1788058040464000000,0
jps.module.iml.entities.serializer.load.entities.ms,1788057980444000000,1788058040464000000,44
workspaceModel.moduleManagerBridge.new.nonPersistent.module.ms,1788057980444000000,1788058040464000000,0
workspaceModel.mutableEntityStorage.entities.ms,1788057980444000000,1788058040464000000,0
workspaceModel.load.cache.metadata.from.file.ms,1788057980444000000,1788058040464000000,0
workspaceModel.init.bridges.ms,1788057980444000000,1788058040464000000,2
workspaceModel.workspaceFileIndexData.instances.count,1788057980444000000,1788058040464000000,1
workspaceModel.loading.total.ms,1788057980444000000,1788058040464000000,10
workspaceModel.updates.count,1788057980444000000,1788058040464000000,1
workspaceModel.workspaceFileIndexData.getDirectoriesByPackageName.ms,1788057980444000000,1788058040464000000,0
workspaceModel.initializing.ms,1788057980444000000,1788058040464000000,0
workspaceModel.updates.precise.ms,1788057980444000000,1788058040464000000,1
workspaceModel.cachedValueWithParameters.calculated.ms,1788057980444000000,1788058040464000000,0
workspaceModel.workspaceFileIndexData.markDirty.ms,1788057980444000000,1788058040464000000,0
workspaceModel.update.unloaded.entities.ms,1788057980444000000,1788058040464000000,0
workspaceModel.workspaceFileIndexData.processFileSets.ms,1788057980444000000,1788058040464000000,0
workspaceModel.workspaceFileIndexData.init.ms,1788057980444000000,1788058040464000000,7
workspaceModel.replace.project.model.ms,1788057980444000000,1788058040464000000,0
workspaceModel.loading.from.cache.ms,1788057980444000000,1788058040464000000,2
workspaceModel.cachedValue.from.cache.ms,1788057980444000000,1788058040464000000,0
workspaceModel.workspaceFileIndexData.getPackageName.ms,1788057980444000000,1788058040464000000,0
workspaceModel.workspaceFileIndexData.onEntitiesChanged.ms,1788057980444000000,1788058040464000000,1
workspaceModel.updates.ms,1788057980444000000,1788058040464000000,8
workspaceModel.workspaceFileIndexData.getFileInfo.ms,1788057980444000000,1788058040464000000,8
workspaceModel.to.snapshot.ms,1788057980444000000,1788058040464000000,0
workspaceModel.cachedValue.clear.ms,1788057980444000000,1788058040464000000,0
workspaceModel.workspaceFileIndexData.updateDirtyEntities.ms,1788057980444000000,1788058040464000000,0
workspaceModel.entityStorageSnapshotImpl.instances.count,1788057980444000000,1788058040464000000,9
workspaceModel.cachedValueWithParameters.clear.ms,1788057980444000000,1788058040464000000,0
workspaceModel.check.recursive.update.ms,1788057980444000000,1788058040464000000,0
workspaceModel.collect.changes.ms,1788057980444000000,1788058040464000000,0
workspaceModel.cachedValueWithParameters.total.get.ms,1788057980444000000,1788058040464000000,0
workspaceModel.cachedValue.calculated.ms,1788057980444000000,1788058040464000000,5
workspaceModel.pre.handlers.ms,1788057980444000000,1788058040464000000,1
workspaceModel.cachedValueWithParameters.from.cache.ms,1788057980444000000,1788058040464000000,0
workspaceModel.cachedValue.total.get.ms,1788057980444000000,1788058040464000000,5
workspaceModel.workspaceFileIndexContributor.registerFileSets.ms,1788057980444000000,1788058040464000000,12
workspaceModel.workspaceFileIndexData.visitFileSets.ms,1788057980444000000,1788058040464000000,0
workspaceModel.full.replace.project.model.ms,1788057980444000000,1788058040464000000,119
compiler.ArtifactManagerBridge.getArtifactsByType.ms,1788057980444000000,1788058040464000000,1
compiler.ArtifactManagerBridge.initBridges.ms,1788057980444000000,1788058040464000000,1
compiler.ArtifactManagerBridge.findArtifact.ms,1788057980444000000,1788058040464000000,0
compiler.ArtifactManagerBridge.dropMappings.ms,1788057980444000000,1788058040464000000,0
compiler.ArtifactManagerBridge.addArtifact.ms,1788057980444000000,1788058040464000000,0
compiler.ArtifactManagerBridge.commit.ms,1788057980444000000,1788058040464000000,0
compiler.ArtifactManagerBridge.getArtifacts.ms,1788057980444000000,1788058040464000000,0
Indexes.entries.lookupDurationAvgMs,1788057980444000000,1788058040464000000,0.0
Indexes.allKeys.lookupDurationAvgMs,1788057980444000000,1788058040464000000,0.0
IndexesFlusher.totalFlushes,1788057980444000000,1788058040464000000,113
Indexes.stubs.lookups,1788057980444000000,1788058040464000000,0.0
Indexes.allKeys.lookups,1788057980444000000,1788058040464000000,0.0
Indexes.entries.lookups,1788057980444000000,1788058040464000000,0.0
Indexes.allKeys.lookupDuration90PMs,1788057980444000000,1788058040464000000,0.0
IndexesFlusher.totalFlushesRetried,1788057980444000000,1788058040464000000,1
Indexes.allKeys.lookupDurationMaxMs,1788057980444000000,1788058040464000000,0.0
IndexesFlusher.totalContentionQuotaSpent,1788057980444000000,1788058040464000000,2
Indexes.stubs.lookupDurationAvgMs,1788057980444000000,1788058040464000000,0.0
Indexes.entries.lookupDuration90PMs,1788057980444000000,1788058040464000000,0.0
Indexes.stubs.lookupDurationMaxMs,1788057980444000000,1788058040464000000,0.0
IndexesFlusher.totalFlushingTimeUs,1788057980444000000,1788058040464000000,549403
Indexes.entries.lookupDurationMaxMs,1788057980444000000,1788058040464000000,0.0
Indexes.stubs.lookupDuration90PMs,1788057980444000000,1788058040464000000,0.0
FileNameCache.queries,1788057980444000000,1788058040464000000,2556608
FileNameCache.totalMisses,1788057980444000000,1788058040464000000,704
VFS.fileByIdCache.hits,1788057980444000000,1788058040464000000,0
VFS.fileByIdCache.misses,1788057980444000000,1788058040464000000,22
VFS.invertedFileNameIndex.requests,1788057980444000000,1788058040464000000,0
VFS.fileChildByName,1788057980444000000,1788058040464000000,4274
DirectByteBufferAllocator.misses,1788058040464000000,1788058100448000000,0
MappedFileStorage.storages,1788058040464000000,1788058100448000000,14
FilePageCache.disposedBuffers,1788058040464000000,1788058100448000000,0
FilePageCache.pageLoads,1788058040464000000,1788058100448000000,0
MappedFileStorage.totalPagesMapped,1788058040464000000,1788058100448000000,14
DirectByteBufferAllocator.totalSizeOfBuffersAllocatedInBytes,1788058040464000000,1788058100448000000,295714816
FilePageCache.pageFastCacheHits,1788058040464000000,1788058100448000000,27
FilePageCache.maxRegisteredFiles,1788058040464000000,1788058100448000000,545
FilePageCacheLockFree.totalClosedStoragesReclaimed,1788058040464000000,1788058100448000000,0
FilePageCache.uncachedFileAccess,1788058040464000000,1788058100448000000,2
DirectByteBufferAllocator.hits,1788058040464000000,1788058100448000000,0
StreamlinedBlobStorage.recordsRelocated,1788058040464000000,1788058100448000000,0
FilePageCache.pageLoadsAboveSizeThreshold,1788058040464000000,1788058100448000000,0
FileChannelInterruptsRetryer.totalRetriedAttempts,1788058040464000000,1788058100448000000,0
DirectByteBufferAllocator.reclaimed,1788058040464000000,1788058100448000000,0
FilePageCache.pageHits,1788058040464000000,1788058100448000000,0
FilePageCacheLockFree.totalPagesReadMs,1788058040464000000,1788058100448000000,0
FilePageCacheLockFree.totalPagesWritten,1788058040464000000,1788058100448000000,0
FilePageCacheLockFree.totalHeapBytesReclaimed,1788058040464000000,1788058100448000000,0
FilePageCacheLockFree.nativeBytesInUse,1788058040464000000,1788058100448000000,0
StreamlinedBlobStorage.totalLiveRecordsCapacityBytes,1788058040464000000,1788058100448000000,140
FilePageCacheLockFree.totalPagesRequestsMs,1788058040464000000,1788058100448000000,0
FilePageCache.maxCacheSizeInBytes,1788058040464000000,1788058100448000000,295714816
StreamlinedBlobStorage.totalLiveRecordsPayloadBytes,1788058040464000000,1788058100448000000,16
FilePageCacheLockFree.heapBytesInUse,1788058040464000000,1788058100448000000,0
FilePageCacheLockFree.totalPagesReclaimed,1788058040464000000,1788058100448000000,0
FilePageCacheLockFree.totalBytesRequested,1788058040464000000,1788058100448000000,0
FilePageCacheLockFree.totalNativeBytesReclaimed,1788058040464000000,1788058100448000000,0
StorageLockContext.competingThreads.90P,1788058040464000000,1788058100448000000,0
FilePageCacheLockFree.totalHeapBytesAllocated,1788058040464000000,1788058100448000000,0
StorageLockContext.competingThreads.avg,1788058040464000000,1788058100448000000,0.0
FilePageCacheLockFree.housekeeperTurnsSkipped,1788058040464000000,1788058100448000000,0
FilePageCache.totalPageDisposalsUs,1788058040464000000,1788058100448000000,0
FilePageCacheLockFree.totalPagesAllocated,1788058040464000000,1788058100448000000,0
FilePageCacheLockFree.totalPagesRequested,1788058040464000000,1788058100448000000,0
StreamlinedBlobStorage.recordsDeleted,1788058040464000000,1788058100448000000,0
FilePageCacheLockFree.totalNativeBytesAllocated,1788058040464000000,1788058100448000000,0
StorageLockContext.competingThreads.max,1788058040464000000,1788058100448000000,0
MappedFileStorage.totalTimeSpentOnMappingUs,1788058040464000000,1788058100448000000,2586502
FilePageCacheLockFree.totalBytesWritten,1788058040464000000,1788058100448000000,0
FilePageCacheLockFree.totalBytesRead,1788058040464000000,1788058100448000000,0
FilePageCache.totalPageLoadsUs,1788058040464000000,1788058100448000000,0
FilePageCacheLockFree.totalPageAllocationsWaited,1788058040464000000,1788058100448000000,0
FilePageCacheLockFree.totalPagesHandedOver,1788058040464000000,1788058100448000000,0
FilePageCacheLockFree.housekeeperTimeSpentMs,1788058040464000000,1788058100448000000,0
DirectByteBufferAllocator.disposed,1788058040464000000,1788058100448000000,0
FilePageCache.capacityInBytes,1788058040464000000,1788058100448000000,503316478
FilePageCacheLockFree.housekeeperTurnsDone,1788058040464000000,1788058100448000000,0
FilePageCacheLockFree.totalPagesWriteMs,1788058040464000000,1788058100448000000,0
DirectByteBufferAllocator.totalSizeOfBuffersCachedInBytes,1788058040464000000,1788058100448000000,0
StreamlinedBlobStorage.recordsAllocated,1788058040464000000,1788058100448000000,2
MappedFileStorage.totalBytesMapped,1788058040464000000,1788058100448000000,194248704
JVM.maxHeapBytes,1788058040464000000,1788058100448000000,2147483648
JVM.GC.collections,1788058040464000000,1788058100448000000,3
OS.loadAverage,1788058040464000000,1788058100448000000,3.6796875
JVM.GC.collectionTimesMs,1788058040464000000,1788058100448000000,19
JVM.totalBytesAllocated,1788058040464000000,1788058100448000000,223693456
JVM.usedNativeBytes,1788058040464000000,1788058100448000000,332703600
JVM.usedHeapBytes,1788058040464000000,1788058100448000000,381653248
JVM.totalDirectByteBuffersBytes,1788058040464000000,1788058100448000000,296134282
JVM.maxThreadCount,1788058040464000000,1788058100448000000,179
JVM.newThreadsCount,1788058040464000000,1788058100448000000,1
JVM.threadCount,1788058040464000000,1788058100448000000,48
JVM.totalCpuTimeMs,1788058040464000000,1788058100448000000,19927
writeAction.wait.ms,1788058040464000000,1788058100448000000,0
writeAction.count,1788058040464000000,1788058100448000000,5
writeAction.max.wait.ms,1788058040464000000,1788058100448000000,11
writeAction.median.wait.ms,1788058040464000000,1788058100448000000,0
NonBlockingReadAction.failedExecutionsCount,1788058040464000000,1788058100448000000,0
FlushQueue.waitingTimeMaxNs,1788058040464000000,1788058100448000000,0
NonBlockingReadAction.failedExecutionTimeUs,1788058040464000000,1788058100448000000,0
FlushQueue.queueSizeMax,1788058040464000000,1788058100448000000,0
FlushQueue.executionTime90PNs,1788058040464000000,1788058100448000000,0
AWTEventQueue.dispatchTime90PNs,1788058040464000000,1788058100448000000,0
FlushQueue.tasksExecuted,1788058040464000000,1788058100448000000,0
AWTEventQueue.eventsDispatched,1788058040464000000,1788058100448000000,0
FlushQueue.queueSize90P,1788058040464000000,1788058100448000000,0
FlushQueue.waitingTime90PNs,1788058040464000000,1788058100448000000,0
FlushQueue.executionTimeMaxNs,1788058040464000000,1788058100448000000,0
FlushQueue.executionTimeAvgNs,1788058040464000000,1788058100448000000,0.0
AWTEventQueue.dispatchTimeAvgNs,1788058040464000000,1788058100448000000,0.0
NonBlockingReadAction.finalizedExecutionTimeUs,1788058040464000000,1788058100448000000,24072
FlushQueue.waitingTimeAvgNs,1788058040464000000,1788058100448000000,0.0
AWTEventQueue.dispatchTimeMaxNs,1788058040464000000,1788058100448000000,0
NonBlockingReadAction.finalizedExecutionsCount,1788058040464000000,1788058100448000000,3
WriteAction.executionsCount,1788058040464000000,1788058100448000000,5
ReadAction.executionsCount,1788058040464000000,1788058100448000000,1318
FlushQueue.queueSizeAvg,1788058040464000000,1788058100448000000,0.0
AWTEventQueue.dispatchTimeTotalNS,1788058040464000000,1788058100448000000,4137776437
cacheStateStorage.set.duration,1788058040464000000,1788058100448000000,5
cacheStateStorage.get.duration,1788058040464000000,1788058100448000000,0
cacheStateStorage.get.counter,1788058040464000000,1788058100448000000,0
cacheStateStorage.set.counter,1788058040464000000,1788058100448000000,8
jps.global.get.library.ms,1788058040464000000,1788058100448000000,0
jps.global.get.library.by.name.ms,1788058040464000000,1788058100448000000,0
jps.library.entities.serializer.load.entities.ms,1788058040464000000,1788058100448000000,0
workspaceModel.global.updates.count,1788058040464000000,1788058100448000000,0
workspaceModel.moduleBridge.before.changed.ms,1788058040464000000,1788058100448000000,0
workspaceModel.moduleBridge.update.option.ms,1788058040464000000,1788058100448000000,0
workspaceModel.moduleBridge.facet.initialization.ms,1788058040464000000,1788058100448000000,0
workspaceModel.mutableEntityStorage.apply.changes.from.ms,1788058040464000000,1788058100448000000,0
jps.facet.change.listener.before.change.events.ms,1788058040464000000,1788058100448000000,0
jps.global.handle.before.change.events.ms,1788058040464000000,1788058100448000000,0
jps.app.storage.content.reader.load.component.ms,1788058040464000000,1788058100448000000,0
jps.save.changed.project.entities.ms,1788058040464000000,1788058100448000000,0
workspaceModel.moduleBridgeLoader.loading.modules.ms,1788058040464000000,1788058100448000000,0
jps.facet.change.listener.init.bridge.ms,1788058040464000000,1788058100448000000,0
jps.project.serializers.save.ms,1788058040464000000,1788058100448000000,0
workspaceModel.mutableEntityStorage.has.same.entities.ms,1788058040464000000,1788058100448000000,0
workspaceModel.mutableEntityStorage.add.entity.ms,1788058040464000000,1788058100448000000,0
workspaceModel.delayed.project.synchronizer.sync.ms,1788058040464000000,1788058100448000000,0
jps.project.serializers.load.ms,1788058040464000000,1788058100448000000,0
workspaceModel.mutableEntityStorage.mutable.vfurl.index.ms,1788058040464000000,1788058100448000000,0
jps.load.project.to.empty.storage.ms,1788058040464000000,1788058100448000000,0
jps.global.initialize.library.bridges.after.loading.ms,1788058040464000000,1788058100448000000,0
workspaceModel.moduleManagerBridge.newModule.ms,1788058040464000000,1788058100448000000,0
workspaceModel.mutableEntityStorage.referrers.ms,1788058040464000000,1788058100448000000,0
workspaceModel.moduleManagerBridge.build.module.graph.ms,1788058040464000000,1788058100448000000,0
jps.library.entities.serializer.save.entities.ms,1788058040464000000,1788058100448000000,0
workspaceModel.orphan.listener.update.ms,1788058040464000000,1788058100448000000,0
jps.module.iml.entities.serializer.save.entities.ms,1788058040464000000,1788058100448000000,0
workspaceModel.mutableEntityStorage.replace.by.source.ms,1788058040464000000,1788058100448000000,0
jps.global.handle.changed.events.ms,1788058040464000000,1788058100448000000,0
workspaceModel.global.apply.state.to.project.ms,1788058040464000000,1788058100448000000,0
jps.storage.jps.conf.reader.load.component.ms,1788058040464000000,1788058100448000000,0
workspaceModel.save.cache.to.file.ms,1788058040464000000,1788058100448000000,0
jps.save.global.entities.ms,1788058040464000000,1788058100448000000,2
workspaceModel.mutableEntityStorage.put.entity.ms,1788058040464000000,1788058100448000000,0
workspaceModel.mutableEntityStorage.to.snapshot.ms,1788058040464000000,1788058100448000000,0
workspaceModel.mutableEntityStorage.modify.entity.ms,1788058040464000000,1788058100448000000,0
jps.reload.project.entities.ms,1788058040464000000,1788058100448000000,0
workspaceModel.moduleManagerBridge.set.unloadedModules.ms,1788058040464000000,1788058100448000000,0
workspaceModel.moduleManagerBridge.load.module.ms,1788058040464000000,1788058100448000000,0
workspaceModel.mutableEntityStorage.remove.entity.ms,1788058040464000000,1788058100448000000,0
workspaceModel.load.cache.from.file.ms,1788058040464000000,1788058100448000000,0
jps.facet.change.listener.process.change.events.ms,1788058040464000000,1788058100448000000,0
workspaceModel.moduleManagerBridge.load.all.modules.ms,1788058040464000000,1788058100448000000,0
workspaceModel.do.save.caches.ms,1788058040464000000,1788058100448000000,0
jps.global.initialize.library.bridges.ms,1788058040464000000,1788058100448000000,0
workspaceModel.global.apply.state.to.project.builder.ms,1788058040464000000,1788058100448000000,0
workspaceModel.mutableEntityStorage.resolve.ms,1788058040464000000,1788058100448000000,0
jps.app.storage.content.writer.save.component.ms,1788058040464000000,1788058100448000000,0
workspaceModel.mutableEntityStorage.mutable.ext.mapping.ms,1788058040464000000,1788058100448000000,0
workspaceModel.mutableEntityStorage.collect.changes.ms,1788058040464000000,1788058100448000000,0
workspaceModel.mutableEntityStorage.entities.by.source.ms,1788058040464000000,1788058100448000000,0
jps.load.initial.state.ms,1788058040464000000,1788058100448000000,0
jps.apply.loaded.storage.ms,1788058040464000000,1788058100448000000,0
jps.artifact.entities.serializer.load.entities.ms,1788058040464000000,1788058100448000000,0
jps.global.get.libraries.ms,1788058040464000000,1788058100448000000,0
workspaceModel.global.updates.ms,1788058040464000000,1788058100448000000,0
jps.artifact.entities.serializer.save.entities.ms,1788058040464000000,1788058100448000000,0
workspaceModel.mutableEntityStorage.instances.count,1788058040464000000,1788058100448000000,1
workspaceModel.moduleManagerBridge.get.modules.ms,1788058040464000000,1788058100448000000,0
workspaceModel.sync.entities.ms,1788058040464000000,1788058100448000000,0
workspaceModel.moduleManagerBridge.create.module.instance.ms,1788058040464000000,1788058100448000000,0
jps.module.iml.entities.serializer.load.entities.ms,1788058040464000000,1788058100448000000,0
workspaceModel.moduleManagerBridge.new.nonPersistent.module.ms,1788058040464000000,1788058100448000000,0
workspaceModel.mutableEntityStorage.entities.ms,1788058040464000000,1788058100448000000,0
workspaceModel.load.cache.metadata.from.file.ms,1788058040464000000,1788058100448000000,0
workspaceModel.init.bridges.ms,1788058040464000000,1788058100448000000,0
workspaceModel.workspaceFileIndexData.instances.count,1788058040464000000,1788058100448000000,0
workspaceModel.loading.total.ms,1788058040464000000,1788058100448000000,0
workspaceModel.updates.count,1788058040464000000,1788058100448000000,0
workspaceModel.workspaceFileIndexData.getDirectoriesByPackageName.ms,1788058040464000000,1788058100448000000,0
workspaceModel.initializing.ms,1788058040464000000,1788058100448000000,0
workspaceModel.updates.precise.ms,1788058040464000000,1788058100448000000,0
workspaceModel.cachedValueWithParameters.calculated.ms,1788058040464000000,1788058100448000000,0
workspaceModel.workspaceFileIndexData.markDirty.ms,1788058040464000000,1788058100448000000,0
workspaceModel.update.unloaded.entities.ms,1788058040464000000,1788058100448000000,0
workspaceModel.workspaceFileIndexData.processFileSets.ms,1788058040464000000,1788058100448000000,0
workspaceModel.workspaceFileIndexData.init.ms,1788058040464000000,1788058100448000000,0
workspaceModel.replace.project.model.ms,1788058040464000000,1788058100448000000,0
workspaceModel.loading.from.cache.ms,1788058040464000000,1788058100448000000,0
workspaceModel.cachedValue.from.cache.ms,1788058040464000000,1788058100448000000,0
workspaceModel.workspaceFileIndexData.getPackageName.ms,1788058040464000000,1788058100448000000,0
workspaceModel.workspaceFileIndexData.onEntitiesChanged.ms,1788058040464000000,1788058100448000000,0
workspaceModel.updates.ms,1788058040464000000,1788058100448000000,0
workspaceModel.workspaceFileIndexData.getFileInfo.ms,1788058040464000000,1788058100448000000,2
workspaceModel.to.snapshot.ms,1788058040464000000,1788058100448000000,0
workspaceModel.cachedValue.clear.ms,1788058040464000000,1788058100448000000,0
workspaceModel.workspaceFileIndexData.updateDirtyEntities.ms,1788058040464000000,1788058100448000000,0
workspaceModel.entityStorageSnapshotImpl.instances.count,1788058040464000000,1788058100448000000,0
workspaceModel.cachedValueWithParameters.clear.ms,1788058040464000000,1788058100448000000,0
workspaceModel.check.recursive.update.ms,1788058040464000000,1788058100448000000,0
workspaceModel.collect.changes.ms,1788058040464000000,1788058100448000000,0
workspaceModel.cachedValueWithParameters.total.get.ms,1788058040464000000,1788058100448000000,0
workspaceModel.cachedValue.calculated.ms,1788058040464000000,1788058100448000000,0
workspaceModel.pre.handlers.ms,1788058040464000000,1788058100448000000,0
workspaceModel.cachedValueWithParameters.from.cache.ms,1788058040464000000,1788058100448000000,0
workspaceModel.cachedValue.total.get.ms,1788058040464000000,1788058100448000000,0
workspaceModel.workspaceFileIndexContributor.registerFileSets.ms,1788058040464000000,1788058100448000000,0
workspaceModel.workspaceFileIndexData.visitFileSets.ms,1788058040464000000,1788058100448000000,0
workspaceModel.full.replace.project.model.ms,1788058040464000000,1788058100448000000,0
compiler.ArtifactManagerBridge.getArtifactsByType.ms,1788058040464000000,1788058100448000000,0
compiler.ArtifactVirtualFileListener.filePathChanged.ms,1788058040464000000,1788058100448000000,0
compiler.ArtifactManagerBridge.initBridges.ms,1788058040464000000,1788058100448000000,0
compiler.ArtifactManagerBridge.findArtifact.ms,1788058040464000000,1788058100448000000,0
compiler.ArtifactManagerBridge.dropMappings.ms,1788058040464000000,1788058100448000000,0
compiler.ArtifactVirtualFileListener.propertyChanged.ms,1788058040464000000,1788058100448000000,0
compiler.ArtifactManagerBridge.addArtifact.ms,1788058040464000000,1788058100448000000,0
compiler.ArtifactManagerBridge.commit.ms,1788058040464000000,1788058100448000000,0
compiler.ArtifactManagerBridge.getArtifacts.ms,1788058040464000000,1788058100448000000,0
Indexes.entries.lookupDurationAvgMs,1788058040464000000,1788058100448000000,0.0
Indexes.allKeys.lookupDurationAvgMs,1788058040464000000,1788058100448000000,0.0
IndexesFlusher.totalFlushes,1788058040464000000,1788058100448000000,118
Indexes.stubs.lookups,1788058040464000000,1788058100448000000,0.0
Indexes.allKeys.lookups,1788058040464000000,1788058100448000000,0.0
Indexes.entries.lookups,1788058040464000000,1788058100448000000,0.0
Indexes.allKeys.lookupDuration90PMs,1788058040464000000,1788058100448000000,0.0
IndexesFlusher.totalFlushesRetried,1788058040464000000,1788058100448000000,0
Indexes.allKeys.lookupDurationMaxMs,1788058040464000000,1788058100448000000,0.0
IndexesFlusher.totalContentionQuotaSpent,1788058040464000000,1788058100448000000,0
Indexes.stubs.lookupDurationAvgMs,1788058040464000000,1788058100448000000,0.0
Indexes.entries.lookupDuration90PMs,1788058040464000000,1788058100448000000,0.0
Indexes.stubs.lookupDurationMaxMs,1788058040464000000,1788058100448000000,0.0
IndexesFlusher.totalFlushingTimeUs,1788058040464000000,1788058100448000000,267429
Indexes.entries.lookupDurationMaxMs,1788058040464000000,1788058100448000000,0.0
Indexes.stubs.lookupDuration90PMs,1788058040464000000,1788058100448000000,0.0
FileNameCache.queries,1788058040464000000,1788058100448000000,8576
FileNameCache.totalMisses,1788058040464000000,1788058100448000000,128
VFS.fileByIdCache.hits,1788058040464000000,1788058100448000000,1
VFS.fileByIdCache.misses,1788058040464000000,1788058100448000000,0
VFS.invertedFileNameIndex.requests,1788058040464000000,1788058100448000000,0
VFS.fileChildByName,1788058040464000000,1788058100448000000,269
DirectByteBufferAllocator.misses,1788058100448000000,1788058160442000000,0
MappedFileStorage.storages,1788058100448000000,1788058160442000000,14
FilePageCache.disposedBuffers,1788058100448000000,1788058160442000000,0
FilePageCache.pageLoads,1788058100448000000,1788058160442000000,0
MappedFileStorage.totalPagesMapped,1788058100448000000,1788058160442000000,14
DirectByteBufferAllocator.totalSizeOfBuffersAllocatedInBytes,1788058100448000000,1788058160442000000,295714816
FilePageCache.pageFastCacheHits,1788058100448000000,1788058160442000000,20
FilePageCache.maxRegisteredFiles,1788058100448000000,1788058160442000000,545
FilePageCacheLockFree.totalClosedStoragesReclaimed,1788058100448000000,1788058160442000000,0
FilePageCache.uncachedFileAccess,1788058100448000000,1788058160442000000,2
DirectByteBufferAllocator.hits,1788058100448000000,1788058160442000000,0
StreamlinedBlobStorage.recordsRelocated,1788058100448000000,1788058160442000000,0
FilePageCache.pageLoadsAboveSizeThreshold,1788058100448000000,1788058160442000000,0
FileChannelInterruptsRetryer.totalRetriedAttempts,1788058100448000000,1788058160442000000,0
DirectByteBufferAllocator.reclaimed,1788058100448000000,1788058160442000000,0
FilePageCache.pageHits,1788058100448000000,1788058160442000000,0
FilePageCacheLockFree.totalPagesReadMs,1788058100448000000,1788058160442000000,0
FilePageCacheLockFree.totalPagesWritten,1788058100448000000,1788058160442000000,0
FilePageCacheLockFree.totalHeapBytesReclaimed,1788058100448000000,1788058160442000000,0
FilePageCacheLockFree.nativeBytesInUse,1788058100448000000,1788058160442000000,0
StreamlinedBlobStorage.totalLiveRecordsCapacityBytes,1788058100448000000,1788058160442000000,0
FilePageCacheLockFree.totalPagesRequestsMs,1788058100448000000,1788058160442000000,0
FilePageCache.maxCacheSizeInBytes,1788058100448000000,1788058160442000000,295714816
StreamlinedBlobStorage.totalLiveRecordsPayloadBytes,1788058100448000000,1788058160442000000,0
FilePageCacheLockFree.heapBytesInUse,1788058100448000000,1788058160442000000,0
FilePageCacheLockFree.totalPagesReclaimed,1788058100448000000,1788058160442000000,0
FilePageCacheLockFree.totalBytesRequested,1788058100448000000,1788058160442000000,0
FilePageCacheLockFree.totalNativeBytesReclaimed,1788058100448000000,1788058160442000000,0
StorageLockContext.competingThreads.90P,1788058100448000000,1788058160442000000,0
FilePageCacheLockFree.totalHeapBytesAllocated,1788058100448000000,1788058160442000000,0
StorageLockContext.competingThreads.avg,1788058100448000000,1788058160442000000,0.0
FilePageCacheLockFree.housekeeperTurnsSkipped,1788058100448000000,1788058160442000000,0
FilePageCache.totalPageDisposalsUs,1788058100448000000,1788058160442000000,0
FilePageCacheLockFree.totalPagesAllocated,1788058100448000000,1788058160442000000,0
FilePageCacheLockFree.totalPagesRequested,1788058100448000000,1788058160442000000,0
StreamlinedBlobStorage.recordsDeleted,1788058100448000000,1788058160442000000,0
FilePageCacheLockFree.totalNativeBytesAllocated,1788058100448000000,1788058160442000000,0
StorageLockContext.competingThreads.max,1788058100448000000,1788058160442000000,0
MappedFileStorage.totalTimeSpentOnMappingUs,1788058100448000000,1788058160442000000,2586502
FilePageCacheLockFree.totalBytesWritten,1788058100448000000,1788058160442000000,0
FilePageCacheLockFree.totalBytesRead,1788058100448000000,1788058160442000000,0
FilePageCache.totalPageLoadsUs,1788058100448000000,1788058160442000000,0
FilePageCacheLockFree.totalPageAllocationsWaited,1788058100448000000,1788058160442000000,0
FilePageCacheLockFree.totalPagesHandedOver,1788058100448000000,1788058160442000000,0
FilePageCacheLockFree.housekeeperTimeSpentMs,1788058100448000000,1788058160442000000,0
DirectByteBufferAllocator.disposed,1788058100448000000,1788058160442000000,0
FilePageCache.capacityInBytes,1788058100448000000,1788058160442000000,503316478
FilePageCacheLockFree.housekeeperTurnsDone,1788058100448000000,1788058160442000000,0
FilePageCacheLockFree.totalPagesWriteMs,1788058100448000000,1788058160442000000,0
DirectByteBufferAllocator.totalSizeOfBuffersCachedInBytes,1788058100448000000,1788058160442000000,0
StreamlinedBlobStorage.recordsAllocated,1788058100448000000,1788058160442000000,0
MappedFileStorage.totalBytesMapped,1788058100448000000,1788058160442000000,194248704
JVM.maxHeapBytes,1788058100448000000,1788058160442000000,2147483648
JVM.GC.collections,1788058100448000000,1788058160442000000,3
OS.loadAverage,1788058100448000000,1788058160442000000,2.486328125
JVM.GC.collectionTimesMs,1788058100448000000,1788058160442000000,24
JVM.totalBytesAllocated,1788058100448000000,1788058160442000000,243332584
JVM.usedNativeBytes,1788058100448000000,1788058160442000000,340844160
JVM.usedHeapBytes,1788058100448000000,1788058160442000000,327730368
JVM.totalDirectByteBuffersBytes,1788058100448000000,1788058160442000000,296630191
JVM.maxThreadCount,1788058100448000000,1788058160442000000,179
JVM.newThreadsCount,1788058100448000000,1788058160442000000,2
JVM.threadCount,1788058100448000000,1788058160442000000,50
JVM.totalCpuTimeMs,1788058100448000000,1788058160442000000,20588
writeAction.wait.ms,1788058100448000000,1788058160442000000,0
writeAction.count,1788058100448000000,1788058160442000000,1
writeAction.max.wait.ms,1788058100448000000,1788058160442000000,11
writeAction.median.wait.ms,1788058100448000000,1788058160442000000,0
NonBlockingReadAction.failedExecutionsCount,1788058100448000000,1788058160442000000,0
FlushQueue.waitingTimeMaxNs,1788058100448000000,1788058160442000000,0
NonBlockingReadAction.failedExecutionTimeUs,1788058100448000000,1788058160442000000,0
FlushQueue.queueSizeMax,1788058100448000000,1788058160442000000,0
FlushQueue.executionTime90PNs,1788058100448000000,1788058160442000000,0
AWTEventQueue.dispatchTime90PNs,1788058100448000000,1788058160442000000,0
FlushQueue.tasksExecuted,1788058100448000000,1788058160442000000,0
AWTEventQueue.eventsDispatched,1788058100448000000,1788058160442000000,0
FlushQueue.queueSize90P,1788058100448000000,1788058160442000000,0
FlushQueue.waitingTime90PNs,1788058100448000000,1788058160442000000,0
FlushQueue.executionTimeMaxNs,1788058100448000000,1788058160442000000,0
FlushQueue.executionTimeAvgNs,1788058100448000000,1788058160442000000,0.0
AWTEventQueue.dispatchTimeAvgNs,1788058100448000000,1788058160442000000,0.0
NonBlockingReadAction.finalizedExecutionTimeUs,1788058100448000000,1788058160442000000,283
FlushQueue.waitingTimeAvgNs,1788058100448000000,1788058160442000000,0.0
AWTEventQueue.dispatchTimeMaxNs,1788058100448000000,1788058160442000000,0
NonBlockingReadAction.finalizedExecutionsCount,1788058100448000000,1788058160442000000,1
WriteAction.executionsCount,1788058100448000000,1788058160442000000,1
ReadAction.executionsCount,1788058100448000000,1788058160442000000,1107
FlushQueue.queueSizeAvg,1788058100448000000,1788058160442000000,0.0
AWTEventQueue.dispatchTimeTotalNS,1788058100448000000,1788058160442000000,4053123034
cacheStateStorage.set.duration,1788058100448000000,1788058160442000000,1
cacheStateStorage.get.duration,1788058100448000000,1788058160442000000,0
cacheStateStorage.get.counter,1788058100448000000,1788058160442000000,0
cacheStateStorage.set.counter,1788058100448000000,1788058160442000000,8
jps.global.get.library.ms,1788058100448000000,1788058160442000000,0
jps.global.get.library.by.name.ms,1788058100448000000,1788058160442000000,0
jps.library.entities.serializer.load.entities.ms,1788058100448000000,1788058160442000000,0
workspaceModel.global.updates.count,1788058100448000000,1788058160442000000,0
workspaceModel.moduleBridge.before.changed.ms,1788058100448000000,1788058160442000000,0
workspaceModel.moduleBridge.update.option.ms,1788058100448000000,1788058160442000000,0
workspaceModel.moduleBridge.facet.initialization.ms,1788058100448000000,1788058160442000000,0
workspaceModel.mutableEntityStorage.apply.changes.from.ms,1788058100448000000,1788058160442000000,0
jps.facet.change.listener.before.change.events.ms,1788058100448000000,1788058160442000000,0
jps.global.handle.before.change.events.ms,1788058100448000000,1788058160442000000,0
jps.app.storage.content.reader.load.component.ms,1788058100448000000,1788058160442000000,0
jps.save.changed.project.entities.ms,1788058100448000000,1788058160442000000,0
workspaceModel.moduleBridgeLoader.loading.modules.ms,1788058100448000000,1788058160442000000,0
jps.facet.change.listener.init.bridge.ms,1788058100448000000,1788058160442000000,0
jps.project.serializers.save.ms,1788058100448000000,1788058160442000000,0
workspaceModel.mutableEntityStorage.has.same.entities.ms,1788058100448000000,1788058160442000000,0
workspaceModel.mutableEntityStorage.add.entity.ms,1788058100448000000,1788058160442000000,0
workspaceModel.delayed.project.synchronizer.sync.ms,1788058100448000000,1788058160442000000,0
jps.project.serializers.load.ms,1788058100448000000,1788058160442000000,0
workspaceModel.mutableEntityStorage.mutable.vfurl.index.ms,1788058100448000000,1788058160442000000,0
jps.load.project.to.empty.storage.ms,1788058100448000000,1788058160442000000,0
jps.global.initialize.library.bridges.after.loading.ms,1788058100448000000,1788058160442000000,0
workspaceModel.moduleManagerBridge.newModule.ms,1788058100448000000,1788058160442000000,0
workspaceModel.mutableEntityStorage.referrers.ms,1788058100448000000,1788058160442000000,0
workspaceModel.moduleManagerBridge.build.module.graph.ms,1788058100448000000,1788058160442000000,0
jps.library.entities.serializer.save.entities.ms,1788058100448000000,1788058160442000000,0
workspaceModel.orphan.listener.update.ms,1788058100448000000,1788058160442000000,0
jps.module.iml.entities.serializer.save.entities.ms,1788058100448000000,1788058160442000000,0
workspaceModel.mutableEntityStorage.replace.by.source.ms,1788058100448000000,1788058160442000000,0
jps.global.handle.changed.events.ms,1788058100448000000,1788058160442000000,0
workspaceModel.global.apply.state.to.project.ms,1788058100448000000,1788058160442000000,0
jps.storage.jps.conf.reader.load.component.ms,1788058100448000000,1788058160442000000,0
workspaceModel.save.cache.to.file.ms,1788058100448000000,1788058160442000000,0
jps.save.global.entities.ms,1788058100448000000,1788058160442000000,2
workspaceModel.mutableEntityStorage.put.entity.ms,1788058100448000000,1788058160442000000,0
workspaceModel.mutableEntityStorage.to.snapshot.ms,1788058100448000000,1788058160442000000,0
workspaceModel.mutableEntityStorage.modify.entity.ms,1788058100448000000,1788058160442000000,0
jps.reload.project.entities.ms,1788058100448000000,1788058160442000000,0
workspaceModel.moduleManagerBridge.set.unloadedModules.ms,1788058100448000000,1788058160442000000,0
workspaceModel.moduleManagerBridge.load.module.ms,1788058100448000000,1788058160442000000,0
workspaceModel.mutableEntityStorage.remove.entity.ms,1788058100448000000,1788058160442000000,0
workspaceModel.load.cache.from.file.ms,1788058100448000000,1788058160442000000,0
jps.facet.change.listener.process.change.events.ms,1788058100448000000,1788058160442000000,0
workspaceModel.moduleManagerBridge.load.all.modules.ms,1788058100448000000,1788058160442000000,0
workspaceModel.do.save.caches.ms,1788058100448000000,1788058160442000000,0
jps.global.initialize.library.bridges.ms,1788058100448000000,1788058160442000000,0
workspaceModel.global.apply.state.to.project.builder.ms,1788058100448000000,1788058160442000000,0
workspaceModel.mutableEntityStorage.resolve.ms,1788058100448000000,1788058160442000000,0
jps.app.storage.content.writer.save.component.ms,1788058100448000000,1788058160442000000,0
workspaceModel.mutableEntityStorage.mutable.ext.mapping.ms,1788058100448000000,1788058160442000000,0
workspaceModel.mutableEntityStorage.collect.changes.ms,1788058100448000000,1788058160442000000,0
workspaceModel.mutableEntityStorage.entities.by.source.ms,1788058100448000000,1788058160442000000,0
jps.load.initial.state.ms,1788058100448000000,1788058160442000000,0
jps.apply.loaded.storage.ms,1788058100448000000,1788058160442000000,0
jps.artifact.entities.serializer.load.entities.ms,1788058100448000000,1788058160442000000,0
jps.global.get.libraries.ms,1788058100448000000,1788058160442000000,0
workspaceModel.global.updates.ms,1788058100448000000,1788058160442000000,0
jps.artifact.entities.serializer.save.entities.ms,1788058100448000000,1788058160442000000,0
workspaceModel.mutableEntityStorage.instances.count,1788058100448000000,1788058160442000000,0
workspaceModel.moduleManagerBridge.get.modules.ms,1788058100448000000,1788058160442000000,0
workspaceModel.sync.entities.ms,1788058100448000000,1788058160442000000,0
workspaceModel.moduleManagerBridge.create.module.instance.ms,1788058100448000000,1788058160442000000,0
jps.module.iml.entities.serializer.load.entities.ms,1788058100448000000,1788058160442000000,0
workspaceModel.moduleManagerBridge.new.nonPersistent.module.ms,1788058100448000000,1788058160442000000,0
workspaceModel.mutableEntityStorage.entities.ms,1788058100448000000,1788058160442000000,0
workspaceModel.load.cache.metadata.from.file.ms,1788058100448000000,1788058160442000000,0
workspaceModel.init.bridges.ms,1788058100448000000,1788058160442000000,0
workspaceModel.workspaceFileIndexData.instances.count,1788058100448000000,1788058160442000000,0
workspaceModel.loading.total.ms,1788058100448000000,1788058160442000000,0
workspaceModel.updates.count,1788058100448000000,1788058160442000000,0
workspaceModel.workspaceFileIndexData.getDirectoriesByPackageName.ms,1788058100448000000,1788058160442000000,0
workspaceModel.initializing.ms,1788058100448000000,1788058160442000000,0
workspaceModel.updates.precise.ms,1788058100448000000,1788058160442000000,0
workspaceModel.cachedValueWithParameters.calculated.ms,1788058100448000000,1788058160442000000,0
workspaceModel.workspaceFileIndexData.markDirty.ms,1788058100448000000,1788058160442000000,0
workspaceModel.update.unloaded.entities.ms,1788058100448000000,1788058160442000000,0
workspaceModel.workspaceFileIndexData.processFileSets.ms,1788058100448000000,1788058160442000000,0
workspaceModel.workspaceFileIndexData.init.ms,1788058100448000000,1788058160442000000,0
workspaceModel.replace.project.model.ms,1788058100448000000,1788058160442000000,0
workspaceModel.loading.from.cache.ms,1788058100448000000,1788058160442000000,0
workspaceModel.cachedValue.from.cache.ms,1788058100448000000,1788058160442000000,0
workspaceModel.workspaceFileIndexData.getPackageName.ms,1788058100448000000,1788058160442000000,0
workspaceModel.workspaceFileIndexData.onEntitiesChanged.ms,1788058100448000000,1788058160442000000,0
workspaceModel.updates.ms,1788058100448000000,1788058160442000000,0
workspaceModel.workspaceFileIndexData.getFileInfo.ms,1788058100448000000,1788058160442000000,0
workspaceModel.to.snapshot.ms,1788058100448000000,1788058160442000000,0
workspaceModel.cachedValue.clear.ms,1788058100448000000,1788058160442000000,0
workspaceModel.workspaceFileIndexData.updateDirtyEntities.ms,1788058100448000000,1788058160442000000,0
workspaceModel.entityStorageSnapshotImpl.instances.count,1788058100448000000,1788058160442000000,0
workspaceModel.cachedValueWithParameters.clear.ms,1788058100448000000,1788058160442000000,0
workspaceModel.check.recursive.update.ms,1788058100448000000,1788058160442000000,0
workspaceModel.collect.changes.ms,1788058100448000000,1788058160442000000,0
workspaceModel.cachedValueWithParameters.total.get.ms,1788058100448000000,1788058160442000000,0
workspaceModel.cachedValue.calculated.ms,1788058100448000000,1788058160442000000,0
workspaceModel.pre.handlers.ms,1788058100448000000,1788058160442000000,0
workspaceModel.cachedValueWithParameters.from.cache.ms,1788058100448000000,1788058160442000000,0
workspaceModel.cachedValue.total.get.ms,1788058100448000000,1788058160442000000,0
workspaceModel.workspaceFileIndexContributor.registerFileSets.ms,1788058100448000000,1788058160442000000,0
workspaceModel.workspaceFileIndexData.visitFileSets.ms,1788058100448000000,1788058160442000000,0
workspaceModel.full.replace.project.model.ms,1788058100448000000,1788058160442000000,0
compiler.ArtifactManagerBridge.getArtifactsByType.ms,1788058100448000000,1788058160442000000,0
compiler.ArtifactVirtualFileListener.filePathChanged.ms,1788058100448000000,1788058160442000000,0
compiler.ArtifactManagerBridge.initBridges.ms,1788058100448000000,1788058160442000000,0
compiler.ArtifactManagerBridge.findArtifact.ms,1788058100448000000,1788058160442000000,0
compiler.ArtifactManagerBridge.dropMappings.ms,1788058100448000000,1788058160442000000,0
compiler.ArtifactVirtualFileListener.propertyChanged.ms,1788058100448000000,1788058160442000000,0
compiler.ArtifactManagerBridge.addArtifact.ms,1788058100448000000,1788058160442000000,0
compiler.ArtifactManagerBridge.commit.ms,1788058100448000000,1788058160442000000,0
compiler.ArtifactManagerBridge.getArtifacts.ms,1788058100448000000,1788058160442000000,0
Indexes.entries.lookupDurationAvgMs,1788058100448000000,1788058160442000000,0.0
Indexes.allKeys.lookupDurationAvgMs,1788058100448000000,1788058160442000000,0.0
IndexesFlusher.totalFlushes,1788058100448000000,1788058160442000000,118
Indexes.stubs.lookups,1788058100448000000,1788058160442000000,0.0
Indexes.allKeys.lookups,1788058100448000000,1788058160442000000,0.0
Indexes.entries.lookups,1788058100448000000,1788058160442000000,0.0
Indexes.allKeys.lookupDuration90PMs,1788058100448000000,1788058160442000000,0.0
IndexesFlusher.totalFlushesRetried,1788058100448000000,1788058160442000000,0
Indexes.allKeys.lookupDurationMaxMs,1788058100448000000,1788058160442000000,0.0
IndexesFlusher.totalContentionQuotaSpent,1788058100448000000,1788058160442000000,0
Indexes.stubs.lookupDurationAvgMs,1788058100448000000,1788058160442000000,0.0
Indexes.entries.lookupDuration90PMs,1788058100448000000,1788058160442000000,0.0
Indexes.stubs.lookupDurationMaxMs,1788058100448000000,1788058160442000000,0.0
IndexesFlusher.totalFlushingTimeUs,1788058100448000000,1788058160442000000,285356
Indexes.entries.lookupDurationMaxMs,1788058100448000000,1788058160442000000,0.0
Indexes.stubs.lookupDuration90PMs,1788058100448000000,1788058160442000000,0.0
FileNameCache.queries,1788058100448000000,1788058160442000000,5056
FileNameCache.totalMisses,1788058100448000000,1788058160442000000,0
VFS.fileByIdCache.hits,1788058100448000000,1788058160442000000,0
VFS.fileByIdCache.misses,1788058100448000000,1788058160442000000,0
VFS.invertedFileNameIndex.requests,1788058100448000000,1788058160442000000,0
VFS.fileChildByName,1788058100448000000,1788058160442000000,20
DirectByteBufferAllocator.misses,1788058160442000000,1788058220445000000,5
MappedFileStorage.storages,1788058160442000000,1788058220445000000,14
FilePageCache.disposedBuffers,1788058160442000000,1788058220445000000,0
FilePageCache.pageLoads,1788058160442000000,1788058220445000000,5
MappedFileStorage.totalPagesMapped,1788058160442000000,1788058220445000000,14
DirectByteBufferAllocator.totalSizeOfBuffersAllocatedInBytes,1788058160442000000,1788058220445000000,300957696
FilePageCache.pageFastCacheHits,1788058160442000000,1788058220445000000,391
FilePageCache.maxRegisteredFiles,1788058160442000000,1788058220445000000,555
FilePageCacheLockFree.totalClosedStoragesReclaimed,1788058160442000000,1788058220445000000,0
FilePageCache.uncachedFileAccess,1788058160442000000,1788058220445000000,15
DirectByteBufferAllocator.hits,1788058160442000000,1788058220445000000,0
StreamlinedBlobStorage.recordsRelocated,1788058160442000000,1788058220445000000,0
FilePageCache.pageLoadsAboveSizeThreshold,1788058160442000000,1788058220445000000,0
FileChannelInterruptsRetryer.totalRetriedAttempts,1788058160442000000,1788058220445000000,0
DirectByteBufferAllocator.reclaimed,1788058160442000000,1788058220445000000,0
FilePageCache.pageHits,1788058160442000000,1788058220445000000,0
FilePageCacheLockFree.totalPagesReadMs,1788058160442000000,1788058220445000000,0
FilePageCacheLockFree.totalPagesWritten,1788058160442000000,1788058220445000000,0
FilePageCacheLockFree.totalHeapBytesReclaimed,1788058160442000000,1788058220445000000,0
FilePageCacheLockFree.nativeBytesInUse,1788058160442000000,1788058220445000000,0
StreamlinedBlobStorage.totalLiveRecordsCapacityBytes,1788058160442000000,1788058220445000000,148
FilePageCacheLockFree.totalPagesRequestsMs,1788058160442000000,1788058220445000000,0
FilePageCache.maxCacheSizeInBytes,1788058160442000000,1788058220445000000,300957696
StreamlinedBlobStorage.totalLiveRecordsPayloadBytes,1788058160442000000,1788058220445000000,29
FilePageCacheLockFree.heapBytesInUse,1788058160442000000,1788058220445000000,0
FilePageCacheLockFree.totalPagesReclaimed,1788058160442000000,1788058220445000000,0
FilePageCacheLockFree.totalBytesRequested,1788058160442000000,1788058220445000000,0
FilePageCacheLockFree.totalNativeBytesReclaimed,1788058160442000000,1788058220445000000,0
StorageLockContext.competingThreads.90P,1788058160442000000,1788058220445000000,0
FilePageCacheLockFree.totalHeapBytesAllocated,1788058160442000000,1788058220445000000,0
StorageLockContext.competingThreads.avg,1788058160442000000,1788058220445000000,0.0
FilePageCacheLockFree.housekeeperTurnsSkipped,1788058160442000000,1788058220445000000,0
FilePageCache.totalPageDisposalsUs,1788058160442000000,1788058220445000000,1
FilePageCacheLockFree.totalPagesAllocated,1788058160442000000,1788058220445000000,0
FilePageCacheLockFree.totalPagesRequested,1788058160442000000,1788058220445000000,0
StreamlinedBlobStorage.recordsDeleted,1788058160442000000,1788058220445000000,1
FilePageCacheLockFree.totalNativeBytesAllocated,1788058160442000000,1788058220445000000,0
StorageLockContext.competingThreads.max,1788058160442000000,1788058220445000000,0
MappedFileStorage.totalTimeSpentOnMappingUs,1788058160442000000,1788058220445000000,2586502
FilePageCacheLockFree.totalBytesWritten,1788058160442000000,1788058220445000000,0
FilePageCacheLockFree.totalBytesRead,1788058160442000000,1788058220445000000,0
FilePageCache.totalPageLoadsUs,1788058160442000000,1788058220445000000,3167
FilePageCacheLockFree.totalPageAllocationsWaited,1788058160442000000,1788058220445000000,0
FilePageCacheLockFree.totalPagesHandedOver,1788058160442000000,1788058220445000000,0
FilePageCacheLockFree.housekeeperTimeSpentMs,1788058160442000000,1788058220445000000,0
DirectByteBufferAllocator.disposed,1788058160442000000,1788058220445000000,0
FilePageCache.capacityInBytes,1788058160442000000,1788058220445000000,503316478
FilePageCacheLockFree.housekeeperTurnsDone,1788058160442000000,1788058220445000000,0
FilePageCacheLockFree.totalPagesWriteMs,1788058160442000000,1788058220445000000,0
DirectByteBufferAllocator.totalSizeOfBuffersCachedInBytes,1788058160442000000,1788058220445000000,0
StreamlinedBlobStorage.recordsAllocated,1788058160442000000,1788058220445000000,3
MappedFileStorage.totalBytesMapped,1788058160442000000,1788058220445000000,194248704
JVM.maxHeapBytes,1788058160442000000,1788058220445000000,2147483648
JVM.GC.collections,1788058160442000000,1788058220445000000,3
OS.loadAverage,1788058160442000000,1788058220445000000,2.70947265625
JVM.GC.collectionTimesMs,1788058160442000000,1788058220445000000,28
JVM.totalBytesAllocated,1788058160442000000,1788058220445000000,338700312
JVM.usedNativeBytes,1788058160442000000,1788058220445000000,379665040
JVM.usedHeapBytes,1788058160442000000,1788058220445000000,268282016
JVM.totalDirectByteBuffersBytes,1788058160442000000,1788058220445000000,301901700
JVM.maxThreadCount,1788058160442000000,1788058220445000000,179
JVM.newThreadsCount,1788058160442000000,1788058220445000000,20
JVM.threadCount,1788058160442000000,1788058220445000000,66
JVM.totalCpuTimeMs,1788058160442000000,1788058220445000000,24055
writeAction.wait.ms,1788058160442000000,1788058220445000000,0
writeAction.count,1788058160442000000,1788058220445000000,0
writeAction.max.wait.ms,1788058160442000000,1788058220445000000,11
writeAction.median.wait.ms,1788058160442000000,1788058220445000000,0
NonBlockingReadAction.failedExecutionsCount,1788058160442000000,1788058220445000000,0
FlushQueue.waitingTimeMaxNs,1788058160442000000,1788058220445000000,0
NonBlockingReadAction.failedExecutionTimeUs,1788058160442000000,1788058220445000000,0
FlushQueue.queueSizeMax,1788058160442000000,1788058220445000000,0
FlushQueue.executionTime90PNs,1788058160442000000,1788058220445000000,0
AWTEventQueue.dispatchTime90PNs,1788058160442000000,1788058220445000000,125951
FlushQueue.tasksExecuted,1788058160442000000,1788058220445000000,0
AWTEventQueue.eventsDispatched,1788058160442000000,1788058220445000000,4
FlushQueue.queueSize90P,1788058160442000000,1788058220445000000,0
FlushQueue.waitingTime90PNs,1788058160442000000,1788058220445000000,0
FlushQueue.executionTimeMaxNs,1788058160442000000,1788058220445000000,0
FlushQueue.executionTimeAvgNs,1788058160442000000,1788058220445000000,0.0
AWTEventQueue.dispatchTimeAvgNs,1788058160442000000,1788058220445000000,94176.0
NonBlockingReadAction.finalizedExecutionTimeUs,1788058160442000000,1788058220445000000,136281
FlushQueue.waitingTimeAvgNs,1788058160442000000,1788058220445000000,0.0
AWTEventQueue.dispatchTimeMaxNs,1788058160442000000,1788058220445000000,125951
NonBlockingReadAction.finalizedExecutionsCount,1788058160442000000,1788058220445000000,17
WriteAction.executionsCount,1788058160442000000,1788058220445000000,0
ReadAction.executionsCount,1788058160442000000,1788058220445000000,33200
FlushQueue.queueSizeAvg,1788058160442000000,1788058220445000000,0.0
AWTEventQueue.dispatchTimeTotalNS,1788058160442000000,1788058220445000000,5212466875
cacheStateStorage.set.duration,1788058160442000000,1788058220445000000,0
cacheStateStorage.get.duration,1788058160442000000,1788058220445000000,42
cacheStateStorage.get.counter,1788058160442000000,1788058220445000000,4
cacheStateStorage.set.counter,1788058160442000000,1788058220445000000,0
jps.global.get.library.ms,1788058160442000000,1788058220445000000,0
jps.global.get.library.by.name.ms,1788058160442000000,1788058220445000000,0
jps.library.entities.serializer.load.entities.ms,1788058160442000000,1788058220445000000,0
workspaceModel.global.updates.count,1788058160442000000,1788058220445000000,0
workspaceModel.moduleBridge.before.changed.ms,1788058160442000000,1788058220445000000,0
workspaceModel.moduleBridge.update.option.ms,1788058160442000000,1788058220445000000,0
workspaceModel.moduleBridge.facet.initialization.ms,1788058160442000000,1788058220445000000,0
workspaceModel.mutableEntityStorage.apply.changes.from.ms,1788058160442000000,1788058220445000000,0
jps.facet.change.listener.before.change.events.ms,1788058160442000000,1788058220445000000,0
jps.global.handle.before.change.events.ms,1788058160442000000,1788058220445000000,0
jps.app.storage.content.reader.load.component.ms,1788058160442000000,1788058220445000000,0
jps.save.changed.project.entities.ms,1788058160442000000,1788058220445000000,0
workspaceModel.moduleBridgeLoader.loading.modules.ms,1788058160442000000,1788058220445000000,0
jps.facet.change.listener.init.bridge.ms,1788058160442000000,1788058220445000000,0
jps.project.serializers.save.ms,1788058160442000000,1788058220445000000,0
workspaceModel.mutableEntityStorage.has.same.entities.ms,1788058160442000000,1788058220445000000,0
workspaceModel.mutableEntityStorage.add.entity.ms,1788058160442000000,1788058220445000000,0
workspaceModel.delayed.project.synchronizer.sync.ms,1788058160442000000,1788058220445000000,0
jps.project.serializers.load.ms,1788058160442000000,1788058220445000000,0
workspaceModel.mutableEntityStorage.mutable.vfurl.index.ms,1788058160442000000,1788058220445000000,0
jps.load.project.to.empty.storage.ms,1788058160442000000,1788058220445000000,0
jps.global.initialize.library.bridges.after.loading.ms,1788058160442000000,1788058220445000000,0
workspaceModel.moduleManagerBridge.newModule.ms,1788058160442000000,1788058220445000000,0
workspaceModel.mutableEntityStorage.referrers.ms,1788058160442000000,1788058220445000000,0
workspaceModel.moduleManagerBridge.build.module.graph.ms,1788058160442000000,1788058220445000000,0
jps.library.entities.serializer.save.entities.ms,1788058160442000000,1788058220445000000,0
workspaceModel.orphan.listener.update.ms,1788058160442000000,1788058220445000000,0
jps.module.iml.entities.serializer.save.entities.ms,1788058160442000000,1788058220445000000,0
workspaceModel.mutableEntityStorage.replace.by.source.ms,1788058160442000000,1788058220445000000,0
jps.global.handle.changed.events.ms,1788058160442000000,1788058220445000000,0
workspaceModel.global.apply.state.to.project.ms,1788058160442000000,1788058220445000000,0
jps.storage.jps.conf.reader.load.component.ms,1788058160442000000,1788058220445000000,0
workspaceModel.save.cache.to.file.ms,1788058160442000000,1788058220445000000,0
jps.save.global.entities.ms,1788058160442000000,1788058220445000000,0
workspaceModel.mutableEntityStorage.put.entity.ms,1788058160442000000,1788058220445000000,0
workspaceModel.mutableEntityStorage.to.snapshot.ms,1788058160442000000,1788058220445000000,0
workspaceModel.mutableEntityStorage.modify.entity.ms,1788058160442000000,1788058220445000000,0
jps.reload.project.entities.ms,1788058160442000000,1788058220445000000,0
workspaceModel.moduleManagerBridge.set.unloadedModules.ms,1788058160442000000,1788058220445000000,0
workspaceModel.moduleManagerBridge.load.module.ms,1788058160442000000,1788058220445000000,0
workspaceModel.mutableEntityStorage.remove.entity.ms,1788058160442000000,1788058220445000000,0
workspaceModel.load.cache.from.file.ms,1788058160442000000,1788058220445000000,0
jps.facet.change.listener.process.change.events.ms,1788058160442000000,1788058220445000000,0
workspaceModel.moduleManagerBridge.load.all.modules.ms,1788058160442000000,1788058220445000000,0
workspaceModel.do.save.caches.ms,1788058160442000000,1788058220445000000,0
jps.global.initialize.library.bridges.ms,1788058160442000000,1788058220445000000,0
workspaceModel.global.apply.state.to.project.builder.ms,1788058160442000000,1788058220445000000,0
workspaceModel.mutableEntityStorage.resolve.ms,1788058160442000000,1788058220445000000,0
jps.app.storage.content.writer.save.component.ms,1788058160442000000,1788058220445000000,0
workspaceModel.mutableEntityStorage.mutable.ext.mapping.ms,1788058160442000000,1788058220445000000,0
workspaceModel.mutableEntityStorage.collect.changes.ms,1788058160442000000,1788058220445000000,0
workspaceModel.mutableEntityStorage.entities.by.source.ms,1788058160442000000,1788058220445000000,0
jps.load.initial.state.ms,1788058160442000000,1788058220445000000,0
jps.apply.loaded.storage.ms,1788058160442000000,1788058220445000000,0
jps.artifact.entities.serializer.load.entities.ms,1788058160442000000,1788058220445000000,0
jps.global.get.libraries.ms,1788058160442000000,1788058220445000000,0
workspaceModel.global.updates.ms,1788058160442000000,1788058220445000000,0
jps.artifact.entities.serializer.save.entities.ms,1788058160442000000,1788058220445000000,0
workspaceModel.mutableEntityStorage.instances.count,1788058160442000000,1788058220445000000,1
workspaceModel.moduleManagerBridge.get.modules.ms,1788058160442000000,1788058220445000000,0
workspaceModel.sync.entities.ms,1788058160442000000,1788058220445000000,0
workspaceModel.moduleManagerBridge.create.module.instance.ms,1788058160442000000,1788058220445000000,0
jps.module.iml.entities.serializer.load.entities.ms,1788058160442000000,1788058220445000000,0
workspaceModel.moduleManagerBridge.new.nonPersistent.module.ms,1788058160442000000,1788058220445000000,0
workspaceModel.mutableEntityStorage.entities.ms,1788058160442000000,1788058220445000000,0
workspaceModel.load.cache.metadata.from.file.ms,1788058160442000000,1788058220445000000,0
workspaceModel.init.bridges.ms,1788058160442000000,1788058220445000000,0
workspaceModel.workspaceFileIndexData.instances.count,1788058160442000000,1788058220445000000,0
workspaceModel.loading.total.ms,1788058160442000000,1788058220445000000,0
workspaceModel.updates.count,1788058160442000000,1788058220445000000,0
workspaceModel.workspaceFileIndexData.getDirectoriesByPackageName.ms,1788058160442000000,1788058220445000000,1
workspaceModel.initializing.ms,1788058160442000000,1788058220445000000,0
workspaceModel.updates.precise.ms,1788058160442000000,1788058220445000000,0
workspaceModel.cachedValueWithParameters.calculated.ms,1788058160442000000,1788058220445000000,0
workspaceModel.workspaceFileIndexData.markDirty.ms,1788058160442000000,1788058220445000000,0
workspaceModel.update.unloaded.entities.ms,1788058160442000000,1788058220445000000,0
workspaceModel.workspaceFileIndexData.processFileSets.ms,1788058160442000000,1788058220445000000,0
workspaceModel.workspaceFileIndexData.init.ms,1788058160442000000,1788058220445000000,0
workspaceModel.replace.project.model.ms,1788058160442000000,1788058220445000000,0
workspaceModel.loading.from.cache.ms,1788058160442000000,1788058220445000000,0
workspaceModel.cachedValue.from.cache.ms,1788058160442000000,1788058220445000000,0
workspaceModel.workspaceFileIndexData.getPackageName.ms,1788058160442000000,1788058220445000000,0
workspaceModel.workspaceFileIndexData.onEntitiesChanged.ms,1788058160442000000,1788058220445000000,0
workspaceModel.updates.ms,1788058160442000000,1788058220445000000,0
workspaceModel.workspaceFileIndexData.getFileInfo.ms,1788058160442000000,1788058220445000000,1
workspaceModel.to.snapshot.ms,1788058160442000000,1788058220445000000,0
workspaceModel.cachedValue.clear.ms,1788058160442000000,1788058220445000000,0
workspaceModel.workspaceFileIndexData.updateDirtyEntities.ms,1788058160442000000,1788058220445000000,0
workspaceModel.entityStorageSnapshotImpl.instances.count,1788058160442000000,1788058220445000000,0
workspaceModel.cachedValueWithParameters.clear.ms,1788058160442000000,1788058220445000000,0
workspaceModel.check.recursive.update.ms,1788058160442000000,1788058220445000000,0
workspaceModel.collect.changes.ms,1788058160442000000,1788058220445000000,0
workspaceModel.cachedValueWithParameters.total.get.ms,1788058160442000000,1788058220445000000,0
workspaceModel.cachedValue.calculated.ms,1788058160442000000,1788058220445000000,0
workspaceModel.pre.handlers.ms,1788058160442000000,1788058220445000000,0
workspaceModel.cachedValueWithParameters.from.cache.ms,1788058160442000000,1788058220445000000,0
workspaceModel.cachedValue.total.get.ms,1788058160442000000,1788058220445000000,0
workspaceModel.workspaceFileIndexContributor.registerFileSets.ms,1788058160442000000,1788058220445000000,0
workspaceModel.workspaceFileIndexData.visitFileSets.ms,1788058160442000000,1788058220445000000,0
workspaceModel.full.replace.project.model.ms,1788058160442000000,1788058220445000000,0
compiler.ArtifactManagerBridge.getArtifactsByType.ms,1788058160442000000,1788058220445000000,0
compiler.ArtifactVirtualFileListener.filePathChanged.ms,1788058160442000000,1788058220445000000,0
compiler.ArtifactManagerBridge.initBridges.ms,1788058160442000000,1788058220445000000,0
compiler.ArtifactManagerBridge.findArtifact.ms,1788058160442000000,1788058220445000000,0
compiler.ArtifactManagerBridge.dropMappings.ms,1788058160442000000,1788058220445000000,0
compiler.ArtifactVirtualFileListener.propertyChanged.ms,1788058160442000000,1788058220445000000,0
compiler.ArtifactManagerBridge.addArtifact.ms,1788058160442000000,1788058220445000000,0
compiler.ArtifactManagerBridge.commit.ms,1788058160442000000,1788058220445000000,0
compiler.ArtifactManagerBridge.getArtifacts.ms,1788058160442000000,1788058220445000000,0
Indexes.entries.lookupDurationAvgMs,1788058160442000000,1788058220445000000,0.0
Indexes.allKeys.lookupDurationAvgMs,1788058160442000000,1788058220445000000,0.0
IndexesFlusher.totalFlushes,1788058160442000000,1788058220445000000,118
Indexes.stubs.lookups,1788058160442000000,1788058220445000000,0.0
Indexes.allKeys.lookups,1788058160442000000,1788058220445000000,0.0
Indexes.entries.lookups,1788058160442000000,1788058220445000000,0.0
Indexes.allKeys.lookupDuration90PMs,1788058160442000000,1788058220445000000,0.0
IndexesFlusher.totalFlushesRetried,1788058160442000000,1788058220445000000,0
Indexes.allKeys.lookupDurationMaxMs,1788058160442000000,1788058220445000000,0.0
IndexesFlusher.totalContentionQuotaSpent,1788058160442000000,1788058220445000000,0
Indexes.stubs.lookupDurationAvgMs,1788058160442000000,1788058220445000000,0.0
Indexes.entries.lookupDuration90PMs,1788058160442000000,1788058220445000000,0.0
Indexes.stubs.lookupDurationMaxMs,1788058160442000000,1788058220445000000,0.0
IndexesFlusher.totalFlushingTimeUs,1788058160442000000,1788058220445000000,294725
Indexes.entries.lookupDurationMaxMs,1788058160442000000,1788058220445000000,0.0
Indexes.stubs.lookupDuration90PMs,1788058160442000000,1788058220445000000,0.0
FileNameCache.queries,1788058160442000000,1788058220445000000,61824
FileNameCache.totalMisses,1788058160442000000,1788058220445000000,0
VFS.fileByIdCache.hits,1788058160442000000,1788058220445000000,0
VFS.fileByIdCache.misses,1788058160442000000,1788058220445000000,0
VFS.invertedFileNameIndex.requests,1788058160442000000,1788058220445000000,0
VFS.fileChildByName,1788058160442000000,1788058220445000000,461
DirectByteBufferAllocator.misses,1788058220445000000,1788058280443000000,0
MappedFileStorage.storages,1788058220445000000,1788058280443000000,14
FilePageCache.disposedBuffers,1788058220445000000,1788058280443000000,0
FilePageCache.pageLoads,1788058220445000000,1788058280443000000,0
MappedFileStorage.totalPagesMapped,1788058220445000000,1788058280443000000,14
DirectByteBufferAllocator.totalSizeOfBuffersAllocatedInBytes,1788058220445000000,1788058280443000000,300957696
FilePageCache.pageFastCacheHits,1788058220445000000,1788058280443000000,28
FilePageCache.maxRegisteredFiles,1788058220445000000,1788058280443000000,555
FilePageCacheLockFree.totalClosedStoragesReclaimed,1788058220445000000,1788058280443000000,0
FilePageCache.uncachedFileAccess,1788058220445000000,1788058280443000000,2
DirectByteBufferAllocator.hits,1788058220445000000,1788058280443000000,0
StreamlinedBlobStorage.recordsRelocated,1788058220445000000,1788058280443000000,0
FilePageCache.pageLoadsAboveSizeThreshold,1788058220445000000,1788058280443000000,0
FileChannelInterruptsRetryer.totalRetriedAttempts,1788058220445000000,1788058280443000000,0
DirectByteBufferAllocator.reclaimed,1788058220445000000,1788058280443000000,0
FilePageCache.pageHits,1788058220445000000,1788058280443000000,0
FilePageCacheLockFree.totalPagesReadMs,1788058220445000000,1788058280443000000,0
FilePageCacheLockFree.totalPagesWritten,1788058220445000000,1788058280443000000,0
FilePageCacheLockFree.totalHeapBytesReclaimed,1788058220445000000,1788058280443000000,0
FilePageCacheLockFree.nativeBytesInUse,1788058220445000000,1788058280443000000,0
StreamlinedBlobStorage.totalLiveRecordsCapacityBytes,1788058220445000000,1788058280443000000,0
FilePageCacheLockFree.totalPagesRequestsMs,1788058220445000000,1788058280443000000,0
FilePageCache.maxCacheSizeInBytes,1788058220445000000,1788058280443000000,300957696
StreamlinedBlobStorage.totalLiveRecordsPayloadBytes,1788058220445000000,1788058280443000000,0
FilePageCacheLockFree.heapBytesInUse,1788058220445000000,1788058280443000000,0
FilePageCacheLockFree.totalPagesReclaimed,1788058220445000000,1788058280443000000,0
FilePageCacheLockFree.totalBytesRequested,1788058220445000000,1788058280443000000,0
FilePageCacheLockFree.totalNativeBytesReclaimed,1788058220445000000,1788058280443000000,0
StorageLockContext.competingThreads.90P,1788058220445000000,1788058280443000000,0
FilePageCacheLockFree.totalHeapBytesAllocated,1788058220445000000,1788058280443000000,0
StorageLockContext.competingThreads.avg,1788058220445000000,1788058280443000000,0.0
FilePageCacheLockFree.housekeeperTurnsSkipped,1788058220445000000,1788058280443000000,0
FilePageCache.totalPageDisposalsUs,1788058220445000000,1788058280443000000,0
FilePageCacheLockFree.totalPagesAllocated,1788058220445000000,1788058280443000000,0
FilePageCacheLockFree.totalPagesRequested,1788058220445000000,1788058280443000000,0
StreamlinedBlobStorage.recordsDeleted,1788058220445000000,1788058280443000000,0
FilePageCacheLockFree.totalNativeBytesAllocated,1788058220445000000,1788058280443000000,0
StorageLockContext.competingThreads.max,1788058220445000000,1788058280443000000,0
MappedFileStorage.totalTimeSpentOnMappingUs,1788058220445000000,1788058280443000000,2586502
FilePageCacheLockFree.totalBytesWritten,1788058220445000000,1788058280443000000,0
FilePageCacheLockFree.totalBytesRead,1788058220445000000,1788058280443000000,0
FilePageCache.totalPageLoadsUs,1788058220445000000,1788058280443000000,0
FilePageCacheLockFree.totalPageAllocationsWaited,1788058220445000000,1788058280443000000,0
FilePageCacheLockFree.totalPagesHandedOver,1788058220445000000,1788058280443000000,0
FilePageCacheLockFree.housekeeperTimeSpentMs,1788058220445000000,1788058280443000000,0
DirectByteBufferAllocator.disposed,1788058220445000000,1788058280443000000,0
FilePageCache.capacityInBytes,1788058220445000000,1788058280443000000,503316478
FilePageCacheLockFree.housekeeperTurnsDone,1788058220445000000,1788058280443000000,0
FilePageCacheLockFree.totalPagesWriteMs,1788058220445000000,1788058280443000000,0
DirectByteBufferAllocator.totalSizeOfBuffersCachedInBytes,1788058220445000000,1788058280443000000,0
StreamlinedBlobStorage.recordsAllocated,1788058220445000000,1788058280443000000,0
MappedFileStorage.totalBytesMapped,1788058220445000000,1788058280443000000,194248704
JVM.maxHeapBytes,1788058220445000000,1788058280443000000,2147483648
JVM.GC.collections,1788058220445000000,1788058280443000000,0
OS.loadAverage,1788058220445000000,1788058280443000000,2.0693359375
JVM.GC.collectionTimesMs,1788058220445000000,1788058280443000000,0
JVM.totalBytesAllocated,1788058220445000000,1788058280443000000,78652264
JVM.usedNativeBytes,1788058220445000000,1788058280443000000,380814888
JVM.usedHeapBytes,1788058220445000000,1788058280443000000,350070944
JVM.totalDirectByteBuffersBytes,1788058220445000000,1788058280443000000,301861936
JVM.maxThreadCount,1788058220445000000,1788058280443000000,179
JVM.newThreadsCount,1788058220445000000,1788058280443000000,0
JVM.threadCount,1788058220445000000,1788058280443000000,64
JVM.totalCpuTimeMs,1788058220445000000,1788058280443000000,6211
writeAction.wait.ms,1788058220445000000,1788058280443000000,0
writeAction.count,1788058220445000000,1788058280443000000,1
writeAction.max.wait.ms,1788058220445000000,1788058280443000000,11
writeAction.median.wait.ms,1788058220445000000,1788058280443000000,0
NonBlockingReadAction.failedExecutionsCount,1788058220445000000,1788058280443000000,0
FlushQueue.waitingTimeMaxNs,1788058220445000000,1788058280443000000,0
NonBlockingReadAction.failedExecutionTimeUs,1788058220445000000,1788058280443000000,0
FlushQueue.queueSizeMax,1788058220445000000,1788058280443000000,0
FlushQueue.executionTime90PNs,1788058220445000000,1788058280443000000,0
AWTEventQueue.dispatchTime90PNs,1788058220445000000,1788058280443000000,0
FlushQueue.tasksExecuted,1788058220445000000,1788058280443000000,0
AWTEventQueue.eventsDispatched,1788058220445000000,1788058280443000000,0
FlushQueue.queueSize90P,1788058220445000000,1788058280443000000,0
FlushQueue.waitingTime90PNs,1788058220445000000,1788058280443000000,0
FlushQueue.executionTimeMaxNs,1788058220445000000,1788058280443000000,0
FlushQueue.executionTimeAvgNs,1788058220445000000,1788058280443000000,0.0
AWTEventQueue.dispatchTimeAvgNs,1788058220445000000,1788058280443000000,0.0
NonBlockingReadAction.finalizedExecutionTimeUs,1788058220445000000,1788058280443000000,1039
FlushQueue.waitingTimeAvgNs,1788058220445000000,1788058280443000000,0.0
AWTEventQueue.dispatchTimeMaxNs,1788058220445000000,1788058280443000000,0
NonBlockingReadAction.finalizedExecutionsCount,1788058220445000000,1788058280443000000,8
WriteAction.executionsCount,1788058220445000000,1788058280443000000,1
ReadAction.executionsCount,1788058220445000000,1788058280443000000,2754
FlushQueue.queueSizeAvg,1788058220445000000,1788058280443000000,0.0
AWTEventQueue.dispatchTimeTotalNS,1788058220445000000,1788058280443000000,1449071172
cacheStateStorage.set.duration,1788058220445000000,1788058280443000000,0
cacheStateStorage.get.duration,1788058220445000000,1788058280443000000,0
cacheStateStorage.get.counter,1788058220445000000,1788058280443000000,0
cacheStateStorage.set.counter,1788058220445000000,1788058280443000000,8
jps.global.get.library.ms,1788058220445000000,1788058280443000000,0
jps.global.get.library.by.name.ms,1788058220445000000,1788058280443000000,0
jps.library.entities.serializer.load.entities.ms,1788058220445000000,1788058280443000000,0
workspaceModel.global.updates.count,1788058220445000000,1788058280443000000,0
workspaceModel.moduleBridge.before.changed.ms,1788058220445000000,1788058280443000000,0
workspaceModel.moduleBridge.update.option.ms,1788058220445000000,1788058280443000000,0
workspaceModel.moduleBridge.facet.initialization.ms,1788058220445000000,1788058280443000000,0
workspaceModel.mutableEntityStorage.apply.changes.from.ms,1788058220445000000,1788058280443000000,0
jps.facet.change.listener.before.change.events.ms,1788058220445000000,1788058280443000000,0
jps.global.handle.before.change.events.ms,1788058220445000000,1788058280443000000,0
jps.app.storage.content.reader.load.component.ms,1788058220445000000,1788058280443000000,0
jps.save.changed.project.entities.ms,1788058220445000000,1788058280443000000,0
workspaceModel.moduleBridgeLoader.loading.modules.ms,1788058220445000000,1788058280443000000,0
jps.facet.change.listener.init.bridge.ms,1788058220445000000,1788058280443000000,0
jps.project.serializers.save.ms,1788058220445000000,1788058280443000000,0
workspaceModel.mutableEntityStorage.has.same.entities.ms,1788058220445000000,1788058280443000000,0
workspaceModel.mutableEntityStorage.add.entity.ms,1788058220445000000,1788058280443000000,0
workspaceModel.delayed.project.synchronizer.sync.ms,1788058220445000000,1788058280443000000,0
jps.project.serializers.load.ms,1788058220445000000,1788058280443000000,0
workspaceModel.mutableEntityStorage.mutable.vfurl.index.ms,1788058220445000000,1788058280443000000,0
jps.load.project.to.empty.storage.ms,1788058220445000000,1788058280443000000,0
jps.global.initialize.library.bridges.after.loading.ms,1788058220445000000,1788058280443000000,0
workspaceModel.moduleManagerBridge.newModule.ms,1788058220445000000,1788058280443000000,0
workspaceModel.mutableEntityStorage.referrers.ms,1788058220445000000,1788058280443000000,0
workspaceModel.moduleManagerBridge.build.module.graph.ms,1788058220445000000,1788058280443000000,0
jps.library.entities.serializer.save.entities.ms,1788058220445000000,1788058280443000000,0
workspaceModel.orphan.listener.update.ms,1788058220445000000,1788058280443000000,0
jps.module.iml.entities.serializer.save.entities.ms,1788058220445000000,1788058280443000000,0
workspaceModel.mutableEntityStorage.replace.by.source.ms,1788058220445000000,1788058280443000000,0
jps.global.handle.changed.events.ms,1788058220445000000,1788058280443000000,0
workspaceModel.global.apply.state.to.project.ms,1788058220445000000,1788058280443000000,0
jps.storage.jps.conf.reader.load.component.ms,1788058220445000000,1788058280443000000,0
workspaceModel.save.cache.to.file.ms,1788058220445000000,1788058280443000000,0
jps.save.global.entities.ms,1788058220445000000,1788058280443000000,3
workspaceModel.mutableEntityStorage.put.entity.ms,1788058220445000000,1788058280443000000,0
workspaceModel.mutableEntityStorage.to.snapshot.ms,1788058220445000000,1788058280443000000,0
workspaceModel.mutableEntityStorage.modify.entity.ms,1788058220445000000,1788058280443000000,0
jps.reload.project.entities.ms,1788058220445000000,1788058280443000000,0
workspaceModel.moduleManagerBridge.set.unloadedModules.ms,1788058220445000000,1788058280443000000,0
workspaceModel.moduleManagerBridge.load.module.ms,1788058220445000000,1788058280443000000,0
workspaceModel.mutableEntityStorage.remove.entity.ms,1788058220445000000,1788058280443000000,0
workspaceModel.load.cache.from.file.ms,1788058220445000000,1788058280443000000,0
jps.facet.change.listener.process.change.events.ms,1788058220445000000,1788058280443000000,0
workspaceModel.moduleManagerBridge.load.all.modules.ms,1788058220445000000,1788058280443000000,0
workspaceModel.do.save.caches.ms,1788058220445000000,1788058280443000000,0
jps.global.initialize.library.bridges.ms,1788058220445000000,1788058280443000000,0
workspaceModel.global.apply.state.to.project.builder.ms,1788058220445000000,1788058280443000000,0
workspaceModel.mutableEntityStorage.resolve.ms,1788058220445000000,1788058280443000000,0
jps.app.storage.content.writer.save.component.ms,1788058220445000000,1788058280443000000,1
workspaceModel.mutableEntityStorage.mutable.ext.mapping.ms,1788058220445000000,1788058280443000000,0
workspaceModel.mutableEntityStorage.collect.changes.ms,1788058220445000000,1788058280443000000,0
workspaceModel.mutableEntityStorage.entities.by.source.ms,1788058220445000000,1788058280443000000,0
jps.load.initial.state.ms,1788058220445000000,1788058280443000000,0
jps.apply.loaded.storage.ms,1788058220445000000,1788058280443000000,0
jps.artifact.entities.serializer.load.entities.ms,1788058220445000000,1788058280443000000,0
jps.global.get.libraries.ms,1788058220445000000,1788058280443000000,0
workspaceModel.global.updates.ms,1788058220445000000,1788058280443000000,0
jps.artifact.entities.serializer.save.entities.ms,1788058220445000000,1788058280443000000,0
workspaceModel.mutableEntityStorage.instances.count,1788058220445000000,1788058280443000000,0
workspaceModel.moduleManagerBridge.get.modules.ms,1788058220445000000,1788058280443000000,0
workspaceModel.sync.entities.ms,1788058220445000000,1788058280443000000,0
workspaceModel.moduleManagerBridge.create.module.instance.ms,1788058220445000000,1788058280443000000,0
jps.module.iml.entities.serializer.load.entities.ms,1788058220445000000,1788058280443000000,0
workspaceModel.moduleManagerBridge.new.nonPersistent.module.ms,1788058220445000000,1788058280443000000,0
workspaceModel.mutableEntityStorage.entities.ms,1788058220445000000,1788058280443000000,0
workspaceModel.load.cache.metadata.from.file.ms,1788058220445000000,1788058280443000000,0
workspaceModel.init.bridges.ms,1788058220445000000,1788058280443000000,0
workspaceModel.workspaceFileIndexData.instances.count,1788058220445000000,1788058280443000000,0
workspaceModel.loading.total.ms,1788058220445000000,1788058280443000000,0
workspaceModel.updates.count,1788058220445000000,1788058280443000000,0
workspaceModel.workspaceFileIndexData.getDirectoriesByPackageName.ms,1788058220445000000,1788058280443000000,0
workspaceModel.initializing.ms,1788058220445000000,1788058280443000000,0
workspaceModel.updates.precise.ms,1788058220445000000,1788058280443000000,0
workspaceModel.cachedValueWithParameters.calculated.ms,1788058220445000000,1788058280443000000,0
workspaceModel.workspaceFileIndexData.markDirty.ms,1788058220445000000,1788058280443000000,0
workspaceModel.update.unloaded.entities.ms,1788058220445000000,1788058280443000000,0
workspaceModel.workspaceFileIndexData.processFileSets.ms,1788058220445000000,1788058280443000000,0
workspaceModel.workspaceFileIndexData.init.ms,1788058220445000000,1788058280443000000,0
workspaceModel.replace.project.model.ms,1788058220445000000,1788058280443000000,0
workspaceModel.loading.from.cache.ms,1788058220445000000,1788058280443000000,0
workspaceModel.cachedValue.from.cache.ms,1788058220445000000,1788058280443000000,0
workspaceModel.workspaceFileIndexData.getPackageName.ms,1788058220445000000,1788058280443000000,0
workspaceModel.workspaceFileIndexData.onEntitiesChanged.ms,1788058220445000000,1788058280443000000,0
workspaceModel.updates.ms,1788058220445000000,1788058280443000000,0
workspaceModel.workspaceFileIndexData.getFileInfo.ms,1788058220445000000,1788058280443000000,0
workspaceModel.to.snapshot.ms,1788058220445000000,1788058280443000000,0
workspaceModel.cachedValue.clear.ms,1788058220445000000,1788058280443000000,0
workspaceModel.workspaceFileIndexData.updateDirtyEntities.ms,1788058220445000000,1788058280443000000,0
workspaceModel.entityStorageSnapshotImpl.instances.count,1788058220445000000,1788058280443000000,0
workspaceModel.cachedValueWithParameters.clear.ms,1788058220445000000,1788058280443000000,0
workspaceModel.check.recursive.update.ms,1788058220445000000,1788058280443000000,0
workspaceModel.collect.changes.ms,1788058220445000000,1788058280443000000,0
workspaceModel.cachedValueWithParameters.total.get.ms,1788058220445000000,1788058280443000000,0
workspaceModel.cachedValue.calculated.ms,1788058220445000000,1788058280443000000,0
workspaceModel.pre.handlers.ms,1788058220445000000,1788058280443000000,0
workspaceModel.cachedValueWithParameters.from.cache.ms,1788058220445000000,1788058280443000000,0
workspaceModel.cachedValue.total.get.ms,1788058220445000000,1788058280443000000,0
workspaceModel.workspaceFileIndexContributor.registerFileSets.ms,1788058220445000000,1788058280443000000,0
workspaceModel.workspaceFileIndexData.visitFileSets.ms,1788058220445000000,1788058280443000000,0
workspaceModel.full.replace.project.model.ms,1788058220445000000,1788058280443000000,0
compiler.ArtifactManagerBridge.getArtifactsByType.ms,1788058220445000000,1788058280443000000,0
compiler.ArtifactVirtualFileListener.filePathChanged.ms,1788058220445000000,1788058280443000000,0
compiler.ArtifactManagerBridge.initBridges.ms,1788058220445000000,1788058280443000000,0
compiler.ArtifactManagerBridge.findArtifact.ms,1788058220445000000,1788058280443000000,0
compiler.ArtifactManagerBridge.dropMappings.ms,1788058220445000000,1788058280443000000,0
compiler.ArtifactVirtualFileListener.propertyChanged.ms,1788058220445000000,1788058280443000000,0
compiler.ArtifactManagerBridge.addArtifact.ms,1788058220445000000,1788058280443000000,0
compiler.ArtifactManagerBridge.commit.ms,1788058220445000000,1788058280443000000,0
compiler.ArtifactManagerBridge.getArtifacts.ms,1788058220445000000,1788058280443000000,0
Indexes.entries.lookupDurationAvgMs,1788058220445000000,1788058280443000000,0.0
Indexes.allKeys.lookupDurationAvgMs,1788058220445000000,1788058280443000000,0.0
IndexesFlusher.totalFlushes,1788058220445000000,1788058280443000000,118
Indexes.stubs.lookups,1788058220445000000,1788058280443000000,0.0
Indexes.allKeys.lookups,1788058220445000000,1788058280443000000,0.0
Indexes.entries.lookups,1788058220445000000,1788058280443000000,0.0
Indexes.allKeys.lookupDuration90PMs,1788058220445000000,1788058280443000000,0.0
IndexesFlusher.totalFlushesRetried,1788058220445000000,1788058280443000000,0
Indexes.allKeys.lookupDurationMaxMs,1788058220445000000,1788058280443000000,0.0
IndexesFlusher.totalContentionQuotaSpent,1788058220445000000,1788058280443000000,0
Indexes.stubs.lookupDurationAvgMs,1788058220445000000,1788058280443000000,0.0
Indexes.entries.lookupDuration90PMs,1788058220445000000,1788058280443000000,0.0
Indexes.stubs.lookupDurationMaxMs,1788058220445000000,1788058280443000000,0.0
IndexesFlusher.totalFlushingTimeUs,1788058220445000000,1788058280443000000,282176
Indexes.entries.lookupDurationMaxMs,1788058220445000000,1788058280443000000,0.0
Indexes.stubs.lookupDuration90PMs,1788058220445000000,1788058280443000000,0.0
FileNameCache.queries,1788058220445000000,1788058280443000000,42304
FileNameCache.totalMisses,1788058220445000000,1788058280443000000,0
VFS.fileByIdCache.hits,1788058220445000000,1788058280443000000,0
VFS.fileByIdCache.misses,1788058220445000000,1788058280443000000,0
VFS.invertedFileNameIndex.requests,1788058220445000000,1788058280443000000,0
VFS.fileChildByName,1788058220445000000,1788058280443000000,16
DirectByteBufferAllocator.misses,1788058280443000000,1788058340477000000,0
MappedFileStorage.storages,1788058280443000000,1788058340477000000,14
FilePageCache.disposedBuffers,1788058280443000000,1788058340477000000,0
FilePageCache.pageLoads,1788058280443000000,1788058340477000000,0
MappedFileStorage.totalPagesMapped,1788058280443000000,1788058340477000000,14
DirectByteBufferAllocator.totalSizeOfBuffersAllocatedInBytes,1788058280443000000,1788058340477000000,300957696
FilePageCache.pageFastCacheHits,1788058280443000000,1788058340477000000,0
FilePageCache.maxRegisteredFiles,1788058280443000000,1788058340477000000,555
FilePageCacheLockFree.totalClosedStoragesReclaimed,1788058280443000000,1788058340477000000,0
FilePageCache.uncachedFileAccess,1788058280443000000,1788058340477000000,0
DirectByteBufferAllocator.hits,1788058280443000000,1788058340477000000,0
StreamlinedBlobStorage.recordsRelocated,1788058280443000000,1788058340477000000,0
FilePageCache.pageLoadsAboveSizeThreshold,1788058280443000000,1788058340477000000,0
FileChannelInterruptsRetryer.totalRetriedAttempts,1788058280443000000,1788058340477000000,0
DirectByteBufferAllocator.reclaimed,1788058280443000000,1788058340477000000,0
FilePageCache.pageHits,1788058280443000000,1788058340477000000,0
FilePageCacheLockFree.totalPagesReadMs,1788058280443000000,1788058340477000000,0
FilePageCacheLockFree.totalPagesWritten,1788058280443000000,1788058340477000000,0
FilePageCacheLockFree.totalHeapBytesReclaimed,1788058280443000000,1788058340477000000,0
FilePageCacheLockFree.nativeBytesInUse,1788058280443000000,1788058340477000000,0
StreamlinedBlobStorage.totalLiveRecordsCapacityBytes,1788058280443000000,1788058340477000000,0
FilePageCacheLockFree.totalPagesRequestsMs,1788058280443000000,1788058340477000000,0
FilePageCache.maxCacheSizeInBytes,1788058280443000000,1788058340477000000,300957696
StreamlinedBlobStorage.totalLiveRecordsPayloadBytes,1788058280443000000,1788058340477000000,3
FilePageCacheLockFree.heapBytesInUse,1788058280443000000,1788058340477000000,0
FilePageCacheLockFree.totalPagesReclaimed,1788058280443000000,1788058340477000000,0
FilePageCacheLockFree.totalBytesRequested,1788058280443000000,1788058340477000000,0
FilePageCacheLockFree.totalNativeBytesReclaimed,1788058280443000000,1788058340477000000,0
StorageLockContext.competingThreads.90P,1788058280443000000,1788058340477000000,0
FilePageCacheLockFree.totalHeapBytesAllocated,1788058280443000000,1788058340477000000,0
StorageLockContext.competingThreads.avg,1788058280443000000,1788058340477000000,0.0
FilePageCacheLockFree.housekeeperTurnsSkipped,1788058280443000000,1788058340477000000,0
FilePageCache.totalPageDisposalsUs,1788058280443000000,1788058340477000000,0
FilePageCacheLockFree.totalPagesAllocated,1788058280443000000,1788058340477000000,0
FilePageCacheLockFree.totalPagesRequested,1788058280443000000,1788058340477000000,0
StreamlinedBlobStorage.recordsDeleted,1788058280443000000,1788058340477000000,0
FilePageCacheLockFree.totalNativeBytesAllocated,1788058280443000000,1788058340477000000,0
StorageLockContext.competingThreads.max,1788058280443000000,1788058340477000000,0
MappedFileStorage.totalTimeSpentOnMappingUs,1788058280443000000,1788058340477000000,2586502
FilePageCacheLockFree.totalBytesWritten,1788058280443000000,1788058340477000000,0
FilePageCacheLockFree.totalBytesRead,1788058280443000000,1788058340477000000,0
FilePageCache.totalPageLoadsUs,1788058280443000000,1788058340477000000,0
FilePageCacheLockFree.totalPageAllocationsWaited,1788058280443000000,1788058340477000000,0
FilePageCacheLockFree.totalPagesHandedOver,1788058280443000000,1788058340477000000,0
FilePageCacheLockFree.housekeeperTimeSpentMs,1788058280443000000,1788058340477000000,0
DirectByteBufferAllocator.disposed,1788058280443000000,1788058340477000000,0
FilePageCache.capacityInBytes,1788058280443000000,1788058340477000000,503316478
FilePageCacheLockFree.housekeeperTurnsDone,1788058280443000000,1788058340477000000,0
FilePageCacheLockFree.totalPagesWriteMs,1788058280443000000,1788058340477000000,0
DirectByteBufferAllocator.totalSizeOfBuffersCachedInBytes,1788058280443000000,1788058340477000000,0
StreamlinedBlobStorage.recordsAllocated,1788058280443000000,1788058340477000000,0
MappedFileStorage.totalBytesMapped,1788058280443000000,1788058340477000000,194248704
JVM.maxHeapBytes,1788058280443000000,1788058340477000000,2147483648
JVM.GC.collections,1788058280443000000,1788058340477000000,0
OS.loadAverage,1788058280443000000,1788058340477000000,1.90625
JVM.GC.collectionTimesMs,1788058280443000000,1788058340477000000,0
JVM.totalBytesAllocated,1788058280443000000,1788058340477000000,74931848
JVM.usedNativeBytes,1788058280443000000,1788058340477000000,387155744
JVM.usedHeapBytes,1788058280443000000,1788058340477000000,428714144
JVM.totalDirectByteBuffersBytes,1788058280443000000,1788058340477000000,301861495
JVM.maxThreadCount,1788058280443000000,1788058340477000000,179
JVM.newThreadsCount,1788058280443000000,1788058340477000000,6
JVM.threadCount,1788058280443000000,1788058340477000000,68
JVM.totalCpuTimeMs,1788058280443000000,1788058340477000000,4596
writeAction.wait.ms,1788058280443000000,1788058340477000000,0
writeAction.count,1788058280443000000,1788058340477000000,0
writeAction.max.wait.ms,1788058280443000000,1788058340477000000,11
writeAction.median.wait.ms,1788058280443000000,1788058340477000000,0
NonBlockingReadAction.failedExecutionsCount,1788058280443000000,1788058340477000000,0
FlushQueue.waitingTimeMaxNs,1788058280443000000,1788058340477000000,0
NonBlockingReadAction.failedExecutionTimeUs,1788058280443000000,1788058340477000000,0
FlushQueue.queueSizeMax,1788058280443000000,1788058340477000000,0
FlushQueue.executionTime90PNs,1788058280443000000,1788058340477000000,0
AWTEventQueue.dispatchTime90PNs,1788058280443000000,1788058340477000000,0
FlushQueue.tasksExecuted,1788058280443000000,1788058340477000000,0
AWTEventQueue.eventsDispatched,1788058280443000000,1788058340477000000,0
FlushQueue.queueSize90P,1788058280443000000,1788058340477000000,0
FlushQueue.waitingTime90PNs,1788058280443000000,1788058340477000000,0
FlushQueue.executionTimeMaxNs,1788058280443000000,1788058340477000000,0
FlushQueue.executionTimeAvgNs,1788058280443000000,1788058340477000000,0.0
AWTEventQueue.dispatchTimeAvgNs,1788058280443000000,1788058340477000000,0.0
NonBlockingReadAction.finalizedExecutionTimeUs,1788058280443000000,1788058340477000000,25936
FlushQueue.waitingTimeAvgNs,1788058280443000000,1788058340477000000,0.0
AWTEventQueue.dispatchTimeMaxNs,1788058280443000000,1788058340477000000,0
NonBlockingReadAction.finalizedExecutionsCount,1788058280443000000,1788058340477000000,18
WriteAction.executionsCount,1788058280443000000,1788058340477000000,0
ReadAction.executionsCount,1788058280443000000,1788058340477000000,1726
FlushQueue.queueSizeAvg,1788058280443000000,1788058340477000000,0.0
AWTEventQueue.dispatchTimeTotalNS,1788058280443000000,1788058340477000000,2011860186
cacheStateStorage.set.duration,1788058280443000000,1788058340477000000,0
cacheStateStorage.get.duration,1788058280443000000,1788058340477000000,0
cacheStateStorage.get.counter,1788058280443000000,1788058340477000000,0
cacheStateStorage.set.counter,1788058280443000000,1788058340477000000,0
jps.global.get.library.ms,1788058280443000000,1788058340477000000,0
jps.global.get.library.by.name.ms,1788058280443000000,1788058340477000000,0
jps.library.entities.serializer.load.entities.ms,1788058280443000000,1788058340477000000,0
workspaceModel.global.updates.count,1788058280443000000,1788058340477000000,0
workspaceModel.moduleBridge.before.changed.ms,1788058280443000000,1788058340477000000,0
workspaceModel.moduleBridge.update.option.ms,1788058280443000000,1788058340477000000,0
workspaceModel.moduleBridge.facet.initialization.ms,1788058280443000000,1788058340477000000,0
workspaceModel.mutableEntityStorage.apply.changes.from.ms,1788058280443000000,1788058340477000000,0
jps.facet.change.listener.before.change.events.ms,1788058280443000000,1788058340477000000,0
jps.global.handle.before.change.events.ms,1788058280443000000,1788058340477000000,0
jps.app.storage.content.reader.load.component.ms,1788058280443000000,1788058340477000000,0
jps.save.changed.project.entities.ms,1788058280443000000,1788058340477000000,0
workspaceModel.moduleBridgeLoader.loading.modules.ms,1788058280443000000,1788058340477000000,0
jps.facet.change.listener.init.bridge.ms,1788058280443000000,1788058340477000000,0
jps.project.serializers.save.ms,1788058280443000000,1788058340477000000,0
workspaceModel.mutableEntityStorage.has.same.entities.ms,1788058280443000000,1788058340477000000,0
workspaceModel.mutableEntityStorage.add.entity.ms,1788058280443000000,1788058340477000000,0
workspaceModel.delayed.project.synchronizer.sync.ms,1788058280443000000,1788058340477000000,0
jps.project.serializers.load.ms,1788058280443000000,1788058340477000000,0
workspaceModel.mutableEntityStorage.mutable.vfurl.index.ms,1788058280443000000,1788058340477000000,0
jps.load.project.to.empty.storage.ms,1788058280443000000,1788058340477000000,0
jps.global.initialize.library.bridges.after.loading.ms,1788058280443000000,1788058340477000000,0
workspaceModel.moduleManagerBridge.newModule.ms,1788058280443000000,1788058340477000000,0
workspaceModel.mutableEntityStorage.referrers.ms,1788058280443000000,1788058340477000000,0
workspaceModel.moduleManagerBridge.build.module.graph.ms,1788058280443000000,1788058340477000000,0
jps.library.entities.serializer.save.entities.ms,1788058280443000000,1788058340477000000,0
workspaceModel.orphan.listener.update.ms,1788058280443000000,1788058340477000000,0
jps.module.iml.entities.serializer.save.entities.ms,1788058280443000000,1788058340477000000,0
workspaceModel.mutableEntityStorage.replace.by.source.ms,1788058280443000000,1788058340477000000,0
jps.global.handle.changed.events.ms,1788058280443000000,1788058340477000000,0
workspaceModel.global.apply.state.to.project.ms,1788058280443000000,1788058340477000000,0
jps.storage.jps.conf.reader.load.component.ms,1788058280443000000,1788058340477000000,0
workspaceModel.save.cache.to.file.ms,1788058280443000000,1788058340477000000,0
jps.save.global.entities.ms,1788058280443000000,1788058340477000000,2
workspaceModel.mutableEntityStorage.put.entity.ms,1788058280443000000,1788058340477000000,0
workspaceModel.mutableEntityStorage.to.snapshot.ms,1788058280443000000,1788058340477000000,0
workspaceModel.mutableEntityStorage.modify.entity.ms,1788058280443000000,1788058340477000000,0
jps.reload.project.entities.ms,1788058280443000000,1788058340477000000,0
workspaceModel.moduleManagerBridge.set.unloadedModules.ms,1788058280443000000,1788058340477000000,0
workspaceModel.moduleManagerBridge.load.module.ms,1788058280443000000,1788058340477000000,0
workspaceModel.mutableEntityStorage.remove.entity.ms,1788058280443000000,1788058340477000000,0
workspaceModel.load.cache.from.file.ms,1788058280443000000,1788058340477000000,0
jps.facet.change.listener.process.change.events.ms,1788058280443000000,1788058340477000000,0
workspaceModel.moduleManagerBridge.load.all.modules.ms,1788058280443000000,1788058340477000000,0
workspaceModel.do.save.caches.ms,1788058280443000000,1788058340477000000,0
jps.global.initialize.library.bridges.ms,1788058280443000000,1788058340477000000,0
workspaceModel.global.apply.state.to.project.builder.ms,1788058280443000000,1788058340477000000,0
workspaceModel.mutableEntityStorage.resolve.ms,1788058280443000000,1788058340477000000,0
jps.app.storage.content.writer.save.component.ms,1788058280443000000,1788058340477000000,0
workspaceModel.mutableEntityStorage.mutable.ext.mapping.ms,1788058280443000000,1788058340477000000,0
workspaceModel.mutableEntityStorage.collect.changes.ms,1788058280443000000,1788058340477000000,0
workspaceModel.mutableEntityStorage.entities.by.source.ms,1788058280443000000,1788058340477000000,0
jps.load.initial.state.ms,1788058280443000000,1788058340477000000,0
jps.apply.loaded.storage.ms,1788058280443000000,1788058340477000000,0
jps.artifact.entities.serializer.load.entities.ms,1788058280443000000,1788058340477000000,0
jps.global.get.libraries.ms,1788058280443000000,1788058340477000000,0
workspaceModel.global.updates.ms,1788058280443000000,1788058340477000000,0
jps.artifact.entities.serializer.save.entities.ms,1788058280443000000,1788058340477000000,0
workspaceModel.mutableEntityStorage.instances.count,1788058280443000000,1788058340477000000,1
workspaceModel.moduleManagerBridge.get.modules.ms,1788058280443000000,1788058340477000000,0
workspaceModel.sync.entities.ms,1788058280443000000,1788058340477000000,0
workspaceModel.moduleManagerBridge.create.module.instance.ms,1788058280443000000,1788058340477000000,0
jps.module.iml.entities.serializer.load.entities.ms,1788058280443000000,1788058340477000000,0
workspaceModel.moduleManagerBridge.new.nonPersistent.module.ms,1788058280443000000,1788058340477000000,0
workspaceModel.mutableEntityStorage.entities.ms,1788058280443000000,1788058340477000000,0
workspaceModel.load.cache.metadata.from.file.ms,1788058280443000000,1788058340477000000,0
workspaceModel.init.bridges.ms,1788058280443000000,1788058340477000000,0
workspaceModel.workspaceFileIndexData.instances.count,1788058280443000000,1788058340477000000,0
workspaceModel.loading.total.ms,1788058280443000000,1788058340477000000,0
workspaceModel.updates.count,1788058280443000000,1788058340477000000,0
workspaceModel.workspaceFileIndexData.getDirectoriesByPackageName.ms,1788058280443000000,1788058340477000000,0
workspaceModel.initializing.ms,1788058280443000000,1788058340477000000,0
workspaceModel.updates.precise.ms,1788058280443000000,1788058340477000000,0
workspaceModel.cachedValueWithParameters.calculated.ms,1788058280443000000,1788058340477000000,0
workspaceModel.workspaceFileIndexData.markDirty.ms,1788058280443000000,1788058340477000000,0
workspaceModel.update.unloaded.entities.ms,1788058280443000000,1788058340477000000,0
workspaceModel.workspaceFileIndexData.processFileSets.ms,1788058280443000000,1788058340477000000,0
workspaceModel.workspaceFileIndexData.init.ms,1788058280443000000,1788058340477000000,0
workspaceModel.replace.project.model.ms,1788058280443000000,1788058340477000000,0
workspaceModel.loading.from.cache.ms,1788058280443000000,1788058340477000000,0
workspaceModel.cachedValue.from.cache.ms,1788058280443000000,1788058340477000000,0
workspaceModel.workspaceFileIndexData.getPackageName.ms,1788058280443000000,1788058340477000000,0
workspaceModel.workspaceFileIndexData.onEntitiesChanged.ms,1788058280443000000,1788058340477000000,0
workspaceModel.updates.ms,1788058280443000000,1788058340477000000,0
workspaceModel.workspaceFileIndexData.getFileInfo.ms,1788058280443000000,1788058340477000000,1
workspaceModel.to.snapshot.ms,1788058280443000000,1788058340477000000,0
workspaceModel.cachedValue.clear.ms,1788058280443000000,1788058340477000000,0
workspaceModel.workspaceFileIndexData.updateDirtyEntities.ms,1788058280443000000,1788058340477000000,0
workspaceModel.entityStorageSnapshotImpl.instances.count,1788058280443000000,1788058340477000000,0
workspaceModel.cachedValueWithParameters.clear.ms,1788058280443000000,1788058340477000000,0
workspaceModel.check.recursive.update.ms,1788058280443000000,1788058340477000000,0
workspaceModel.collect.changes.ms,1788058280443000000,1788058340477000000,0
workspaceModel.cachedValueWithParameters.total.get.ms,1788058280443000000,1788058340477000000,0
workspaceModel.cachedValue.calculated.ms,1788058280443000000,1788058340477000000,0
workspaceModel.pre.handlers.ms,1788058280443000000,1788058340477000000,0
workspaceModel.cachedValueWithParameters.from.cache.ms,1788058280443000000,1788058340477000000,0
workspaceModel.cachedValue.total.get.ms,1788058280443000000,1788058340477000000,0
workspaceModel.workspaceFileIndexContributor.registerFileSets.ms,1788058280443000000,1788058340477000000,0
workspaceModel.workspaceFileIndexData.visitFileSets.ms,1788058280443000000,1788058340477000000,0
workspaceModel.full.replace.project.model.ms,1788058280443000000,1788058340477000000,0
compiler.ArtifactManagerBridge.getArtifactsByType.ms,1788058280443000000,1788058340477000000,0
compiler.ArtifactVirtualFileListener.filePathChanged.ms,1788058280443000000,1788058340477000000,0
compiler.ArtifactManagerBridge.initBridges.ms,1788058280443000000,1788058340477000000,0
compiler.ArtifactManagerBridge.findArtifact.ms,1788058280443000000,1788058340477000000,0
compiler.ArtifactManagerBridge.dropMappings.ms,1788058280443000000,1788058340477000000,0
compiler.ArtifactVirtualFileListener.propertyChanged.ms,1788058280443000000,1788058340477000000,0
compiler.ArtifactManagerBridge.addArtifact.ms,1788058280443000000,1788058340477000000,0
compiler.ArtifactManagerBridge.commit.ms,1788058280443000000,1788058340477000000,0
compiler.ArtifactManagerBridge.getArtifacts.ms,1788058280443000000,1788058340477000000,0
Indexes.entries.lookupDurationAvgMs,1788058280443000000,1788058340477000000,0.0
Indexes.allKeys.lookupDurationAvgMs,1788058280443000000,1788058340477000000,0.0
IndexesFlusher.totalFlushes,1788058280443000000,1788058340477000000,118
Indexes.stubs.lookups,1788058280443000000,1788058340477000000,0.0
Indexes.allKeys.lookups,1788058280443000000,1788058340477000000,0.0
Indexes.entries.lookups,1788058280443000000,1788058340477000000,0.0
Indexes.allKeys.lookupDuration90PMs,1788058280443000000,1788058340477000000,0.0
IndexesFlusher.totalFlushesRetried,1788058280443000000,1788058340477000000,0
Indexes.allKeys.lookupDurationMaxMs,1788058280443000000,1788058340477000000,0.0
IndexesFlusher.totalContentionQuotaSpent,1788058280443000000,1788058340477000000,0
Indexes.stubs.lookupDurationAvgMs,1788058280443000000,1788058340477000000,0.0
Indexes.entries.lookupDuration90PMs,1788058280443000000,1788058340477000000,0.0
Indexes.stubs.lookupDurationMaxMs,1788058280443000000,1788058340477000000,0.0
IndexesFlusher.totalFlushingTimeUs,1788058280443000000,1788058340477000000,253266
Indexes.entries.lookupDurationMaxMs,1788058280443000000,1788058340477000000,0.0
Indexes.stubs.lookupDuration90PMs,1788058280443000000,1788058340477000000,0.0
FileNameCache.queries,1788058280443000000,1788058340477000000,24192
FileNameCache.totalMisses,1788058280443000000,1788058340477000000,576
VFS.fileByIdCache.hits,1788058280443000000,1788058340477000000,0
VFS.fileByIdCache.misses,1788058280443000000,1788058340477000000,0
VFS.invertedFileNameIndex.requests,1788058280443000000,1788058340477000000,1
VFS.fileChildByName,1788058280443000000,1788058340477000000,146
DirectByteBufferAllocator.misses,1788058340477000000,1788058400481000000,0
MappedFileStorage.storages,1788058340477000000,1788058400481000000,14
FilePageCache.disposedBuffers,1788058340477000000,1788058400481000000,0
FilePageCache.pageLoads,1788058340477000000,1788058400481000000,0
MappedFileStorage.totalPagesMapped,1788058340477000000,1788058400481000000,14
DirectByteBufferAllocator.totalSizeOfBuffersAllocatedInBytes,1788058340477000000,1788058400481000000,300957696
FilePageCache.pageFastCacheHits,1788058340477000000,1788058400481000000,0
FilePageCache.maxRegisteredFiles,1788058340477000000,1788058400481000000,555
FilePageCacheLockFree.totalClosedStoragesReclaimed,1788058340477000000,1788058400481000000,0
FilePageCache.uncachedFileAccess,1788058340477000000,1788058400481000000,0
DirectByteBufferAllocator.hits,1788058340477000000,1788058400481000000,0
StreamlinedBlobStorage.recordsRelocated,1788058340477000000,1788058400481000000,0
FilePageCache.pageLoadsAboveSizeThreshold,1788058340477000000,1788058400481000000,0
FileChannelInterruptsRetryer.totalRetriedAttempts,1788058340477000000,1788058400481000000,0
DirectByteBufferAllocator.reclaimed,1788058340477000000,1788058400481000000,0
FilePageCache.pageHits,1788058340477000000,1788058400481000000,0
FilePageCacheLockFree.totalPagesReadMs,1788058340477000000,1788058400481000000,0
FilePageCacheLockFree.totalPagesWritten,1788058340477000000,1788058400481000000,0
FilePageCacheLockFree.totalHeapBytesReclaimed,1788058340477000000,1788058400481000000,0
FilePageCacheLockFree.nativeBytesInUse,1788058340477000000,1788058400481000000,0
StreamlinedBlobStorage.totalLiveRecordsCapacityBytes,1788058340477000000,1788058400481000000,0
FilePageCacheLockFree.totalPagesRequestsMs,1788058340477000000,1788058400481000000,0
FilePageCache.maxCacheSizeInBytes,1788058340477000000,1788058400481000000,300957696
StreamlinedBlobStorage.totalLiveRecordsPayloadBytes,1788058340477000000,1788058400481000000,0
FilePageCacheLockFree.heapBytesInUse,1788058340477000000,1788058400481000000,0
FilePageCacheLockFree.totalPagesReclaimed,1788058340477000000,1788058400481000000,0
FilePageCacheLockFree.totalBytesRequested,1788058340477000000,1788058400481000000,0
FilePageCacheLockFree.totalNativeBytesReclaimed,1788058340477000000,1788058400481000000,0
StorageLockContext.competingThreads.90P,1788058340477000000,1788058400481000000,0
FilePageCacheLockFree.totalHeapBytesAllocated,1788058340477000000,1788058400481000000,0
StorageLockContext.competingThreads.avg,1788058340477000000,1788058400481000000,0.0
FilePageCacheLockFree.housekeeperTurnsSkipped,1788058340477000000,1788058400481000000,0
FilePageCache.totalPageDisposalsUs,1788058340477000000,1788058400481000000,0
FilePageCacheLockFree.totalPagesAllocated,1788058340477000000,1788058400481000000,0
FilePageCacheLockFree.totalPagesRequested,1788058340477000000,1788058400481000000,0
StreamlinedBlobStorage.recordsDeleted,1788058340477000000,1788058400481000000,0
FilePageCacheLockFree.totalNativeBytesAllocated,1788058340477000000,1788058400481000000,0
StorageLockContext.competingThreads.max,1788058340477000000,1788058400481000000,0
MappedFileStorage.totalTimeSpentOnMappingUs,1788058340477000000,1788058400481000000,2586502
FilePageCacheLockFree.totalBytesWritten,1788058340477000000,1788058400481000000,0
FilePageCacheLockFree.totalBytesRead,1788058340477000000,1788058400481000000,0
FilePageCache.totalPageLoadsUs,1788058340477000000,1788058400481000000,0
FilePageCacheLockFree.totalPageAllocationsWaited,1788058340477000000,1788058400481000000,0
FilePageCacheLockFree.totalPagesHandedOver,1788058340477000000,1788058400481000000,0
FilePageCacheLockFree.housekeeperTimeSpentMs,1788058340477000000,1788058400481000000,0
DirectByteBufferAllocator.disposed,1788058340477000000,1788058400481000000,0
FilePageCache.capacityInBytes,1788058340477000000,1788058400481000000,503316478
FilePageCacheLockFree.housekeeperTurnsDone,1788058340477000000,1788058400481000000,0
FilePageCacheLockFree.totalPagesWriteMs,1788058340477000000,1788058400481000000,0
DirectByteBufferAllocator.totalSizeOfBuffersCachedInBytes,1788058340477000000,1788058400481000000,0
StreamlinedBlobStorage.recordsAllocated,1788058340477000000,1788058400481000000,0
MappedFileStorage.totalBytesMapped,1788058340477000000,1788058400481000000,194248704
JVM.maxHeapBytes,1788058340477000000,1788058400481000000,2147483648
JVM.GC.collections,1788058340477000000,1788058400481000000,0
OS.loadAverage,1788058340477000000,1788058400481000000,2.0126953125
JVM.GC.collectionTimesMs,1788058340477000000,1788058400481000000,0
JVM.totalBytesAllocated,1788058340477000000,1788058400481000000,9376320
JVM.usedNativeBytes,1788058340477000000,1788058400481000000,387289352
JVM.usedHeapBytes,1788058340477000000,1788058400481000000,438151328
JVM.totalDirectByteBuffersBytes,1788058340477000000,1788058400481000000,301823219
JVM.maxThreadCount,1788058340477000000,1788058400481000000,179
JVM.newThreadsCount,1788058340477000000,1788058400481000000,0
JVM.threadCount,1788058340477000000,1788058400481000000,60
JVM.totalCpuTimeMs,1788058340477000000,1788058400481000000,775
writeAction.wait.ms,1788058340477000000,1788058400481000000,0
writeAction.count,1788058340477000000,1788058400481000000,0
writeAction.max.wait.ms,1788058340477000000,1788058400481000000,11
writeAction.median.wait.ms,1788058340477000000,1788058400481000000,0
NonBlockingReadAction.failedExecutionsCount,1788058340477000000,1788058400481000000,0
FlushQueue.waitingTimeMaxNs,1788058340477000000,1788058400481000000,0
NonBlockingReadAction.failedExecutionTimeUs,1788058340477000000,1788058400481000000,0
FlushQueue.queueSizeMax,1788058340477000000,1788058400481000000,0
FlushQueue.executionTime90PNs,1788058340477000000,1788058400481000000,0
AWTEventQueue.dispatchTime90PNs,1788058340477000000,1788058400481000000,0
FlushQueue.tasksExecuted,1788058340477000000,1788058400481000000,0
AWTEventQueue.eventsDispatched,1788058340477000000,1788058400481000000,0
FlushQueue.queueSize90P,1788058340477000000,1788058400481000000,0
FlushQueue.waitingTime90PNs,1788058340477000000,1788058400481000000,0
FlushQueue.executionTimeMaxNs,1788058340477000000,1788058400481000000,0
FlushQueue.executionTimeAvgNs,1788058340477000000,1788058400481000000,0.0
AWTEventQueue.dispatchTimeAvgNs,1788058340477000000,1788058400481000000,0.0
NonBlockingReadAction.finalizedExecutionTimeUs,1788058340477000000,1788058400481000000,0
FlushQueue.waitingTimeAvgNs,1788058340477000000,1788058400481000000,0.0
AWTEventQueue.dispatchTimeMaxNs,1788058340477000000,1788058400481000000,0
NonBlockingReadAction.finalizedExecutionsCount,1788058340477000000,1788058400481000000,0
WriteAction.executionsCount,1788058340477000000,1788058400481000000,0
ReadAction.executionsCount,1788058340477000000,1788058400481000000,0
FlushQueue.queueSizeAvg,1788058340477000000,1788058400481000000,0.0
AWTEventQueue.dispatchTimeTotalNS,1788058340477000000,1788058400481000000,28848595
cacheStateStorage.set.duration,1788058340477000000,1788058400481000000,0
cacheStateStorage.get.duration,1788058340477000000,1788058400481000000,0
cacheStateStorage.get.counter,1788058340477000000,1788058400481000000,0
cacheStateStorage.set.counter,1788058340477000000,1788058400481000000,0
jps.global.get.library.ms,1788058340477000000,1788058400481000000,0
jps.global.get.library.by.name.ms,1788058340477000000,1788058400481000000,0
jps.library.entities.serializer.load.entities.ms,1788058340477000000,1788058400481000000,0
workspaceModel.global.updates.count,1788058340477000000,1788058400481000000,0
workspaceModel.moduleBridge.before.changed.ms,1788058340477000000,1788058400481000000,0
workspaceModel.moduleBridge.update.option.ms,1788058340477000000,1788058400481000000,0
workspaceModel.moduleBridge.facet.initialization.ms,1788058340477000000,1788058400481000000,0
workspaceModel.mutableEntityStorage.apply.changes.from.ms,1788058340477000000,1788058400481000000,0
jps.facet.change.listener.before.change.events.ms,1788058340477000000,1788058400481000000,0
jps.global.handle.before.change.events.ms,1788058340477000000,1788058400481000000,0
jps.app.storage.content.reader.load.component.ms,1788058340477000000,1788058400481000000,0
jps.save.changed.project.entities.ms,1788058340477000000,1788058400481000000,0
workspaceModel.moduleBridgeLoader.loading.modules.ms,1788058340477000000,1788058400481000000,0
jps.facet.change.listener.init.bridge.ms,1788058340477000000,1788058400481000000,0
jps.project.serializers.save.ms,1788058340477000000,1788058400481000000,0
workspaceModel.mutableEntityStorage.has.same.entities.ms,1788058340477000000,1788058400481000000,0
workspaceModel.mutableEntityStorage.add.entity.ms,1788058340477000000,1788058400481000000,0
workspaceModel.delayed.project.synchronizer.sync.ms,1788058340477000000,1788058400481000000,0
jps.project.serializers.load.ms,1788058340477000000,1788058400481000000,0
workspaceModel.mutableEntityStorage.mutable.vfurl.index.ms,1788058340477000000,1788058400481000000,0
jps.load.project.to.empty.storage.ms,1788058340477000000,1788058400481000000,0
jps.global.initialize.library.bridges.after.loading.ms,1788058340477000000,1788058400481000000,0
workspaceModel.moduleManagerBridge.newModule.ms,1788058340477000000,1788058400481000000,0
workspaceModel.mutableEntityStorage.referrers.ms,1788058340477000000,1788058400481000000,0
workspaceModel.moduleManagerBridge.build.module.graph.ms,1788058340477000000,1788058400481000000,0
jps.library.entities.serializer.save.entities.ms,1788058340477000000,1788058400481000000,0
workspaceModel.orphan.listener.update.ms,1788058340477000000,1788058400481000000,0
jps.module.iml.entities.serializer.save.entities.ms,1788058340477000000,1788058400481000000,0
workspaceModel.mutableEntityStorage.replace.by.source.ms,1788058340477000000,1788058400481000000,0
jps.global.handle.changed.events.ms,1788058340477000000,1788058400481000000,0
workspaceModel.global.apply.state.to.project.ms,1788058340477000000,1788058400481000000,0
jps.storage.jps.conf.reader.load.component.ms,1788058340477000000,1788058400481000000,0
workspaceModel.save.cache.to.file.ms,1788058340477000000,1788058400481000000,0
jps.save.global.entities.ms,1788058340477000000,1788058400481000000,0
workspaceModel.mutableEntityStorage.put.entity.ms,1788058340477000000,1788058400481000000,0
workspaceModel.mutableEntityStorage.to.snapshot.ms,1788058340477000000,1788058400481000000,0
workspaceModel.mutableEntityStorage.modify.entity.ms,1788058340477000000,1788058400481000000,0
jps.reload.project.entities.ms,1788058340477000000,1788058400481000000,0
workspaceModel.moduleManagerBridge.set.unloadedModules.ms,1788058340477000000,1788058400481000000,0
workspaceModel.moduleManagerBridge.load.module.ms,1788058340477000000,1788058400481000000,0
workspaceModel.mutableEntityStorage.remove.entity.ms,1788058340477000000,1788058400481000000,0
workspaceModel.load.cache.from.file.ms,1788058340477000000,1788058400481000000,0
jps.facet.change.listener.process.change.events.ms,1788058340477000000,1788058400481000000,0
workspaceModel.moduleManagerBridge.load.all.modules.ms,1788058340477000000,1788058400481000000,0
workspaceModel.do.save.caches.ms,1788058340477000000,1788058400481000000,0
jps.global.initialize.library.bridges.ms,1788058340477000000,1788058400481000000,0
workspaceModel.global.apply.state.to.project.builder.ms,1788058340477000000,1788058400481000000,0
workspaceModel.mutableEntityStorage.resolve.ms,1788058340477000000,1788058400481000000,0
jps.app.storage.content.writer.save.component.ms,1788058340477000000,1788058400481000000,0
workspaceModel.mutableEntityStorage.mutable.ext.mapping.ms,1788058340477000000,1788058400481000000,0
workspaceModel.mutableEntityStorage.collect.changes.ms,1788058340477000000,1788058400481000000,0
workspaceModel.mutableEntityStorage.entities.by.source.ms,1788058340477000000,1788058400481000000,0
jps.load.initial.state.ms,1788058340477000000,1788058400481000000,0
jps.apply.loaded.storage.ms,1788058340477000000,1788058400481000000,0
jps.artifact.entities.serializer.load.entities.ms,1788058340477000000,1788058400481000000,0
jps.global.get.libraries.ms,1788058340477000000,1788058400481000000,0
workspaceModel.global.updates.ms,1788058340477000000,1788058400481000000,0
jps.artifact.entities.serializer.save.entities.ms,1788058340477000000,1788058400481000000,0
workspaceModel.mutableEntityStorage.instances.count,1788058340477000000,1788058400481000000,0
workspaceModel.moduleManagerBridge.get.modules.ms,1788058340477000000,1788058400481000000,0
workspaceModel.sync.entities.ms,1788058340477000000,1788058400481000000,0
workspaceModel.moduleManagerBridge.create.module.instance.ms,1788058340477000000,1788058400481000000,0
jps.module.iml.entities.serializer.load.entities.ms,1788058340477000000,1788058400481000000,0
workspaceModel.moduleManagerBridge.new.nonPersistent.module.ms,1788058340477000000,1788058400481000000,0
workspaceModel.mutableEntityStorage.entities.ms,1788058340477000000,1788058400481000000,0
workspaceModel.load.cache.metadata.from.file.ms,1788058340477000000,1788058400481000000,0
workspaceModel.init.bridges.ms,1788058340477000000,1788058400481000000,0
workspaceModel.workspaceFileIndexData.instances.count,1788058340477000000,1788058400481000000,0
workspaceModel.loading.total.ms,1788058340477000000,1788058400481000000,0
workspaceModel.updates.count,1788058340477000000,1788058400481000000,0
workspaceModel.workspaceFileIndexData.getDirectoriesByPackageName.ms,1788058340477000000,1788058400481000000,0
workspaceModel.initializing.ms,1788058340477000000,1788058400481000000,0
workspaceModel.updates.precise.ms,1788058340477000000,1788058400481000000,0
workspaceModel.cachedValueWithParameters.calculated.ms,1788058340477000000,1788058400481000000,0
workspaceModel.workspaceFileIndexData.markDirty.ms,1788058340477000000,1788058400481000000,0
workspaceModel.update.unloaded.entities.ms,1788058340477000000,1788058400481000000,0
workspaceModel.workspaceFileIndexData.processFileSets.ms,1788058340477000000,1788058400481000000,0
workspaceModel.workspaceFileIndexData.init.ms,1788058340477000000,1788058400481000000,0
workspaceModel.replace.project.model.ms,1788058340477000000,1788058400481000000,0
workspaceModel.loading.from.cache.ms,1788058340477000000,1788058400481000000,0
workspaceModel.cachedValue.from.cache.ms,1788058340477000000,1788058400481000000,0
workspaceModel.workspaceFileIndexData.getPackageName.ms,1788058340477000000,1788058400481000000,0
workspaceModel.workspaceFileIndexData.onEntitiesChanged.ms,1788058340477000000,1788058400481000000,0
workspaceModel.updates.ms,1788058340477000000,1788058400481000000,0
workspaceModel.workspaceFileIndexData.getFileInfo.ms,1788058340477000000,1788058400481000000,0
workspaceModel.to.snapshot.ms,1788058340477000000,1788058400481000000,0
workspaceModel.cachedValue.clear.ms,1788058340477000000,1788058400481000000,0
workspaceModel.workspaceFileIndexData.updateDirtyEntities.ms,1788058340477000000,1788058400481000000,0
workspaceModel.entityStorageSnapshotImpl.instances.count,1788058340477000000,1788058400481000000,0
workspaceModel.cachedValueWithParameters.clear.ms,1788058340477000000,1788058400481000000,0
workspaceModel.check.recursive.update.ms,1788058340477000000,1788058400481000000,0
workspaceModel.collect.changes.ms,1788058340477000000,1788058400481000000,0
workspaceModel.cachedValueWithParameters.total.get.ms,1788058340477000000,1788058400481000000,0
workspaceModel.cachedValue.calculated.ms,1788058340477000000,1788058400481000000,0
workspaceModel.pre.handlers.ms,1788058340477000000,1788058400481000000,0
workspaceModel.cachedValueWithParameters.from.cache.ms,1788058340477000000,1788058400481000000,0
workspaceModel.cachedValue.total.get.ms,1788058340477000000,1788058400481000000,0
workspaceModel.workspaceFileIndexContributor.registerFileSets.ms,1788058340477000000,1788058400481000000,0
workspaceModel.workspaceFileIndexData.visitFileSets.ms,1788058340477000000,1788058400481000000,0
workspaceModel.full.replace.project.model.ms,1788058340477000000,1788058400481000000,0
compiler.ArtifactManagerBridge.getArtifactsByType.ms,1788058340477000000,1788058400481000000,0
compiler.ArtifactVirtualFileListener.filePathChanged.ms,1788058340477000000,1788058400481000000,0
compiler.ArtifactManagerBridge.initBridges.ms,1788058340477000000,1788058400481000000,0
compiler.ArtifactManagerBridge.findArtifact.ms,1788058340477000000,1788058400481000000,0
compiler.ArtifactManagerBridge.dropMappings.ms,1788058340477000000,1788058400481000000,0
compiler.ArtifactVirtualFileListener.propertyChanged.ms,1788058340477000000,1788058400481000000,0
compiler.ArtifactManagerBridge.addArtifact.ms,1788058340477000000,1788058400481000000,0
compiler.ArtifactManagerBridge.commit.ms,1788058340477000000,1788058400481000000,0
compiler.ArtifactManagerBridge.getArtifacts.ms,1788058340477000000,1788058400481000000,0
Indexes.entries.lookupDurationAvgMs,1788058340477000000,1788058400481000000,0.0
Indexes.allKeys.lookupDurationAvgMs,1788058340477000000,1788058400481000000,0.0
IndexesFlusher.totalFlushes,1788058340477000000,1788058400481000000,118
Indexes.stubs.lookups,1788058340477000000,1788058400481000000,0.0
Indexes.allKeys.lookups,1788058340477000000,1788058400481000000,0.0
Indexes.entries.lookups,1788058340477000000,1788058400481000000,0.0
Indexes.allKeys.lookupDuration90PMs,1788058340477000000,1788058400481000000,0.0
IndexesFlusher.totalFlushesRetried,1788058340477000000,1788058400481000000,0
Indexes.allKeys.lookupDurationMaxMs,1788058340477000000,1788058400481000000,0.0
IndexesFlusher.totalContentionQuotaSpent,1788058340477000000,1788058400481000000,0
Indexes.stubs.lookupDurationAvgMs,1788058340477000000,1788058400481000000,0.0
Indexes.entries.lookupDuration90PMs,1788058340477000000,1788058400481000000,0.0
Indexes.stubs.lookupDurationMaxMs,1788058340477000000,1788058400481000000,0.0
IndexesFlusher.totalFlushingTimeUs,1788058340477000000,1788058400481000000,258100
Indexes.entries.lookupDurationMaxMs,1788058340477000000,1788058400481000000,0.0
Indexes.stubs.lookupDuration90PMs,1788058340477000000,1788058400481000000,0.0
FileNameCache.queries,1788058340477000000,1788058400481000000,0
FileNameCache.totalMisses,1788058340477000000,1788058400481000000,0
VFS.fileByIdCache.hits,1788058340477000000,1788058400481000000,0
VFS.fileByIdCache.misses,1788058340477000000,1788058400481000000,0
VFS.invertedFileNameIndex.requests,1788058340477000000,1788058400481000000,0
VFS.fileChildByName,1788058340477000000,1788058400481000000,0
DirectByteBufferAllocator.misses,1788058400481000000,1788058460480000000,1
MappedFileStorage.storages,1788058400481000000,1788058460480000000,14
FilePageCache.disposedBuffers,1788058400481000000,1788058460480000000,0
FilePageCache.pageLoads,1788058400481000000,1788058460480000000,1
MappedFileStorage.totalPagesMapped,1788058400481000000,1788058460480000000,14
DirectByteBufferAllocator.totalSizeOfBuffersAllocatedInBytes,1788058400481000000,1788058460480000000,302006272
FilePageCache.pageFastCacheHits,1788058400481000000,1788058460480000000,36
FilePageCache.maxRegisteredFiles,1788058400481000000,1788058460480000000,555
FilePageCacheLockFree.totalClosedStoragesReclaimed,1788058400481000000,1788058460480000000,0
FilePageCache.uncachedFileAccess,1788058400481000000,1788058460480000000,0
DirectByteBufferAllocator.hits,1788058400481000000,1788058460480000000,0
StreamlinedBlobStorage.recordsRelocated,1788058400481000000,1788058460480000000,0
FilePageCache.pageLoadsAboveSizeThreshold,1788058400481000000,1788058460480000000,0
FileChannelInterruptsRetryer.totalRetriedAttempts,1788058400481000000,1788058460480000000,0
DirectByteBufferAllocator.reclaimed,1788058400481000000,1788058460480000000,0
FilePageCache.pageHits,1788058400481000000,1788058460480000000,0
FilePageCacheLockFree.totalPagesReadMs,1788058400481000000,1788058460480000000,0
FilePageCacheLockFree.totalPagesWritten,1788058400481000000,1788058460480000000,0
FilePageCacheLockFree.totalHeapBytesReclaimed,1788058400481000000,1788058460480000000,0
FilePageCacheLockFree.nativeBytesInUse,1788058400481000000,1788058460480000000,0
StreamlinedBlobStorage.totalLiveRecordsCapacityBytes,1788058400481000000,1788058460480000000,0
FilePageCacheLockFree.totalPagesRequestsMs,1788058400481000000,1788058460480000000,0
FilePageCache.maxCacheSizeInBytes,1788058400481000000,1788058460480000000,302006272
StreamlinedBlobStorage.totalLiveRecordsPayloadBytes,1788058400481000000,1788058460480000000,0
FilePageCacheLockFree.heapBytesInUse,1788058400481000000,1788058460480000000,0
FilePageCacheLockFree.totalPagesReclaimed,1788058400481000000,1788058460480000000,0
FilePageCacheLockFree.totalBytesRequested,1788058400481000000,1788058460480000000,0
FilePageCacheLockFree.totalNativeBytesReclaimed,1788058400481000000,1788058460480000000,0
StorageLockContext.competingThreads.90P,1788058400481000000,1788058460480000000,0
FilePageCacheLockFree.totalHeapBytesAllocated,1788058400481000000,1788058460480000000,0
StorageLockContext.competingThreads.avg,1788058400481000000,1788058460480000000,0.0
FilePageCacheLockFree.housekeeperTurnsSkipped,1788058400481000000,1788058460480000000,0
FilePageCache.totalPageDisposalsUs,1788058400481000000,1788058460480000000,1
FilePageCacheLockFree.totalPagesAllocated,1788058400481000000,1788058460480000000,0
FilePageCacheLockFree.totalPagesRequested,1788058400481000000,1788058460480000000,0
StreamlinedBlobStorage.recordsDeleted,1788058400481000000,1788058460480000000,0
FilePageCacheLockFree.totalNativeBytesAllocated,1788058400481000000,1788058460480000000,0
StorageLockContext.competingThreads.max,1788058400481000000,1788058460480000000,0
MappedFileStorage.totalTimeSpentOnMappingUs,1788058400481000000,1788058460480000000,2586502
FilePageCacheLockFree.totalBytesWritten,1788058400481000000,1788058460480000000,0
FilePageCacheLockFree.totalBytesRead,1788058400481000000,1788058460480000000,0
FilePageCache.totalPageLoadsUs,1788058400481000000,1788058460480000000,943
FilePageCacheLockFree.totalPageAllocationsWaited,1788058400481000000,1788058460480000000,0
FilePageCacheLockFree.totalPagesHandedOver,1788058400481000000,1788058460480000000,0
FilePageCacheLockFree.housekeeperTimeSpentMs,1788058400481000000,1788058460480000000,0
DirectByteBufferAllocator.disposed,1788058400481000000,1788058460480000000,0
FilePageCache.capacityInBytes,1788058400481000000,1788058460480000000,503316478
FilePageCacheLockFree.housekeeperTurnsDone,1788058400481000000,1788058460480000000,0
FilePageCacheLockFree.totalPagesWriteMs,1788058400481000000,1788058460480000000,0
DirectByteBufferAllocator.totalSizeOfBuffersCachedInBytes,1788058400481000000,1788058460480000000,0
StreamlinedBlobStorage.recordsAllocated,1788058400481000000,1788058460480000000,0
MappedFileStorage.totalBytesMapped,1788058400481000000,1788058460480000000,194248704
JVM.maxHeapBytes,1788058400481000000,1788058460480000000,2147483648
JVM.GC.collections,1788058400481000000,1788058460480000000,0
OS.loadAverage,1788058400481000000,1788058460480000000,1.9052734375
JVM.GC.collectionTimesMs,1788058400481000000,1788058460480000000,0
JVM.totalBytesAllocated,1788058400481000000,1788058460480000000,10928696
JVM.usedNativeBytes,1788058400481000000,1788058460480000000,387517032
JVM.usedHeapBytes,1788058400481000000,1788058460480000000,449685664
JVM.totalDirectByteBuffersBytes,1788058400481000000,1788058460480000000,302879987
JVM.maxThreadCount,1788058400481000000,1788058460480000000,179
JVM.newThreadsCount,1788058400481000000,1788058460480000000,0
JVM.threadCount,1788058400481000000,1788058460480000000,60
JVM.totalCpuTimeMs,1788058400481000000,1788058460480000000,993
writeAction.wait.ms,1788058400481000000,1788058460480000000,0
writeAction.count,1788058400481000000,1788058460480000000,1
writeAction.max.wait.ms,1788058400481000000,1788058460480000000,11
writeAction.median.wait.ms,1788058400481000000,1788058460480000000,0
NonBlockingReadAction.failedExecutionsCount,1788058400481000000,1788058460480000000,0
FlushQueue.waitingTimeMaxNs,1788058400481000000,1788058460480000000,0
NonBlockingReadAction.failedExecutionTimeUs,1788058400481000000,1788058460480000000,0
FlushQueue.queueSizeMax,1788058400481000000,1788058460480000000,0
FlushQueue.executionTime90PNs,1788058400481000000,1788058460480000000,0
AWTEventQueue.dispatchTime90PNs,1788058400481000000,1788058460480000000,0
FlushQueue.tasksExecuted,1788058400481000000,1788058460480000000,0
AWTEventQueue.eventsDispatched,1788058400481000000,1788058460480000000,0
FlushQueue.queueSize90P,1788058400481000000,1788058460480000000,0
FlushQueue.waitingTime90PNs,1788058400481000000,1788058460480000000,0
FlushQueue.executionTimeMaxNs,1788058400481000000,1788058460480000000,0
FlushQueue.executionTimeAvgNs,1788058400481000000,1788058460480000000,0.0
AWTEventQueue.dispatchTimeAvgNs,1788058400481000000,1788058460480000000,0.0
NonBlockingReadAction.finalizedExecutionTimeUs,1788058400481000000,1788058460480000000,0
FlushQueue.waitingTimeAvgNs,1788058400481000000,1788058460480000000,0.0
AWTEventQueue.dispatchTimeMaxNs,1788058400481000000,1788058460480000000,0
NonBlockingReadAction.finalizedExecutionsCount,1788058400481000000,1788058460480000000,0
WriteAction.executionsCount,1788058400481000000,1788058460480000000,1
ReadAction.executionsCount,1788058400481000000,1788058460480000000,145
FlushQueue.queueSizeAvg,1788058400481000000,1788058460480000000,0.0
AWTEventQueue.dispatchTimeTotalNS,1788058400481000000,1788058460480000000,38994433
cacheStateStorage.set.duration,1788058400481000000,1788058460480000000,0
cacheStateStorage.get.duration,1788058400481000000,1788058460480000000,0
cacheStateStorage.get.counter,1788058400481000000,1788058460480000000,0
cacheStateStorage.set.counter,1788058400481000000,1788058460480000000,0
jps.global.get.library.ms,1788058400481000000,1788058460480000000,0
jps.global.get.library.by.name.ms,1788058400481000000,1788058460480000000,0
jps.library.entities.serializer.load.entities.ms,1788058400481000000,1788058460480000000,0
workspaceModel.global.updates.count,1788058400481000000,1788058460480000000,0
workspaceModel.moduleBridge.before.changed.ms,1788058400481000000,1788058460480000000,0
workspaceModel.moduleBridge.update.option.ms,1788058400481000000,1788058460480000000,0
workspaceModel.moduleBridge.facet.initialization.ms,1788058400481000000,1788058460480000000,0
workspaceModel.mutableEntityStorage.apply.changes.from.ms,1788058400481000000,1788058460480000000,0
jps.facet.change.listener.before.change.events.ms,1788058400481000000,1788058460480000000,0
jps.global.handle.before.change.events.ms,1788058400481000000,1788058460480000000,0
jps.app.storage.content.reader.load.component.ms,1788058400481000000,1788058460480000000,0
jps.save.changed.project.entities.ms,1788058400481000000,1788058460480000000,0
workspaceModel.moduleBridgeLoader.loading.modules.ms,1788058400481000000,1788058460480000000,0
jps.facet.change.listener.init.bridge.ms,1788058400481000000,1788058460480000000,0
jps.project.serializers.save.ms,1788058400481000000,1788058460480000000,0
workspaceModel.mutableEntityStorage.has.same.entities.ms,1788058400481000000,1788058460480000000,0
workspaceModel.mutableEntityStorage.add.entity.ms,1788058400481000000,1788058460480000000,0
workspaceModel.delayed.project.synchronizer.sync.ms,1788058400481000000,1788058460480000000,0
jps.project.serializers.load.ms,1788058400481000000,1788058460480000000,0
workspaceModel.mutableEntityStorage.mutable.vfurl.index.ms,1788058400481000000,1788058460480000000,0
jps.load.project.to.empty.storage.ms,1788058400481000000,1788058460480000000,0
jps.global.initialize.library.bridges.after.loading.ms,1788058400481000000,1788058460480000000,0
workspaceModel.moduleManagerBridge.newModule.ms,1788058400481000000,1788058460480000000,0
workspaceModel.mutableEntityStorage.referrers.ms,1788058400481000000,1788058460480000000,0
workspaceModel.moduleManagerBridge.build.module.graph.ms,1788058400481000000,1788058460480000000,0
jps.library.entities.serializer.save.entities.ms,1788058400481000000,1788058460480000000,0
workspaceModel.orphan.listener.update.ms,1788058400481000000,1788058460480000000,0
jps.module.iml.entities.serializer.save.entities.ms,1788058400481000000,1788058460480000000,0
workspaceModel.mutableEntityStorage.replace.by.source.ms,1788058400481000000,1788058460480000000,0
jps.global.handle.changed.events.ms,1788058400481000000,1788058460480000000,0
workspaceModel.global.apply.state.to.project.ms,1788058400481000000,1788058460480000000,0
jps.storage.jps.conf.reader.load.component.ms,1788058400481000000,1788058460480000000,0
workspaceModel.save.cache.to.file.ms,1788058400481000000,1788058460480000000,0
jps.save.global.entities.ms,1788058400481000000,1788058460480000000,0
workspaceModel.mutableEntityStorage.put.entity.ms,1788058400481000000,1788058460480000000,0
workspaceModel.mutableEntityStorage.to.snapshot.ms,1788058400481000000,1788058460480000000,0
workspaceModel.mutableEntityStorage.modify.entity.ms,1788058400481000000,1788058460480000000,0
jps.reload.project.entities.ms,1788058400481000000,1788058460480000000,0
workspaceModel.moduleManagerBridge.set.unloadedModules.ms,1788058400481000000,1788058460480000000,0
workspaceModel.moduleManagerBridge.load.module.ms,1788058400481000000,1788058460480000000,0
workspaceModel.mutableEntityStorage.remove.entity.ms,1788058400481000000,1788058460480000000,0
workspaceModel.load.cache.from.file.ms,1788058400481000000,1788058460480000000,0
jps.facet.change.listener.process.change.events.ms,1788058400481000000,1788058460480000000,0
workspaceModel.moduleManagerBridge.load.all.modules.ms,1788058400481000000,1788058460480000000,0
workspaceModel.do.save.caches.ms,1788058400481000000,1788058460480000000,0
jps.global.initialize.library.bridges.ms,1788058400481000000,1788058460480000000,0
workspaceModel.global.apply.state.to.project.builder.ms,1788058400481000000,1788058460480000000,0
workspaceModel.mutableEntityStorage.resolve.ms,1788058400481000000,1788058460480000000,0
jps.app.storage.content.writer.save.component.ms,1788058400481000000,1788058460480000000,0
workspaceModel.mutableEntityStorage.mutable.ext.mapping.ms,1788058400481000000,1788058460480000000,0
workspaceModel.mutableEntityStorage.collect.changes.ms,1788058400481000000,1788058460480000000,0
workspaceModel.mutableEntityStorage.entities.by.source.ms,1788058400481000000,1788058460480000000,0
jps.load.initial.state.ms,1788058400481000000,1788058460480000000,0
jps.apply.loaded.storage.ms,1788058400481000000,1788058460480000000,0
jps.artifact.entities.serializer.load.entities.ms,1788058400481000000,1788058460480000000,0
jps.global.get.libraries.ms,1788058400481000000,1788058460480000000,0
workspaceModel.global.updates.ms,1788058400481000000,1788058460480000000,0
jps.artifact.entities.serializer.save.entities.ms,1788058400481000000,1788058460480000000,0
workspaceModel.mutableEntityStorage.instances.count,1788058400481000000,1788058460480000000,0
workspaceModel.moduleManagerBridge.get.modules.ms,1788058400481000000,1788058460480000000,0
workspaceModel.sync.entities.ms,1788058400481000000,1788058460480000000,0
workspaceModel.moduleManagerBridge.create.module.instance.ms,1788058400481000000,1788058460480000000,0
jps.module.iml.entities.serializer.load.entities.ms,1788058400481000000,1788058460480000000,0
workspaceModel.moduleManagerBridge.new.nonPersistent.module.ms,1788058400481000000,1788058460480000000,0
workspaceModel.mutableEntityStorage.entities.ms,1788058400481000000,1788058460480000000,0
workspaceModel.load.cache.metadata.from.file.ms,1788058400481000000,1788058460480000000,0
workspaceModel.init.bridges.ms,1788058400481000000,1788058460480000000,0
workspaceModel.workspaceFileIndexData.instances.count,1788058400481000000,1788058460480000000,0
workspaceModel.loading.total.ms,1788058400481000000,1788058460480000000,0
workspaceModel.updates.count,1788058400481000000,1788058460480000000,0
workspaceModel.workspaceFileIndexData.getDirectoriesByPackageName.ms,1788058400481000000,1788058460480000000,0
workspaceModel.initializing.ms,1788058400481000000,1788058460480000000,0
workspaceModel.updates.precise.ms,1788058400481000000,1788058460480000000,0
workspaceModel.cachedValueWithParameters.calculated.ms,1788058400481000000,1788058460480000000,0
workspaceModel.workspaceFileIndexData.markDirty.ms,1788058400481000000,1788058460480000000,0
workspaceModel.update.unloaded.entities.ms,1788058400481000000,1788058460480000000,0
workspaceModel.workspaceFileIndexData.processFileSets.ms,1788058400481000000,1788058460480000000,0
workspaceModel.workspaceFileIndexData.init.ms,1788058400481000000,1788058460480000000,0
workspaceModel.replace.project.model.ms,1788058400481000000,1788058460480000000,0
workspaceModel.loading.from.cache.ms,1788058400481000000,1788058460480000000,0
workspaceModel.cachedValue.from.cache.ms,1788058400481000000,1788058460480000000,0
workspaceModel.workspaceFileIndexData.getPackageName.ms,1788058400481000000,1788058460480000000,0
workspaceModel.workspaceFileIndexData.onEntitiesChanged.ms,1788058400481000000,1788058460480000000,0
workspaceModel.updates.ms,1788058400481000000,1788058460480000000,0
workspaceModel.workspaceFileIndexData.getFileInfo.ms,1788058400481000000,1788058460480000000,0
workspaceModel.to.snapshot.ms,1788058400481000000,1788058460480000000,0
workspaceModel.cachedValue.clear.ms,1788058400481000000,1788058460480000000,0
workspaceModel.workspaceFileIndexData.updateDirtyEntities.ms,1788058400481000000,1788058460480000000,0
workspaceModel.entityStorageSnapshotImpl.instances.count,1788058400481000000,1788058460480000000,0
workspaceModel.cachedValueWithParameters.clear.ms,1788058400481000000,1788058460480000000,0
workspaceModel.check.recursive.update.ms,1788058400481000000,1788058460480000000,0
workspaceModel.collect.changes.ms,1788058400481000000,1788058460480000000,0
workspaceModel.cachedValueWithParameters.total.get.ms,1788058400481000000,1788058460480000000,0
workspaceModel.cachedValue.calculated.ms,1788058400481000000,1788058460480000000,0
workspaceModel.pre.handlers.ms,1788058400481000000,1788058460480000000,0
workspaceModel.cachedValueWithParameters.from.cache.ms,1788058400481000000,1788058460480000000,0
workspaceModel.cachedValue.total.get.ms,1788058400481000000,1788058460480000000,0
workspaceModel.workspaceFileIndexContributor.registerFileSets.ms,1788058400481000000,1788058460480000000,0
workspaceModel.workspaceFileIndexData.visitFileSets.ms,1788058400481000000,1788058460480000000,0
workspaceModel.full.replace.project.model.ms,1788058400481000000,1788058460480000000,0
compiler.ArtifactManagerBridge.getArtifactsByType.ms,1788058400481000000,1788058460480000000,0
compiler.ArtifactVirtualFileListener.filePathChanged.ms,1788058400481000000,1788058460480000000,0
compiler.ArtifactManagerBridge.initBridges.ms,1788058400481000000,1788058460480000000,0
compiler.ArtifactManagerBridge.findArtifact.ms,1788058400481000000,1788058460480000000,0
compiler.ArtifactManagerBridge.dropMappings.ms,1788058400481000000,1788058460480000000,0
compiler.ArtifactVirtualFileListener.propertyChanged.ms,1788058400481000000,1788058460480000000,0
compiler.ArtifactManagerBridge.addArtifact.ms,1788058400481000000,1788058460480000000,0
compiler.ArtifactManagerBridge.commit.ms,1788058400481000000,1788058460480000000,0
compiler.ArtifactManagerBridge.getArtifacts.ms,1788058400481000000,1788058460480000000,0
Indexes.entries.lookupDurationAvgMs,1788058400481000000,1788058460480000000,0.0
Indexes.allKeys.lookupDurationAvgMs,1788058400481000000,1788058460480000000,0.0
IndexesFlusher.totalFlushes,1788058400481000000,1788058460480000000,118
Indexes.stubs.lookups,1788058400481000000,1788058460480000000,0.0
Indexes.allKeys.lookups,1788058400481000000,1788058460480000000,0.0
Indexes.entries.lookups,1788058400481000000,1788058460480000000,0.0
Indexes.allKeys.lookupDuration90PMs,1788058400481000000,1788058460480000000,0.0
IndexesFlusher.totalFlushesRetried,1788058400481000000,1788058460480000000,0
Indexes.allKeys.lookupDurationMaxMs,1788058400481000000,1788058460480000000,0.0
IndexesFlusher.totalContentionQuotaSpent,1788058400481000000,1788058460480000000,0
Indexes.stubs.lookupDurationAvgMs,1788058400481000000,1788058460480000000,0.0
Indexes.entries.lookupDuration90PMs,1788058400481000000,1788058460480000000,0.0
Indexes.stubs.lookupDurationMaxMs,1788058400481000000,1788058460480000000,0.0
IndexesFlusher.totalFlushingTimeUs,1788058400481000000,1788058460480000000,245988
Indexes.entries.lookupDurationMaxMs,1788058400481000000,1788058460480000000,0.0
Indexes.stubs.lookupDuration90PMs,1788058400481000000,1788058460480000000,0.0
FileNameCache.queries,1788058400481000000,1788058460480000000,5568
FileNameCache.totalMisses,1788058400481000000,1788058460480000000,0
VFS.fileByIdCache.hits,1788058400481000000,1788058460480000000,0
VFS.fileByIdCache.misses,1788058400481000000,1788058460480000000,0
VFS.invertedFileNameIndex.requests,1788058400481000000,1788058460480000000,0
VFS.fileChildByName,1788058400481000000,1788058460480000000,0
DirectByteBufferAllocator.misses,1788058460480000000,1788058520480000000,0
MappedFileStorage.storages,1788058460480000000,1788058520480000000,14
FilePageCache.disposedBuffers,1788058460480000000,1788058520480000000,0
FilePageCache.pageLoads,1788058460480000000,1788058520480000000,0
MappedFileStorage.totalPagesMapped,1788058460480000000,1788058520480000000,14
DirectByteBufferAllocator.totalSizeOfBuffersAllocatedInBytes,1788058460480000000,1788058520480000000,302006272
FilePageCache.pageFastCacheHits,1788058460480000000,1788058520480000000,0
FilePageCache.maxRegisteredFiles,1788058460480000000,1788058520480000000,555
FilePageCacheLockFree.totalClosedStoragesReclaimed,1788058460480000000,1788058520480000000,0
FilePageCache.uncachedFileAccess,1788058460480000000,1788058520480000000,0
DirectByteBufferAllocator.hits,1788058460480000000,1788058520480000000,0
StreamlinedBlobStorage.recordsRelocated,1788058460480000000,1788058520480000000,0
FilePageCache.pageLoadsAboveSizeThreshold,1788058460480000000,1788058520480000000,0
FileChannelInterruptsRetryer.totalRetriedAttempts,1788058460480000000,1788058520480000000,0
DirectByteBufferAllocator.reclaimed,1788058460480000000,1788058520480000000,0
FilePageCache.pageHits,1788058460480000000,1788058520480000000,0
FilePageCacheLockFree.totalPagesReadMs,1788058460480000000,1788058520480000000,0
FilePageCacheLockFree.totalPagesWritten,1788058460480000000,1788058520480000000,0
FilePageCacheLockFree.totalHeapBytesReclaimed,1788058460480000000,1788058520480000000,0
FilePageCacheLockFree.nativeBytesInUse,1788058460480000000,1788058520480000000,0
StreamlinedBlobStorage.totalLiveRecordsCapacityBytes,1788058460480000000,1788058520480000000,0
FilePageCacheLockFree.totalPagesRequestsMs,1788058460480000000,1788058520480000000,0
FilePageCache.maxCacheSizeInBytes,1788058460480000000,1788058520480000000,302006272
StreamlinedBlobStorage.totalLiveRecordsPayloadBytes,1788058460480000000,1788058520480000000,0
FilePageCacheLockFree.heapBytesInUse,1788058460480000000,1788058520480000000,0
FilePageCacheLockFree.totalPagesReclaimed,1788058460480000000,1788058520480000000,0
FilePageCacheLockFree.totalBytesRequested,1788058460480000000,1788058520480000000,0
FilePageCacheLockFree.totalNativeBytesReclaimed,1788058460480000000,1788058520480000000,0
StorageLockContext.competingThreads.90P,1788058460480000000,1788058520480000000,0
FilePageCacheLockFree.totalHeapBytesAllocated,1788058460480000000,1788058520480000000,0
StorageLockContext.competingThreads.avg,1788058460480000000,1788058520480000000,0.0
FilePageCacheLockFree.housekeeperTurnsSkipped,1788058460480000000,1788058520480000000,0
FilePageCache.totalPageDisposalsUs,1788058460480000000,1788058520480000000,0
FilePageCacheLockFree.totalPagesAllocated,1788058460480000000,1788058520480000000,0
FilePageCacheLockFree.totalPagesRequested,1788058460480000000,1788058520480000000,0
StreamlinedBlobStorage.recordsDeleted,1788058460480000000,1788058520480000000,0
FilePageCacheLockFree.totalNativeBytesAllocated,1788058460480000000,1788058520480000000,0
StorageLockContext.competingThreads.max,1788058460480000000,1788058520480000000,0
MappedFileStorage.totalTimeSpentOnMappingUs,1788058460480000000,1788058520480000000,2586502
FilePageCacheLockFree.totalBytesWritten,1788058460480000000,1788058520480000000,0
FilePageCacheLockFree.totalBytesRead,1788058460480000000,1788058520480000000,0
FilePageCache.totalPageLoadsUs,1788058460480000000,1788058520480000000,0
FilePageCacheLockFree.totalPageAllocationsWaited,1788058460480000000,1788058520480000000,0
FilePageCacheLockFree.totalPagesHandedOver,1788058460480000000,1788058520480000000,0
FilePageCacheLockFree.housekeeperTimeSpentMs,1788058460480000000,1788058520480000000,0
DirectByteBufferAllocator.disposed,1788058460480000000,1788058520480000000,0
FilePageCache.capacityInBytes,1788058460480000000,1788058520480000000,503316478
FilePageCacheLockFree.housekeeperTurnsDone,1788058460480000000,1788058520480000000,0
FilePageCacheLockFree.totalPagesWriteMs,1788058460480000000,1788058520480000000,0
DirectByteBufferAllocator.totalSizeOfBuffersCachedInBytes,1788058460480000000,1788058520480000000,0
StreamlinedBlobStorage.recordsAllocated,1788058460480000000,1788058520480000000,0
MappedFileStorage.totalBytesMapped,1788058460480000000,1788058520480000000,194248704
JVM.maxHeapBytes,1788058460480000000,1788058520480000000,2147483648
JVM.GC.collections,1788058460480000000,1788058520480000000,2
OS.loadAverage,1788058460480000000,1788058520480000000,2.17138671875
JVM.GC.collectionTimesMs,1788058460480000000,1788058520480000000,14
JVM.totalBytesAllocated,1788058460480000000,1788058520480000000,147417456
JVM.usedNativeBytes,1788058460480000000,1788058520480000000,388721824
JVM.usedHeapBytes,1788058460480000000,1788058520480000000,332039840
JVM.totalDirectByteBuffersBytes,1788058460480000000,1788058520480000000,302855415
JVM.maxThreadCount,1788058460480000000,1788058520480000000,179
JVM.newThreadsCount,1788058460480000000,1788058520480000000,1
JVM.threadCount,1788058460480000000,1788058520480000000,59
JVM.totalCpuTimeMs,1788058460480000000,1788058520480000000,3833
writeAction.wait.ms,1788058460480000000,1788058520480000000,0
writeAction.count,1788058460480000000,1788058520480000000,0
writeAction.max.wait.ms,1788058460480000000,1788058520480000000,11
writeAction.median.wait.ms,1788058460480000000,1788058520480000000,0
NonBlockingReadAction.failedExecutionsCount,1788058460480000000,1788058520480000000,0
FlushQueue.waitingTimeMaxNs,1788058460480000000,1788058520480000000,0
NonBlockingReadAction.failedExecutionTimeUs,1788058460480000000,1788058520480000000,0
FlushQueue.queueSizeMax,1788058460480000000,1788058520480000000,0
FlushQueue.executionTime90PNs,1788058460480000000,1788058520480000000,0
AWTEventQueue.dispatchTime90PNs,1788058460480000000,1788058520480000000,0
FlushQueue.tasksExecuted,1788058460480000000,1788058520480000000,0
AWTEventQueue.eventsDispatched,1788058460480000000,1788058520480000000,0
FlushQueue.queueSize90P,1788058460480000000,1788058520480000000,0
FlushQueue.waitingTime90PNs,1788058460480000000,1788058520480000000,0
FlushQueue.executionTimeMaxNs,1788058460480000000,1788058520480000000,0
FlushQueue.executionTimeAvgNs,1788058460480000000,1788058520480000000,0.0
AWTEventQueue.dispatchTimeAvgNs,1788058460480000000,1788058520480000000,0.0
NonBlockingReadAction.finalizedExecutionTimeUs,1788058460480000000,1788058520480000000,0
FlushQueue.waitingTimeAvgNs,1788058460480000000,1788058520480000000,0.0
AWTEventQueue.dispatchTimeMaxNs,1788058460480000000,1788058520480000000,0
NonBlockingReadAction.finalizedExecutionsCount,1788058460480000000,1788058520480000000,0
WriteAction.executionsCount,1788058460480000000,1788058520480000000,0
ReadAction.executionsCount,1788058460480000000,1788058520480000000,51096
FlushQueue.queueSizeAvg,1788058460480000000,1788058520480000000,0.0
AWTEventQueue.dispatchTimeTotalNS,1788058460480000000,1788058520480000000,24674438
cacheStateStorage.set.duration,1788058460480000000,1788058520480000000,0
cacheStateStorage.get.duration,1788058460480000000,1788058520480000000,0
cacheStateStorage.get.counter,1788058460480000000,1788058520480000000,0
cacheStateStorage.set.counter,1788058460480000000,1788058520480000000,0
jps.global.get.library.ms,1788058460480000000,1788058520480000000,0
jps.global.get.library.by.name.ms,1788058460480000000,1788058520480000000,0
jps.library.entities.serializer.load.entities.ms,1788058460480000000,1788058520480000000,0
workspaceModel.global.updates.count,1788058460480000000,1788058520480000000,0
workspaceModel.moduleBridge.before.changed.ms,1788058460480000000,1788058520480000000,0
workspaceModel.moduleBridge.update.option.ms,1788058460480000000,1788058520480000000,0
workspaceModel.moduleBridge.facet.initialization.ms,1788058460480000000,1788058520480000000,0
workspaceModel.mutableEntityStorage.apply.changes.from.ms,1788058460480000000,1788058520480000000,0
jps.facet.change.listener.before.change.events.ms,1788058460480000000,1788058520480000000,0
jps.global.handle.before.change.events.ms,1788058460480000000,1788058520480000000,0
jps.app.storage.content.reader.load.component.ms,1788058460480000000,1788058520480000000,0
jps.save.changed.project.entities.ms,1788058460480000000,1788058520480000000,0
workspaceModel.moduleBridgeLoader.loading.modules.ms,1788058460480000000,1788058520480000000,0
jps.facet.change.listener.init.bridge.ms,1788058460480000000,1788058520480000000,0
jps.project.serializers.save.ms,1788058460480000000,1788058520480000000,0
workspaceModel.mutableEntityStorage.has.same.entities.ms,1788058460480000000,1788058520480000000,0
workspaceModel.mutableEntityStorage.add.entity.ms,1788058460480000000,1788058520480000000,0
workspaceModel.delayed.project.synchronizer.sync.ms,1788058460480000000,1788058520480000000,0
jps.project.serializers.load.ms,1788058460480000000,1788058520480000000,0
workspaceModel.mutableEntityStorage.mutable.vfurl.index.ms,1788058460480000000,1788058520480000000,0
jps.load.project.to.empty.storage.ms,1788058460480000000,1788058520480000000,0
jps.global.initialize.library.bridges.after.loading.ms,1788058460480000000,1788058520480000000,0
workspaceModel.moduleManagerBridge.newModule.ms,1788058460480000000,1788058520480000000,0
workspaceModel.mutableEntityStorage.referrers.ms,1788058460480000000,1788058520480000000,0
workspaceModel.moduleManagerBridge.build.module.graph.ms,1788058460480000000,1788058520480000000,0
jps.library.entities.serializer.save.entities.ms,1788058460480000000,1788058520480000000,0
workspaceModel.orphan.listener.update.ms,1788058460480000000,1788058520480000000,0
jps.module.iml.entities.serializer.save.entities.ms,1788058460480000000,1788058520480000000,0
workspaceModel.mutableEntityStorage.replace.by.source.ms,1788058460480000000,1788058520480000000,0
jps.global.handle.changed.events.ms,1788058460480000000,1788058520480000000,0
workspaceModel.global.apply.state.to.project.ms,1788058460480000000,1788058520480000000,0
jps.storage.jps.conf.reader.load.component.ms,1788058460480000000,1788058520480000000,0
workspaceModel.save.cache.to.file.ms,1788058460480000000,1788058520480000000,0
jps.save.global.entities.ms,1788058460480000000,1788058520480000000,0
workspaceModel.mutableEntityStorage.put.entity.ms,1788058460480000000,1788058520480000000,0
workspaceModel.mutableEntityStorage.to.snapshot.ms,1788058460480000000,1788058520480000000,0
workspaceModel.mutableEntityStorage.modify.entity.ms,1788058460480000000,1788058520480000000,0
jps.reload.project.entities.ms,1788058460480000000,1788058520480000000,0
workspaceModel.moduleManagerBridge.set.unloadedModules.ms,1788058460480000000,1788058520480000000,0
workspaceModel.moduleManagerBridge.load.module.ms,1788058460480000000,1788058520480000000,0
workspaceModel.mutableEntityStorage.remove.entity.ms,1788058460480000000,1788058520480000000,0
workspaceModel.load.cache.from.file.ms,1788058460480000000,1788058520480000000,0
jps.facet.change.listener.process.change.events.ms,1788058460480000000,1788058520480000000,0
workspaceModel.moduleManagerBridge.load.all.modules.ms,1788058460480000000,1788058520480000000,0
workspaceModel.do.save.caches.ms,1788058460480000000,1788058520480000000,0
jps.global.initialize.library.bridges.ms,1788058460480000000,1788058520480000000,0
workspaceModel.global.apply.state.to.project.builder.ms,1788058460480000000,1788058520480000000,0
workspaceModel.mutableEntityStorage.resolve.ms,1788058460480000000,1788058520480000000,0
jps.app.storage.content.writer.save.component.ms,1788058460480000000,1788058520480000000,0
workspaceModel.mutableEntityStorage.mutable.ext.mapping.ms,1788058460480000000,1788058520480000000,0
workspaceModel.mutableEntityStorage.collect.changes.ms,1788058460480000000,1788058520480000000,0
workspaceModel.mutableEntityStorage.entities.by.source.ms,1788058460480000000,1788058520480000000,0
jps.load.initial.state.ms,1788058460480000000,1788058520480000000,0
jps.apply.loaded.storage.ms,1788058460480000000,1788058520480000000,0
jps.artifact.entities.serializer.load.entities.ms,1788058460480000000,1788058520480000000,0
jps.global.get.libraries.ms,1788058460480000000,1788058520480000000,0
workspaceModel.global.updates.ms,1788058460480000000,1788058520480000000,0
jps.artifact.entities.serializer.save.entities.ms,1788058460480000000,1788058520480000000,0
workspaceModel.mutableEntityStorage.instances.count,1788058460480000000,1788058520480000000,0
workspaceModel.moduleManagerBridge.get.modules.ms,1788058460480000000,1788058520480000000,0
workspaceModel.sync.entities.ms,1788058460480000000,1788058520480000000,0
workspaceModel.moduleManagerBridge.create.module.instance.ms,1788058460480000000,1788058520480000000,0
jps.module.iml.entities.serializer.load.entities.ms,1788058460480000000,1788058520480000000,0
workspaceModel.moduleManagerBridge.new.nonPersistent.module.ms,1788058460480000000,1788058520480000000,0
workspaceModel.mutableEntityStorage.entities.ms,1788058460480000000,1788058520480000000,0
workspaceModel.load.cache.metadata.from.file.ms,1788058460480000000,1788058520480000000,0
workspaceModel.init.bridges.ms,1788058460480000000,1788058520480000000,0
workspaceModel.workspaceFileIndexData.instances.count,1788058460480000000,1788058520480000000,0
workspaceModel.loading.total.ms,1788058460480000000,1788058520480000000,0
workspaceModel.updates.count,1788058460480000000,1788058520480000000,0
workspaceModel.workspaceFileIndexData.getDirectoriesByPackageName.ms,1788058460480000000,1788058520480000000,0
workspaceModel.initializing.ms,1788058460480000000,1788058520480000000,0
workspaceModel.updates.precise.ms,1788058460480000000,1788058520480000000,0
workspaceModel.cachedValueWithParameters.calculated.ms,1788058460480000000,1788058520480000000,0
workspaceModel.workspaceFileIndexData.markDirty.ms,1788058460480000000,1788058520480000000,0
workspaceModel.update.unloaded.entities.ms,1788058460480000000,1788058520480000000,0
workspaceModel.workspaceFileIndexData.processFileSets.ms,1788058460480000000,1788058520480000000,0
workspaceModel.workspaceFileIndexData.init.ms,1788058460480000000,1788058520480000000,0
workspaceModel.replace.project.model.ms,1788058460480000000,1788058520480000000,0
workspaceModel.loading.from.cache.ms,1788058460480000000,1788058520480000000,0
workspaceModel.cachedValue.from.cache.ms,1788058460480000000,1788058520480000000,0
workspaceModel.workspaceFileIndexData.getPackageName.ms,1788058460480000000,1788058520480000000,0
workspaceModel.workspaceFileIndexData.onEntitiesChanged.ms,1788058460480000000,1788058520480000000,0
workspaceModel.updates.ms,1788058460480000000,1788058520480000000,0
workspaceModel.workspaceFileIndexData.getFileInfo.ms,1788058460480000000,1788058520480000000,0
workspaceModel.to.snapshot.ms,1788058460480000000,1788058520480000000,0
workspaceModel.cachedValue.clear.ms,1788058460480000000,1788058520480000000,0
workspaceModel.workspaceFileIndexData.updateDirtyEntities.ms,1788058460480000000,1788058520480000000,0
workspaceModel.entityStorageSnapshotImpl.instances.count,1788058460480000000,1788058520480000000,0
workspaceModel.cachedValueWithParameters.clear.ms,1788058460480000000,1788058520480000000,0
workspaceModel.check.recursive.update.ms,1788058460480000000,1788058520480000000,0
workspaceModel.collect.changes.ms,1788058460480000000,1788058520480000000,0
workspaceModel.cachedValueWithParameters.total.get.ms,1788058460480000000,1788058520480000000,0
workspaceModel.cachedValue.calculated.ms,1788058460480000000,1788058520480000000,0
workspaceModel.pre.handlers.ms,1788058460480000000,1788058520480000000,0
workspaceModel.cachedValueWithParameters.from.cache.ms,1788058460480000000,1788058520480000000,0
workspaceModel.cachedValue.total.get.ms,1788058460480000000,1788058520480000000,0
workspaceModel.workspaceFileIndexContributor.registerFileSets.ms,1788058460480000000,1788058520480000000,0
workspaceModel.workspaceFileIndexData.visitFileSets.ms,1788058460480000000,1788058520480000000,0
workspaceModel.full.replace.project.model.ms,1788058460480000000,1788058520480000000,0
compiler.ArtifactManagerBridge.getArtifactsByType.ms,1788058460480000000,1788058520480000000,0
compiler.ArtifactVirtualFileListener.filePathChanged.ms,1788058460480000000,1788058520480000000,0
compiler.ArtifactManagerBridge.initBridges.ms,1788058460480000000,1788058520480000000,0
compiler.ArtifactManagerBridge.findArtifact.ms,1788058460480000000,1788058520480000000,0
compiler.ArtifactManagerBridge.dropMappings.ms,1788058460480000000,1788058520480000000,0
compiler.ArtifactVirtualFileListener.propertyChanged.ms,1788058460480000000,1788058520480000000,0
compiler.ArtifactManagerBridge.addArtifact.ms,1788058460480000000,1788058520480000000,0
compiler.ArtifactManagerBridge.commit.ms,1788058460480000000,1788058520480000000,0
compiler.ArtifactManagerBridge.getArtifacts.ms,1788058460480000000,1788058520480000000,0
Indexes.entries.lookupDurationAvgMs,1788058460480000000,1788058520480000000,0.0
Indexes.allKeys.lookupDurationAvgMs,1788058460480000000,1788058520480000000,0.0
IndexesFlusher.totalFlushes,1788058460480000000,1788058520480000000,117
Indexes.stubs.lookups,1788058460480000000,1788058520480000000,0.0
Indexes.allKeys.lookups,1788058460480000000,1788058520480000000,0.0
Indexes.entries.lookups,1788058460480000000,1788058520480000000,0.0
Indexes.allKeys.lookupDuration90PMs,1788058460480000000,1788058520480000000,0.0
IndexesFlusher.totalFlushesRetried,1788058460480000000,1788058520480000000,0
Indexes.allKeys.lookupDurationMaxMs,1788058460480000000,1788058520480000000,0.0
IndexesFlusher.totalContentionQuotaSpent,1788058460480000000,1788058520480000000,0
Indexes.stubs.lookupDurationAvgMs,1788058460480000000,1788058520480000000,0.0
Indexes.entries.lookupDuration90PMs,1788058460480000000,1788058520480000000,0.0
Indexes.stubs.lookupDurationMaxMs,1788058460480000000,1788058520480000000,0.0
IndexesFlusher.totalFlushingTimeUs,1788058460480000000,1788058520480000000,268121
Indexes.entries.lookupDurationMaxMs,1788058460480000000,1788058520480000000,0.0
Indexes.stubs.lookupDuration90PMs,1788058460480000000,1788058520480000000,0.0
FileNameCache.queries,1788058460480000000,1788058520480000000,0
FileNameCache.totalMisses,1788058460480000000,1788058520480000000,0
VFS.fileByIdCache.hits,1788058460480000000,1788058520480000000,0
VFS.fileByIdCache.misses,1788058460480000000,1788058520480000000,0
VFS.invertedFileNameIndex.requests,1788058460480000000,1788058520480000000,0
VFS.fileChildByName,1788058460480000000,1788058520480000000,0
DirectByteBufferAllocator.misses,1788058520480000000,1788058580479000000,0
MappedFileStorage.storages,1788058520480000000,1788058580479000000,14
FilePageCache.disposedBuffers,1788058520480000000,1788058580479000000,0
FilePageCache.pageLoads,1788058520480000000,1788058580479000000,0
MappedFileStorage.totalPagesMapped,1788058520480000000,1788058580479000000,14
DirectByteBufferAllocator.totalSizeOfBuffersAllocatedInBytes,1788058520480000000,1788058580479000000,302006272
FilePageCache.pageFastCacheHits,1788058520480000000,1788058580479000000,0
FilePageCache.maxRegisteredFiles,1788058520480000000,1788058580479000000,555
FilePageCacheLockFree.totalClosedStoragesReclaimed,1788058520480000000,1788058580479000000,0
FilePageCache.uncachedFileAccess,1788058520480000000,1788058580479000000,0
DirectByteBufferAllocator.hits,1788058520480000000,1788058580479000000,0
StreamlinedBlobStorage.recordsRelocated,1788058520480000000,1788058580479000000,0
FilePageCache.pageLoadsAboveSizeThreshold,1788058520480000000,1788058580479000000,0
FileChannelInterruptsRetryer.totalRetriedAttempts,1788058520480000000,1788058580479000000,0
DirectByteBufferAllocator.reclaimed,1788058520480000000,1788058580479000000,0
FilePageCache.pageHits,1788058520480000000,1788058580479000000,0
FilePageCacheLockFree.totalPagesReadMs,1788058520480000000,1788058580479000000,0
FilePageCacheLockFree.totalPagesWritten,1788058520480000000,1788058580479000000,0
FilePageCacheLockFree.totalHeapBytesReclaimed,1788058520480000000,1788058580479000000,0
FilePageCacheLockFree.nativeBytesInUse,1788058520480000000,1788058580479000000,0
StreamlinedBlobStorage.totalLiveRecordsCapacityBytes,1788058520480000000,1788058580479000000,0
FilePageCacheLockFree.totalPagesRequestsMs,1788058520480000000,1788058580479000000,0
FilePageCache.maxCacheSizeInBytes,1788058520480000000,1788058580479000000,302006272
StreamlinedBlobStorage.totalLiveRecordsPayloadBytes,1788058520480000000,1788058580479000000,0
FilePageCacheLockFree.heapBytesInUse,1788058520480000000,1788058580479000000,0
FilePageCacheLockFree.totalPagesReclaimed,1788058520480000000,1788058580479000000,0
FilePageCacheLockFree.totalBytesRequested,1788058520480000000,1788058580479000000,0
FilePageCacheLockFree.totalNativeBytesReclaimed,1788058520480000000,1788058580479000000,0
StorageLockContext.competingThreads.90P,1788058520480000000,1788058580479000000,0
FilePageCacheLockFree.totalHeapBytesAllocated,1788058520480000000,1788058580479000000,0
StorageLockContext.competingThreads.avg,1788058520480000000,1788058580479000000,0.0
FilePageCacheLockFree.housekeeperTurnsSkipped,1788058520480000000,1788058580479000000,0
FilePageCache.totalPageDisposalsUs,1788058520480000000,1788058580479000000,0
FilePageCacheLockFree.totalPagesAllocated,1788058520480000000,1788058580479000000,0
FilePageCacheLockFree.totalPagesRequested,1788058520480000000,1788058580479000000,0
StreamlinedBlobStorage.recordsDeleted,1788058520480000000,1788058580479000000,0
FilePageCacheLockFree.totalNativeBytesAllocated,1788058520480000000,1788058580479000000,0
StorageLockContext.competingThreads.max,1788058520480000000,1788058580479000000,0
MappedFileStorage.totalTimeSpentOnMappingUs,1788058520480000000,1788058580479000000,2586502
FilePageCacheLockFree.totalBytesWritten,1788058520480000000,1788058580479000000,0
FilePageCacheLockFree.totalBytesRead,1788058520480000000,1788058580479000000,0
FilePageCache.totalPageLoadsUs,1788058520480000000,1788058580479000000,0
FilePageCacheLockFree.totalPageAllocationsWaited,1788058520480000000,1788058580479000000,0
FilePageCacheLockFree.totalPagesHandedOver,1788058520480000000,1788058580479000000,0
FilePageCacheLockFree.housekeeperTimeSpentMs,1788058520480000000,1788058580479000000,0
DirectByteBufferAllocator.disposed,1788058520480000000,1788058580479000000,0
FilePageCache.capacityInBytes,1788058520480000000,1788058580479000000,503316478
FilePageCacheLockFree.housekeeperTurnsDone,1788058520480000000,1788058580479000000,0
FilePageCacheLockFree.totalPagesWriteMs,1788058520480000000,1788058580479000000,0
DirectByteBufferAllocator.totalSizeOfBuffersCachedInBytes,1788058520480000000,1788058580479000000,0
StreamlinedBlobStorage.recordsAllocated,1788058520480000000,1788058580479000000,0
MappedFileStorage.totalBytesMapped,1788058520480000000,1788058580479000000,194248704
JVM.maxHeapBytes,1788058520480000000,1788058580479000000,2147483648
JVM.GC.collections,1788058520480000000,1788058580479000000,0
OS.loadAverage,1788058520480000000,1788058580479000000,2.3603515625
JVM.GC.collectionTimesMs,1788058520480000000,1788058580479000000,0
JVM.totalBytesAllocated,1788058520480000000,1788058580479000000,9222304
JVM.usedNativeBytes,1788058520480000000,1788058580479000000,388804304
JVM.usedHeapBytes,1788058520480000000,1788058580479000000,341477024
JVM.totalDirectByteBuffersBytes,1788058520480000000,1788058580479000000,302847223
JVM.maxThreadCount,1788058520480000000,1788058580479000000,179
JVM.newThreadsCount,1788058520480000000,1788058580479000000,0
JVM.threadCount,1788058520480000000,1788058580479000000,58
JVM.totalCpuTimeMs,1788058520480000000,1788058580479000000,824
writeAction.wait.ms,1788058520480000000,1788058580479000000,0
writeAction.count,1788058520480000000,1788058580479000000,0
writeAction.max.wait.ms,1788058520480000000,1788058580479000000,11
writeAction.median.wait.ms,1788058520480000000,1788058580479000000,0
NonBlockingReadAction.failedExecutionsCount,1788058520480000000,1788058580479000000,0
FlushQueue.waitingTimeMaxNs,1788058520480000000,1788058580479000000,0
NonBlockingReadAction.failedExecutionTimeUs,1788058520480000000,1788058580479000000,0
FlushQueue.queueSizeMax,1788058520480000000,1788058580479000000,0
FlushQueue.executionTime90PNs,1788058520480000000,1788058580479000000,0
AWTEventQueue.dispatchTime90PNs,1788058520480000000,1788058580479000000,0
FlushQueue.tasksExecuted,1788058520480000000,1788058580479000000,0
AWTEventQueue.eventsDispatched,1788058520480000000,1788058580479000000,0
FlushQueue.queueSize90P,1788058520480000000,1788058580479000000,0
FlushQueue.waitingTime90PNs,1788058520480000000,1788058580479000000,0
FlushQueue.executionTimeMaxNs,1788058520480000000,1788058580479000000,0
FlushQueue.executionTimeAvgNs,1788058520480000000,1788058580479000000,0.0
AWTEventQueue.dispatchTimeAvgNs,1788058520480000000,1788058580479000000,0.0
NonBlockingReadAction.finalizedExecutionTimeUs,1788058520480000000,1788058580479000000,0
FlushQueue.waitingTimeAvgNs,1788058520480000000,1788058580479000000,0.0
AWTEventQueue.dispatchTimeMaxNs,1788058520480000000,1788058580479000000,0
NonBlockingReadAction.finalizedExecutionsCount,1788058520480000000,1788058580479000000,0
WriteAction.executionsCount,1788058520480000000,1788058580479000000,0
ReadAction.executionsCount,1788058520480000000,1788058580479000000,0
FlushQueue.queueSizeAvg,1788058520480000000,1788058580479000000,0.0
AWTEventQueue.dispatchTimeTotalNS,1788058520480000000,1788058580479000000,25945300
cacheStateStorage.set.duration,1788058520480000000,1788058580479000000,0
cacheStateStorage.get.duration,1788058520480000000,1788058580479000000,0
cacheStateStorage.get.counter,1788058520480000000,1788058580479000000,0
cacheStateStorage.set.counter,1788058520480000000,1788058580479000000,0
jps.global.get.library.ms,1788058520480000000,1788058580479000000,0
jps.global.get.library.by.name.ms,1788058520480000000,1788058580479000000,0
jps.library.entities.serializer.load.entities.ms,1788058520480000000,1788058580479000000,0
workspaceModel.global.updates.count,1788058520480000000,1788058580479000000,0
workspaceModel.moduleBridge.before.changed.ms,1788058520480000000,1788058580479000000,0
workspaceModel.moduleBridge.update.option.ms,1788058520480000000,1788058580479000000,0
workspaceModel.moduleBridge.facet.initialization.ms,1788058520480000000,1788058580479000000,0
workspaceModel.mutableEntityStorage.apply.changes.from.ms,1788058520480000000,1788058580479000000,0
jps.facet.change.listener.before.change.events.ms,1788058520480000000,1788058580479000000,0
jps.global.handle.before.change.events.ms,1788058520480000000,1788058580479000000,0
jps.app.storage.content.reader.load.component.ms,1788058520480000000,1788058580479000000,0
jps.save.changed.project.entities.ms,1788058520480000000,1788058580479000000,0
workspaceModel.moduleBridgeLoader.loading.modules.ms,1788058520480000000,1788058580479000000,0
jps.facet.change.listener.init.bridge.ms,1788058520480000000,1788058580479000000,0
jps.project.serializers.save.ms,1788058520480000000,1788058580479000000,0
workspaceModel.mutableEntityStorage.has.same.entities.ms,1788058520480000000,1788058580479000000,0
workspaceModel.mutableEntityStorage.add.entity.ms,1788058520480000000,1788058580479000000,0
workspaceModel.delayed.project.synchronizer.sync.ms,1788058520480000000,1788058580479000000,0
jps.project.serializers.load.ms,1788058520480000000,1788058580479000000,0
workspaceModel.mutableEntityStorage.mutable.vfurl.index.ms,1788058520480000000,1788058580479000000,0
jps.load.project.to.empty.storage.ms,1788058520480000000,1788058580479000000,0
jps.global.initialize.library.bridges.after.loading.ms,1788058520480000000,1788058580479000000,0
workspaceModel.moduleManagerBridge.newModule.ms,1788058520480000000,1788058580479000000,0
workspaceModel.mutableEntityStorage.referrers.ms,1788058520480000000,1788058580479000000,0
workspaceModel.moduleManagerBridge.build.module.graph.ms,1788058520480000000,1788058580479000000,0
jps.library.entities.serializer.save.entities.ms,1788058520480000000,1788058580479000000,0
workspaceModel.orphan.listener.update.ms,1788058520480000000,1788058580479000000,0
jps.module.iml.entities.serializer.save.entities.ms,1788058520480000000,1788058580479000000,0
workspaceModel.mutableEntityStorage.replace.by.source.ms,1788058520480000000,1788058580479000000,0
jps.global.handle.changed.events.ms,1788058520480000000,1788058580479000000,0
workspaceModel.global.apply.state.to.project.ms,1788058520480000000,1788058580479000000,0
jps.storage.jps.conf.reader.load.component.ms,1788058520480000000,1788058580479000000,0
workspaceModel.save.cache.to.file.ms,1788058520480000000,1788058580479000000,0
jps.save.global.entities.ms,1788058520480000000,1788058580479000000,0
workspaceModel.mutableEntityStorage.put.entity.ms,1788058520480000000,1788058580479000000,0
workspaceModel.mutableEntityStorage.to.snapshot.ms,1788058520480000000,1788058580479000000,0
workspaceModel.mutableEntityStorage.modify.entity.ms,1788058520480000000,1788058580479000000,0
jps.reload.project.entities.ms,1788058520480000000,1788058580479000000,0
workspaceModel.moduleManagerBridge.set.unloadedModules.ms,1788058520480000000,1788058580479000000,0
workspaceModel.moduleManagerBridge.load.module.ms,1788058520480000000,1788058580479000000,0
workspaceModel.mutableEntityStorage.remove.entity.ms,1788058520480000000,1788058580479000000,0
workspaceModel.load.cache.from.file.ms,1788058520480000000,1788058580479000000,0
jps.facet.change.listener.process.change.events.ms,1788058520480000000,1788058580479000000,0
workspaceModel.moduleManagerBridge.load.all.modules.ms,1788058520480000000,1788058580479000000,0
workspaceModel.do.save.caches.ms,1788058520480000000,1788058580479000000,0
jps.global.initialize.library.bridges.ms,1788058520480000000,1788058580479000000,0
workspaceModel.global.apply.state.to.project.builder.ms,1788058520480000000,1788058580479000000,0
workspaceModel.mutableEntityStorage.resolve.ms,1788058520480000000,1788058580479000000,0
jps.app.storage.content.writer.save.component.ms,1788058520480000000,1788058580479000000,0
workspaceModel.mutableEntityStorage.mutable.ext.mapping.ms,1788058520480000000,1788058580479000000,0
workspaceModel.mutableEntityStorage.collect.changes.ms,1788058520480000000,1788058580479000000,0
workspaceModel.mutableEntityStorage.entities.by.source.ms,1788058520480000000,1788058580479000000,0
jps.load.initial.state.ms,1788058520480000000,1788058580479000000,0
jps.apply.loaded.storage.ms,1788058520480000000,1788058580479000000,0
jps.artifact.entities.serializer.load.entities.ms,1788058520480000000,1788058580479000000,0
jps.global.get.libraries.ms,1788058520480000000,1788058580479000000,0
workspaceModel.global.updates.ms,1788058520480000000,1788058580479000000,0
jps.artifact.entities.serializer.save.entities.ms,1788058520480000000,1788058580479000000,0
workspaceModel.mutableEntityStorage.instances.count,1788058520480000000,1788058580479000000,0
workspaceModel.moduleManagerBridge.get.modules.ms,1788058520480000000,1788058580479000000,0
workspaceModel.sync.entities.ms,1788058520480000000,1788058580479000000,0
workspaceModel.moduleManagerBridge.create.module.instance.ms,1788058520480000000,1788058580479000000,0
jps.module.iml.entities.serializer.load.entities.ms,1788058520480000000,1788058580479000000,0
workspaceModel.moduleManagerBridge.new.nonPersistent.module.ms,1788058520480000000,1788058580479000000,0
workspaceModel.mutableEntityStorage.entities.ms,1788058520480000000,1788058580479000000,0
workspaceModel.load.cache.metadata.from.file.ms,1788058520480000000,1788058580479000000,0
workspaceModel.init.bridges.ms,1788058520480000000,1788058580479000000,0
workspaceModel.workspaceFileIndexData.instances.count,1788058520480000000,1788058580479000000,0
workspaceModel.loading.total.ms,1788058520480000000,1788058580479000000,0
workspaceModel.updates.count,1788058520480000000,1788058580479000000,0
workspaceModel.workspaceFileIndexData.getDirectoriesByPackageName.ms,1788058520480000000,1788058580479000000,0
workspaceModel.initializing.ms,1788058520480000000,1788058580479000000,0
workspaceModel.updates.precise.ms,1788058520480000000,1788058580479000000,0
workspaceModel.cachedValueWithParameters.calculated.ms,1788058520480000000,1788058580479000000,0
workspaceModel.workspaceFileIndexData.markDirty.ms,1788058520480000000,1788058580479000000,0
workspaceModel.update.unloaded.entities.ms,1788058520480000000,1788058580479000000,0
workspaceModel.workspaceFileIndexData.processFileSets.ms,1788058520480000000,1788058580479000000,0
workspaceModel.workspaceFileIndexData.init.ms,1788058520480000000,1788058580479000000,0
workspaceModel.replace.project.model.ms,1788058520480000000,1788058580479000000,0
workspaceModel.loading.from.cache.ms,1788058520480000000,1788058580479000000,0
workspaceModel.cachedValue.from.cache.ms,1788058520480000000,1788058580479000000,0
workspaceModel.workspaceFileIndexData.getPackageName.ms,1788058520480000000,1788058580479000000,0
workspaceModel.workspaceFileIndexData.onEntitiesChanged.ms,1788058520480000000,1788058580479000000,0
workspaceModel.updates.ms,1788058520480000000,1788058580479000000,0
workspaceModel.workspaceFileIndexData.getFileInfo.ms,1788058520480000000,1788058580479000000,0
workspaceModel.to.snapshot.ms,1788058520480000000,1788058580479000000,0
workspaceModel.cachedValue.clear.ms,1788058520480000000,1788058580479000000,0
workspaceModel.workspaceFileIndexData.updateDirtyEntities.ms,1788058520480000000,1788058580479000000,0
workspaceModel.entityStorageSnapshotImpl.instances.count,1788058520480000000,1788058580479000000,0
workspaceModel.cachedValueWithParameters.clear.ms,1788058520480000000,1788058580479000000,0
workspaceModel.check.recursive.update.ms,1788058520480000000,1788058580479000000,0
workspaceModel.collect.changes.ms,1788058520480000000,1788058580479000000,0
workspaceModel.cachedValueWithParameters.total.get.ms,1788058520480000000,1788058580479000000,0
workspaceModel.cachedValue.calculated.ms,1788058520480000000,1788058580479000000,0
workspaceModel.pre.handlers.ms,1788058520480000000,1788058580479000000,0
workspaceModel.cachedValueWithParameters.from.cache.ms,1788058520480000000,1788058580479000000,0
workspaceModel.cachedValue.total.get.ms,1788058520480000000,1788058580479000000,0
workspaceModel.workspaceFileIndexContributor.registerFileSets.ms,1788058520480000000,1788058580479000000,0
workspaceModel.workspaceFileIndexData.visitFileSets.ms,1788058520480000000,1788058580479000000,0
workspaceModel.full.replace.project.model.ms,1788058520480000000,1788058580479000000,0
compiler.ArtifactManagerBridge.getArtifactsByType.ms,1788058520480000000,1788058580479000000,0
compiler.ArtifactVirtualFileListener.filePathChanged.ms,1788058520480000000,1788058580479000000,0
compiler.ArtifactManagerBridge.initBridges.ms,1788058520480000000,1788058580479000000,0
compiler.ArtifactManagerBridge.findArtifact.ms,1788058520480000000,1788058580479000000,0
compiler.ArtifactManagerBridge.dropMappings.ms,1788058520480000000,1788058580479000000,0
compiler.ArtifactVirtualFileListener.propertyChanged.ms,1788058520480000000,1788058580479000000,0
compiler.ArtifactManagerBridge.addArtifact.ms,1788058520480000000,1788058580479000000,0
compiler.ArtifactManagerBridge.commit.ms,1788058520480000000,1788058580479000000,0
compiler.ArtifactManagerBridge.getArtifacts.ms,1788058520480000000,1788058580479000000,0
Indexes.entries.lookupDurationAvgMs,1788058520480000000,1788058580479000000,0.0
Indexes.allKeys.lookupDurationAvgMs,1788058520480000000,1788058580479000000,0.0
IndexesFlusher.totalFlushes,1788058520480000000,1788058580479000000,118
Indexes.stubs.lookups,1788058520480000000,1788058580479000000,0.0
Indexes.allKeys.lookups,1788058520480000000,1788058580479000000,0.0
Indexes.entries.lookups,1788058520480000000,1788058580479000000,0.0
Indexes.allKeys.lookupDuration90PMs,1788058520480000000,1788058580479000000,0.0
IndexesFlusher.totalFlushesRetried,1788058520480000000,1788058580479000000,0
Indexes.allKeys.lookupDurationMaxMs,1788058520480000000,1788058580479000000,0.0
IndexesFlusher.totalContentionQuotaSpent,1788058520480000000,1788058580479000000,0
Indexes.stubs.lookupDurationAvgMs,1788058520480000000,1788058580479000000,0.0
Indexes.entries.lookupDuration90PMs,1788058520480000000,1788058580479000000,0.0
Indexes.stubs.lookupDurationMaxMs,1788058520480000000,1788058580479000000,0.0
IndexesFlusher.totalFlushingTimeUs,1788058520480000000,1788058580479000000,315759
Indexes.entries.lookupDurationMaxMs,1788058520480000000,1788058580479000000,0.0
Indexes.stubs.lookupDuration90PMs,1788058520480000000,1788058580479000000,0.0
FileNameCache.queries,1788058520480000000,1788058580479000000,0
FileNameCache.totalMisses,1788058520480000000,1788058580479000000,0
VFS.fileByIdCache.hits,1788058520480000000,1788058580479000000,0
VFS.fileByIdCache.misses,1788058520480000000,1788058580479000000,0
VFS.invertedFileNameIndex.requests,1788058520480000000,1788058580479000000,0
VFS.fileChildByName,1788058520480000000,1788058580479000000,0
DirectByteBufferAllocator.misses,1788058580479000000,1788058640475000000,0
MappedFileStorage.storages,1788058580479000000,1788058640475000000,14
FilePageCache.disposedBuffers,1788058580479000000,1788058640475000000,0
FilePageCache.pageLoads,1788058580479000000,1788058640475000000,0
MappedFileStorage.totalPagesMapped,1788058580479000000,1788058640475000000,14
DirectByteBufferAllocator.totalSizeOfBuffersAllocatedInBytes,1788058580479000000,1788058640475000000,302006272
FilePageCache.pageFastCacheHits,1788058580479000000,1788058640475000000,0
FilePageCache.maxRegisteredFiles,1788058580479000000,1788058640475000000,555
FilePageCacheLockFree.totalClosedStoragesReclaimed,1788058580479000000,1788058640475000000,0
FilePageCache.uncachedFileAccess,1788058580479000000,1788058640475000000,0
DirectByteBufferAllocator.hits,1788058580479000000,1788058640475000000,0
StreamlinedBlobStorage.recordsRelocated,1788058580479000000,1788058640475000000,0
FilePageCache.pageLoadsAboveSizeThreshold,1788058580479000000,1788058640475000000,0
FileChannelInterruptsRetryer.totalRetriedAttempts,1788058580479000000,1788058640475000000,0
DirectByteBufferAllocator.reclaimed,1788058580479000000,1788058640475000000,0
FilePageCache.pageHits,1788058580479000000,1788058640475000000,0
FilePageCacheLockFree.totalPagesReadMs,1788058580479000000,1788058640475000000,0
FilePageCacheLockFree.totalPagesWritten,1788058580479000000,1788058640475000000,0
FilePageCacheLockFree.totalHeapBytesReclaimed,1788058580479000000,1788058640475000000,0
FilePageCacheLockFree.nativeBytesInUse,1788058580479000000,1788058640475000000,0
StreamlinedBlobStorage.totalLiveRecordsCapacityBytes,1788058580479000000,1788058640475000000,0
FilePageCacheLockFree.totalPagesRequestsMs,1788058580479000000,1788058640475000000,0
FilePageCache.maxCacheSizeInBytes,1788058580479000000,1788058640475000000,302006272
StreamlinedBlobStorage.totalLiveRecordsPayloadBytes,1788058580479000000,1788058640475000000,0
FilePageCacheLockFree.heapBytesInUse,1788058580479000000,1788058640475000000,0
FilePageCacheLockFree.totalPagesReclaimed,1788058580479000000,1788058640475000000,0
FilePageCacheLockFree.totalBytesRequested,1788058580479000000,1788058640475000000,0
FilePageCacheLockFree.totalNativeBytesReclaimed,1788058580479000000,1788058640475000000,0
StorageLockContext.competingThreads.90P,1788058580479000000,1788058640475000000,0
FilePageCacheLockFree.totalHeapBytesAllocated,1788058580479000000,1788058640475000000,0
StorageLockContext.competingThreads.avg,1788058580479000000,1788058640475000000,0.0
FilePageCacheLockFree.housekeeperTurnsSkipped,1788058580479000000,1788058640475000000,0
FilePageCache.totalPageDisposalsUs,1788058580479000000,1788058640475000000,0
FilePageCacheLockFree.totalPagesAllocated,1788058580479000000,1788058640475000000,0
FilePageCacheLockFree.totalPagesRequested,1788058580479000000,1788058640475000000,0
StreamlinedBlobStorage.recordsDeleted,1788058580479000000,1788058640475000000,0
FilePageCacheLockFree.totalNativeBytesAllocated,1788058580479000000,1788058640475000000,0
StorageLockContext.competingThreads.max,1788058580479000000,1788058640475000000,0
MappedFileStorage.totalTimeSpentOnMappingUs,1788058580479000000,1788058640475000000,2586502
FilePageCacheLockFree.totalBytesWritten,1788058580479000000,1788058640475000000,0
FilePageCacheLockFree.totalBytesRead,1788058580479000000,1788058640475000000,0
FilePageCache.totalPageLoadsUs,1788058580479000000,1788058640475000000,0
FilePageCacheLockFree.totalPageAllocationsWaited,1788058580479000000,1788058640475000000,0
FilePageCacheLockFree.totalPagesHandedOver,1788058580479000000,1788058640475000000,0
FilePageCacheLockFree.housekeeperTimeSpentMs,1788058580479000000,1788058640475000000,0
DirectByteBufferAllocator.disposed,1788058580479000000,1788058640475000000,0
FilePageCache.capacityInBytes,1788058580479000000,1788058640475000000,503316478
FilePageCacheLockFree.housekeeperTurnsDone,1788058580479000000,1788058640475000000,0
FilePageCacheLockFree.totalPagesWriteMs,1788058580479000000,1788058640475000000,0
DirectByteBufferAllocator.totalSizeOfBuffersCachedInBytes,1788058580479000000,1788058640475000000,0
StreamlinedBlobStorage.recordsAllocated,1788058580479000000,1788058640475000000,0
MappedFileStorage.totalBytesMapped,1788058580479000000,1788058640475000000,194248704
JVM.maxHeapBytes,1788058580479000000,1788058640475000000,2147483648
JVM.GC.collections,1788058580479000000,1788058640475000000,0
OS.loadAverage,1788058580479000000,1788058640475000000,2.92724609375
JVM.GC.collectionTimesMs,1788058580479000000,1788058640475000000,0
JVM.totalBytesAllocated,1788058580479000000,1788058640475000000,12382704
JVM.usedNativeBytes,1788058580479000000,1788058640475000000,389062200
JVM.usedHeapBytes,1788058580479000000,1788058640475000000,354059936
JVM.totalDirectByteBuffersBytes,1788058580479000000,1788058640475000000,302855415
JVM.maxThreadCount,1788058580479000000,1788058640475000000,179
JVM.newThreadsCount,1788058580479000000,1788058640475000000,0
JVM.threadCount,1788058580479000000,1788058640475000000,57
JVM.totalCpuTimeMs,1788058580479000000,1788058640475000000,877
writeAction.wait.ms,1788058580479000000,1788058640475000000,0
writeAction.count,1788058580479000000,1788058640475000000,0
writeAction.max.wait.ms,1788058580479000000,1788058640475000000,11
writeAction.median.wait.ms,1788058580479000000,1788058640475000000,0
NonBlockingReadAction.failedExecutionsCount,1788058580479000000,1788058640475000000,0
FlushQueue.waitingTimeMaxNs,1788058580479000000,1788058640475000000,0
NonBlockingReadAction.failedExecutionTimeUs,1788058580479000000,1788058640475000000,0
FlushQueue.queueSizeMax,1788058580479000000,1788058640475000000,0
FlushQueue.executionTime90PNs,1788058580479000000,1788058640475000000,0
AWTEventQueue.dispatchTime90PNs,1788058580479000000,1788058640475000000,0
FlushQueue.tasksExecuted,1788058580479000000,1788058640475000000,0
AWTEventQueue.eventsDispatched,1788058580479000000,1788058640475000000,0
FlushQueue.queueSize90P,1788058580479000000,1788058640475000000,0
FlushQueue.waitingTime90PNs,1788058580479000000,1788058640475000000,0
FlushQueue.executionTimeMaxNs,1788058580479000000,1788058640475000000,0
FlushQueue.executionTimeAvgNs,1788058580479000000,1788058640475000000,0.0
AWTEventQueue.dispatchTimeAvgNs,1788058580479000000,1788058640475000000,0.0
NonBlockingReadAction.finalizedExecutionTimeUs,1788058580479000000,1788058640475000000,15367
FlushQueue.waitingTimeAvgNs,1788058580479000000,1788058640475000000,0.0
AWTEventQueue.dispatchTimeMaxNs,1788058580479000000,1788058640475000000,0
NonBlockingReadAction.finalizedExecutionsCount,1788058580479000000,1788058640475000000,3
WriteAction.executionsCount,1788058580479000000,1788058640475000000,0
ReadAction.executionsCount,1788058580479000000,1788058640475000000,26
FlushQueue.queueSizeAvg,1788058580479000000,1788058640475000000,0.0
AWTEventQueue.dispatchTimeTotalNS,1788058580479000000,1788058640475000000,25563751
cacheStateStorage.set.duration,1788058580479000000,1788058640475000000,1
cacheStateStorage.get.duration,1788058580479000000,1788058640475000000,0
cacheStateStorage.get.counter,1788058580479000000,1788058640475000000,1
cacheStateStorage.set.counter,1788058580479000000,1788058640475000000,1
jps.global.get.library.ms,1788058580479000000,1788058640475000000,0
jps.global.get.library.by.name.ms,1788058580479000000,1788058640475000000,0
jps.library.entities.serializer.load.entities.ms,1788058580479000000,1788058640475000000,0
workspaceModel.global.updates.count,1788058580479000000,1788058640475000000,0
workspaceModel.moduleBridge.before.changed.ms,1788058580479000000,1788058640475000000,0
workspaceModel.moduleBridge.update.option.ms,1788058580479000000,1788058640475000000,0
workspaceModel.moduleBridge.facet.initialization.ms,1788058580479000000,1788058640475000000,0
workspaceModel.mutableEntityStorage.apply.changes.from.ms,1788058580479000000,1788058640475000000,0
jps.facet.change.listener.before.change.events.ms,1788058580479000000,1788058640475000000,0
jps.global.handle.before.change.events.ms,1788058580479000000,1788058640475000000,0
jps.app.storage.content.reader.load.component.ms,1788058580479000000,1788058640475000000,0
jps.save.changed.project.entities.ms,1788058580479000000,1788058640475000000,0
workspaceModel.moduleBridgeLoader.loading.modules.ms,1788058580479000000,1788058640475000000,0
jps.facet.change.listener.init.bridge.ms,1788058580479000000,1788058640475000000,0
jps.project.serializers.save.ms,1788058580479000000,1788058640475000000,0
workspaceModel.mutableEntityStorage.has.same.entities.ms,1788058580479000000,1788058640475000000,0
workspaceModel.mutableEntityStorage.add.entity.ms,1788058580479000000,1788058640475000000,0
workspaceModel.delayed.project.synchronizer.sync.ms,1788058580479000000,1788058640475000000,0
jps.project.serializers.load.ms,1788058580479000000,1788058640475000000,0
workspaceModel.mutableEntityStorage.mutable.vfurl.index.ms,1788058580479000000,1788058640475000000,0
jps.load.project.to.empty.storage.ms,1788058580479000000,1788058640475000000,0
jps.global.initialize.library.bridges.after.loading.ms,1788058580479000000,1788058640475000000,0
workspaceModel.moduleManagerBridge.newModule.ms,1788058580479000000,1788058640475000000,0
workspaceModel.mutableEntityStorage.referrers.ms,1788058580479000000,1788058640475000000,0
workspaceModel.moduleManagerBridge.build.module.graph.ms,1788058580479000000,1788058640475000000,0
jps.library.entities.serializer.save.entities.ms,1788058580479000000,1788058640475000000,0
workspaceModel.orphan.listener.update.ms,1788058580479000000,1788058640475000000,0
jps.module.iml.entities.serializer.save.entities.ms,1788058580479000000,1788058640475000000,0
workspaceModel.mutableEntityStorage.replace.by.source.ms,1788058580479000000,1788058640475000000,0
jps.global.handle.changed.events.ms,1788058580479000000,1788058640475000000,0
workspaceModel.global.apply.state.to.project.ms,1788058580479000000,1788058640475000000,0
jps.storage.jps.conf.reader.load.component.ms,1788058580479000000,1788058640475000000,0
workspaceModel.save.cache.to.file.ms,1788058580479000000,1788058640475000000,0
jps.save.global.entities.ms,1788058580479000000,1788058640475000000,0
workspaceModel.mutableEntityStorage.put.entity.ms,1788058580479000000,1788058640475000000,0
workspaceModel.mutableEntityStorage.to.snapshot.ms,1788058580479000000,1788058640475000000,0
workspaceModel.mutableEntityStorage.modify.entity.ms,1788058580479000000,1788058640475000000,0
jps.reload.project.entities.ms,1788058580479000000,1788058640475000000,0
workspaceModel.moduleManagerBridge.set.unloadedModules.ms,1788058580479000000,1788058640475000000,0
workspaceModel.moduleManagerBridge.load.module.ms,1788058580479000000,1788058640475000000,0
workspaceModel.mutableEntityStorage.remove.entity.ms,1788058580479000000,1788058640475000000,0
workspaceModel.load.cache.from.file.ms,1788058580479000000,1788058640475000000,0
jps.facet.change.listener.process.change.events.ms,1788058580479000000,1788058640475000000,0
workspaceModel.moduleManagerBridge.load.all.modules.ms,1788058580479000000,1788058640475000000,0
workspaceModel.do.save.caches.ms,1788058580479000000,1788058640475000000,0
jps.global.initialize.library.bridges.ms,1788058580479000000,1788058640475000000,0
workspaceModel.global.apply.state.to.project.builder.ms,1788058580479000000,1788058640475000000,0
workspaceModel.mutableEntityStorage.resolve.ms,1788058580479000000,1788058640475000000,0
jps.app.storage.content.writer.save.component.ms,1788058580479000000,1788058640475000000,0
workspaceModel.mutableEntityStorage.mutable.ext.mapping.ms,1788058580479000000,1788058640475000000,0
workspaceModel.mutableEntityStorage.collect.changes.ms,1788058580479000000,1788058640475000000,0
workspaceModel.mutableEntityStorage.entities.by.source.ms,1788058580479000000,1788058640475000000,0
jps.load.initial.state.ms,1788058580479000000,1788058640475000000,0
jps.apply.loaded.storage.ms,1788058580479000000,1788058640475000000,0
jps.artifact.entities.serializer.load.entities.ms,1788058580479000000,1788058640475000000,0
jps.global.get.libraries.ms,1788058580479000000,1788058640475000000,0
workspaceModel.global.updates.ms,1788058580479000000,1788058640475000000,0
jps.artifact.entities.serializer.save.entities.ms,1788058580479000000,1788058640475000000,0
workspaceModel.mutableEntityStorage.instances.count,1788058580479000000,1788058640475000000,0
workspaceModel.moduleManagerBridge.get.modules.ms,1788058580479000000,1788058640475000000,0
workspaceModel.sync.entities.ms,1788058580479000000,1788058640475000000,0
workspaceModel.moduleManagerBridge.create.module.instance.ms,1788058580479000000,1788058640475000000,0
jps.module.iml.entities.serializer.load.entities.ms,1788058580479000000,1788058640475000000,0
workspaceModel.moduleManagerBridge.new.nonPersistent.module.ms,1788058580479000000,1788058640475000000,0
workspaceModel.mutableEntityStorage.entities.ms,1788058580479000000,1788058640475000000,0
workspaceModel.load.cache.metadata.from.file.ms,1788058580479000000,1788058640475000000,0
workspaceModel.init.bridges.ms,1788058580479000000,1788058640475000000,0
workspaceModel.workspaceFileIndexData.instances.count,1788058580479000000,1788058640475000000,0
workspaceModel.loading.total.ms,1788058580479000000,1788058640475000000,0
workspaceModel.updates.count,1788058580479000000,1788058640475000000,0
workspaceModel.workspaceFileIndexData.getDirectoriesByPackageName.ms,1788058580479000000,1788058640475000000,0
workspaceModel.initializing.ms,1788058580479000000,1788058640475000000,0
workspaceModel.updates.precise.ms,1788058580479000000,1788058640475000000,0
workspaceModel.cachedValueWithParameters.calculated.ms,1788058580479000000,1788058640475000000,0
workspaceModel.workspaceFileIndexData.markDirty.ms,1788058580479000000,1788058640475000000,0
workspaceModel.update.unloaded.entities.ms,1788058580479000000,1788058640475000000,0
workspaceModel.workspaceFileIndexData.processFileSets.ms,1788058580479000000,1788058640475000000,0
workspaceModel.workspaceFileIndexData.init.ms,1788058580479000000,1788058640475000000,0
workspaceModel.replace.project.model.ms,1788058580479000000,1788058640475000000,0
workspaceModel.loading.from.cache.ms,1788058580479000000,1788058640475000000,0
workspaceModel.cachedValue.from.cache.ms,1788058580479000000,1788058640475000000,0
workspaceModel.workspaceFileIndexData.getPackageName.ms,1788058580479000000,1788058640475000000,0
workspaceModel.workspaceFileIndexData.onEntitiesChanged.ms,1788058580479000000,1788058640475000000,0
workspaceModel.updates.ms,1788058580479000000,1788058640475000000,0
workspaceModel.workspaceFileIndexData.getFileInfo.ms,1788058580479000000,1788058640475000000,0
workspaceModel.to.snapshot.ms,1788058580479000000,1788058640475000000,0
workspaceModel.cachedValue.clear.ms,1788058580479000000,1788058640475000000,0
workspaceModel.workspaceFileIndexData.updateDirtyEntities.ms,1788058580479000000,1788058640475000000,0
workspaceModel.entityStorageSnapshotImpl.instances.count,1788058580479000000,1788058640475000000,0
workspaceModel.cachedValueWithParameters.clear.ms,1788058580479000000,1788058640475000000,0
workspaceModel.check.recursive.update.ms,1788058580479000000,1788058640475000000,0
workspaceModel.collect.changes.ms,1788058580479000000,1788058640475000000,0
workspaceModel.cachedValueWithParameters.total.get.ms,1788058580479000000,1788058640475000000,0
workspaceModel.cachedValue.calculated.ms,1788058580479000000,1788058640475000000,0
workspaceModel.pre.handlers.ms,1788058580479000000,1788058640475000000,0
workspaceModel.cachedValueWithParameters.from.cache.ms,1788058580479000000,1788058640475000000,0
workspaceModel.cachedValue.total.get.ms,1788058580479000000,1788058640475000000,0
workspaceModel.workspaceFileIndexContributor.registerFileSets.ms,1788058580479000000,1788058640475000000,0
workspaceModel.workspaceFileIndexData.visitFileSets.ms,1788058580479000000,1788058640475000000,0
workspaceModel.full.replace.project.model.ms,1788058580479000000,1788058640475000000,0
compiler.ArtifactManagerBridge.getArtifactsByType.ms,1788058580479000000,1788058640475000000,0
compiler.ArtifactVirtualFileListener.filePathChanged.ms,1788058580479000000,1788058640475000000,0
compiler.ArtifactManagerBridge.initBridges.ms,1788058580479000000,1788058640475000000,0
compiler.ArtifactManagerBridge.findArtifact.ms,1788058580479000000,1788058640475000000,0
compiler.ArtifactManagerBridge.dropMappings.ms,1788058580479000000,1788058640475000000,0
compiler.ArtifactVirtualFileListener.propertyChanged.ms,1788058580479000000,1788058640475000000,0
compiler.ArtifactManagerBridge.addArtifact.ms,1788058580479000000,1788058640475000000,0
compiler.ArtifactManagerBridge.commit.ms,1788058580479000000,1788058640475000000,0
compiler.ArtifactManagerBridge.getArtifacts.ms,1788058580479000000,1788058640475000000,0
Indexes.entries.lookupDurationAvgMs,1788058580479000000,1788058640475000000,0.0
Indexes.allKeys.lookupDurationAvgMs,1788058580479000000,1788058640475000000,0.0
IndexesFlusher.totalFlushes,1788058580479000000,1788058640475000000,117
Indexes.stubs.lookups,1788058580479000000,1788058640475000000,0.0
Indexes.allKeys.lookups,1788058580479000000,1788058640475000000,0.0
Indexes.entries.lookups,1788058580479000000,1788058640475000000,0.0
Indexes.allKeys.lookupDuration90PMs,1788058580479000000,1788058640475000000,0.0
IndexesFlusher.totalFlushesRetried,1788058580479000000,1788058640475000000,0
Indexes.allKeys.lookupDurationMaxMs,1788058580479000000,1788058640475000000,0.0
IndexesFlusher.totalContentionQuotaSpent,1788058580479000000,1788058640475000000,0
Indexes.stubs.lookupDurationAvgMs,1788058580479000000,1788058640475000000,0.0
Indexes.entries.lookupDuration90PMs,1788058580479000000,1788058640475000000,0.0
Indexes.stubs.lookupDurationMaxMs,1788058580479000000,1788058640475000000,0.0
IndexesFlusher.totalFlushingTimeUs,1788058580479000000,1788058640475000000,326598
Indexes.entries.lookupDurationMaxMs,1788058580479000000,1788058640475000000,0.0
Indexes.stubs.lookupDuration90PMs,1788058580479000000,1788058640475000000,0.0
FileNameCache.queries,1788058580479000000,1788058640475000000,832
FileNameCache.totalMisses,1788058580479000000,1788058640475000000,0
VFS.fileByIdCache.hits,1788058580479000000,1788058640475000000,0
VFS.fileByIdCache.misses,1788058580479000000,1788058640475000000,0
VFS.invertedFileNameIndex.requests,1788058580479000000,1788058640475000000,0
VFS.fileChildByName,1788058580479000000,1788058640475000000,93
DirectByteBufferAllocator.misses,1788058640475000000,1788058700476000000,0
MappedFileStorage.storages,1788058640475000000,1788058700476000000,14
FilePageCache.disposedBuffers,1788058640475000000,1788058700476000000,0
FilePageCache.pageLoads,1788058640475000000,1788058700476000000,0
MappedFileStorage.totalPagesMapped,1788058640475000000,1788058700476000000,14
DirectByteBufferAllocator.totalSizeOfBuffersAllocatedInBytes,1788058640475000000,1788058700476000000,302006272
FilePageCache.pageFastCacheHits,1788058640475000000,1788058700476000000,0
FilePageCache.maxRegisteredFiles,1788058640475000000,1788058700476000000,555
FilePageCacheLockFree.totalClosedStoragesReclaimed,1788058640475000000,1788058700476000000,0
FilePageCache.uncachedFileAccess,1788058640475000000,1788058700476000000,0
DirectByteBufferAllocator.hits,1788058640475000000,1788058700476000000,0
StreamlinedBlobStorage.recordsRelocated,1788058640475000000,1788058700476000000,0
FilePageCache.pageLoadsAboveSizeThreshold,1788058640475000000,1788058700476000000,0
FileChannelInterruptsRetryer.totalRetriedAttempts,1788058640475000000,1788058700476000000,0
DirectByteBufferAllocator.reclaimed,1788058640475000000,1788058700476000000,0
FilePageCache.pageHits,1788058640475000000,1788058700476000000,0
FilePageCacheLockFree.totalPagesReadMs,1788058640475000000,1788058700476000000,0
FilePageCacheLockFree.totalPagesWritten,1788058640475000000,1788058700476000000,0
FilePageCacheLockFree.totalHeapBytesReclaimed,1788058640475000000,1788058700476000000,0
FilePageCacheLockFree.nativeBytesInUse,1788058640475000000,1788058700476000000,0
StreamlinedBlobStorage.totalLiveRecordsCapacityBytes,1788058640475000000,1788058700476000000,0
FilePageCacheLockFree.totalPagesRequestsMs,1788058640475000000,1788058700476000000,0
FilePageCache.maxCacheSizeInBytes,1788058640475000000,1788058700476000000,302006272
StreamlinedBlobStorage.totalLiveRecordsPayloadBytes,1788058640475000000,1788058700476000000,0
FilePageCacheLockFree.heapBytesInUse,1788058640475000000,1788058700476000000,0
FilePageCacheLockFree.totalPagesReclaimed,1788058640475000000,1788058700476000000,0
FilePageCacheLockFree.totalBytesRequested,1788058640475000000,1788058700476000000,0
FilePageCacheLockFree.totalNativeBytesReclaimed,1788058640475000000,1788058700476000000,0
StorageLockContext.competingThreads.90P,1788058640475000000,1788058700476000000,0
FilePageCacheLockFree.totalHeapBytesAllocated,1788058640475000000,1788058700476000000,0
StorageLockContext.competingThreads.avg,1788058640475000000,1788058700476000000,0.0
FilePageCacheLockFree.housekeeperTurnsSkipped,1788058640475000000,1788058700476000000,0
FilePageCache.totalPageDisposalsUs,1788058640475000000,1788058700476000000,0
FilePageCacheLockFree.totalPagesAllocated,1788058640475000000,1788058700476000000,0
FilePageCacheLockFree.totalPagesRequested,1788058640475000000,1788058700476000000,0
StreamlinedBlobStorage.recordsDeleted,1788058640475000000,1788058700476000000,0
FilePageCacheLockFree.totalNativeBytesAllocated,1788058640475000000,1788058700476000000,0
StorageLockContext.competingThreads.max,1788058640475000000,1788058700476000000,0
MappedFileStorage.totalTimeSpentOnMappingUs,1788058640475000000,1788058700476000000,2586502
FilePageCacheLockFree.totalBytesWritten,1788058640475000000,1788058700476000000,0
FilePageCacheLockFree.totalBytesRead,1788058640475000000,1788058700476000000,0
FilePageCache.totalPageLoadsUs,1788058640475000000,1788058700476000000,0
FilePageCacheLockFree.totalPageAllocationsWaited,1788058640475000000,1788058700476000000,0
FilePageCacheLockFree.totalPagesHandedOver,1788058640475000000,1788058700476000000,0
FilePageCacheLockFree.housekeeperTimeSpentMs,1788058640475000000,1788058700476000000,0
DirectByteBufferAllocator.disposed,1788058640475000000,1788058700476000000,0
FilePageCache.capacityInBytes,1788058640475000000,1788058700476000000,503316478
FilePageCacheLockFree.housekeeperTurnsDone,1788058640475000000,1788058700476000000,0
FilePageCacheLockFree.totalPagesWriteMs,1788058640475000000,1788058700476000000,0
DirectByteBufferAllocator.totalSizeOfBuffersCachedInBytes,1788058640475000000,1788058700476000000,0
StreamlinedBlobStorage.recordsAllocated,1788058640475000000,1788058700476000000,0
MappedFileStorage.totalBytesMapped,1788058640475000000,1788058700476000000,194248704
JVM.maxHeapBytes,1788058640475000000,1788058700476000000,2147483648
JVM.GC.collections,1788058640475000000,1788058700476000000,0
OS.loadAverage,1788058640475000000,1788058700476000000,3.4287109375
JVM.GC.collectionTimesMs,1788058640475000000,1788058700476000000,0
JVM.totalBytesAllocated,1788058640475000000,1788058700476000000,9306472
JVM.usedNativeBytes,1788058640475000000,1788058700476000000,389166768
JVM.usedHeapBytes,1788058640475000000,1788058700476000000,363497120
JVM.totalDirectByteBuffersBytes,1788058640475000000,1788058700476000000,302855415
JVM.maxThreadCount,1788058640475000000,1788058700476000000,179
JVM.newThreadsCount,1788058640475000000,1788058700476000000,0
JVM.threadCount,1788058640475000000,1788058700476000000,56
JVM.totalCpuTimeMs,1788058640475000000,1788058700476000000,820
writeAction.wait.ms,1788058640475000000,1788058700476000000,0
writeAction.count,1788058640475000000,1788058700476000000,0
writeAction.max.wait.ms,1788058640475000000,1788058700476000000,11
writeAction.median.wait.ms,1788058640475000000,1788058700476000000,0
NonBlockingReadAction.failedExecutionsCount,1788058640475000000,1788058700476000000,0
FlushQueue.waitingTimeMaxNs,1788058640475000000,1788058700476000000,0
NonBlockingReadAction.failedExecutionTimeUs,1788058640475000000,1788058700476000000,0
FlushQueue.queueSizeMax,1788058640475000000,1788058700476000000,0
FlushQueue.executionTime90PNs,1788058640475000000,1788058700476000000,0
AWTEventQueue.dispatchTime90PNs,1788058640475000000,1788058700476000000,0
FlushQueue.tasksExecuted,1788058640475000000,1788058700476000000,0
AWTEventQueue.eventsDispatched,1788058640475000000,1788058700476000000,0
FlushQueue.queueSize90P,1788058640475000000,1788058700476000000,0
FlushQueue.waitingTime90PNs,1788058640475000000,1788058700476000000,0
FlushQueue.executionTimeMaxNs,1788058640475000000,1788058700476000000,0
FlushQueue.executionTimeAvgNs,1788058640475000000,1788058700476000000,0.0
AWTEventQueue.dispatchTimeAvgNs,1788058640475000000,1788058700476000000,0.0
NonBlockingReadAction.finalizedExecutionTimeUs,1788058640475000000,1788058700476000000,0
FlushQueue.waitingTimeAvgNs,1788058640475000000,1788058700476000000,0.0
AWTEventQueue.dispatchTimeMaxNs,1788058640475000000,1788058700476000000,0
NonBlockingReadAction.finalizedExecutionsCount,1788058640475000000,1788058700476000000,0
WriteAction.executionsCount,1788058640475000000,1788058700476000000,0
ReadAction.executionsCount,1788058640475000000,1788058700476000000,0
FlushQueue.queueSizeAvg,1788058640475000000,1788058700476000000,0.0
AWTEventQueue.dispatchTimeTotalNS,1788058640475000000,1788058700476000000,26960409
cacheStateStorage.set.duration,1788058640475000000,1788058700476000000,0
cacheStateStorage.get.duration,1788058640475000000,1788058700476000000,0
cacheStateStorage.get.counter,1788058640475000000,1788058700476000000,0
cacheStateStorage.set.counter,1788058640475000000,1788058700476000000,0
jps.global.get.library.ms,1788058640475000000,1788058700476000000,0
jps.global.get.library.by.name.ms,1788058640475000000,1788058700476000000,0
jps.library.entities.serializer.load.entities.ms,1788058640475000000,1788058700476000000,0
workspaceModel.global.updates.count,1788058640475000000,1788058700476000000,0
workspaceModel.moduleBridge.before.changed.ms,1788058640475000000,1788058700476000000,0
workspaceModel.moduleBridge.update.option.ms,1788058640475000000,1788058700476000000,0
workspaceModel.moduleBridge.facet.initialization.ms,1788058640475000000,1788058700476000000,0
workspaceModel.mutableEntityStorage.apply.changes.from.ms,1788058640475000000,1788058700476000000,0
jps.facet.change.listener.before.change.events.ms,1788058640475000000,1788058700476000000,0
jps.global.handle.before.change.events.ms,1788058640475000000,1788058700476000000,0
jps.app.storage.content.reader.load.component.ms,1788058640475000000,1788058700476000000,0
jps.save.changed.project.entities.ms,1788058640475000000,1788058700476000000,0
workspaceModel.moduleBridgeLoader.loading.modules.ms,1788058640475000000,1788058700476000000,0
jps.facet.change.listener.init.bridge.ms,1788058640475000000,1788058700476000000,0
jps.project.serializers.save.ms,1788058640475000000,1788058700476000000,0
workspaceModel.mutableEntityStorage.has.same.entities.ms,1788058640475000000,1788058700476000000,0
workspaceModel.mutableEntityStorage.add.entity.ms,1788058640475000000,1788058700476000000,0
workspaceModel.delayed.project.synchronizer.sync.ms,1788058640475000000,1788058700476000000,0
jps.project.serializers.load.ms,1788058640475000000,1788058700476000000,0
workspaceModel.mutableEntityStorage.mutable.vfurl.index.ms,1788058640475000000,1788058700476000000,0
jps.load.project.to.empty.storage.ms,1788058640475000000,1788058700476000000,0
jps.global.initialize.library.bridges.after.loading.ms,1788058640475000000,1788058700476000000,0
workspaceModel.moduleManagerBridge.newModule.ms,1788058640475000000,1788058700476000000,0
workspaceModel.mutableEntityStorage.referrers.ms,1788058640475000000,1788058700476000000,0
workspaceModel.moduleManagerBridge.build.module.graph.ms,1788058640475000000,1788058700476000000,0
jps.library.entities.serializer.save.entities.ms,1788058640475000000,1788058700476000000,0
workspaceModel.orphan.listener.update.ms,1788058640475000000,1788058700476000000,0
jps.module.iml.entities.serializer.save.entities.ms,1788058640475000000,1788058700476000000,0
workspaceModel.mutableEntityStorage.replace.by.source.ms,1788058640475000000,1788058700476000000,0
jps.global.handle.changed.events.ms,1788058640475000000,1788058700476000000,0
workspaceModel.global.apply.state.to.project.ms,1788058640475000000,1788058700476000000,0
jps.storage.jps.conf.reader.load.component.ms,1788058640475000000,1788058700476000000,0
workspaceModel.save.cache.to.file.ms,1788058640475000000,1788058700476000000,0
jps.save.global.entities.ms,1788058640475000000,1788058700476000000,0
workspaceModel.mutableEntityStorage.put.entity.ms,1788058640475000000,1788058700476000000,0
workspaceModel.mutableEntityStorage.to.snapshot.ms,1788058640475000000,1788058700476000000,0
workspaceModel.mutableEntityStorage.modify.entity.ms,1788058640475000000,1788058700476000000,0
jps.reload.project.entities.ms,1788058640475000000,1788058700476000000,0
workspaceModel.moduleManagerBridge.set.unloadedModules.ms,1788058640475000000,1788058700476000000,0
workspaceModel.moduleManagerBridge.load.module.ms,1788058640475000000,1788058700476000000,0
workspaceModel.mutableEntityStorage.remove.entity.ms,1788058640475000000,1788058700476000000,0
workspaceModel.load.cache.from.file.ms,1788058640475000000,1788058700476000000,0
jps.facet.change.listener.process.change.events.ms,1788058640475000000,1788058700476000000,0
workspaceModel.moduleManagerBridge.load.all.modules.ms,1788058640475000000,1788058700476000000,0
workspaceModel.do.save.caches.ms,1788058640475000000,1788058700476000000,0
jps.global.initialize.library.bridges.ms,1788058640475000000,1788058700476000000,0
workspaceModel.global.apply.state.to.project.builder.ms,1788058640475000000,1788058700476000000,0
workspaceModel.mutableEntityStorage.resolve.ms,1788058640475000000,1788058700476000000,0
jps.app.storage.content.writer.save.component.ms,1788058640475000000,1788058700476000000,0
workspaceModel.mutableEntityStorage.mutable.ext.mapping.ms,1788058640475000000,1788058700476000000,0
workspaceModel.mutableEntityStorage.collect.changes.ms,1788058640475000000,1788058700476000000,0
workspaceModel.mutableEntityStorage.entities.by.source.ms,1788058640475000000,1788058700476000000,0
jps.load.initial.state.ms,1788058640475000000,1788058700476000000,0
jps.apply.loaded.storage.ms,1788058640475000000,1788058700476000000,0
jps.artifact.entities.serializer.load.entities.ms,1788058640475000000,1788058700476000000,0
jps.global.get.libraries.ms,1788058640475000000,1788058700476000000,0
workspaceModel.global.updates.ms,1788058640475000000,1788058700476000000,0
jps.artifact.entities.serializer.save.entities.ms,1788058640475000000,1788058700476000000,0
workspaceModel.mutableEntityStorage.instances.count,1788058640475000000,1788058700476000000,0
workspaceModel.moduleManagerBridge.get.modules.ms,1788058640475000000,1788058700476000000,0
workspaceModel.sync.entities.ms,1788058640475000000,1788058700476000000,0
workspaceModel.moduleManagerBridge.create.module.instance.ms,1788058640475000000,1788058700476000000,0
jps.module.iml.entities.serializer.load.entities.ms,1788058640475000000,1788058700476000000,0
workspaceModel.moduleManagerBridge.new.nonPersistent.module.ms,1788058640475000000,1788058700476000000,0
workspaceModel.mutableEntityStorage.entities.ms,1788058640475000000,1788058700476000000,0
workspaceModel.load.cache.metadata.from.file.ms,1788058640475000000,1788058700476000000,0
workspaceModel.init.bridges.ms,1788058640475000000,1788058700476000000,0
workspaceModel.workspaceFileIndexData.instances.count,1788058640475000000,1788058700476000000,0
workspaceModel.loading.total.ms,1788058640475000000,1788058700476000000,0
workspaceModel.updates.count,1788058640475000000,1788058700476000000,0
workspaceModel.workspaceFileIndexData.getDirectoriesByPackageName.ms,1788058640475000000,1788058700476000000,0
workspaceModel.initializing.ms,1788058640475000000,1788058700476000000,0
workspaceModel.updates.precise.ms,1788058640475000000,1788058700476000000,0
workspaceModel.cachedValueWithParameters.calculated.ms,1788058640475000000,1788058700476000000,0
workspaceModel.workspaceFileIndexData.markDirty.ms,1788058640475000000,1788058700476000000,0
workspaceModel.update.unloaded.entities.ms,1788058640475000000,1788058700476000000,0
workspaceModel.workspaceFileIndexData.processFileSets.ms,1788058640475000000,1788058700476000000,0
workspaceModel.workspaceFileIndexData.init.ms,1788058640475000000,1788058700476000000,0
workspaceModel.replace.project.model.ms,1788058640475000000,1788058700476000000,0
workspaceModel.loading.from.cache.ms,1788058640475000000,1788058700476000000,0
workspaceModel.cachedValue.from.cache.ms,1788058640475000000,1788058700476000000,0
workspaceModel.workspaceFileIndexData.getPackageName.ms,1788058640475000000,1788058700476000000,0
workspaceModel.workspaceFileIndexData.onEntitiesChanged.ms,1788058640475000000,1788058700476000000,0
workspaceModel.updates.ms,1788058640475000000,1788058700476000000,0
workspaceModel.workspaceFileIndexData.getFileInfo.ms,1788058640475000000,1788058700476000000,0
workspaceModel.to.snapshot.ms,1788058640475000000,1788058700476000000,0
workspaceModel.cachedValue.clear.ms,1788058640475000000,1788058700476000000,0
workspaceModel.workspaceFileIndexData.updateDirtyEntities.ms,1788058640475000000,1788058700476000000,0
workspaceModel.entityStorageSnapshotImpl.instances.count,1788058640475000000,1788058700476000000,0
workspaceModel.cachedValueWithParameters.clear.ms,1788058640475000000,1788058700476000000,0
workspaceModel.check.recursive.update.ms,1788058640475000000,1788058700476000000,0
workspaceModel.collect.changes.ms,1788058640475000000,1788058700476000000,0
workspaceModel.cachedValueWithParameters.total.get.ms,1788058640475000000,1788058700476000000,0
workspaceModel.cachedValue.calculated.ms,1788058640475000000,1788058700476000000,0
workspaceModel.pre.handlers.ms,1788058640475000000,1788058700476000000,0
workspaceModel.cachedValueWithParameters.from.cache.ms,1788058640475000000,1788058700476000000,0
workspaceModel.cachedValue.total.get.ms,1788058640475000000,1788058700476000000,0
workspaceModel.workspaceFileIndexContributor.registerFileSets.ms,1788058640475000000,1788058700476000000,0
workspaceModel.workspaceFileIndexData.visitFileSets.ms,1788058640475000000,1788058700476000000,0
workspaceModel.full.replace.project.model.ms,1788058640475000000,1788058700476000000,0
compiler.ArtifactManagerBridge.getArtifactsByType.ms,1788058640475000000,1788058700476000000,0
compiler.ArtifactVirtualFileListener.filePathChanged.ms,1788058640475000000,1788058700476000000,0
compiler.ArtifactManagerBridge.initBridges.ms,1788058640475000000,1788058700476000000,0
compiler.ArtifactManagerBridge.findArtifact.ms,1788058640475000000,1788058700476000000,0
compiler.ArtifactManagerBridge.dropMappings.ms,1788058640475000000,1788058700476000000,0
compiler.ArtifactVirtualFileListener.propertyChanged.ms,1788058640475000000,1788058700476000000,0
compiler.ArtifactManagerBridge.addArtifact.ms,1788058640475000000,1788058700476000000,0
compiler.ArtifactManagerBridge.commit.ms,1788058640475000000,1788058700476000000,0
compiler.ArtifactManagerBridge.getArtifacts.ms,1788058640475000000,1788058700476000000,0
Indexes.entries.lookupDurationAvgMs,1788058640475000000,1788058700476000000,0.0
Indexes.allKeys.lookupDurationAvgMs,1788058640475000000,1788058700476000000,0.0
IndexesFlusher.totalFlushes,1788058640475000000,1788058700476000000,116
Indexes.stubs.lookups,1788058640475000000,1788058700476000000,0.0
Indexes.allKeys.lookups,1788058640475000000,1788058700476000000,0.0
Indexes.entries.lookups,1788058640475000000,1788058700476000000,0.0
Indexes.allKeys.lookupDuration90PMs,1788058640475000000,1788058700476000000,0.0
IndexesFlusher.totalFlushesRetried,1788058640475000000,1788058700476000000,0
Indexes.allKeys.lookupDurationMaxMs,1788058640475000000,1788058700476000000,0.0
IndexesFlusher.totalContentionQuotaSpent,1788058640475000000,1788058700476000000,0
Indexes.stubs.lookupDurationAvgMs,1788058640475000000,1788058700476000000,0.0
Indexes.entries.lookupDuration90PMs,1788058640475000000,1788058700476000000,0.0
Indexes.stubs.lookupDurationMaxMs,1788058640475000000,1788058700476000000,0.0
IndexesFlusher.totalFlushingTimeUs,1788058640475000000,1788058700476000000,300994
Indexes.entries.lookupDurationMaxMs,1788058640475000000,1788058700476000000,0.0
Indexes.stubs.lookupDuration90PMs,1788058640475000000,1788058700476000000,0.0
FileNameCache.queries,1788058640475000000,1788058700476000000,0
FileNameCache.totalMisses,1788058640475000000,1788058700476000000,0
VFS.fileByIdCache.hits,1788058640475000000,1788058700476000000,0
VFS.fileByIdCache.misses,1788058640475000000,1788058700476000000,0
VFS.invertedFileNameIndex.requests,1788058640475000000,1788058700476000000,0
VFS.fileChildByName,1788058640475000000,1788058700476000000,0
DirectByteBufferAllocator.misses,1788058700476000000,1788058760481000000,0
MappedFileStorage.storages,1788058700476000000,1788058760481000000,14
FilePageCache.disposedBuffers,1788058700476000000,1788058760481000000,0
FilePageCache.pageLoads,1788058700476000000,1788058760481000000,0
MappedFileStorage.totalPagesMapped,1788058700476000000,1788058760481000000,14
DirectByteBufferAllocator.totalSizeOfBuffersAllocatedInBytes,1788058700476000000,1788058760481000000,302006272
FilePageCache.pageFastCacheHits,1788058700476000000,1788058760481000000,0
FilePageCache.maxRegisteredFiles,1788058700476000000,1788058760481000000,555
FilePageCacheLockFree.totalClosedStoragesReclaimed,1788058700476000000,1788058760481000000,0
FilePageCache.uncachedFileAccess,1788058700476000000,1788058760481000000,0
DirectByteBufferAllocator.hits,1788058700476000000,1788058760481000000,0
StreamlinedBlobStorage.recordsRelocated,1788058700476000000,1788058760481000000,0
FilePageCache.pageLoadsAboveSizeThreshold,1788058700476000000,1788058760481000000,0
FileChannelInterruptsRetryer.totalRetriedAttempts,1788058700476000000,1788058760481000000,0
DirectByteBufferAllocator.reclaimed,1788058700476000000,1788058760481000000,0
FilePageCache.pageHits,1788058700476000000,1788058760481000000,0
FilePageCacheLockFree.totalPagesReadMs,1788058700476000000,1788058760481000000,0
FilePageCacheLockFree.totalPagesWritten,1788058700476000000,1788058760481000000,0
FilePageCacheLockFree.totalHeapBytesReclaimed,1788058700476000000,1788058760481000000,0
FilePageCacheLockFree.nativeBytesInUse,1788058700476000000,1788058760481000000,0
StreamlinedBlobStorage.totalLiveRecordsCapacityBytes,1788058700476000000,1788058760481000000,0
FilePageCacheLockFree.totalPagesRequestsMs,1788058700476000000,1788058760481000000,0
FilePageCache.maxCacheSizeInBytes,1788058700476000000,1788058760481000000,302006272
StreamlinedBlobStorage.totalLiveRecordsPayloadBytes,1788058700476000000,1788058760481000000,0
FilePageCacheLockFree.heapBytesInUse,1788058700476000000,1788058760481000000,0
FilePageCacheLockFree.totalPagesReclaimed,1788058700476000000,1788058760481000000,0
FilePageCacheLockFree.totalBytesRequested,1788058700476000000,1788058760481000000,0
FilePageCacheLockFree.totalNativeBytesReclaimed,1788058700476000000,1788058760481000000,0
StorageLockContext.competingThreads.90P,1788058700476000000,1788058760481000000,0
FilePageCacheLockFree.totalHeapBytesAllocated,1788058700476000000,1788058760481000000,0
StorageLockContext.competingThreads.avg,1788058700476000000,1788058760481000000,0.0
FilePageCacheLockFree.housekeeperTurnsSkipped,1788058700476000000,1788058760481000000,0
FilePageCache.totalPageDisposalsUs,1788058700476000000,1788058760481000000,0
FilePageCacheLockFree.totalPagesAllocated,1788058700476000000,1788058760481000000,0
FilePageCacheLockFree.totalPagesRequested,1788058700476000000,1788058760481000000,0
StreamlinedBlobStorage.recordsDeleted,1788058700476000000,1788058760481000000,0
FilePageCacheLockFree.totalNativeBytesAllocated,1788058700476000000,1788058760481000000,0
StorageLockContext.competingThreads.max,1788058700476000000,1788058760481000000,0
MappedFileStorage.totalTimeSpentOnMappingUs,1788058700476000000,1788058760481000000,2586502
FilePageCacheLockFree.totalBytesWritten,1788058700476000000,1788058760481000000,0
FilePageCacheLockFree.totalBytesRead,1788058700476000000,1788058760481000000,0
FilePageCache.totalPageLoadsUs,1788058700476000000,1788058760481000000,0
FilePageCacheLockFree.totalPageAllocationsWaited,1788058700476000000,1788058760481000000,0
FilePageCacheLockFree.totalPagesHandedOver,1788058700476000000,1788058760481000000,0
FilePageCacheLockFree.housekeeperTimeSpentMs,1788058700476000000,1788058760481000000,0
DirectByteBufferAllocator.disposed,1788058700476000000,1788058760481000000,0
FilePageCache.capacityInBytes,1788058700476000000,1788058760481000000,503316478
FilePageCacheLockFree.housekeeperTurnsDone,1788058700476000000,1788058760481000000,0
FilePageCacheLockFree.totalPagesWriteMs,1788058700476000000,1788058760481000000,0
DirectByteBufferAllocator.totalSizeOfBuffersCachedInBytes,1788058700476000000,1788058760481000000,0
StreamlinedBlobStorage.recordsAllocated,1788058700476000000,1788058760481000000,0
MappedFileStorage.totalBytesMapped,1788058700476000000,1788058760481000000,194248704
JVM.maxHeapBytes,1788058700476000000,1788058760481000000,2147483648
JVM.GC.collections,1788058700476000000,1788058760481000000,0
OS.loadAverage,1788058700476000000,1788058760481000000,2.67529296875
JVM.GC.collectionTimesMs,1788058700476000000,1788058760481000000,0
JVM.totalBytesAllocated,1788058700476000000,1788058760481000000,9287728
JVM.usedNativeBytes,1788058700476000000,1788058760481000000,389276920
JVM.usedHeapBytes,1788058700476000000,1788058760481000000,373982880
JVM.totalDirectByteBuffersBytes,1788058700476000000,1788058760481000000,302847223
JVM.maxThreadCount,1788058700476000000,1788058760481000000,179
JVM.newThreadsCount,1788058700476000000,1788058760481000000,0
JVM.threadCount,1788058700476000000,1788058760481000000,55
JVM.totalCpuTimeMs,1788058700476000000,1788058760481000000,894
writeAction.wait.ms,1788058700476000000,1788058760481000000,0
writeAction.count,1788058700476000000,1788058760481000000,0
writeAction.max.wait.ms,1788058700476000000,1788058760481000000,11
writeAction.median.wait.ms,1788058700476000000,1788058760481000000,0
NonBlockingReadAction.failedExecutionsCount,1788058700476000000,1788058760481000000,0
FlushQueue.waitingTimeMaxNs,1788058700476000000,1788058760481000000,0
NonBlockingReadAction.failedExecutionTimeUs,1788058700476000000,1788058760481000000,0
FlushQueue.queueSizeMax,1788058700476000000,1788058760481000000,0
FlushQueue.executionTime90PNs,1788058700476000000,1788058760481000000,0
AWTEventQueue.dispatchTime90PNs,1788058700476000000,1788058760481000000,0
FlushQueue.tasksExecuted,1788058700476000000,1788058760481000000,0
AWTEventQueue.eventsDispatched,1788058700476000000,1788058760481000000,0
FlushQueue.queueSize90P,1788058700476000000,1788058760481000000,0
FlushQueue.waitingTime90PNs,1788058700476000000,1788058760481000000,0
FlushQueue.executionTimeMaxNs,1788058700476000000,1788058760481000000,0
FlushQueue.executionTimeAvgNs,1788058700476000000,1788058760481000000,0.0
AWTEventQueue.dispatchTimeAvgNs,1788058700476000000,1788058760481000000,0.0
NonBlockingReadAction.finalizedExecutionTimeUs,1788058700476000000,1788058760481000000,0
FlushQueue.waitingTimeAvgNs,1788058700476000000,1788058760481000000,0.0
AWTEventQueue.dispatchTimeMaxNs,1788058700476000000,1788058760481000000,0
NonBlockingReadAction.finalizedExecutionsCount,1788058700476000000,1788058760481000000,0
WriteAction.executionsCount,1788058700476000000,1788058760481000000,0
ReadAction.executionsCount,1788058700476000000,1788058760481000000,0
FlushQueue.queueSizeAvg,1788058700476000000,1788058760481000000,0.0
AWTEventQueue.dispatchTimeTotalNS,1788058700476000000,1788058760481000000,26053430
cacheStateStorage.set.duration,1788058700476000000,1788058760481000000,0
cacheStateStorage.get.duration,1788058700476000000,1788058760481000000,0
cacheStateStorage.get.counter,1788058700476000000,1788058760481000000,0
cacheStateStorage.set.counter,1788058700476000000,1788058760481000000,0
jps.global.get.library.ms,1788058700476000000,1788058760481000000,0
jps.global.get.library.by.name.ms,1788058700476000000,1788058760481000000,0
jps.library.entities.serializer.load.entities.ms,1788058700476000000,1788058760481000000,0
workspaceModel.global.updates.count,1788058700476000000,1788058760481000000,0
workspaceModel.moduleBridge.before.changed.ms,1788058700476000000,1788058760481000000,0
workspaceModel.moduleBridge.update.option.ms,1788058700476000000,1788058760481000000,0
workspaceModel.moduleBridge.facet.initialization.ms,1788058700476000000,1788058760481000000,0
workspaceModel.mutableEntityStorage.apply.changes.from.ms,1788058700476000000,1788058760481000000,0
jps.facet.change.listener.before.change.events.ms,1788058700476000000,1788058760481000000,0
jps.global.handle.before.change.events.ms,1788058700476000000,1788058760481000000,0
jps.app.storage.content.reader.load.component.ms,1788058700476000000,1788058760481000000,0
jps.save.changed.project.entities.ms,1788058700476000000,1788058760481000000,0
workspaceModel.moduleBridgeLoader.loading.modules.ms,1788058700476000000,1788058760481000000,0
jps.facet.change.listener.init.bridge.ms,1788058700476000000,1788058760481000000,0
jps.project.serializers.save.ms,1788058700476000000,1788058760481000000,0
workspaceModel.mutableEntityStorage.has.same.entities.ms,1788058700476000000,1788058760481000000,0
workspaceModel.mutableEntityStorage.add.entity.ms,1788058700476000000,1788058760481000000,0
workspaceModel.delayed.project.synchronizer.sync.ms,1788058700476000000,1788058760481000000,0
jps.project.serializers.load.ms,1788058700476000000,1788058760481000000,0
workspaceModel.mutableEntityStorage.mutable.vfurl.index.ms,1788058700476000000,1788058760481000000,0
jps.load.project.to.empty.storage.ms,1788058700476000000,1788058760481000000,0
jps.global.initialize.library.bridges.after.loading.ms,1788058700476000000,1788058760481000000,0
workspaceModel.moduleManagerBridge.newModule.ms,1788058700476000000,1788058760481000000,0
workspaceModel.mutableEntityStorage.referrers.ms,1788058700476000000,1788058760481000000,0
workspaceModel.moduleManagerBridge.build.module.graph.ms,1788058700476000000,1788058760481000000,0
jps.library.entities.serializer.save.entities.ms,1788058700476000000,1788058760481000000,0
workspaceModel.orphan.listener.update.ms,1788058700476000000,1788058760481000000,0
jps.module.iml.entities.serializer.save.entities.ms,1788058700476000000,1788058760481000000,0
workspaceModel.mutableEntityStorage.replace.by.source.ms,1788058700476000000,1788058760481000000,0
jps.global.handle.changed.events.ms,1788058700476000000,1788058760481000000,0
workspaceModel.global.apply.state.to.project.ms,1788058700476000000,1788058760481000000,0
jps.storage.jps.conf.reader.load.component.ms,1788058700476000000,1788058760481000000,0
workspaceModel.save.cache.to.file.ms,1788058700476000000,1788058760481000000,0
jps.save.global.entities.ms,1788058700476000000,1788058760481000000,0
workspaceModel.mutableEntityStorage.put.entity.ms,1788058700476000000,1788058760481000000,0
workspaceModel.mutableEntityStorage.to.snapshot.ms,1788058700476000000,1788058760481000000,0
workspaceModel.mutableEntityStorage.modify.entity.ms,1788058700476000000,1788058760481000000,0
jps.reload.project.entities.ms,1788058700476000000,1788058760481000000,0
workspaceModel.moduleManagerBridge.set.unloadedModules.ms,1788058700476000000,1788058760481000000,0
workspaceModel.moduleManagerBridge.load.module.ms,1788058700476000000,1788058760481000000,0
workspaceModel.mutableEntityStorage.remove.entity.ms,1788058700476000000,1788058760481000000,0
workspaceModel.load.cache.from.file.ms,1788058700476000000,1788058760481000000,0
jps.facet.change.listener.process.change.events.ms,1788058700476000000,1788058760481000000,0
workspaceModel.moduleManagerBridge.load.all.modules.ms,1788058700476000000,1788058760481000000,0
workspaceModel.do.save.caches.ms,1788058700476000000,1788058760481000000,0
jps.global.initialize.library.bridges.ms,1788058700476000000,1788058760481000000,0
workspaceModel.global.apply.state.to.project.builder.ms,1788058700476000000,1788058760481000000,0
workspaceModel.mutableEntityStorage.resolve.ms,1788058700476000000,1788058760481000000,0
jps.app.storage.content.writer.save.component.ms,1788058700476000000,1788058760481000000,0
workspaceModel.mutableEntityStorage.mutable.ext.mapping.ms,1788058700476000000,1788058760481000000,0
workspaceModel.mutableEntityStorage.collect.changes.ms,1788058700476000000,1788058760481000000,0
workspaceModel.mutableEntityStorage.entities.by.source.ms,1788058700476000000,1788058760481000000,0
jps.load.initial.state.ms,1788058700476000000,1788058760481000000,0
jps.apply.loaded.storage.ms,1788058700476000000,1788058760481000000,0
jps.artifact.entities.serializer.load.entities.ms,1788058700476000000,1788058760481000000,0
jps.global.get.libraries.ms,1788058700476000000,1788058760481000000,0
workspaceModel.global.updates.ms,1788058700476000000,1788058760481000000,0
jps.artifact.entities.serializer.save.entities.ms,1788058700476000000,1788058760481000000,0
workspaceModel.mutableEntityStorage.instances.count,1788058700476000000,1788058760481000000,0
workspaceModel.moduleManagerBridge.get.modules.ms,1788058700476000000,1788058760481000000,0
workspaceModel.sync.entities.ms,1788058700476000000,1788058760481000000,0
workspaceModel.moduleManagerBridge.create.module.instance.ms,1788058700476000000,1788058760481000000,0
jps.module.iml.entities.serializer.load.entities.ms,1788058700476000000,1788058760481000000,0
workspaceModel.moduleManagerBridge.new.nonPersistent.module.ms,1788058700476000000,1788058760481000000,0
workspaceModel.mutableEntityStorage.entities.ms,1788058700476000000,1788058760481000000,0
workspaceModel.load.cache.metadata.from.file.ms,1788058700476000000,1788058760481000000,0
workspaceModel.init.bridges.ms,1788058700476000000,1788058760481000000,0
workspaceModel.workspaceFileIndexData.instances.count,1788058700476000000,1788058760481000000,0
workspaceModel.loading.total.ms,1788058700476000000,1788058760481000000,0
workspaceModel.updates.count,1788058700476000000,1788058760481000000,0
workspaceModel.workspaceFileIndexData.getDirectoriesByPackageName.ms,1788058700476000000,1788058760481000000,0
workspaceModel.initializing.ms,1788058700476000000,1788058760481000000,0
workspaceModel.updates.precise.ms,1788058700476000000,1788058760481000000,0
workspaceModel.cachedValueWithParameters.calculated.ms,1788058700476000000,1788058760481000000,0
workspaceModel.workspaceFileIndexData.markDirty.ms,1788058700476000000,1788058760481000000,0
workspaceModel.update.unloaded.entities.ms,1788058700476000000,1788058760481000000,0
workspaceModel.workspaceFileIndexData.processFileSets.ms,1788058700476000000,1788058760481000000,0
workspaceModel.workspaceFileIndexData.init.ms,1788058700476000000,1788058760481000000,0
workspaceModel.replace.project.model.ms,1788058700476000000,1788058760481000000,0
workspaceModel.loading.from.cache.ms,1788058700476000000,1788058760481000000,0
workspaceModel.cachedValue.from.cache.ms,1788058700476000000,1788058760481000000,0
workspaceModel.workspaceFileIndexData.getPackageName.ms,1788058700476000000,1788058760481000000,0
workspaceModel.workspaceFileIndexData.onEntitiesChanged.ms,1788058700476000000,1788058760481000000,0
workspaceModel.updates.ms,1788058700476000000,1788058760481000000,0
workspaceModel.workspaceFileIndexData.getFileInfo.ms,1788058700476000000,1788058760481000000,0
workspaceModel.to.snapshot.ms,1788058700476000000,1788058760481000000,0
workspaceModel.cachedValue.clear.ms,1788058700476000000,1788058760481000000,0
workspaceModel.workspaceFileIndexData.updateDirtyEntities.ms,1788058700476000000,1788058760481000000,0
workspaceModel.entityStorageSnapshotImpl.instances.count,1788058700476000000,1788058760481000000,0
workspaceModel.cachedValueWithParameters.clear.ms,1788058700476000000,1788058760481000000,0
workspaceModel.check.recursive.update.ms,1788058700476000000,1788058760481000000,0
workspaceModel.collect.changes.ms,1788058700476000000,1788058760481000000,0
workspaceModel.cachedValueWithParameters.total.get.ms,1788058700476000000,1788058760481000000,0
workspaceModel.cachedValue.calculated.ms,1788058700476000000,1788058760481000000,0
workspaceModel.pre.handlers.ms,1788058700476000000,1788058760481000000,0
workspaceModel.cachedValueWithParameters.from.cache.ms,1788058700476000000,1788058760481000000,0
workspaceModel.cachedValue.total.get.ms,1788058700476000000,1788058760481000000,0
workspaceModel.workspaceFileIndexContributor.registerFileSets.ms,1788058700476000000,1788058760481000000,0
workspaceModel.workspaceFileIndexData.visitFileSets.ms,1788058700476000000,1788058760481000000,0
workspaceModel.full.replace.project.model.ms,1788058700476000000,1788058760481000000,0
compiler.ArtifactManagerBridge.getArtifactsByType.ms,1788058700476000000,1788058760481000000,0
compiler.ArtifactVirtualFileListener.filePathChanged.ms,1788058700476000000,1788058760481000000,0
compiler.ArtifactManagerBridge.initBridges.ms,1788058700476000000,1788058760481000000,0
compiler.ArtifactManagerBridge.findArtifact.ms,1788058700476000000,1788058760481000000,0
compiler.ArtifactManagerBridge.dropMappings.ms,1788058700476000000,1788058760481000000,0
compiler.ArtifactVirtualFileListener.propertyChanged.ms,1788058700476000000,1788058760481000000,0
compiler.ArtifactManagerBridge.addArtifact.ms,1788058700476000000,1788058760481000000,0
compiler.ArtifactManagerBridge.commit.ms,1788058700476000000,1788058760481000000,0
compiler.ArtifactManagerBridge.getArtifacts.ms,1788058700476000000,1788058760481000000,0
Indexes.entries.lookupDurationAvgMs,1788058700476000000,1788058760481000000,0.0
Indexes.allKeys.lookupDurationAvgMs,1788058700476000000,1788058760481000000,0.0
IndexesFlusher.totalFlushes,1788058700476000000,1788058760481000000,116
Indexes.stubs.lookups,1788058700476000000,1788058760481000000,0.0
Indexes.allKeys.lookups,1788058700476000000,1788058760481000000,0.0
Indexes.entries.lookups,1788058700476000000,1788058760481000000,0.0
Indexes.allKeys.lookupDuration90PMs,1788058700476000000,1788058760481000000,0.0
IndexesFlusher.totalFlushesRetried,1788058700476000000,1788058760481000000,0
Indexes.allKeys.lookupDurationMaxMs,1788058700476000000,1788058760481000000,0.0
IndexesFlusher.totalContentionQuotaSpent,1788058700476000000,1788058760481000000,0
Indexes.stubs.lookupDurationAvgMs,1788058700476000000,1788058760481000000,0.0
Indexes.entries.lookupDuration90PMs,1788058700476000000,1788058760481000000,0.0
Indexes.stubs.lookupDurationMaxMs,1788058700476000000,1788058760481000000,0.0
IndexesFlusher.totalFlushingTimeUs,1788058700476000000,1788058760481000000,312775
Indexes.entries.lookupDurationMaxMs,1788058700476000000,1788058760481000000,0.0
Indexes.stubs.lookupDuration90PMs,1788058700476000000,1788058760481000000,0.0
FileNameCache.queries,1788058700476000000,1788058760481000000,0
FileNameCache.totalMisses,1788058700476000000,1788058760481000000,0
VFS.fileByIdCache.hits,1788058700476000000,1788058760481000000,0
VFS.fileByIdCache.misses,1788058700476000000,1788058760481000000,0
VFS.invertedFileNameIndex.requests,1788058700476000000,1788058760481000000,0
VFS.fileChildByName,1788058700476000000,1788058760481000000,0
DirectByteBufferAllocator.misses,1788058760481000000,1788058820476000000,0
MappedFileStorage.storages,1788058760481000000,1788058820476000000,14
FilePageCache.disposedBuffers,1788058760481000000,1788058820476000000,0
FilePageCache.pageLoads,1788058760481000000,1788058820476000000,0
MappedFileStorage.totalPagesMapped,1788058760481000000,1788058820476000000,14
DirectByteBufferAllocator.totalSizeOfBuffersAllocatedInBytes,1788058760481000000,1788058820476000000,302006272
FilePageCache.pageFastCacheHits,1788058760481000000,1788058820476000000,0
FilePageCache.maxRegisteredFiles,1788058760481000000,1788058820476000000,555
FilePageCacheLockFree.totalClosedStoragesReclaimed,1788058760481000000,1788058820476000000,0
FilePageCache.uncachedFileAccess,1788058760481000000,1788058820476000000,0
DirectByteBufferAllocator.hits,1788058760481000000,1788058820476000000,0
StreamlinedBlobStorage.recordsRelocated,1788058760481000000,1788058820476000000,0
FilePageCache.pageLoadsAboveSizeThreshold,1788058760481000000,1788058820476000000,0
FileChannelInterruptsRetryer.totalRetriedAttempts,1788058760481000000,1788058820476000000,0
DirectByteBufferAllocator.reclaimed,1788058760481000000,1788058820476000000,0
FilePageCache.pageHits,1788058760481000000,1788058820476000000,0
FilePageCacheLockFree.totalPagesReadMs,1788058760481000000,1788058820476000000,0
FilePageCacheLockFree.totalPagesWritten,1788058760481000000,1788058820476000000,0
FilePageCacheLockFree.totalHeapBytesReclaimed,1788058760481000000,1788058820476000000,0
FilePageCacheLockFree.nativeBytesInUse,1788058760481000000,1788058820476000000,0
StreamlinedBlobStorage.totalLiveRecordsCapacityBytes,1788058760481000000,1788058820476000000,0
FilePageCacheLockFree.totalPagesRequestsMs,1788058760481000000,1788058820476000000,0
FilePageCache.maxCacheSizeInBytes,1788058760481000000,1788058820476000000,302006272
StreamlinedBlobStorage.totalLiveRecordsPayloadBytes,1788058760481000000,1788058820476000000,0
FilePageCacheLockFree.heapBytesInUse,1788058760481000000,1788058820476000000,0
FilePageCacheLockFree.totalPagesReclaimed,1788058760481000000,1788058820476000000,0
FilePageCacheLockFree.totalBytesRequested,1788058760481000000,1788058820476000000,0
FilePageCacheLockFree.totalNativeBytesReclaimed,1788058760481000000,1788058820476000000,0
StorageLockContext.competingThreads.90P,1788058760481000000,1788058820476000000,0
FilePageCacheLockFree.totalHeapBytesAllocated,1788058760481000000,1788058820476000000,0
StorageLockContext.competingThreads.avg,1788058760481000000,1788058820476000000,0.0
FilePageCacheLockFree.housekeeperTurnsSkipped,1788058760481000000,1788058820476000000,0
FilePageCache.totalPageDisposalsUs,1788058760481000000,1788058820476000000,0
FilePageCacheLockFree.totalPagesAllocated,1788058760481000000,1788058820476000000,0
FilePageCacheLockFree.totalPagesRequested,1788058760481000000,1788058820476000000,0
StreamlinedBlobStorage.recordsDeleted,1788058760481000000,1788058820476000000,0
FilePageCacheLockFree.totalNativeBytesAllocated,1788058760481000000,1788058820476000000,0
StorageLockContext.competingThreads.max,1788058760481000000,1788058820476000000,0
MappedFileStorage.totalTimeSpentOnMappingUs,1788058760481000000,1788058820476000000,2586502
FilePageCacheLockFree.totalBytesWritten,1788058760481000000,1788058820476000000,0
FilePageCacheLockFree.totalBytesRead,1788058760481000000,1788058820476000000,0
FilePageCache.totalPageLoadsUs,1788058760481000000,1788058820476000000,0
FilePageCacheLockFree.totalPageAllocationsWaited,1788058760481000000,1788058820476000000,0
FilePageCacheLockFree.totalPagesHandedOver,1788058760481000000,1788058820476000000,0
FilePageCacheLockFree.housekeeperTimeSpentMs,1788058760481000000,1788058820476000000,0
DirectByteBufferAllocator.disposed,1788058760481000000,1788058820476000000,0
FilePageCache.capacityInBytes,1788058760481000000,1788058820476000000,503316478
FilePageCacheLockFree.housekeeperTurnsDone,1788058760481000000,1788058820476000000,0
FilePageCacheLockFree.totalPagesWriteMs,1788058760481000000,1788058820476000000,0
DirectByteBufferAllocator.totalSizeOfBuffersCachedInBytes,1788058760481000000,1788058820476000000,0
StreamlinedBlobStorage.recordsAllocated,1788058760481000000,1788058820476000000,0
MappedFileStorage.totalBytesMapped,1788058760481000000,1788058820476000000,194248704
JVM.maxHeapBytes,1788058760481000000,1788058820476000000,2147483648
JVM.GC.collections,1788058760481000000,1788058820476000000,0
OS.loadAverage,1788058760481000000,1788058820476000000,2.3515625
JVM.GC.collectionTimesMs,1788058760481000000,1788058820476000000,0
JVM.totalBytesAllocated,1788058760481000000,1788058820476000000,9527112
JVM.usedNativeBytes,1788058760481000000,1788058820476000000,389424272
JVM.usedHeapBytes,1788058760481000000,1788058820476000000,382371488
JVM.totalDirectByteBuffersBytes,1788058760481000000,1788058820476000000,302847223
JVM.maxThreadCount,1788058760481000000,1788058820476000000,179
JVM.newThreadsCount,1788058760481000000,1788058820476000000,0
JVM.threadCount,1788058760481000000,1788058820476000000,54
JVM.totalCpuTimeMs,1788058760481000000,1788058820476000000,887
writeAction.wait.ms,1788058760481000000,1788058820476000000,0
writeAction.count,1788058760481000000,1788058820476000000,0
writeAction.max.wait.ms,1788058760481000000,1788058820476000000,11
writeAction.median.wait.ms,1788058760481000000,1788058820476000000,0
NonBlockingReadAction.failedExecutionsCount,1788058760481000000,1788058820476000000,0
FlushQueue.waitingTimeMaxNs,1788058760481000000,1788058820476000000,0
NonBlockingReadAction.failedExecutionTimeUs,1788058760481000000,1788058820476000000,0
FlushQueue.queueSizeMax,1788058760481000000,1788058820476000000,0
FlushQueue.executionTime90PNs,1788058760481000000,1788058820476000000,0
AWTEventQueue.dispatchTime90PNs,1788058760481000000,1788058820476000000,0
FlushQueue.tasksExecuted,1788058760481000000,1788058820476000000,0
AWTEventQueue.eventsDispatched,1788058760481000000,1788058820476000000,0
FlushQueue.queueSize90P,1788058760481000000,1788058820476000000,0
FlushQueue.waitingTime90PNs,1788058760481000000,1788058820476000000,0
FlushQueue.executionTimeMaxNs,1788058760481000000,1788058820476000000,0
FlushQueue.executionTimeAvgNs,1788058760481000000,1788058820476000000,0.0
AWTEventQueue.dispatchTimeAvgNs,1788058760481000000,1788058820476000000,0.0
NonBlockingReadAction.finalizedExecutionTimeUs,1788058760481000000,1788058820476000000,0
FlushQueue.waitingTimeAvgNs,1788058760481000000,1788058820476000000,0.0
AWTEventQueue.dispatchTimeMaxNs,1788058760481000000,1788058820476000000,0
NonBlockingReadAction.finalizedExecutionsCount,1788058760481000000,1788058820476000000,0
WriteAction.executionsCount,1788058760481000000,1788058820476000000,0
ReadAction.executionsCount,1788058760481000000,1788058820476000000,0
FlushQueue.queueSizeAvg,1788058760481000000,1788058820476000000,0.0
AWTEventQueue.dispatchTimeTotalNS,1788058760481000000,1788058820476000000,25399496
cacheStateStorage.set.duration,1788058760481000000,1788058820476000000,0
cacheStateStorage.get.duration,1788058760481000000,1788058820476000000,0
cacheStateStorage.get.counter,1788058760481000000,1788058820476000000,0
cacheStateStorage.set.counter,1788058760481000000,1788058820476000000,0
jps.global.get.library.ms,1788058760481000000,1788058820476000000,0
jps.global.get.library.by.name.ms,1788058760481000000,1788058820476000000,0
jps.library.entities.serializer.load.entities.ms,1788058760481000000,1788058820476000000,0
workspaceModel.global.updates.count,1788058760481000000,1788058820476000000,0
workspaceModel.moduleBridge.before.changed.ms,1788058760481000000,1788058820476000000,0
workspaceModel.moduleBridge.update.option.ms,1788058760481000000,1788058820476000000,0
workspaceModel.moduleBridge.facet.initialization.ms,1788058760481000000,1788058820476000000,0
workspaceModel.mutableEntityStorage.apply.changes.from.ms,1788058760481000000,1788058820476000000,0
jps.facet.change.listener.before.change.events.ms,1788058760481000000,1788058820476000000,0
jps.global.handle.before.change.events.ms,1788058760481000000,1788058820476000000,0
jps.app.storage.content.reader.load.component.ms,1788058760481000000,1788058820476000000,0
jps.save.changed.project.entities.ms,1788058760481000000,1788058820476000000,0
workspaceModel.moduleBridgeLoader.loading.modules.ms,1788058760481000000,1788058820476000000,0
jps.facet.change.listener.init.bridge.ms,1788058760481000000,1788058820476000000,0
jps.project.serializers.save.ms,1788058760481000000,1788058820476000000,0
workspaceModel.mutableEntityStorage.has.same.entities.ms,1788058760481000000,1788058820476000000,0
workspaceModel.mutableEntityStorage.add.entity.ms,1788058760481000000,1788058820476000000,0
workspaceModel.delayed.project.synchronizer.sync.ms,1788058760481000000,1788058820476000000,0
jps.project.serializers.load.ms,1788058760481000000,1788058820476000000,0
workspaceModel.mutableEntityStorage.mutable.vfurl.index.ms,1788058760481000000,1788058820476000000,0
jps.load.project.to.empty.storage.ms,1788058760481000000,1788058820476000000,0
jps.global.initialize.library.bridges.after.loading.ms,1788058760481000000,1788058820476000000,0
workspaceModel.moduleManagerBridge.newModule.ms,1788058760481000000,1788058820476000000,0
workspaceModel.mutableEntityStorage.referrers.ms,1788058760481000000,1788058820476000000,0
workspaceModel.moduleManagerBridge.build.module.graph.ms,1788058760481000000,1788058820476000000,0
jps.library.entities.serializer.save.entities.ms,1788058760481000000,1788058820476000000,0
workspaceModel.orphan.listener.update.ms,1788058760481000000,1788058820476000000,0
jps.module.iml.entities.serializer.save.entities.ms,1788058760481000000,1788058820476000000,0
workspaceModel.mutableEntityStorage.replace.by.source.ms,1788058760481000000,1788058820476000000,0
jps.global.handle.changed.events.ms,1788058760481000000,1788058820476000000,0
workspaceModel.global.apply.state.to.project.ms,1788058760481000000,1788058820476000000,0
jps.storage.jps.conf.reader.load.component.ms,1788058760481000000,1788058820476000000,0
workspaceModel.save.cache.to.file.ms,1788058760481000000,1788058820476000000,0
jps.save.global.entities.ms,1788058760481000000,1788058820476000000,0
workspaceModel.mutableEntityStorage.put.entity.ms,1788058760481000000,1788058820476000000,0
workspaceModel.mutableEntityStorage.to.snapshot.ms,1788058760481000000,1788058820476000000,0
workspaceModel.mutableEntityStorage.modify.entity.ms,1788058760481000000,1788058820476000000,0
jps.reload.project.entities.ms,1788058760481000000,1788058820476000000,0
workspaceModel.moduleManagerBridge.set.unloadedModules.ms,1788058760481000000,1788058820476000000,0
workspaceModel.moduleManagerBridge.load.module.ms,1788058760481000000,1788058820476000000,0
workspaceModel.mutableEntityStorage.remove.entity.ms,1788058760481000000,1788058820476000000,0
workspaceModel.load.cache.from.file.ms,1788058760481000000,1788058820476000000,0
jps.facet.change.listener.process.change.events.ms,1788058760481000000,1788058820476000000,0
workspaceModel.moduleManagerBridge.load.all.modules.ms,1788058760481000000,1788058820476000000,0
workspaceModel.do.save.caches.ms,1788058760481000000,1788058820476000000,0
jps.global.initialize.library.bridges.ms,1788058760481000000,1788058820476000000,0
workspaceModel.global.apply.state.to.project.builder.ms,1788058760481000000,1788058820476000000,0
workspaceModel.mutableEntityStorage.resolve.ms,1788058760481000000,1788058820476000000,0
jps.app.storage.content.writer.save.component.ms,1788058760481000000,1788058820476000000,0
workspaceModel.mutableEntityStorage.mutable.ext.mapping.ms,1788058760481000000,1788058820476000000,0
workspaceModel.mutableEntityStorage.collect.changes.ms,1788058760481000000,1788058820476000000,0
workspaceModel.mutableEntityStorage.entities.by.source.ms,1788058760481000000,1788058820476000000,0
jps.load.initial.state.ms,1788058760481000000,1788058820476000000,0
jps.apply.loaded.storage.ms,1788058760481000000,1788058820476000000,0
jps.artifact.entities.serializer.load.entities.ms,1788058760481000000,1788058820476000000,0
jps.global.get.libraries.ms,1788058760481000000,1788058820476000000,0
workspaceModel.global.updates.ms,1788058760481000000,1788058820476000000,0
jps.artifact.entities.serializer.save.entities.ms,1788058760481000000,1788058820476000000,0
workspaceModel.mutableEntityStorage.instances.count,1788058760481000000,1788058820476000000,0
workspaceModel.moduleManagerBridge.get.modules.ms,1788058760481000000,1788058820476000000,0
workspaceModel.sync.entities.ms,1788058760481000000,1788058820476000000,0
workspaceModel.moduleManagerBridge.create.module.instance.ms,1788058760481000000,1788058820476000000,0
jps.module.iml.entities.serializer.load.entities.ms,1788058760481000000,1788058820476000000,0
workspaceModel.moduleManagerBridge.new.nonPersistent.module.ms,1788058760481000000,1788058820476000000,0
workspaceModel.mutableEntityStorage.entities.ms,1788058760481000000,1788058820476000000,0
workspaceModel.load.cache.metadata.from.file.ms,1788058760481000000,1788058820476000000,0
workspaceModel.init.bridges.ms,1788058760481000000,1788058820476000000,0
workspaceModel.workspaceFileIndexData.instances.count,1788058760481000000,1788058820476000000,0
workspaceModel.loading.total.ms,1788058760481000000,1788058820476000000,0
workspaceModel.updates.count,1788058760481000000,1788058820476000000,0
workspaceModel.workspaceFileIndexData.getDirectoriesByPackageName.ms,1788058760481000000,1788058820476000000,0
workspaceModel.initializing.ms,1788058760481000000,1788058820476000000,0
workspaceModel.updates.precise.ms,1788058760481000000,1788058820476000000,0
workspaceModel.cachedValueWithParameters.calculated.ms,1788058760481000000,1788058820476000000,0
workspaceModel.workspaceFileIndexData.markDirty.ms,1788058760481000000,1788058820476000000,0
workspaceModel.update.unloaded.entities.ms,1788058760481000000,1788058820476000000,0
workspaceModel.workspaceFileIndexData.processFileSets.ms,1788058760481000000,1788058820476000000,0
workspaceModel.workspaceFileIndexData.init.ms,1788058760481000000,1788058820476000000,0
workspaceModel.replace.project.model.ms,1788058760481000000,1788058820476000000,0
workspaceModel.loading.from.cache.ms,1788058760481000000,1788058820476000000,0
workspaceModel.cachedValue.from.cache.ms,1788058760481000000,1788058820476000000,0
workspaceModel.workspaceFileIndexData.getPackageName.ms,1788058760481000000,1788058820476000000,0
workspaceModel.workspaceFileIndexData.onEntitiesChanged.ms,1788058760481000000,1788058820476000000,0
workspaceModel.updates.ms,1788058760481000000,1788058820476000000,0
workspaceModel.workspaceFileIndexData.getFileInfo.ms,1788058760481000000,1788058820476000000,0
workspaceModel.to.snapshot.ms,1788058760481000000,1788058820476000000,0
workspaceModel.cachedValue.clear.ms,1788058760481000000,1788058820476000000,0
workspaceModel.workspaceFileIndexData.updateDirtyEntities.ms,1788058760481000000,1788058820476000000,0
workspaceModel.entityStorageSnapshotImpl.instances.count,1788058760481000000,1788058820476000000,0
workspaceModel.cachedValueWithParameters.clear.ms,1788058760481000000,1788058820476000000,0
workspaceModel.check.recursive.update.ms,1788058760481000000,1788058820476000000,0
workspaceModel.collect.changes.ms,1788058760481000000,1788058820476000000,0
workspaceModel.cachedValueWithParameters.total.get.ms,1788058760481000000,1788058820476000000,0
workspaceModel.cachedValue.calculated.ms,1788058760481000000,1788058820476000000,0
workspaceModel.pre.handlers.ms,1788058760481000000,1788058820476000000,0
workspaceModel.cachedValueWithParameters.from.cache.ms,1788058760481000000,1788058820476000000,0
workspaceModel.cachedValue.total.get.ms,1788058760481000000,1788058820476000000,0
workspaceModel.workspaceFileIndexContributor.registerFileSets.ms,1788058760481000000,1788058820476000000,0
workspaceModel.workspaceFileIndexData.visitFileSets.ms,1788058760481000000,1788058820476000000,0
workspaceModel.full.replace.project.model.ms,1788058760481000000,1788058820476000000,0
compiler.ArtifactManagerBridge.getArtifactsByType.ms,1788058760481000000,1788058820476000000,0
compiler.ArtifactVirtualFileListener.filePathChanged.ms,1788058760481000000,1788058820476000000,0
compiler.ArtifactManagerBridge.initBridges.ms,1788058760481000000,1788058820476000000,0
compiler.ArtifactManagerBridge.findArtifact.ms,1788058760481000000,1788058820476000000,0
compiler.ArtifactManagerBridge.dropMappings.ms,1788058760481000000,1788058820476000000,0
compiler.ArtifactVirtualFileListener.propertyChanged.ms,1788058760481000000,1788058820476000000,0
compiler.ArtifactManagerBridge.addArtifact.ms,1788058760481000000,1788058820476000000,0
compiler.ArtifactManagerBridge.commit.ms,1788058760481000000,1788058820476000000,0
compiler.ArtifactManagerBridge.getArtifacts.ms,1788058760481000000,1788058820476000000,0
Indexes.entries.lookupDurationAvgMs,1788058760481000000,1788058820476000000,0.0
Indexes.allKeys.lookupDurationAvgMs,1788058760481000000,1788058820476000000,0.0
IndexesFlusher.totalFlushes,1788058760481000000,1788058820476000000,116
Indexes.stubs.lookups,1788058760481000000,1788058820476000000,0.0
Indexes.allKeys.lookups,1788058760481000000,1788058820476000000,0.0
Indexes.entries.lookups,1788058760481000000,1788058820476000000,0.0
Indexes.allKeys.lookupDuration90PMs,1788058760481000000,1788058820476000000,0.0
IndexesFlusher.totalFlushesRetried,1788058760481000000,1788058820476000000,0
Indexes.allKeys.lookupDurationMaxMs,1788058760481000000,1788058820476000000,0.0
IndexesFlusher.totalContentionQuotaSpent,1788058760481000000,1788058820476000000,0
Indexes.stubs.lookupDurationAvgMs,1788058760481000000,1788058820476000000,0.0
Indexes.entries.lookupDuration90PMs,1788058760481000000,1788058820476000000,0.0
Indexes.stubs.lookupDurationMaxMs,1788058760481000000,1788058820476000000,0.0
IndexesFlusher.totalFlushingTimeUs,1788058760481000000,1788058820476000000,312568
Indexes.entries.lookupDurationMaxMs,1788058760481000000,1788058820476000000,0.0
Indexes.stubs.lookupDuration90PMs,1788058760481000000,1788058820476000000,0.0
FileNameCache.queries,1788058760481000000,1788058820476000000,0
FileNameCache.totalMisses,1788058760481000000,1788058820476000000,0
VFS.fileByIdCache.hits,1788058760481000000,1788058820476000000,0
VFS.fileByIdCache.misses,1788058760481000000,1788058820476000000,0
VFS.invertedFileNameIndex.requests,1788058760481000000,1788058820476000000,0
VFS.fileChildByName,1788058760481000000,1788058820476000000,0
DirectByteBufferAllocator.misses,1788058820476000000,1788058880473000000,0
MappedFileStorage.storages,1788058820476000000,1788058880473000000,14
FilePageCache.disposedBuffers,1788058820476000000,1788058880473000000,0
FilePageCache.pageLoads,1788058820476000000,1788058880473000000,0
MappedFileStorage.totalPagesMapped,1788058820476000000,1788058880473000000,14
DirectByteBufferAllocator.totalSizeOfBuffersAllocatedInBytes,1788058820476000000,1788058880473000000,302006272
FilePageCache.pageFastCacheHits,1788058820476000000,1788058880473000000,0
FilePageCache.maxRegisteredFiles,1788058820476000000,1788058880473000000,555
FilePageCacheLockFree.totalClosedStoragesReclaimed,1788058820476000000,1788058880473000000,0
FilePageCache.uncachedFileAccess,1788058820476000000,1788058880473000000,0
DirectByteBufferAllocator.hits,1788058820476000000,1788058880473000000,0
StreamlinedBlobStorage.recordsRelocated,1788058820476000000,1788058880473000000,0
FilePageCache.pageLoadsAboveSizeThreshold,1788058820476000000,1788058880473000000,0
FileChannelInterruptsRetryer.totalRetriedAttempts,1788058820476000000,1788058880473000000,0
DirectByteBufferAllocator.reclaimed,1788058820476000000,1788058880473000000,0
FilePageCache.pageHits,1788058820476000000,1788058880473000000,0
FilePageCacheLockFree.totalPagesReadMs,1788058820476000000,1788058880473000000,0
FilePageCacheLockFree.totalPagesWritten,1788058820476000000,1788058880473000000,0
FilePageCacheLockFree.totalHeapBytesReclaimed,1788058820476000000,1788058880473000000,0
FilePageCacheLockFree.nativeBytesInUse,1788058820476000000,1788058880473000000,0
StreamlinedBlobStorage.totalLiveRecordsCapacityBytes,1788058820476000000,1788058880473000000,0
FilePageCacheLockFree.totalPagesRequestsMs,1788058820476000000,1788058880473000000,0
FilePageCache.maxCacheSizeInBytes,1788058820476000000,1788058880473000000,302006272
StreamlinedBlobStorage.totalLiveRecordsPayloadBytes,1788058820476000000,1788058880473000000,0
FilePageCacheLockFree.heapBytesInUse,1788058820476000000,1788058880473000000,0
FilePageCacheLockFree.totalPagesReclaimed,1788058820476000000,1788058880473000000,0
FilePageCacheLockFree.totalBytesRequested,1788058820476000000,1788058880473000000,0
FilePageCacheLockFree.totalNativeBytesReclaimed,1788058820476000000,1788058880473000000,0
StorageLockContext.competingThreads.90P,1788058820476000000,1788058880473000000,0
FilePageCacheLockFree.totalHeapBytesAllocated,1788058820476000000,1788058880473000000,0
StorageLockContext.competingThreads.avg,1788058820476000000,1788058880473000000,0.0
FilePageCacheLockFree.housekeeperTurnsSkipped,1788058820476000000,1788058880473000000,0
FilePageCache.totalPageDisposalsUs,1788058820476000000,1788058880473000000,0
FilePageCacheLockFree.totalPagesAllocated,1788058820476000000,1788058880473000000,0
FilePageCacheLockFree.totalPagesRequested,1788058820476000000,1788058880473000000,0
StreamlinedBlobStorage.recordsDeleted,1788058820476000000,1788058880473000000,0
FilePageCacheLockFree.totalNativeBytesAllocated,1788058820476000000,1788058880473000000,0
StorageLockContext.competingThreads.max,1788058820476000000,1788058880473000000,0
MappedFileStorage.totalTimeSpentOnMappingUs,1788058820476000000,1788058880473000000,2586502
FilePageCacheLockFree.totalBytesWritten,1788058820476000000,1788058880473000000,0
FilePageCacheLockFree.totalBytesRead,1788058820476000000,1788058880473000000,0
FilePageCache.totalPageLoadsUs,1788058820476000000,1788058880473000000,0
FilePageCacheLockFree.totalPageAllocationsWaited,1788058820476000000,1788058880473000000,0
FilePageCacheLockFree.totalPagesHandedOver,1788058820476000000,1788058880473000000,0
FilePageCacheLockFree.housekeeperTimeSpentMs,1788058820476000000,1788058880473000000,0
DirectByteBufferAllocator.disposed,1788058820476000000,1788058880473000000,0
FilePageCache.capacityInBytes,1788058820476000000,1788058880473000000,503316478
FilePageCacheLockFree.housekeeperTurnsDone,1788058820476000000,1788058880473000000,0
FilePageCacheLockFree.totalPagesWriteMs,1788058820476000000,1788058880473000000,0
DirectByteBufferAllocator.totalSizeOfBuffersCachedInBytes,1788058820476000000,1788058880473000000,0
StreamlinedBlobStorage.recordsAllocated,1788058820476000000,1788058880473000000,0
MappedFileStorage.totalBytesMapped,1788058820476000000,1788058880473000000,194248704
JVM.maxHeapBytes,1788058820476000000,1788058880473000000,2147483648
JVM.GC.collections,1788058820476000000,1788058880473000000,0
OS.loadAverage,1788058820476000000,1788058880473000000,2.4599609375
JVM.GC.collectionTimesMs,1788058820476000000,1788058880473000000,0
JVM.totalBytesAllocated,1788058820476000000,1788058880473000000,9259456
JVM.usedNativeBytes,1788058820476000000,1788058880473000000,389477728
JVM.usedHeapBytes,1788058820476000000,1788058880473000000,391808672
JVM.totalDirectByteBuffersBytes,1788058820476000000,1788058880473000000,302839031
JVM.maxThreadCount,1788058820476000000,1788058880473000000,179
JVM.newThreadsCount,1788058820476000000,1788058880473000000,0
JVM.threadCount,1788058820476000000,1788058880473000000,53
JVM.totalCpuTimeMs,1788058820476000000,1788058880473000000,802
writeAction.wait.ms,1788058820476000000,1788058880473000000,0
writeAction.count,1788058820476000000,1788058880473000000,0
writeAction.max.wait.ms,1788058820476000000,1788058880473000000,11
writeAction.median.wait.ms,1788058820476000000,1788058880473000000,0
NonBlockingReadAction.failedExecutionsCount,1788058820476000000,1788058880473000000,0
FlushQueue.waitingTimeMaxNs,1788058820476000000,1788058880473000000,0
NonBlockingReadAction.failedExecutionTimeUs,1788058820476000000,1788058880473000000,0
FlushQueue.queueSizeMax,1788058820476000000,1788058880473000000,0
FlushQueue.executionTime90PNs,1788058820476000000,1788058880473000000,0
AWTEventQueue.dispatchTime90PNs,1788058820476000000,1788058880473000000,0
FlushQueue.tasksExecuted,1788058820476000000,1788058880473000000,0
AWTEventQueue.eventsDispatched,1788058820476000000,1788058880473000000,0
FlushQueue.queueSize90P,1788058820476000000,1788058880473000000,0
FlushQueue.waitingTime90PNs,1788058820476000000,1788058880473000000,0
FlushQueue.executionTimeMaxNs,1788058820476000000,1788058880473000000,0
FlushQueue.executionTimeAvgNs,1788058820476000000,1788058880473000000,0.0
AWTEventQueue.dispatchTimeAvgNs,1788058820476000000,1788058880473000000,0.0
NonBlockingReadAction.finalizedExecutionTimeUs,1788058820476000000,1788058880473000000,0
FlushQueue.waitingTimeAvgNs,1788058820476000000,1788058880473000000,0.0
AWTEventQueue.dispatchTimeMaxNs,1788058820476000000,1788058880473000000,0
NonBlockingReadAction.finalizedExecutionsCount,1788058820476000000,1788058880473000000,0
WriteAction.executionsCount,1788058820476000000,1788058880473000000,0
ReadAction.executionsCount,1788058820476000000,1788058880473000000,0
FlushQueue.queueSizeAvg,1788058820476000000,1788058880473000000,0.0
AWTEventQueue.dispatchTimeTotalNS,1788058820476000000,1788058880473000000,25026706
cacheStateStorage.set.duration,1788058820476000000,1788058880473000000,0
cacheStateStorage.get.duration,1788058820476000000,1788058880473000000,0
cacheStateStorage.get.counter,1788058820476000000,1788058880473000000,0
cacheStateStorage.set.counter,1788058820476000000,1788058880473000000,0
jps.global.get.library.ms,1788058820476000000,1788058880473000000,0
jps.global.get.library.by.name.ms,1788058820476000000,1788058880473000000,0
jps.library.entities.serializer.load.entities.ms,1788058820476000000,1788058880473000000,0
workspaceModel.global.updates.count,1788058820476000000,1788058880473000000,0
workspaceModel.moduleBridge.before.changed.ms,1788058820476000000,1788058880473000000,0
workspaceModel.moduleBridge.update.option.ms,1788058820476000000,1788058880473000000,0
workspaceModel.moduleBridge.facet.initialization.ms,1788058820476000000,1788058880473000000,0
workspaceModel.mutableEntityStorage.apply.changes.from.ms,1788058820476000000,1788058880473000000,0
jps.facet.change.listener.before.change.events.ms,1788058820476000000,1788058880473000000,0
jps.global.handle.before.change.events.ms,1788058820476000000,1788058880473000000,0
jps.app.storage.content.reader.load.component.ms,1788058820476000000,1788058880473000000,0
jps.save.changed.project.entities.ms,1788058820476000000,1788058880473000000,0
workspaceModel.moduleBridgeLoader.loading.modules.ms,1788058820476000000,1788058880473000000,0
jps.facet.change.listener.init.bridge.ms,1788058820476000000,1788058880473000000,0
jps.project.serializers.save.ms,1788058820476000000,1788058880473000000,0
workspaceModel.mutableEntityStorage.has.same.entities.ms,1788058820476000000,1788058880473000000,0
workspaceModel.mutableEntityStorage.add.entity.ms,1788058820476000000,1788058880473000000,0
workspaceModel.delayed.project.synchronizer.sync.ms,1788058820476000000,1788058880473000000,0
jps.project.serializers.load.ms,1788058820476000000,1788058880473000000,0
workspaceModel.mutableEntityStorage.mutable.vfurl.index.ms,1788058820476000000,1788058880473000000,0
jps.load.project.to.empty.storage.ms,1788058820476000000,1788058880473000000,0
jps.global.initialize.library.bridges.after.loading.ms,1788058820476000000,1788058880473000000,0
workspaceModel.moduleManagerBridge.newModule.ms,1788058820476000000,1788058880473000000,0
workspaceModel.mutableEntityStorage.referrers.ms,1788058820476000000,1788058880473000000,0
workspaceModel.moduleManagerBridge.build.module.graph.ms,1788058820476000000,1788058880473000000,0
jps.library.entities.serializer.save.entities.ms,1788058820476000000,1788058880473000000,0
workspaceModel.orphan.listener.update.ms,1788058820476000000,1788058880473000000,0
jps.module.iml.entities.serializer.save.entities.ms,1788058820476000000,1788058880473000000,0
workspaceModel.mutableEntityStorage.replace.by.source.ms,1788058820476000000,1788058880473000000,0
jps.global.handle.changed.events.ms,1788058820476000000,1788058880473000000,0
workspaceModel.global.apply.state.to.project.ms,1788058820476000000,1788058880473000000,0
jps.storage.jps.conf.reader.load.component.ms,1788058820476000000,1788058880473000000,0
workspaceModel.save.cache.to.file.ms,1788058820476000000,1788058880473000000,0
jps.save.global.entities.ms,1788058820476000000,1788058880473000000,0
workspaceModel.mutableEntityStorage.put.entity.ms,1788058820476000000,1788058880473000000,0
workspaceModel.mutableEntityStorage.to.snapshot.ms,1788058820476000000,1788058880473000000,0
workspaceModel.mutableEntityStorage.modify.entity.ms,1788058820476000000,1788058880473000000,0
jps.reload.project.entities.ms,1788058820476000000,1788058880473000000,0
workspaceModel.moduleManagerBridge.set.unloadedModules.ms,1788058820476000000,1788058880473000000,0
workspaceModel.moduleManagerBridge.load.module.ms,1788058820476000000,1788058880473000000,0
workspaceModel.mutableEntityStorage.remove.entity.ms,1788058820476000000,1788058880473000000,0
workspaceModel.load.cache.from.file.ms,1788058820476000000,1788058880473000000,0
jps.facet.change.listener.process.change.events.ms,1788058820476000000,1788058880473000000,0
workspaceModel.moduleManagerBridge.load.all.modules.ms,1788058820476000000,1788058880473000000,0
workspaceModel.do.save.caches.ms,1788058820476000000,1788058880473000000,0
jps.global.initialize.library.bridges.ms,1788058820476000000,1788058880473000000,0
workspaceModel.global.apply.state.to.project.builder.ms,1788058820476000000,1788058880473000000,0
workspaceModel.mutableEntityStorage.resolve.ms,1788058820476000000,1788058880473000000,0
jps.app.storage.content.writer.save.component.ms,1788058820476000000,1788058880473000000,0
workspaceModel.mutableEntityStorage.mutable.ext.mapping.ms,1788058820476000000,1788058880473000000,0
workspaceModel.mutableEntityStorage.collect.changes.ms,1788058820476000000,1788058880473000000,0
workspaceModel.mutableEntityStorage.entities.by.source.ms,1788058820476000000,1788058880473000000,0
jps.load.initial.state.ms,1788058820476000000,1788058880473000000,0
jps.apply.loaded.storage.ms,1788058820476000000,1788058880473000000,0
jps.artifact.entities.serializer.load.entities.ms,1788058820476000000,1788058880473000000,0
jps.global.get.libraries.ms,1788058820476000000,1788058880473000000,0
workspaceModel.global.updates.ms,1788058820476000000,1788058880473000000,0
jps.artifact.entities.serializer.save.entities.ms,1788058820476000000,1788058880473000000,0
workspaceModel.mutableEntityStorage.instances.count,1788058820476000000,1788058880473000000,0
workspaceModel.moduleManagerBridge.get.modules.ms,1788058820476000000,1788058880473000000,0
workspaceModel.sync.entities.ms,1788058820476000000,1788058880473000000,0
workspaceModel.moduleManagerBridge.create.module.instance.ms,1788058820476000000,1788058880473000000,0
jps.module.iml.entities.serializer.load.entities.ms,1788058820476000000,1788058880473000000,0
workspaceModel.moduleManagerBridge.new.nonPersistent.module.ms,1788058820476000000,1788058880473000000,0
workspaceModel.mutableEntityStorage.entities.ms,1788058820476000000,1788058880473000000,0
workspaceModel.load.cache.metadata.from.file.ms,1788058820476000000,1788058880473000000,0
workspaceModel.init.bridges.ms,1788058820476000000,1788058880473000000,0
workspaceModel.workspaceFileIndexData.instances.count,1788058820476000000,1788058880473000000,0
workspaceModel.loading.total.ms,1788058820476000000,1788058880473000000,0
workspaceModel.updates.count,1788058820476000000,1788058880473000000,0
workspaceModel.workspaceFileIndexData.getDirectoriesByPackageName.ms,1788058820476000000,1788058880473000000,0
workspaceModel.initializing.ms,1788058820476000000,1788058880473000000,0
workspaceModel.updates.precise.ms,1788058820476000000,1788058880473000000,0
workspaceModel.cachedValueWithParameters.calculated.ms,1788058820476000000,1788058880473000000,0
workspaceModel.workspaceFileIndexData.markDirty.ms,1788058820476000000,1788058880473000000,0
workspaceModel.update.unloaded.entities.ms,1788058820476000000,1788058880473000000,0
workspaceModel.workspaceFileIndexData.processFileSets.ms,1788058820476000000,1788058880473000000,0
workspaceModel.workspaceFileIndexData.init.ms,1788058820476000000,1788058880473000000,0
workspaceModel.replace.project.model.ms,1788058820476000000,1788058880473000000,0
workspaceModel.loading.from.cache.ms,1788058820476000000,1788058880473000000,0
workspaceModel.cachedValue.from.cache.ms,1788058820476000000,1788058880473000000,0
workspaceModel.workspaceFileIndexData.getPackageName.ms,1788058820476000000,1788058880473000000,0
workspaceModel.workspaceFileIndexData.onEntitiesChanged.ms,1788058820476000000,1788058880473000000,0
workspaceModel.updates.ms,1788058820476000000,1788058880473000000,0
workspaceModel.workspaceFileIndexData.getFileInfo.ms,1788058820476000000,1788058880473000000,0
workspaceModel.to.snapshot.ms,1788058820476000000,1788058880473000000,0
workspaceModel.cachedValue.clear.ms,1788058820476000000,1788058880473000000,0
workspaceModel.workspaceFileIndexData.updateDirtyEntities.ms,1788058820476000000,1788058880473000000,0
workspaceModel.entityStorageSnapshotImpl.instances.count,1788058820476000000,1788058880473000000,0
workspaceModel.cachedValueWithParameters.clear.ms,1788058820476000000,1788058880473000000,0
workspaceModel.check.recursive.update.ms,1788058820476000000,1788058880473000000,0
workspaceModel.collect.changes.ms,1788058820476000000,1788058880473000000,0
workspaceModel.cachedValueWithParameters.total.get.ms,1788058820476000000,1788058880473000000,0
workspaceModel.cachedValue.calculated.ms,1788058820476000000,1788058880473000000,0
workspaceModel.pre.handlers.ms,1788058820476000000,1788058880473000000,0
workspaceModel.cachedValueWithParameters.from.cache.ms,1788058820476000000,1788058880473000000,0
workspaceModel.cachedValue.total.get.ms,1788058820476000000,1788058880473000000,0
workspaceModel.workspaceFileIndexContributor.registerFileSets.ms,1788058820476000000,1788058880473000000,0
workspaceModel.workspaceFileIndexData.visitFileSets.ms,1788058820476000000,1788058880473000000,0
workspaceModel.full.replace.project.model.ms,1788058820476000000,1788058880473000000,0
compiler.ArtifactManagerBridge.getArtifactsByType.ms,1788058820476000000,1788058880473000000,0
compiler.ArtifactVirtualFileListener.filePathChanged.ms,1788058820476000000,1788058880473000000,0
compiler.ArtifactManagerBridge.initBridges.ms,1788058820476000000,1788058880473000000,0
compiler.ArtifactManagerBridge.findArtifact.ms,1788058820476000000,1788058880473000000,0
compiler.ArtifactManagerBridge.dropMappings.ms,1788058820476000000,1788058880473000000,0
compiler.ArtifactVirtualFileListener.propertyChanged.ms,1788058820476000000,1788058880473000000,0
compiler.ArtifactManagerBridge.addArtifact.ms,1788058820476000000,1788058880473000000,0
compiler.ArtifactManagerBridge.commit.ms,1788058820476000000,1788058880473000000,0
compiler.ArtifactManagerBridge.getArtifacts.ms,1788058820476000000,1788058880473000000,0
Indexes.entries.lookupDurationAvgMs,1788058820476000000,1788058880473000000,0.0
Indexes.allKeys.lookupDurationAvgMs,1788058820476000000,1788058880473000000,0.0
IndexesFlusher.totalFlushes,1788058820476000000,1788058880473000000,118
Indexes.stubs.lookups,1788058820476000000,1788058880473000000,0.0
Indexes.allKeys.lookups,1788058820476000000,1788058880473000000,0.0
Indexes.entries.lookups,1788058820476000000,1788058880473000000,0.0
Indexes.allKeys.lookupDuration90PMs,1788058820476000000,1788058880473000000,0.0
IndexesFlusher.totalFlushesRetried,1788058820476000000,1788058880473000000,0
Indexes.allKeys.lookupDurationMaxMs,1788058820476000000,1788058880473000000,0.0
IndexesFlusher.totalContentionQuotaSpent,1788058820476000000,1788058880473000000,0
Indexes.stubs.lookupDurationAvgMs,1788058820476000000,1788058880473000000,0.0
Indexes.entries.lookupDuration90PMs,1788058820476000000,1788058880473000000,0.0
Indexes.stubs.lookupDurationMaxMs,1788058820476000000,1788058880473000000,0.0
IndexesFlusher.totalFlushingTimeUs,1788058820476000000,1788058880473000000,305267
Indexes.entries.lookupDurationMaxMs,1788058820476000000,1788058880473000000,0.0
Indexes.stubs.lookupDuration90PMs,1788058820476000000,1788058880473000000,0.0
FileNameCache.queries,1788058820476000000,1788058880473000000,0
FileNameCache.totalMisses,1788058820476000000,1788058880473000000,0
VFS.fileByIdCache.hits,1788058820476000000,1788058880473000000,0
VFS.fileByIdCache.misses,1788058820476000000,1788058880473000000,0
VFS.invertedFileNameIndex.requests,1788058820476000000,1788058880473000000,0
VFS.fileChildByName,1788058820476000000,1788058880473000000,0
DirectByteBufferAllocator.misses,1788058880473000000,1788060736265000000,0
MappedFileStorage.storages,1788058880473000000,1788060736265000000,14
FilePageCache.disposedBuffers,1788058880473000000,1788060736265000000,0
FilePageCache.pageLoads,1788058880473000000,1788060736265000000,0
MappedFileStorage.totalPagesMapped,1788058880473000000,1788060736265000000,14
DirectByteBufferAllocator.totalSizeOfBuffersAllocatedInBytes,1788058880473000000,1788060736265000000,302006272
FilePageCache.pageFastCacheHits,1788058880473000000,1788060736265000000,0
FilePageCache.maxRegisteredFiles,1788058880473000000,1788060736265000000,555
FilePageCacheLockFree.totalClosedStoragesReclaimed,1788058880473000000,1788060736265000000,0
FilePageCache.uncachedFileAccess,1788058880473000000,1788060736265000000,0
DirectByteBufferAllocator.hits,1788058880473000000,1788060736265000000,0
StreamlinedBlobStorage.recordsRelocated,1788058880473000000,1788060736265000000,0
FilePageCache.pageLoadsAboveSizeThreshold,1788058880473000000,1788060736265000000,0
FileChannelInterruptsRetryer.totalRetriedAttempts,1788058880473000000,1788060736265000000,0
DirectByteBufferAllocator.reclaimed,1788058880473000000,1788060736265000000,0
FilePageCache.pageHits,1788058880473000000,1788060736265000000,0
FilePageCacheLockFree.totalPagesReadMs,1788058880473000000,1788060736265000000,0
FilePageCacheLockFree.totalPagesWritten,1788058880473000000,1788060736265000000,0
FilePageCacheLockFree.totalHeapBytesReclaimed,1788058880473000000,1788060736265000000,0
FilePageCacheLockFree.nativeBytesInUse,1788058880473000000,1788060736265000000,0
StreamlinedBlobStorage.totalLiveRecordsCapacityBytes,1788058880473000000,1788060736265000000,0
FilePageCacheLockFree.totalPagesRequestsMs,1788058880473000000,1788060736265000000,0
FilePageCache.maxCacheSizeInBytes,1788058880473000000,1788060736265000000,302006272
StreamlinedBlobStorage.totalLiveRecordsPayloadBytes,1788058880473000000,1788060736265000000,0
FilePageCacheLockFree.heapBytesInUse,1788058880473000000,1788060736265000000,0
FilePageCacheLockFree.totalPagesReclaimed,1788058880473000000,1788060736265000000,0
FilePageCacheLockFree.totalBytesRequested,1788058880473000000,1788060736265000000,0
FilePageCacheLockFree.totalNativeBytesReclaimed,1788058880473000000,1788060736265000000,0
StorageLockContext.competingThreads.90P,1788058880473000000,1788060736265000000,0
FilePageCacheLockFree.totalHeapBytesAllocated,1788058880473000000,1788060736265000000,0
StorageLockContext.competingThreads.avg,1788058880473000000,1788060736265000000,0.0
FilePageCacheLockFree.housekeeperTurnsSkipped,1788058880473000000,1788060736265000000,0
FilePageCache.totalPageDisposalsUs,1788058880473000000,1788060736265000000,0
FilePageCacheLockFree.totalPagesAllocated,1788058880473000000,1788060736265000000,0
FilePageCacheLockFree.totalPagesRequested,1788058880473000000,1788060736265000000,0
StreamlinedBlobStorage.recordsDeleted,1788058880473000000,1788060736265000000,0
FilePageCacheLockFree.totalNativeBytesAllocated,1788058880473000000,1788060736265000000,0
StorageLockContext.competingThreads.max,1788058880473000000,1788060736265000000,0
MappedFileStorage.totalTimeSpentOnMappingUs,1788058880473000000,1788060736265000000,2586502
FilePageCacheLockFree.totalBytesWritten,1788058880473000000,1788060736265000000,0
FilePageCacheLockFree.totalBytesRead,1788058880473000000,1788060736265000000,0
FilePageCache.totalPageLoadsUs,1788058880473000000,1788060736265000000,0
FilePageCacheLockFree.totalPageAllocationsWaited,1788058880473000000,1788060736265000000,0
FilePageCacheLockFree.totalPagesHandedOver,1788058880473000000,1788060736265000000,0
FilePageCacheLockFree.housekeeperTimeSpentMs,1788058880473000000,1788060736265000000,0
DirectByteBufferAllocator.disposed,1788058880473000000,1788060736265000000,0
FilePageCache.capacityInBytes,1788058880473000000,1788060736265000000,503316478
FilePageCacheLockFree.housekeeperTurnsDone,1788058880473000000,1788060736265000000,0
FilePageCacheLockFree.totalPagesWriteMs,1788058880473000000,1788060736265000000,0
DirectByteBufferAllocator.totalSizeOfBuffersCachedInBytes,1788058880473000000,1788060736265000000,0
StreamlinedBlobStorage.recordsAllocated,1788058880473000000,1788060736265000000,0
MappedFileStorage.totalBytesMapped,1788058880473000000,1788060736265000000,194248704
JVM.maxHeapBytes,1788058880473000000,1788060736265000000,2147483648
JVM.GC.collections,1788058880473000000,1788060736265000000,0
OS.loadAverage,1788058880473000000,1788060736265000000,2.7236328125
JVM.GC.collectionTimesMs,1788058880473000000,1788060736265000000,0
JVM.totalBytesAllocated,1788058880473000000,1788060736265000000,12339728
JVM.usedNativeBytes,1788058880473000000,1788060736265000000,389553576
JVM.usedHeapBytes,1788058880473000000,1788060736265000000,405440160
JVM.totalDirectByteBuffersBytes,1788058880473000000,1788060736265000000,302839031
JVM.maxThreadCount,1788058880473000000,1788060736265000000,179
JVM.newThreadsCount,1788058880473000000,1788060736265000000,1
JVM.threadCount,1788058880473000000,1788060736265000000,53
JVM.totalCpuTimeMs,1788058880473000000,1788060736265000000,827
writeAction.wait.ms,1788058880473000000,1788060736265000000,0
writeAction.count,1788058880473000000,1788060736265000000,0
writeAction.max.wait.ms,1788058880473000000,1788060736265000000,11
writeAction.median.wait.ms,1788058880473000000,1788060736265000000,0
NonBlockingReadAction.failedExecutionsCount,1788058880473000000,1788060736265000000,0
FlushQueue.waitingTimeMaxNs,1788058880473000000,1788060736265000000,0
NonBlockingReadAction.failedExecutionTimeUs,1788058880473000000,1788060736265000000,0
FlushQueue.queueSizeMax,1788058880473000000,1788060736265000000,0
FlushQueue.executionTime90PNs,1788058880473000000,1788060736265000000,0
AWTEventQueue.dispatchTime90PNs,1788058880473000000,1788060736265000000,0
FlushQueue.tasksExecuted,1788058880473000000,1788060736265000000,0
AWTEventQueue.eventsDispatched,1788058880473000000,1788060736265000000,0
FlushQueue.queueSize90P,1788058880473000000,1788060736265000000,0
FlushQueue.waitingTime90PNs,1788058880473000000,1788060736265000000,0
FlushQueue.executionTimeMaxNs,1788058880473000000,1788060736265000000,0
FlushQueue.executionTimeAvgNs,1788058880473000000,1788060736265000000,0.0
AWTEventQueue.dispatchTimeAvgNs,1788058880473000000,1788060736265000000,0.0
NonBlockingReadAction.finalizedExecutionTimeUs,1788058880473000000,1788060736265000000,6997
FlushQueue.waitingTimeAvgNs,1788058880473000000,1788060736265000000,0.0
AWTEventQueue.dispatchTimeMaxNs,1788058880473000000,1788060736265000000,0
NonBlockingReadAction.finalizedExecutionsCount,1788058880473000000,1788060736265000000,3
WriteAction.executionsCount,1788058880473000000,1788060736265000000,0
ReadAction.executionsCount,1788058880473000000,1788060736265000000,26
FlushQueue.queueSizeAvg,1788058880473000000,1788060736265000000,0.0
AWTEventQueue.dispatchTimeTotalNS,1788058880473000000,1788060736265000000,36466535
cacheStateStorage.set.duration,1788058880473000000,1788060736265000000,0
cacheStateStorage.get.duration,1788058880473000000,1788060736265000000,0
cacheStateStorage.get.counter,1788058880473000000,1788060736265000000,0
cacheStateStorage.set.counter,1788058880473000000,1788060736265000000,0
jps.global.get.library.ms,1788058880473000000,1788060736265000000,0
jps.global.get.library.by.name.ms,1788058880473000000,1788060736265000000,0
jps.library.entities.serializer.load.entities.ms,1788058880473000000,1788060736265000000,0
workspaceModel.global.updates.count,1788058880473000000,1788060736265000000,0
workspaceModel.moduleBridge.before.changed.ms,1788058880473000000,1788060736265000000,0
workspaceModel.moduleBridge.update.option.ms,1788058880473000000,1788060736265000000,0
workspaceModel.moduleBridge.facet.initialization.ms,1788058880473000000,1788060736265000000,0
workspaceModel.mutableEntityStorage.apply.changes.from.ms,1788058880473000000,1788060736265000000,0
jps.facet.change.listener.before.change.events.ms,1788058880473000000,1788060736265000000,0
jps.global.handle.before.change.events.ms,1788058880473000000,1788060736265000000,0
jps.app.storage.content.reader.load.component.ms,1788058880473000000,1788060736265000000,0
jps.save.changed.project.entities.ms,1788058880473000000,1788060736265000000,0
workspaceModel.moduleBridgeLoader.loading.modules.ms,1788058880473000000,1788060736265000000,0
jps.facet.change.listener.init.bridge.ms,1788058880473000000,1788060736265000000,0
jps.project.serializers.save.ms,1788058880473000000,1788060736265000000,0
workspaceModel.mutableEntityStorage.has.same.entities.ms,1788058880473000000,1788060736265000000,0
workspaceModel.mutableEntityStorage.add.entity.ms,1788058880473000000,1788060736265000000,0
workspaceModel.delayed.project.synchronizer.sync.ms,1788058880473000000,1788060736265000000,0
jps.project.serializers.load.ms,1788058880473000000,1788060736265000000,0
workspaceModel.mutableEntityStorage.mutable.vfurl.index.ms,1788058880473000000,1788060736265000000,0
jps.load.project.to.empty.storage.ms,1788058880473000000,1788060736265000000,0
jps.global.initialize.library.bridges.after.loading.ms,1788058880473000000,1788060736265000000,0
workspaceModel.moduleManagerBridge.newModule.ms,1788058880473000000,1788060736265000000,0
workspaceModel.mutableEntityStorage.referrers.ms,1788058880473000000,1788060736265000000,0
workspaceModel.moduleManagerBridge.build.module.graph.ms,1788058880473000000,1788060736265000000,0
jps.library.entities.serializer.save.entities.ms,1788058880473000000,1788060736265000000,0
workspaceModel.orphan.listener.update.ms,1788058880473000000,1788060736265000000,0
jps.module.iml.entities.serializer.save.entities.ms,1788058880473000000,1788060736265000000,0
workspaceModel.mutableEntityStorage.replace.by.source.ms,1788058880473000000,1788060736265000000,0
jps.global.handle.changed.events.ms,1788058880473000000,1788060736265000000,0
workspaceModel.global.apply.state.to.project.ms,1788058880473000000,1788060736265000000,0
jps.storage.jps.conf.reader.load.component.ms,1788058880473000000,1788060736265000000,0
workspaceModel.save.cache.to.file.ms,1788058880473000000,1788060736265000000,0
jps.save.global.entities.ms,1788058880473000000,1788060736265000000,0
workspaceModel.mutableEntityStorage.put.entity.ms,1788058880473000000,1788060736265000000,0
workspaceModel.mutableEntityStorage.to.snapshot.ms,1788058880473000000,1788060736265000000,0
workspaceModel.mutableEntityStorage.modify.entity.ms,1788058880473000000,1788060736265000000,0
jps.reload.project.entities.ms,1788058880473000000,1788060736265000000,0
workspaceModel.moduleManagerBridge.set.unloadedModules.ms,1788058880473000000,1788060736265000000,0
workspaceModel.moduleManagerBridge.load.module.ms,1788058880473000000,1788060736265000000,0
workspaceModel.mutableEntityStorage.remove.entity.ms,1788058880473000000,1788060736265000000,0
workspaceModel.load.cache.from.file.ms,1788058880473000000,1788060736265000000,0
jps.facet.change.listener.process.change.events.ms,1788058880473000000,1788060736265000000,0
workspaceModel.moduleManagerBridge.load.all.modules.ms,1788058880473000000,1788060736265000000,0
workspaceModel.do.save.caches.ms,1788058880473000000,1788060736265000000,0
jps.global.initialize.library.bridges.ms,1788058880473000000,1788060736265000000,0
workspaceModel.global.apply.state.to.project.builder.ms,1788058880473000000,1788060736265000000,0
workspaceModel.mutableEntityStorage.resolve.ms,1788058880473000000,1788060736265000000,0
jps.app.storage.content.writer.save.component.ms,1788058880473000000,1788060736265000000,0
workspaceModel.mutableEntityStorage.mutable.ext.mapping.ms,1788058880473000000,1788060736265000000,0
workspaceModel.mutableEntityStorage.collect.changes.ms,1788058880473000000,1788060736265000000,0
workspaceModel.mutableEntityStorage.entities.by.source.ms,1788058880473000000,1788060736265000000,0
jps.load.initial.state.ms,1788058880473000000,1788060736265000000,0
jps.apply.loaded.storage.ms,1788058880473000000,1788060736265000000,0
jps.artifact.entities.serializer.load.entities.ms,1788058880473000000,1788060736265000000,0
jps.global.get.libraries.ms,1788058880473000000,1788060736265000000,0
workspaceModel.global.updates.ms,1788058880473000000,1788060736265000000,0
jps.artifact.entities.serializer.save.entities.ms,1788058880473000000,1788060736265000000,0
workspaceModel.mutableEntityStorage.instances.count,1788058880473000000,1788060736265000000,0
workspaceModel.moduleManagerBridge.get.modules.ms,1788058880473000000,1788060736265000000,0
workspaceModel.sync.entities.ms,1788058880473000000,1788060736265000000,0
workspaceModel.moduleManagerBridge.create.module.instance.ms,1788058880473000000,1788060736265000000,0
jps.module.iml.entities.serializer.load.entities.ms,1788058880473000000,1788060736265000000,0
workspaceModel.moduleManagerBridge.new.nonPersistent.module.ms,1788058880473000000,1788060736265000000,0
workspaceModel.mutableEntityStorage.entities.ms,1788058880473000000,1788060736265000000,0
workspaceModel.load.cache.metadata.from.file.ms,1788058880473000000,1788060736265000000,0
workspaceModel.init.bridges.ms,1788058880473000000,1788060736265000000,0
workspaceModel.workspaceFileIndexData.instances.count,1788058880473000000,1788060736265000000,0
workspaceModel.loading.total.ms,1788058880473000000,1788060736265000000,0
workspaceModel.updates.count,1788058880473000000,1788060736265000000,0
workspaceModel.workspaceFileIndexData.getDirectoriesByPackageName.ms,1788058880473000000,1788060736265000000,0
workspaceModel.initializing.ms,1788058880473000000,1788060736265000000,0
workspaceModel.updates.precise.ms,1788058880473000000,1788060736265000000,0
workspaceModel.cachedValueWithParameters.calculated.ms,1788058880473000000,1788060736265000000,0
workspaceModel.workspaceFileIndexData.markDirty.ms,1788058880473000000,1788060736265000000,0
workspaceModel.update.unloaded.entities.ms,1788058880473000000,1788060736265000000,0
workspaceModel.workspaceFileIndexData.processFileSets.ms,1788058880473000000,1788060736265000000,0
workspaceModel.workspaceFileIndexData.init.ms,1788058880473000000,1788060736265000000,0
workspaceModel.replace.project.model.ms,1788058880473000000,1788060736265000000,0
workspaceModel.loading.from.cache.ms,1788058880473000000,1788060736265000000,0
workspaceModel.cachedValue.from.cache.ms,1788058880473000000,1788060736265000000,0
workspaceModel.workspaceFileIndexData.getPackageName.ms,1788058880473000000,1788060736265000000,0
workspaceModel.workspaceFileIndexData.onEntitiesChanged.ms,1788058880473000000,1788060736265000000,0
workspaceModel.updates.ms,1788058880473000000,1788060736265000000,0
workspaceModel.workspaceFileIndexData.getFileInfo.ms,1788058880473000000,1788060736265000000,1
workspaceModel.to.snapshot.ms,1788058880473000000,1788060736265000000,0
workspaceModel.cachedValue.clear.ms,1788058880473000000,1788060736265000000,0
workspaceModel.workspaceFileIndexData.updateDirtyEntities.ms,1788058880473000000,1788060736265000000,0
workspaceModel.entityStorageSnapshotImpl.instances.count,1788058880473000000,1788060736265000000,0
workspaceModel.cachedValueWithParameters.clear.ms,1788058880473000000,1788060736265000000,0
workspaceModel.check.recursive.update.ms,1788058880473000000,1788060736265000000,0
workspaceModel.collect.changes.ms,1788058880473000000,1788060736265000000,0
workspaceModel.cachedValueWithParameters.total.get.ms,1788058880473000000,1788060736265000000,0
workspaceModel.cachedValue.calculated.ms,1788058880473000000,1788060736265000000,0
workspaceModel.pre.handlers.ms,1788058880473000000,1788060736265000000,0
workspaceModel.cachedValueWithParameters.from.cache.ms,1788058880473000000,1788060736265000000,0
workspaceModel.cachedValue.total.get.ms,1788058880473000000,1788060736265000000,0
workspaceModel.workspaceFileIndexContributor.registerFileSets.ms,1788058880473000000,1788060736265000000,0
workspaceModel.workspaceFileIndexData.visitFileSets.ms,1788058880473000000,1788060736265000000,0
workspaceModel.full.replace.project.model.ms,1788058880473000000,1788060736265000000,0
compiler.ArtifactManagerBridge.getArtifactsByType.ms,1788058880473000000,1788060736265000000,0
compiler.ArtifactVirtualFileListener.filePathChanged.ms,1788058880473000000,1788060736265000000,0
compiler.ArtifactManagerBridge.initBridges.ms,1788058880473000000,1788060736265000000,0
compiler.ArtifactManagerBridge.findArtifact.ms,1788058880473000000,1788060736265000000,0
compiler.ArtifactManagerBridge.dropMappings.ms,1788058880473000000,1788060736265000000,0
compiler.ArtifactVirtualFileListener.propertyChanged.ms,1788058880473000000,1788060736265000000,0
compiler.ArtifactManagerBridge.addArtifact.ms,1788058880473000000,1788060736265000000,0
compiler.ArtifactManagerBridge.commit.ms,1788058880473000000,1788060736265000000,0
compiler.ArtifactManagerBridge.getArtifacts.ms,1788058880473000000,1788060736265000000,0
Indexes.entries.lookupDurationAvgMs,1788058880473000000,1788060736265000000,0.0
Indexes.allKeys.lookupDurationAvgMs,1788058880473000000,1788060736265000000,0.0
IndexesFlusher.totalFlushes,1788058880473000000,1788060736265000000,108
Indexes.stubs.lookups,1788058880473000000,1788060736265000000,0.0
Indexes.allKeys.lookups,1788058880473000000,1788060736265000000,0.0
Indexes.entries.lookups,1788058880473000000,1788060736265000000,0.0
Indexes.allKeys.lookupDuration90PMs,1788058880473000000,1788060736265000000,0.0
IndexesFlusher.totalFlushesRetried,1788058880473000000,1788060736265000000,0
Indexes.allKeys.lookupDurationMaxMs,1788058880473000000,1788060736265000000,0.0
IndexesFlusher.totalContentionQuotaSpent,1788058880473000000,1788060736265000000,0
Indexes.stubs.lookupDurationAvgMs,1788058880473000000,1788060736265000000,0.0
Indexes.entries.lookupDuration90PMs,1788058880473000000,1788060736265000000,0.0
Indexes.stubs.lookupDurationMaxMs,1788058880473000000,1788060736265000000,0.0
IndexesFlusher.totalFlushingTimeUs,1788058880473000000,1788060736265000000,294134
Indexes.entries.lookupDurationMaxMs,1788058880473000000,1788060736265000000,0.0
Indexes.stubs.lookupDuration90PMs,1788058880473000000,1788060736265000000,0.0
FileNameCache.queries,1788058880473000000,1788060736265000000,256
FileNameCache.totalMisses,1788058880473000000,1788060736265000000,0
VFS.fileByIdCache.hits,1788058880473000000,1788060736265000000,0
VFS.fileByIdCache.misses,1788058880473000000,1788060736265000000,0
VFS.invertedFileNameIndex.requests,1788058880473000000,1788060736265000000,0
VFS.fileChildByName,1788058880473000000,1788060736265000000,29
DirectByteBufferAllocator.misses,1788060736265000000,1788062614299000000,0
MappedFileStorage.storages,1788060736265000000,1788062614299000000,14
FilePageCache.disposedBuffers,1788060736265000000,1788062614299000000,0
FilePageCache.pageLoads,1788060736265000000,1788062614299000000,0
MappedFileStorage.totalPagesMapped,1788060736265000000,1788062614299000000,14
DirectByteBufferAllocator.totalSizeOfBuffersAllocatedInBytes,1788060736265000000,1788062614299000000,302006272
FilePageCache.pageFastCacheHits,1788060736265000000,1788062614299000000,0
FilePageCache.maxRegisteredFiles,1788060736265000000,1788062614299000000,555
FilePageCacheLockFree.totalClosedStoragesReclaimed,1788060736265000000,1788062614299000000,0
FilePageCache.uncachedFileAccess,1788060736265000000,1788062614299000000,0
DirectByteBufferAllocator.hits,1788060736265000000,1788062614299000000,0
StreamlinedBlobStorage.recordsRelocated,1788060736265000000,1788062614299000000,0
FilePageCache.pageLoadsAboveSizeThreshold,1788060736265000000,1788062614299000000,0
FileChannelInterruptsRetryer.totalRetriedAttempts,1788060736265000000,1788062614299000000,0
DirectByteBufferAllocator.reclaimed,1788060736265000000,1788062614299000000,0
FilePageCache.pageHits,1788060736265000000,1788062614299000000,0
FilePageCacheLockFree.totalPagesReadMs,1788060736265000000,1788062614299000000,0
FilePageCacheLockFree.totalPagesWritten,1788060736265000000,1788062614299000000,0
FilePageCacheLockFree.totalHeapBytesReclaimed,1788060736265000000,1788062614299000000,0
FilePageCacheLockFree.nativeBytesInUse,1788060736265000000,1788062614299000000,0
StreamlinedBlobStorage.totalLiveRecordsCapacityBytes,1788060736265000000,1788062614299000000,0
FilePageCacheLockFree.totalPagesRequestsMs,1788060736265000000,1788062614299000000,0
FilePageCache.maxCacheSizeInBytes,1788060736265000000,1788062614299000000,302006272
StreamlinedBlobStorage.totalLiveRecordsPayloadBytes,1788060736265000000,1788062614299000000,0
FilePageCacheLockFree.heapBytesInUse,1788060736265000000,1788062614299000000,0
FilePageCacheLockFree.totalPagesReclaimed,1788060736265000000,1788062614299000000,0
FilePageCacheLockFree.totalBytesRequested,1788060736265000000,1788062614299000000,0
FilePageCacheLockFree.totalNativeBytesReclaimed,1788060736265000000,1788062614299000000,0
StorageLockContext.competingThreads.90P,1788060736265000000,1788062614299000000,0
FilePageCacheLockFree.totalHeapBytesAllocated,1788060736265000000,1788062614299000000,0
StorageLockContext.competingThreads.avg,1788060736265000000,1788062614299000000,0.0
FilePageCacheLockFree.housekeeperTurnsSkipped,1788060736265000000,1788062614299000000,0
FilePageCache.totalPageDisposalsUs,1788060736265000000,1788062614299000000,0
FilePageCacheLockFree.totalPagesAllocated,1788060736265000000,1788062614299000000,0
FilePageCacheLockFree.totalPagesRequested,1788060736265000000,1788062614299000000,0
StreamlinedBlobStorage.recordsDeleted,1788060736265000000,1788062614299000000,0
FilePageCacheLockFree.totalNativeBytesAllocated,1788060736265000000,1788062614299000000,0
StorageLockContext.competingThreads.max,1788060736265000000,1788062614299000000,0
MappedFileStorage.totalTimeSpentOnMappingUs,1788060736265000000,1788062614299000000,2586502
FilePageCacheLockFree.totalBytesWritten,1788060736265000000,1788062614299000000,0
FilePageCacheLockFree.totalBytesRead,1788060736265000000,1788062614299000000,0
FilePageCache.totalPageLoadsUs,1788060736265000000,1788062614299000000,0
FilePageCacheLockFree.totalPageAllocationsWaited,1788060736265000000,1788062614299000000,0
FilePageCacheLockFree.totalPagesHandedOver,1788060736265000000,1788062614299000000,0
FilePageCacheLockFree.housekeeperTimeSpentMs,1788060736265000000,1788062614299000000,0
DirectByteBufferAllocator.disposed,1788060736265000000,1788062614299000000,0
FilePageCache.capacityInBytes,1788060736265000000,1788062614299000000,503316478
FilePageCacheLockFree.housekeeperTurnsDone,1788060736265000000,1788062614299000000,0
FilePageCacheLockFree.totalPagesWriteMs,1788060736265000000,1788062614299000000,0
DirectByteBufferAllocator.totalSizeOfBuffersCachedInBytes,1788060736265000000,1788062614299000000,0
StreamlinedBlobStorage.recordsAllocated,1788060736265000000,1788062614299000000,0
MappedFileStorage.totalBytesMapped,1788060736265000000,1788062614299000000,194248704
JVM.maxHeapBytes,1788060736265000000,1788062614299000000,2147483648
JVM.GC.collections,1788060736265000000,1788062614299000000,0
OS.loadAverage,1788060736265000000,1788062614299000000,2.5869140625
JVM.GC.collectionTimesMs,1788060736265000000,1788062614299000000,0
JVM.totalBytesAllocated,1788060736265000000,1788062614299000000,9066120
JVM.usedNativeBytes,1788060736265000000,1788062614299000000,389603544
JVM.usedHeapBytes,1788060736265000000,1788062614299000000,413828768
JVM.totalDirectByteBuffersBytes,1788060736265000000,1788062614299000000,302839031
JVM.maxThreadCount,1788060736265000000,1788062614299000000,179
JVM.newThreadsCount,1788060736265000000,1788062614299000000,1
JVM.threadCount,1788060736265000000,1788062614299000000,53
JVM.totalCpuTimeMs,1788060736265000000,1788062614299000000,1225
writeAction.wait.ms,1788060736265000000,1788062614299000000,0
writeAction.count,1788060736265000000,1788062614299000000,0
writeAction.max.wait.ms,1788060736265000000,1788062614299000000,11
writeAction.median.wait.ms,1788060736265000000,1788062614299000000,0
NonBlockingReadAction.failedExecutionsCount,1788060736265000000,1788062614299000000,0
FlushQueue.waitingTimeMaxNs,1788060736265000000,1788062614299000000,0
NonBlockingReadAction.failedExecutionTimeUs,1788060736265000000,1788062614299000000,0
FlushQueue.queueSizeMax,1788060736265000000,1788062614299000000,0
FlushQueue.executionTime90PNs,1788060736265000000,1788062614299000000,0
AWTEventQueue.dispatchTime90PNs,1788060736265000000,1788062614299000000,0
FlushQueue.tasksExecuted,1788060736265000000,1788062614299000000,0
AWTEventQueue.eventsDispatched,1788060736265000000,1788062614299000000,0
FlushQueue.queueSize90P,1788060736265000000,1788062614299000000,0
FlushQueue.waitingTime90PNs,1788060736265000000,1788062614299000000,0
FlushQueue.executionTimeMaxNs,1788060736265000000,1788062614299000000,0
FlushQueue.executionTimeAvgNs,1788060736265000000,1788062614299000000,0.0
AWTEventQueue.dispatchTimeAvgNs,1788060736265000000,1788062614299000000,0.0
NonBlockingReadAction.finalizedExecutionTimeUs,1788060736265000000,1788062614299000000,0
FlushQueue.waitingTimeAvgNs,1788060736265000000,1788062614299000000,0.0
AWTEventQueue.dispatchTimeMaxNs,1788060736265000000,1788062614299000000,0
NonBlockingReadAction.finalizedExecutionsCount,1788060736265000000,1788062614299000000,0
WriteAction.executionsCount,1788060736265000000,1788062614299000000,0
ReadAction.executionsCount,1788060736265000000,1788062614299000000,0
FlushQueue.queueSizeAvg,1788060736265000000,1788062614299000000,0.0
AWTEventQueue.dispatchTimeTotalNS,1788060736265000000,1788062614299000000,90190043
cacheStateStorage.set.duration,1788060736265000000,1788062614299000000,0
cacheStateStorage.get.duration,1788060736265000000,1788062614299000000,0
cacheStateStorage.get.counter,1788060736265000000,1788062614299000000,0
cacheStateStorage.set.counter,1788060736265000000,1788062614299000000,0
jps.global.get.library.ms,1788060736265000000,1788062614299000000,0
jps.global.get.library.by.name.ms,1788060736265000000,1788062614299000000,0
jps.library.entities.serializer.load.entities.ms,1788060736265000000,1788062614299000000,0
workspaceModel.global.updates.count,1788060736265000000,1788062614299000000,0
workspaceModel.moduleBridge.before.changed.ms,1788060736265000000,1788062614299000000,0
workspaceModel.moduleBridge.update.option.ms,1788060736265000000,1788062614299000000,0
workspaceModel.moduleBridge.facet.initialization.ms,1788060736265000000,1788062614299000000,0
workspaceModel.mutableEntityStorage.apply.changes.from.ms,1788060736265000000,1788062614299000000,0
jps.facet.change.listener.before.change.events.ms,1788060736265000000,1788062614299000000,0
jps.global.handle.before.change.events.ms,1788060736265000000,1788062614299000000,0
jps.app.storage.content.reader.load.component.ms,1788060736265000000,1788062614299000000,0
jps.save.changed.project.entities.ms,1788060736265000000,1788062614299000000,0
workspaceModel.moduleBridgeLoader.loading.modules.ms,1788060736265000000,1788062614299000000,0
jps.facet.change.listener.init.bridge.ms,1788060736265000000,1788062614299000000,0
jps.project.serializers.save.ms,1788060736265000000,1788062614299000000,0
workspaceModel.mutableEntityStorage.has.same.entities.ms,1788060736265000000,1788062614299000000,0
workspaceModel.mutableEntityStorage.add.entity.ms,1788060736265000000,1788062614299000000,0
workspaceModel.delayed.project.synchronizer.sync.ms,1788060736265000000,1788062614299000000,0
jps.project.serializers.load.ms,1788060736265000000,1788062614299000000,0
workspaceModel.mutableEntityStorage.mutable.vfurl.index.ms,1788060736265000000,1788062614299000000,0
jps.load.project.to.empty.storage.ms,1788060736265000000,1788062614299000000,0
jps.global.initialize.library.bridges.after.loading.ms,1788060736265000000,1788062614299000000,0
workspaceModel.moduleManagerBridge.newModule.ms,1788060736265000000,1788062614299000000,0
workspaceModel.mutableEntityStorage.referrers.ms,1788060736265000000,1788062614299000000,0
workspaceModel.moduleManagerBridge.build.module.graph.ms,1788060736265000000,1788062614299000000,0
jps.library.entities.serializer.save.entities.ms,1788060736265000000,1788062614299000000,0
workspaceModel.orphan.listener.update.ms,1788060736265000000,1788062614299000000,0
jps.module.iml.entities.serializer.save.entities.ms,1788060736265000000,1788062614299000000,0
workspaceModel.mutableEntityStorage.replace.by.source.ms,1788060736265000000,1788062614299000000,0
jps.global.handle.changed.events.ms,1788060736265000000,1788062614299000000,0
workspaceModel.global.apply.state.to.project.ms,1788060736265000000,1788062614299000000,0
jps.storage.jps.conf.reader.load.component.ms,1788060736265000000,1788062614299000000,0
workspaceModel.save.cache.to.file.ms,1788060736265000000,1788062614299000000,0
jps.save.global.entities.ms,1788060736265000000,1788062614299000000,0
workspaceModel.mutableEntityStorage.put.entity.ms,1788060736265000000,1788062614299000000,0
workspaceModel.mutableEntityStorage.to.snapshot.ms,1788060736265000000,1788062614299000000,0
workspaceModel.mutableEntityStorage.modify.entity.ms,1788060736265000000,1788062614299000000,0
jps.reload.project.entities.ms,1788060736265000000,1788062614299000000,0
workspaceModel.moduleManagerBridge.set.unloadedModules.ms,1788060736265000000,1788062614299000000,0
workspaceModel.moduleManagerBridge.load.module.ms,1788060736265000000,1788062614299000000,0
workspaceModel.mutableEntityStorage.remove.entity.ms,1788060736265000000,1788062614299000000,0
workspaceModel.load.cache.from.file.ms,1788060736265000000,1788062614299000000,0
jps.facet.change.listener.process.change.events.ms,1788060736265000000,1788062614299000000,0
workspaceModel.moduleManagerBridge.load.all.modules.ms,1788060736265000000,1788062614299000000,0
workspaceModel.do.save.caches.ms,1788060736265000000,1788062614299000000,0
jps.global.initialize.library.bridges.ms,1788060736265000000,1788062614299000000,0
workspaceModel.global.apply.state.to.project.builder.ms,1788060736265000000,1788062614299000000,0
workspaceModel.mutableEntityStorage.resolve.ms,1788060736265000000,1788062614299000000,0
jps.app.storage.content.writer.save.component.ms,1788060736265000000,1788062614299000000,0
workspaceModel.mutableEntityStorage.mutable.ext.mapping.ms,1788060736265000000,1788062614299000000,0
workspaceModel.mutableEntityStorage.collect.changes.ms,1788060736265000000,1788062614299000000,0
workspaceModel.mutableEntityStorage.entities.by.source.ms,1788060736265000000,1788062614299000000,0
jps.load.initial.state.ms,1788060736265000000,1788062614299000000,0
jps.apply.loaded.storage.ms,1788060736265000000,1788062614299000000,0
jps.artifact.entities.serializer.load.entities.ms,1788060736265000000,1788062614299000000,0
jps.global.get.libraries.ms,1788060736265000000,1788062614299000000,0
workspaceModel.global.updates.ms,1788060736265000000,1788062614299000000,0
jps.artifact.entities.serializer.save.entities.ms,1788060736265000000,1788062614299000000,0
workspaceModel.mutableEntityStorage.instances.count,1788060736265000000,1788062614299000000,0
workspaceModel.moduleManagerBridge.get.modules.ms,1788060736265000000,1788062614299000000,0
workspaceModel.sync.entities.ms,1788060736265000000,1788062614299000000,0
workspaceModel.moduleManagerBridge.create.module.instance.ms,1788060736265000000,1788062614299000000,0
jps.module.iml.entities.serializer.load.entities.ms,1788060736265000000,1788062614299000000,0
workspaceModel.moduleManagerBridge.new.nonPersistent.module.ms,1788060736265000000,1788062614299000000,0
workspaceModel.mutableEntityStorage.entities.ms,1788060736265000000,1788062614299000000,0
workspaceModel.load.cache.metadata.from.file.ms,1788060736265000000,1788062614299000000,0
workspaceModel.init.bridges.ms,1788060736265000000,1788062614299000000,0
workspaceModel.workspaceFileIndexData.instances.count,1788060736265000000,1788062614299000000,0
workspaceModel.loading.total.ms,1788060736265000000,1788062614299000000,0
workspaceModel.updates.count,1788060736265000000,1788062614299000000,0
workspaceModel.workspaceFileIndexData.getDirectoriesByPackageName.ms,1788060736265000000,1788062614299000000,0
workspaceModel.initializing.ms,1788060736265000000,1788062614299000000,0
workspaceModel.updates.precise.ms,1788060736265000000,1788062614299000000,0
workspaceModel.cachedValueWithParameters.calculated.ms,1788060736265000000,1788062614299000000,0
workspaceModel.workspaceFileIndexData.markDirty.ms,1788060736265000000,1788062614299000000,0
workspaceModel.update.unloaded.entities.ms,1788060736265000000,1788062614299000000,0
workspaceModel.workspaceFileIndexData.processFileSets.ms,1788060736265000000,1788062614299000000,0
workspaceModel.workspaceFileIndexData.init.ms,1788060736265000000,1788062614299000000,0
workspaceModel.replace.project.model.ms,1788060736265000000,1788062614299000000,0
workspaceModel.loading.from.cache.ms,1788060736265000000,1788062614299000000,0
workspaceModel.cachedValue.from.cache.ms,1788060736265000000,1788062614299000000,0
workspaceModel.workspaceFileIndexData.getPackageName.ms,1788060736265000000,1788062614299000000,0
workspaceModel.workspaceFileIndexData.onEntitiesChanged.ms,1788060736265000000,1788062614299000000,0
workspaceModel.updates.ms,1788060736265000000,1788062614299000000,0
workspaceModel.workspaceFileIndexData.getFileInfo.ms,1788060736265000000,1788062614299000000,0
workspaceModel.to.snapshot.ms,1788060736265000000,1788062614299000000,0
workspaceModel.cachedValue.clear.ms,1788060736265000000,1788062614299000000,0
workspaceModel.workspaceFileIndexData.updateDirtyEntities.ms,1788060736265000000,1788062614299000000,0
workspaceModel.entityStorageSnapshotImpl.instances.count,1788060736265000000,1788062614299000000,0
workspaceModel.cachedValueWithParameters.clear.ms,1788060736265000000,1788062614299000000,0
workspaceModel.check.recursive.update.ms,1788060736265000000,1788062614299000000,0
workspaceModel.collect.changes.ms,1788060736265000000,1788062614299000000,0
workspaceModel.cachedValueWithParameters.total.get.ms,1788060736265000000,1788062614299000000,0
workspaceModel.cachedValue.calculated.ms,1788060736265000000,1788062614299000000,0
workspaceModel.pre.handlers.ms,1788060736265000000,1788062614299000000,0
workspaceModel.cachedValueWithParameters.from.cache.ms,1788060736265000000,1788062614299000000,0
workspaceModel.cachedValue.total.get.ms,1788060736265000000,1788062614299000000,0
workspaceModel.workspaceFileIndexContributor.registerFileSets.ms,1788060736265000000,1788062614299000000,0
workspaceModel.workspaceFileIndexData.visitFileSets.ms,1788060736265000000,1788062614299000000,0
workspaceModel.full.replace.project.model.ms,1788060736265000000,1788062614299000000,0
compiler.ArtifactManagerBridge.getArtifactsByType.ms,1788060736265000000,1788062614299000000,0
compiler.ArtifactVirtualFileListener.filePathChanged.ms,1788060736265000000,1788062614299000000,0
compiler.ArtifactManagerBridge.initBridges.ms,1788060736265000000,1788062614299000000,0
compiler.ArtifactManagerBridge.findArtifact.ms,1788060736265000000,1788062614299000000,0
compiler.ArtifactManagerBridge.dropMappings.ms,1788060736265000000,1788062614299000000,0
compiler.ArtifactVirtualFileListener.propertyChanged.ms,1788060736265000000,1788062614299000000,0
compiler.ArtifactManagerBridge.addArtifact.ms,1788060736265000000,1788062614299000000,0
compiler.ArtifactManagerBridge.commit.ms,1788060736265000000,1788062614299000000,0
compiler.ArtifactManagerBridge.getArtifacts.ms,1788060736265000000,1788062614299000000,0
Indexes.entries.lookupDurationAvgMs,1788060736265000000,1788062614299000000,0.0
Indexes.allKeys.lookupDurationAvgMs,1788060736265000000,1788062614299000000,0.0
IndexesFlusher.totalFlushes,1788060736265000000,1788062614299000000,56
Indexes.stubs.lookups,1788060736265000000,1788062614299000000,0.0
Indexes.allKeys.lookups,1788060736265000000,1788062614299000000,0.0
Indexes.entries.lookups,1788060736265000000,1788062614299000000,0.0
Indexes.allKeys.lookupDuration90PMs,1788060736265000000,1788062614299000000,0.0
IndexesFlusher.totalFlushesRetried,1788060736265000000,1788062614299000000,0
Indexes.allKeys.lookupDurationMaxMs,1788060736265000000,1788062614299000000,0.0
IndexesFlusher.totalContentionQuotaSpent,1788060736265000000,1788062614299000000,0
Indexes.stubs.lookupDurationAvgMs,1788060736265000000,1788062614299000000,0.0
Indexes.entries.lookupDuration90PMs,1788060736265000000,1788062614299000000,0.0
Indexes.stubs.lookupDurationMaxMs,1788060736265000000,1788062614299000000,0.0
IndexesFlusher.totalFlushingTimeUs,1788060736265000000,1788062614299000000,469114
Indexes.entries.lookupDurationMaxMs,1788060736265000000,1788062614299000000,0.0
Indexes.stubs.lookupDuration90PMs,1788060736265000000,1788062614299000000,0.0
FileNameCache.queries,1788060736265000000,1788062614299000000,0
FileNameCache.totalMisses,1788060736265000000,1788062614299000000,0
VFS.fileByIdCache.hits,1788060736265000000,1788062614299000000,0
VFS.fileByIdCache.misses,1788060736265000000,1788062614299000000,0
VFS.invertedFileNameIndex.requests,1788060736265000000,1788062614299000000,0
VFS.fileChildByName,1788060736265000000,1788062614299000000,0
DirectByteBufferAllocator.misses,1788062614299000000,1788062674289000000,0
MappedFileStorage.storages,1788062614299000000,1788062674289000000,14
FilePageCache.disposedBuffers,1788062614299000000,1788062674289000000,0
FilePageCache.pageLoads,1788062614299000000,1788062674289000000,0
MappedFileStorage.totalPagesMapped,1788062614299000000,1788062674289000000,14
DirectByteBufferAllocator.totalSizeOfBuffersAllocatedInBytes,1788062614299000000,1788062674289000000,302006272
FilePageCache.pageFastCacheHits,1788062614299000000,1788062674289000000,0
FilePageCache.maxRegisteredFiles,1788062614299000000,1788062674289000000,555
FilePageCacheLockFree.totalClosedStoragesReclaimed,1788062614299000000,1788062674289000000,0
FilePageCache.uncachedFileAccess,1788062614299000000,1788062674289000000,0
DirectByteBufferAllocator.hits,1788062614299000000,1788062674289000000,0
StreamlinedBlobStorage.recordsRelocated,1788062614299000000,1788062674289000000,0
FilePageCache.pageLoadsAboveSizeThreshold,1788062614299000000,1788062674289000000,0
FileChannelInterruptsRetryer.totalRetriedAttempts,1788062614299000000,1788062674289000000,0
DirectByteBufferAllocator.reclaimed,1788062614299000000,1788062674289000000,0
FilePageCache.pageHits,1788062614299000000,1788062674289000000,0
FilePageCacheLockFree.totalPagesReadMs,1788062614299000000,1788062674289000000,0
FilePageCacheLockFree.totalPagesWritten,1788062614299000000,1788062674289000000,0
FilePageCacheLockFree.totalHeapBytesReclaimed,1788062614299000000,1788062674289000000,0
FilePageCacheLockFree.nativeBytesInUse,1788062614299000000,1788062674289000000,0
StreamlinedBlobStorage.totalLiveRecordsCapacityBytes,1788062614299000000,1788062674289000000,0
FilePageCacheLockFree.totalPagesRequestsMs,1788062614299000000,1788062674289000000,0
FilePageCache.maxCacheSizeInBytes,1788062614299000000,1788062674289000000,302006272
StreamlinedBlobStorage.totalLiveRecordsPayloadBytes,1788062614299000000,1788062674289000000,0
FilePageCacheLockFree.heapBytesInUse,1788062614299000000,1788062674289000000,0
FilePageCacheLockFree.totalPagesReclaimed,1788062614299000000,1788062674289000000,0
FilePageCacheLockFree.totalBytesRequested,1788062614299000000,1788062674289000000,0
FilePageCacheLockFree.totalNativeBytesReclaimed,1788062614299000000,1788062674289000000,0
StorageLockContext.competingThreads.90P,1788062614299000000,1788062674289000000,0
FilePageCacheLockFree.totalHeapBytesAllocated,1788062614299000000,1788062674289000000,0
StorageLockContext.competingThreads.avg,1788062614299000000,1788062674289000000,0.0
FilePageCacheLockFree.housekeeperTurnsSkipped,1788062614299000000,1788062674289000000,0
FilePageCache.totalPageDisposalsUs,1788062614299000000,1788062674289000000,0
FilePageCacheLockFree.totalPagesAllocated,1788062614299000000,1788062674289000000,0
FilePageCacheLockFree.totalPagesRequested,1788062614299000000,1788062674289000000,0
StreamlinedBlobStorage.recordsDeleted,1788062614299000000,1788062674289000000,0
FilePageCacheLockFree.totalNativeBytesAllocated,1788062614299000000,1788062674289000000,0
StorageLockContext.competingThreads.max,1788062614299000000,1788062674289000000,0
MappedFileStorage.totalTimeSpentOnMappingUs,1788062614299000000,1788062674289000000,2586502
FilePageCacheLockFree.totalBytesWritten,1788062614299000000,1788062674289000000,0
FilePageCacheLockFree.totalBytesRead,1788062614299000000,1788062674289000000,0
FilePageCache.totalPageLoadsUs,1788062614299000000,1788062674289000000,0
FilePageCacheLockFree.totalPageAllocationsWaited,1788062614299000000,1788062674289000000,0
FilePageCacheLockFree.totalPagesHandedOver,1788062614299000000,1788062674289000000,0
FilePageCacheLockFree.housekeeperTimeSpentMs,1788062614299000000,1788062674289000000,0
DirectByteBufferAllocator.disposed,1788062614299000000,1788062674289000000,0
FilePageCache.capacityInBytes,1788062614299000000,1788062674289000000,503316478
FilePageCacheLockFree.housekeeperTurnsDone,1788062614299000000,1788062674289000000,0
FilePageCacheLockFree.totalPagesWriteMs,1788062614299000000,1788062674289000000,0
DirectByteBufferAllocator.totalSizeOfBuffersCachedInBytes,1788062614299000000,1788062674289000000,0
StreamlinedBlobStorage.recordsAllocated,1788062614299000000,1788062674289000000,0
MappedFileStorage.totalBytesMapped,1788062614299000000,1788062674289000000,194248704
JVM.maxHeapBytes,1788062614299000000,1788062674289000000,2147483648
JVM.GC.collections,1788062614299000000,1788062674289000000,0
OS.loadAverage,1788062614299000000,1788062674289000000,2.2001953125
JVM.GC.collectionTimesMs,1788062614299000000,1788062674289000000,0
JVM.totalBytesAllocated,1788062614299000000,1788062674289000000,9532480
JVM.usedNativeBytes,1788062614299000000,1788062674289000000,389706656
JVM.usedHeapBytes,1788062614299000000,1788062674289000000,423265952
JVM.totalDirectByteBuffersBytes,1788062614299000000,1788062674289000000,302830839
JVM.maxThreadCount,1788062614299000000,1788062674289000000,179
JVM.newThreadsCount,1788062614299000000,1788062674289000000,0
JVM.threadCount,1788062614299000000,1788062674289000000,50
JVM.totalCpuTimeMs,1788062614299000000,1788062674289000000,1386
writeAction.wait.ms,1788062614299000000,1788062674289000000,0
writeAction.count,1788062614299000000,1788062674289000000,0
writeAction.max.wait.ms,1788062614299000000,1788062674289000000,11
writeAction.median.wait.ms,1788062614299000000,1788062674289000000,0
NonBlockingReadAction.failedExecutionsCount,1788062614299000000,1788062674289000000,0
FlushQueue.waitingTimeMaxNs,1788062614299000000,1788062674289000000,0
NonBlockingReadAction.failedExecutionTimeUs,1788062614299000000,1788062674289000000,0
FlushQueue.queueSizeMax,1788062614299000000,1788062674289000000,0
FlushQueue.executionTime90PNs,1788062614299000000,1788062674289000000,0
AWTEventQueue.dispatchTime90PNs,1788062614299000000,1788062674289000000,0
FlushQueue.tasksExecuted,1788062614299000000,1788062674289000000,0
AWTEventQueue.eventsDispatched,1788062614299000000,1788062674289000000,0
FlushQueue.queueSize90P,1788062614299000000,1788062674289000000,0
FlushQueue.waitingTime90PNs,1788062614299000000,1788062674289000000,0
FlushQueue.executionTimeMaxNs,1788062614299000000,1788062674289000000,0
FlushQueue.executionTimeAvgNs,1788062614299000000,1788062674289000000,0.0
AWTEventQueue.dispatchTimeAvgNs,1788062614299000000,1788062674289000000,0.0
NonBlockingReadAction.finalizedExecutionTimeUs,1788062614299000000,1788062674289000000,0
FlushQueue.waitingTimeAvgNs,1788062614299000000,1788062674289000000,0.0
AWTEventQueue.dispatchTimeMaxNs,1788062614299000000,1788062674289000000,0
NonBlockingReadAction.finalizedExecutionsCount,1788062614299000000,1788062674289000000,0
WriteAction.executionsCount,1788062614299000000,1788062674289000000,0
ReadAction.executionsCount,1788062614299000000,1788062674289000000,0
FlushQueue.queueSizeAvg,1788062614299000000,1788062674289000000,0.0
AWTEventQueue.dispatchTimeTotalNS,1788062614299000000,1788062674289000000,60596643
cacheStateStorage.set.duration,1788062614299000000,1788062674289000000,0
cacheStateStorage.get.duration,1788062614299000000,1788062674289000000,0
cacheStateStorage.get.counter,1788062614299000000,1788062674289000000,0
cacheStateStorage.set.counter,1788062614299000000,1788062674289000000,0
jps.global.get.library.ms,1788062614299000000,1788062674289000000,0
jps.global.get.library.by.name.ms,1788062614299000000,1788062674289000000,0
jps.library.entities.serializer.load.entities.ms,1788062614299000000,1788062674289000000,0
workspaceModel.global.updates.count,1788062614299000000,1788062674289000000,0
workspaceModel.moduleBridge.before.changed.ms,1788062614299000000,1788062674289000000,0
workspaceModel.moduleBridge.update.option.ms,1788062614299000000,1788062674289000000,0
workspaceModel.moduleBridge.facet.initialization.ms,1788062614299000000,1788062674289000000,0
workspaceModel.mutableEntityStorage.apply.changes.from.ms,1788062614299000000,1788062674289000000,0
jps.facet.change.listener.before.change.events.ms,1788062614299000000,1788062674289000000,0
jps.global.handle.before.change.events.ms,1788062614299000000,1788062674289000000,0
jps.app.storage.content.reader.load.component.ms,1788062614299000000,1788062674289000000,0
jps.save.changed.project.entities.ms,1788062614299000000,1788062674289000000,0
workspaceModel.moduleBridgeLoader.loading.modules.ms,1788062614299000000,1788062674289000000,0
jps.facet.change.listener.init.bridge.ms,1788062614299000000,1788062674289000000,0
jps.project.serializers.save.ms,1788062614299000000,1788062674289000000,0
workspaceModel.mutableEntityStorage.has.same.entities.ms,1788062614299000000,1788062674289000000,0
workspaceModel.mutableEntityStorage.add.entity.ms,1788062614299000000,1788062674289000000,0
workspaceModel.delayed.project.synchronizer.sync.ms,1788062614299000000,1788062674289000000,0
jps.project.serializers.load.ms,1788062614299000000,1788062674289000000,0
workspaceModel.mutableEntityStorage.mutable.vfurl.index.ms,1788062614299000000,1788062674289000000,0
jps.load.project.to.empty.storage.ms,1788062614299000000,1788062674289000000,0
jps.global.initialize.library.bridges.after.loading.ms,1788062614299000000,1788062674289000000,0
workspaceModel.moduleManagerBridge.newModule.ms,1788062614299000000,1788062674289000000,0
workspaceModel.mutableEntityStorage.referrers.ms,1788062614299000000,1788062674289000000,0
workspaceModel.moduleManagerBridge.build.module.graph.ms,1788062614299000000,1788062674289000000,0
jps.library.entities.serializer.save.entities.ms,1788062614299000000,1788062674289000000,0
workspaceModel.orphan.listener.update.ms,1788062614299000000,1788062674289000000,0
jps.module.iml.entities.serializer.save.entities.ms,1788062614299000000,1788062674289000000,0
workspaceModel.mutableEntityStorage.replace.by.source.ms,1788062614299000000,1788062674289000000,0
jps.global.handle.changed.events.ms,1788062614299000000,1788062674289000000,0
workspaceModel.global.apply.state.to.project.ms,1788062614299000000,1788062674289000000,0
jps.storage.jps.conf.reader.load.component.ms,1788062614299000000,1788062674289000000,0
workspaceModel.save.cache.to.file.ms,1788062614299000000,1788062674289000000,0
jps.save.global.entities.ms,1788062614299000000,1788062674289000000,0
workspaceModel.mutableEntityStorage.put.entity.ms,1788062614299000000,1788062674289000000,0
workspaceModel.mutableEntityStorage.to.snapshot.ms,1788062614299000000,1788062674289000000,0
workspaceModel.mutableEntityStorage.modify.entity.ms,1788062614299000000,1788062674289000000,0
jps.reload.project.entities.ms,1788062614299000000,1788062674289000000,0
workspaceModel.moduleManagerBridge.set.unloadedModules.ms,1788062614299000000,1788062674289000000,0
workspaceModel.moduleManagerBridge.load.module.ms,1788062614299000000,1788062674289000000,0
workspaceModel.mutableEntityStorage.remove.entity.ms,1788062614299000000,1788062674289000000,0
workspaceModel.load.cache.from.file.ms,1788062614299000000,1788062674289000000,0
jps.facet.change.listener.process.change.events.ms,1788062614299000000,1788062674289000000,0
workspaceModel.moduleManagerBridge.load.all.modules.ms,1788062614299000000,1788062674289000000,0
workspaceModel.do.save.caches.ms,1788062614299000000,1788062674289000000,0
jps.global.initialize.library.bridges.ms,1788062614299000000,1788062674289000000,0
workspaceModel.global.apply.state.to.project.builder.ms,1788062614299000000,1788062674289000000,0
workspaceModel.mutableEntityStorage.resolve.ms,1788062614299000000,1788062674289000000,0
jps.app.storage.content.writer.save.component.ms,1788062614299000000,1788062674289000000,0
workspaceModel.mutableEntityStorage.mutable.ext.mapping.ms,1788062614299000000,1788062674289000000,0
workspaceModel.mutableEntityStorage.collect.changes.ms,1788062614299000000,1788062674289000000,0
workspaceModel.mutableEntityStorage.entities.by.source.ms,1788062614299000000,1788062674289000000,0
jps.load.initial.state.ms,1788062614299000000,1788062674289000000,0
jps.apply.loaded.storage.ms,1788062614299000000,1788062674289000000,0
jps.artifact.entities.serializer.load.entities.ms,1788062614299000000,1788062674289000000,0
jps.global.get.libraries.ms,1788062614299000000,1788062674289000000,0
workspaceModel.global.updates.ms,1788062614299000000,1788062674289000000,0
jps.artifact.entities.serializer.save.entities.ms,1788062614299000000,1788062674289000000,0
workspaceModel.mutableEntityStorage.instances.count,1788062614299000000,1788062674289000000,0
workspaceModel.moduleManagerBridge.get.modules.ms,1788062614299000000,1788062674289000000,0
workspaceModel.sync.entities.ms,1788062614299000000,1788062674289000000,0
workspaceModel.moduleManagerBridge.create.module.instance.ms,1788062614299000000,1788062674289000000,0
jps.module.iml.entities.serializer.load.entities.ms,1788062614299000000,1788062674289000000,0
workspaceModel.moduleManagerBridge.new.nonPersistent.module.ms,1788062614299000000,1788062674289000000,0
workspaceModel.mutableEntityStorage.entities.ms,1788062614299000000,1788062674289000000,0
workspaceModel.load.cache.metadata.from.file.ms,1788062614299000000,1788062674289000000,0
workspaceModel.init.bridges.ms,1788062614299000000,1788062674289000000,0
workspaceModel.workspaceFileIndexData.instances.count,1788062614299000000,1788062674289000000,0
workspaceModel.loading.total.ms,1788062614299000000,1788062674289000000,0
workspaceModel.updates.count,1788062614299000000,1788062674289000000,0
workspaceModel.workspaceFileIndexData.getDirectoriesByPackageName.ms,1788062614299000000,1788062674289000000,0
workspaceModel.initializing.ms,1788062614299000000,1788062674289000000,0
workspaceModel.updates.precise.ms,1788062614299000000,1788062674289000000,0
workspaceModel.cachedValueWithParameters.calculated.ms,1788062614299000000,1788062674289000000,0
workspaceModel.workspaceFileIndexData.markDirty.ms,1788062614299000000,1788062674289000000,0
workspaceModel.update.unloaded.entities.ms,1788062614299000000,1788062674289000000,0
workspaceModel.workspaceFileIndexData.processFileSets.ms,1788062614299000000,1788062674289000000,0
workspaceModel.workspaceFileIndexData.init.ms,1788062614299000000,1788062674289000000,0
workspaceModel.replace.project.model.ms,1788062614299000000,1788062674289000000,0
workspaceModel.loading.from.cache.ms,1788062614299000000,1788062674289000000,0
workspaceModel.cachedValue.from.cache.ms,1788062614299000000,1788062674289000000,0
workspaceModel.workspaceFileIndexData.getPackageName.ms,1788062614299000000,1788062674289000000,0
workspaceModel.workspaceFileIndexData.onEntitiesChanged.ms,1788062614299000000,1788062674289000000,0
workspaceModel.updates.ms,1788062614299000000,1788062674289000000,0
workspaceModel.workspaceFileIndexData.getFileInfo.ms,1788062614299000000,1788062674289000000,0
workspaceModel.to.snapshot.ms,1788062614299000000,1788062674289000000,0
workspaceModel.cachedValue.clear.ms,1788062614299000000,1788062674289000000,0
workspaceModel.workspaceFileIndexData.updateDirtyEntities.ms,1788062614299000000,1788062674289000000,0
workspaceModel.entityStorageSnapshotImpl.instances.count,1788062614299000000,1788062674289000000,0
workspaceModel.cachedValueWithParameters.clear.ms,1788062614299000000,1788062674289000000,0
workspaceModel.check.recursive.update.ms,1788062614299000000,1788062674289000000,0
workspaceModel.collect.changes.ms,1788062614299000000,1788062674289000000,0
workspaceModel.cachedValueWithParameters.total.get.ms,1788062614299000000,1788062674289000000,0
workspaceModel.cachedValue.calculated.ms,1788062614299000000,1788062674289000000,0
workspaceModel.pre.handlers.ms,1788062614299000000,1788062674289000000,0
workspaceModel.cachedValueWithParameters.from.cache.ms,1788062614299000000,1788062674289000000,0
workspaceModel.cachedValue.total.get.ms,1788062614299000000,1788062674289000000,0
workspaceModel.workspaceFileIndexContributor.registerFileSets.ms,1788062614299000000,1788062674289000000,0
workspaceModel.workspaceFileIndexData.visitFileSets.ms,1788062614299000000,1788062674289000000,0
workspaceModel.full.replace.project.model.ms,1788062614299000000,1788062674289000000,0
compiler.ArtifactManagerBridge.getArtifactsByType.ms,1788062614299000000,1788062674289000000,0
compiler.ArtifactVirtualFileListener.filePathChanged.ms,1788062614299000000,1788062674289000000,0
compiler.ArtifactManagerBridge.initBridges.ms,1788062614299000000,1788062674289000000,0
compiler.ArtifactManagerBridge.findArtifact.ms,1788062614299000000,1788062674289000000,0
compiler.ArtifactManagerBridge.dropMappings.ms,1788062614299000000,1788062674289000000,0
compiler.ArtifactVirtualFileListener.propertyChanged.ms,1788062614299000000,1788062674289000000,0
compiler.ArtifactManagerBridge.addArtifact.ms,1788062614299000000,1788062674289000000,0
compiler.ArtifactManagerBridge.commit.ms,1788062614299000000,1788062674289000000,0
compiler.ArtifactManagerBridge.getArtifacts.ms,1788062614299000000,1788062674289000000,0
Indexes.entries.lookupDurationAvgMs,1788062614299000000,1788062674289000000,0.0
Indexes.allKeys.lookupDurationAvgMs,1788062614299000000,1788062674289000000,0.0
IndexesFlusher.totalFlushes,1788062614299000000,1788062674289000000,58
Indexes.stubs.lookups,1788062614299000000,1788062674289000000,0.0
Indexes.allKeys.lookups,1788062614299000000,1788062674289000000,0.0
Indexes.entries.lookups,1788062614299000000,1788062674289000000,0.0
Indexes.allKeys.lookupDuration90PMs,1788062614299000000,1788062674289000000,0.0
IndexesFlusher.totalFlushesRetried,1788062614299000000,1788062674289000000,0
Indexes.allKeys.lookupDurationMaxMs,1788062614299000000,1788062674289000000,0.0
IndexesFlusher.totalContentionQuotaSpent,1788062614299000000,1788062674289000000,0
Indexes.stubs.lookupDurationAvgMs,1788062614299000000,1788062674289000000,0.0
Indexes.entries.lookupDuration90PMs,1788062614299000000,1788062674289000000,0.0
Indexes.stubs.lookupDurationMaxMs,1788062614299000000,1788062674289000000,0.0
IndexesFlusher.totalFlushingTimeUs,1788062614299000000,1788062674289000000,546281
Indexes.entries.lookupDurationMaxMs,1788062614299000000,1788062674289000000,0.0
Indexes.stubs.lookupDuration90PMs,1788062614299000000,1788062674289000000,0.0
FileNameCache.queries,1788062614299000000,1788062674289000000,0
FileNameCache.totalMisses,1788062614299000000,1788062674289000000,0
VFS.fileByIdCache.hits,1788062614299000000,1788062674289000000,0
VFS.fileByIdCache.misses,1788062614299000000,1788062674289000000,0
VFS.invertedFileNameIndex.requests,1788062614299000000,1788062674289000000,0
VFS.fileChildByName,1788062614299000000,1788062674289000000,0
DirectByteBufferAllocator.misses,1788062674289000000,1788062734291000000,0
MappedFileStorage.storages,1788062674289000000,1788062734291000000,14
FilePageCache.disposedBuffers,1788062674289000000,1788062734291000000,0
FilePageCache.pageLoads,1788062674289000000,1788062734291000000,0
MappedFileStorage.totalPagesMapped,1788062674289000000,1788062734291000000,14
DirectByteBufferAllocator.totalSizeOfBuffersAllocatedInBytes,1788062674289000000,1788062734291000000,302006272
FilePageCache.pageFastCacheHits,1788062674289000000,1788062734291000000,0
FilePageCache.maxRegisteredFiles,1788062674289000000,1788062734291000000,555
FilePageCacheLockFree.totalClosedStoragesReclaimed,1788062674289000000,1788062734291000000,0
FilePageCache.uncachedFileAccess,1788062674289000000,1788062734291000000,0
DirectByteBufferAllocator.hits,1788062674289000000,1788062734291000000,0
StreamlinedBlobStorage.recordsRelocated,1788062674289000000,1788062734291000000,0
FilePageCache.pageLoadsAboveSizeThreshold,1788062674289000000,1788062734291000000,0
FileChannelInterruptsRetryer.totalRetriedAttempts,1788062674289000000,1788062734291000000,0
DirectByteBufferAllocator.reclaimed,1788062674289000000,1788062734291000000,0
FilePageCache.pageHits,1788062674289000000,1788062734291000000,0
FilePageCacheLockFree.totalPagesReadMs,1788062674289000000,1788062734291000000,0
FilePageCacheLockFree.totalPagesWritten,1788062674289000000,1788062734291000000,0
FilePageCacheLockFree.totalHeapBytesReclaimed,1788062674289000000,1788062734291000000,0
FilePageCacheLockFree.nativeBytesInUse,1788062674289000000,1788062734291000000,0
StreamlinedBlobStorage.totalLiveRecordsCapacityBytes,1788062674289000000,1788062734291000000,0
FilePageCacheLockFree.totalPagesRequestsMs,1788062674289000000,1788062734291000000,0
FilePageCache.maxCacheSizeInBytes,1788062674289000000,1788062734291000000,302006272
StreamlinedBlobStorage.totalLiveRecordsPayloadBytes,1788062674289000000,1788062734291000000,0
FilePageCacheLockFree.heapBytesInUse,1788062674289000000,1788062734291000000,0
FilePageCacheLockFree.totalPagesReclaimed,1788062674289000000,1788062734291000000,0
FilePageCacheLockFree.totalBytesRequested,1788062674289000000,1788062734291000000,0
FilePageCacheLockFree.totalNativeBytesReclaimed,1788062674289000000,1788062734291000000,0
StorageLockContext.competingThreads.90P,1788062674289000000,1788062734291000000,0
FilePageCacheLockFree.totalHeapBytesAllocated,1788062674289000000,1788062734291000000,0
StorageLockContext.competingThreads.avg,1788062674289000000,1788062734291000000,0.0
FilePageCacheLockFree.housekeeperTurnsSkipped,1788062674289000000,1788062734291000000,0
FilePageCache.totalPageDisposalsUs,1788062674289000000,1788062734291000000,0
FilePageCacheLockFree.totalPagesAllocated,1788062674289000000,1788062734291000000,0
FilePageCacheLockFree.totalPagesRequested,1788062674289000000,1788062734291000000,0
StreamlinedBlobStorage.recordsDeleted,1788062674289000000,1788062734291000000,0
FilePageCacheLockFree.totalNativeBytesAllocated,1788062674289000000,1788062734291000000,0
StorageLockContext.competingThreads.max,1788062674289000000,1788062734291000000,0
MappedFileStorage.totalTimeSpentOnMappingUs,1788062674289000000,1788062734291000000,2586502
FilePageCacheLockFree.totalBytesWritten,1788062674289000000,1788062734291000000,0
FilePageCacheLockFree.totalBytesRead,1788062674289000000,1788062734291000000,0
FilePageCache.totalPageLoadsUs,1788062674289000000,1788062734291000000,0
FilePageCacheLockFree.totalPageAllocationsWaited,1788062674289000000,1788062734291000000,0
FilePageCacheLockFree.totalPagesHandedOver,1788062674289000000,1788062734291000000,0
FilePageCacheLockFree.housekeeperTimeSpentMs,1788062674289000000,1788062734291000000,0
DirectByteBufferAllocator.disposed,1788062674289000000,1788062734291000000,0
FilePageCache.capacityInBytes,1788062674289000000,1788062734291000000,503316478
FilePageCacheLockFree.housekeeperTurnsDone,1788062674289000000,1788062734291000000,0
FilePageCacheLockFree.totalPagesWriteMs,1788062674289000000,1788062734291000000,0
DirectByteBufferAllocator.totalSizeOfBuffersCachedInBytes,1788062674289000000,1788062734291000000,0
StreamlinedBlobStorage.recordsAllocated,1788062674289000000,1788062734291000000,0
MappedFileStorage.totalBytesMapped,1788062674289000000,1788062734291000000,194248704
JVM.maxHeapBytes,1788062674289000000,1788062734291000000,2147483648
JVM.GC.collections,1788062674289000000,1788062734291000000,0
OS.loadAverage,1788062674289000000,1788062734291000000,1.3544921875
JVM.GC.collectionTimesMs,1788062674289000000,1788062734291000000,0
JVM.totalBytesAllocated,1788062674289000000,1788062734291000000,9122696
JVM.usedNativeBytes,1788062674289000000,1788062734291000000,389782496
JVM.usedHeapBytes,1788062674289000000,1788062734291000000,432703136
JVM.totalDirectByteBuffersBytes,1788062674289000000,1788062734291000000,302830839
JVM.maxThreadCount,1788062674289000000,1788062734291000000,179
JVM.newThreadsCount,1788062674289000000,1788062734291000000,0
JVM.threadCount,1788062674289000000,1788062734291000000,49
JVM.totalCpuTimeMs,1788062674289000000,1788062734291000000,1060
writeAction.wait.ms,1788062674289000000,1788062734291000000,0
writeAction.count,1788062674289000000,1788062734291000000,0
writeAction.max.wait.ms,1788062674289000000,1788062734291000000,11
writeAction.median.wait.ms,1788062674289000000,1788062734291000000,0
NonBlockingReadAction.failedExecutionsCount,1788062674289000000,1788062734291000000,0
FlushQueue.waitingTimeMaxNs,1788062674289000000,1788062734291000000,0
NonBlockingReadAction.failedExecutionTimeUs,1788062674289000000,1788062734291000000,0
FlushQueue.queueSizeMax,1788062674289000000,1788062734291000000,0
FlushQueue.executionTime90PNs,1788062674289000000,1788062734291000000,0
AWTEventQueue.dispatchTime90PNs,1788062674289000000,1788062734291000000,0
FlushQueue.tasksExecuted,1788062674289000000,1788062734291000000,0
AWTEventQueue.eventsDispatched,1788062674289000000,1788062734291000000,0
FlushQueue.queueSize90P,1788062674289000000,1788062734291000000,0
FlushQueue.waitingTime90PNs,1788062674289000000,1788062734291000000,0
FlushQueue.executionTimeMaxNs,1788062674289000000,1788062734291000000,0
FlushQueue.executionTimeAvgNs,1788062674289000000,1788062734291000000,0.0
AWTEventQueue.dispatchTimeAvgNs,1788062674289000000,1788062734291000000,0.0
NonBlockingReadAction.finalizedExecutionTimeUs,1788062674289000000,1788062734291000000,0
FlushQueue.waitingTimeAvgNs,1788062674289000000,1788062734291000000,0.0
AWTEventQueue.dispatchTimeMaxNs,1788062674289000000,1788062734291000000,0
NonBlockingReadAction.finalizedExecutionsCount,1788062674289000000,1788062734291000000,0
WriteAction.executionsCount,1788062674289000000,1788062734291000000,0
ReadAction.executionsCount,1788062674289000000,1788062734291000000,0
FlushQueue.queueSizeAvg,1788062674289000000,1788062734291000000,0.0
AWTEventQueue.dispatchTimeTotalNS,1788062674289000000,1788062734291000000,21066510
cacheStateStorage.set.duration,1788062674289000000,1788062734291000000,0
cacheStateStorage.get.duration,1788062674289000000,1788062734291000000,0
cacheStateStorage.get.counter,1788062674289000000,1788062734291000000,0
cacheStateStorage.set.counter,1788062674289000000,1788062734291000000,0
jps.global.get.library.ms,1788062674289000000,1788062734291000000,0
jps.global.get.library.by.name.ms,1788062674289000000,1788062734291000000,0
jps.library.entities.serializer.load.entities.ms,1788062674289000000,1788062734291000000,0
workspaceModel.global.updates.count,1788062674289000000,1788062734291000000,0
workspaceModel.moduleBridge.before.changed.ms,1788062674289000000,1788062734291000000,0
workspaceModel.moduleBridge.update.option.ms,1788062674289000000,1788062734291000000,0
workspaceModel.moduleBridge.facet.initialization.ms,1788062674289000000,1788062734291000000,0
workspaceModel.mutableEntityStorage.apply.changes.from.ms,1788062674289000000,1788062734291000000,0
jps.facet.change.listener.before.change.events.ms,1788062674289000000,1788062734291000000,0
jps.global.handle.before.change.events.ms,1788062674289000000,1788062734291000000,0
jps.app.storage.content.reader.load.component.ms,1788062674289000000,1788062734291000000,0
jps.save.changed.project.entities.ms,1788062674289000000,1788062734291000000,0
workspaceModel.moduleBridgeLoader.loading.modules.ms,1788062674289000000,1788062734291000000,0
jps.facet.change.listener.init.bridge.ms,1788062674289000000,1788062734291000000,0
jps.project.serializers.save.ms,1788062674289000000,1788062734291000000,0
workspaceModel.mutableEntityStorage.has.same.entities.ms,1788062674289000000,1788062734291000000,0
workspaceModel.mutableEntityStorage.add.entity.ms,1788062674289000000,1788062734291000000,0
workspaceModel.delayed.project.synchronizer.sync.ms,1788062674289000000,1788062734291000000,0
jps.project.serializers.load.ms,1788062674289000000,1788062734291000000,0
workspaceModel.mutableEntityStorage.mutable.vfurl.index.ms,1788062674289000000,1788062734291000000,0
jps.load.project.to.empty.storage.ms,1788062674289000000,1788062734291000000,0
jps.global.initialize.library.bridges.after.loading.ms,1788062674289000000,1788062734291000000,0
workspaceModel.moduleManagerBridge.newModule.ms,1788062674289000000,1788062734291000000,0
workspaceModel.mutableEntityStorage.referrers.ms,1788062674289000000,1788062734291000000,0
workspaceModel.moduleManagerBridge.build.module.graph.ms,1788062674289000000,1788062734291000000,0
jps.library.entities.serializer.save.entities.ms,1788062674289000000,1788062734291000000,0
workspaceModel.orphan.listener.update.ms,1788062674289000000,1788062734291000000,0
jps.module.iml.entities.serializer.save.entities.ms,1788062674289000000,1788062734291000000,0
workspaceModel.mutableEntityStorage.replace.by.source.ms,1788062674289000000,1788062734291000000,0
jps.global.handle.changed.events.ms,1788062674289000000,1788062734291000000,0
workspaceModel.global.apply.state.to.project.ms,1788062674289000000,1788062734291000000,0
jps.storage.jps.conf.reader.load.component.ms,1788062674289000000,1788062734291000000,0
workspaceModel.save.cache.to.file.ms,1788062674289000000,1788062734291000000,0
jps.save.global.entities.ms,1788062674289000000,1788062734291000000,0
workspaceModel.mutableEntityStorage.put.entity.ms,1788062674289000000,1788062734291000000,0
workspaceModel.mutableEntityStorage.to.snapshot.ms,1788062674289000000,1788062734291000000,0
workspaceModel.mutableEntityStorage.modify.entity.ms,1788062674289000000,1788062734291000000,0
jps.reload.project.entities.ms,1788062674289000000,1788062734291000000,0
workspaceModel.moduleManagerBridge.set.unloadedModules.ms,1788062674289000000,1788062734291000000,0
workspaceModel.moduleManagerBridge.load.module.ms,1788062674289000000,1788062734291000000,0
workspaceModel.mutableEntityStorage.remove.entity.ms,1788062674289000000,1788062734291000000,0
workspaceModel.load.cache.from.file.ms,1788062674289000000,1788062734291000000,0
jps.facet.change.listener.process.change.events.ms,1788062674289000000,1788062734291000000,0
workspaceModel.moduleManagerBridge.load.all.modules.ms,1788062674289000000,1788062734291000000,0
workspaceModel.do.save.caches.ms,1788062674289000000,1788062734291000000,0
jps.global.initialize.library.bridges.ms,1788062674289000000,1788062734291000000,0
workspaceModel.global.apply.state.to.project.builder.ms,1788062674289000000,1788062734291000000,0
workspaceModel.mutableEntityStorage.resolve.ms,1788062674289000000,1788062734291000000,0
jps.app.storage.content.writer.save.component.ms,1788062674289000000,1788062734291000000,0
workspaceModel.mutableEntityStorage.mutable.ext.mapping.ms,1788062674289000000,1788062734291000000,0
workspaceModel.mutableEntityStorage.collect.changes.ms,1788062674289000000,1788062734291000000,0
workspaceModel.mutableEntityStorage.entities.by.source.ms,1788062674289000000,1788062734291000000,0
jps.load.initial.state.ms,1788062674289000000,1788062734291000000,0
jps.apply.loaded.storage.ms,1788062674289000000,1788062734291000000,0
jps.artifact.entities.serializer.load.entities.ms,1788062674289000000,1788062734291000000,0
jps.global.get.libraries.ms,1788062674289000000,1788062734291000000,0
workspaceModel.global.updates.ms,1788062674289000000,1788062734291000000,0
jps.artifact.entities.serializer.save.entities.ms,1788062674289000000,1788062734291000000,0
workspaceModel.mutableEntityStorage.instances.count,1788062674289000000,1788062734291000000,0
workspaceModel.moduleManagerBridge.get.modules.ms,1788062674289000000,1788062734291000000,0
workspaceModel.sync.entities.ms,1788062674289000000,1788062734291000000,0
workspaceModel.moduleManagerBridge.create.module.instance.ms,1788062674289000000,1788062734291000000,0
jps.module.iml.entities.serializer.load.entities.ms,1788062674289000000,1788062734291000000,0
workspaceModel.moduleManagerBridge.new.nonPersistent.module.ms,1788062674289000000,1788062734291000000,0
workspaceModel.mutableEntityStorage.entities.ms,1788062674289000000,1788062734291000000,0
workspaceModel.load.cache.metadata.from.file.ms,1788062674289000000,1788062734291000000,0
workspaceModel.init.bridges.ms,1788062674289000000,1788062734291000000,0
workspaceModel.workspaceFileIndexData.instances.count,1788062674289000000,1788062734291000000,0
workspaceModel.loading.total.ms,1788062674289000000,1788062734291000000,0
workspaceModel.updates.count,1788062674289000000,1788062734291000000,0
workspaceModel.workspaceFileIndexData.getDirectoriesByPackageName.ms,1788062674289000000,1788062734291000000,0
workspaceModel.initializing.ms,1788062674289000000,1788062734291000000,0
workspaceModel.updates.precise.ms,1788062674289000000,1788062734291000000,0
workspaceModel.cachedValueWithParameters.calculated.ms,1788062674289000000,1788062734291000000,0
workspaceModel.workspaceFileIndexData.markDirty.ms,1788062674289000000,1788062734291000000,0
workspaceModel.update.unloaded.entities.ms,1788062674289000000,1788062734291000000,0
workspaceModel.workspaceFileIndexData.processFileSets.ms,1788062674289000000,1788062734291000000,0
workspaceModel.workspaceFileIndexData.init.ms,1788062674289000000,1788062734291000000,0
workspaceModel.replace.project.model.ms,1788062674289000000,1788062734291000000,0
workspaceModel.loading.from.cache.ms,1788062674289000000,1788062734291000000,0
workspaceModel.cachedValue.from.cache.ms,1788062674289000000,1788062734291000000,0
workspaceModel.workspaceFileIndexData.getPackageName.ms,1788062674289000000,1788062734291000000,0
workspaceModel.workspaceFileIndexData.onEntitiesChanged.ms,1788062674289000000,1788062734291000000,0
workspaceModel.updates.ms,1788062674289000000,1788062734291000000,0
workspaceModel.workspaceFileIndexData.getFileInfo.ms,1788062674289000000,1788062734291000000,0
workspaceModel.to.snapshot.ms,1788062674289000000,1788062734291000000,0
workspaceModel.cachedValue.clear.ms,1788062674289000000,1788062734291000000,0
workspaceModel.workspaceFileIndexData.updateDirtyEntities.ms,1788062674289000000,1788062734291000000,0
workspaceModel.entityStorageSnapshotImpl.instances.count,1788062674289000000,1788062734291000000,0
workspaceModel.cachedValueWithParameters.clear.ms,1788062674289000000,1788062734291000000,0
workspaceModel.check.recursive.update.ms,1788062674289000000,1788062734291000000,0
workspaceModel.collect.changes.ms,1788062674289000000,1788062734291000000,0
workspaceModel.cachedValueWithParameters.total.get.ms,1788062674289000000,1788062734291000000,0
workspaceModel.cachedValue.calculated.ms,1788062674289000000,1788062734291000000,0
workspaceModel.pre.handlers.ms,1788062674289000000,1788062734291000000,0
workspaceModel.cachedValueWithParameters.from.cache.ms,1788062674289000000,1788062734291000000,0
workspaceModel.cachedValue.total.get.ms,1788062674289000000,1788062734291000000,0
workspaceModel.workspaceFileIndexContributor.registerFileSets.ms,1788062674289000000,1788062734291000000,0
workspaceModel.workspaceFileIndexData.visitFileSets.ms,1788062674289000000,1788062734291000000,0
workspaceModel.full.replace.project.model.ms,1788062674289000000,1788062734291000000,0
compiler.ArtifactManagerBridge.getArtifactsByType.ms,1788062674289000000,1788062734291000000,0
compiler.ArtifactVirtualFileListener.filePathChanged.ms,1788062674289000000,1788062734291000000,0
compiler.ArtifactManagerBridge.initBridges.ms,1788062674289000000,1788062734291000000,0
compiler.ArtifactManagerBridge.findArtifact.ms,1788062674289000000,1788062734291000000,0
compiler.ArtifactManagerBridge.dropMappings.ms,1788062674289000000,1788062734291000000,0
compiler.ArtifactVirtualFileListener.propertyChanged.ms,1788062674289000000,1788062734291000000,0
compiler.ArtifactManagerBridge.addArtifact.ms,1788062674289000000,1788062734291000000,0
compiler.ArtifactManagerBridge.commit.ms,1788062674289000000,1788062734291000000,0
compiler.ArtifactManagerBridge.getArtifacts.ms,1788062674289000000,1788062734291000000,0
Indexes.entries.lookupDurationAvgMs,1788062674289000000,1788062734291000000,0.0
Indexes.allKeys.lookupDurationAvgMs,1788062674289000000,1788062734291000000,0.0
IndexesFlusher.totalFlushes,1788062674289000000,1788062734291000000,58
Indexes.stubs.lookups,1788062674289000000,1788062734291000000,0.0
Indexes.allKeys.lookups,1788062674289000000,1788062734291000000,0.0
Indexes.entries.lookups,1788062674289000000,1788062734291000000,0.0
Indexes.allKeys.lookupDuration90PMs,1788062674289000000,1788062734291000000,0.0
IndexesFlusher.totalFlushesRetried,1788062674289000000,1788062734291000000,0
Indexes.allKeys.lookupDurationMaxMs,1788062674289000000,1788062734291000000,0.0
IndexesFlusher.totalContentionQuotaSpent,1788062674289000000,1788062734291000000,0
Indexes.stubs.lookupDurationAvgMs,1788062674289000000,1788062734291000000,0.0
Indexes.entries.lookupDuration90PMs,1788062674289000000,1788062734291000000,0.0
Indexes.stubs.lookupDurationMaxMs,1788062674289000000,1788062734291000000,0.0
IndexesFlusher.totalFlushingTimeUs,1788062674289000000,1788062734291000000,344128
Indexes.entries.lookupDurationMaxMs,1788062674289000000,1788062734291000000,0.0
Indexes.stubs.lookupDuration90PMs,1788062674289000000,1788062734291000000,0.0
FileNameCache.queries,1788062674289000000,1788062734291000000,0
FileNameCache.totalMisses,1788062674289000000,1788062734291000000,0
VFS.fileByIdCache.hits,1788062674289000000,1788062734291000000,0
VFS.fileByIdCache.misses,1788062674289000000,1788062734291000000,0
VFS.invertedFileNameIndex.requests,1788062674289000000,1788062734291000000,0
VFS.fileChildByName,1788062674289000000,1788062734291000000,0
DirectByteBufferAllocator.misses,1788062734291000000,1788062794289000000,0
MappedFileStorage.storages,1788062734291000000,1788062794289000000,14
FilePageCache.disposedBuffers,1788062734291000000,1788062794289000000,0
FilePageCache.pageLoads,1788062734291000000,1788062794289000000,0
MappedFileStorage.totalPagesMapped,1788062734291000000,1788062794289000000,14
DirectByteBufferAllocator.totalSizeOfBuffersAllocatedInBytes,1788062734291000000,1788062794289000000,302006272
FilePageCache.pageFastCacheHits,1788062734291000000,1788062794289000000,0
FilePageCache.maxRegisteredFiles,1788062734291000000,1788062794289000000,555
FilePageCacheLockFree.totalClosedStoragesReclaimed,1788062734291000000,1788062794289000000,0
FilePageCache.uncachedFileAccess,1788062734291000000,1788062794289000000,0
DirectByteBufferAllocator.hits,1788062734291000000,1788062794289000000,0
StreamlinedBlobStorage.recordsRelocated,1788062734291000000,1788062794289000000,0
FilePageCache.pageLoadsAboveSizeThreshold,1788062734291000000,1788062794289000000,0
FileChannelInterruptsRetryer.totalRetriedAttempts,1788062734291000000,1788062794289000000,0
DirectByteBufferAllocator.reclaimed,1788062734291000000,1788062794289000000,0
FilePageCache.pageHits,1788062734291000000,1788062794289000000,0
FilePageCacheLockFree.totalPagesReadMs,1788062734291000000,1788062794289000000,0
FilePageCacheLockFree.totalPagesWritten,1788062734291000000,1788062794289000000,0
FilePageCacheLockFree.totalHeapBytesReclaimed,1788062734291000000,1788062794289000000,0
FilePageCacheLockFree.nativeBytesInUse,1788062734291000000,1788062794289000000,0
StreamlinedBlobStorage.totalLiveRecordsCapacityBytes,1788062734291000000,1788062794289000000,0
FilePageCacheLockFree.totalPagesRequestsMs,1788062734291000000,1788062794289000000,0
FilePageCache.maxCacheSizeInBytes,1788062734291000000,1788062794289000000,302006272
StreamlinedBlobStorage.totalLiveRecordsPayloadBytes,1788062734291000000,1788062794289000000,0
FilePageCacheLockFree.heapBytesInUse,1788062734291000000,1788062794289000000,0
FilePageCacheLockFree.totalPagesReclaimed,1788062734291000000,1788062794289000000,0
FilePageCacheLockFree.totalBytesRequested,1788062734291000000,1788062794289000000,0
FilePageCacheLockFree.totalNativeBytesReclaimed,1788062734291000000,1788062794289000000,0
StorageLockContext.competingThreads.90P,1788062734291000000,1788062794289000000,0
FilePageCacheLockFree.totalHeapBytesAllocated,1788062734291000000,1788062794289000000,0
StorageLockContext.competingThreads.avg,1788062734291000000,1788062794289000000,0.0
FilePageCacheLockFree.housekeeperTurnsSkipped,1788062734291000000,1788062794289000000,0
FilePageCache.totalPageDisposalsUs,1788062734291000000,1788062794289000000,0
FilePageCacheLockFree.totalPagesAllocated,1788062734291000000,1788062794289000000,0
FilePageCacheLockFree.totalPagesRequested,1788062734291000000,1788062794289000000,0
StreamlinedBlobStorage.recordsDeleted,1788062734291000000,1788062794289000000,0
FilePageCacheLockFree.totalNativeBytesAllocated,1788062734291000000,1788062794289000000,0
StorageLockContext.competingThreads.max,1788062734291000000,1788062794289000000,0
MappedFileStorage.totalTimeSpentOnMappingUs,1788062734291000000,1788062794289000000,2586502
FilePageCacheLockFree.totalBytesWritten,1788062734291000000,1788062794289000000,0
FilePageCacheLockFree.totalBytesRead,1788062734291000000,1788062794289000000,0
FilePageCache.totalPageLoadsUs,1788062734291000000,1788062794289000000,0
FilePageCacheLockFree.totalPageAllocationsWaited,1788062734291000000,1788062794289000000,0
FilePageCacheLockFree.totalPagesHandedOver,1788062734291000000,1788062794289000000,0
FilePageCacheLockFree.housekeeperTimeSpentMs,1788062734291000000,1788062794289000000,0
DirectByteBufferAllocator.disposed,1788062734291000000,1788062794289000000,0
FilePageCache.capacityInBytes,1788062734291000000,1788062794289000000,503316478
FilePageCacheLockFree.housekeeperTurnsDone,1788062734291000000,1788062794289000000,0
FilePageCacheLockFree.totalPagesWriteMs,1788062734291000000,1788062794289000000,0
DirectByteBufferAllocator.totalSizeOfBuffersCachedInBytes,1788062734291000000,1788062794289000000,0
StreamlinedBlobStorage.recordsAllocated,1788062734291000000,1788062794289000000,0
MappedFileStorage.totalBytesMapped,1788062734291000000,1788062794289000000,194248704
JVM.maxHeapBytes,1788062734291000000,1788062794289000000,2147483648
JVM.GC.collections,1788062734291000000,1788062794289000000,0
OS.loadAverage,1788062734291000000,1788062794289000000,0.828125
JVM.GC.collectionTimesMs,1788062734291000000,1788062794289000000,0
JVM.totalBytesAllocated,1788062734291000000,1788062794289000000,9358048
JVM.usedNativeBytes,1788062734291000000,1788062794289000000,389795456
JVM.usedHeapBytes,1788062734291000000,1788062794289000000,442140320
JVM.totalDirectByteBuffersBytes,1788062734291000000,1788062794289000000,302806400
JVM.maxThreadCount,1788062734291000000,1788062794289000000,179
JVM.newThreadsCount,1788062734291000000,1788062794289000000,1
JVM.threadCount,1788062734291000000,1788062794289000000,48
JVM.totalCpuTimeMs,1788062734291000000,1788062794289000000,473
writeAction.wait.ms,1788062734291000000,1788062794289000000,0
writeAction.count,1788062734291000000,1788062794289000000,0
writeAction.max.wait.ms,1788062734291000000,1788062794289000000,11
writeAction.median.wait.ms,1788062734291000000,1788062794289000000,0
NonBlockingReadAction.failedExecutionsCount,1788062734291000000,1788062794289000000,0
FlushQueue.waitingTimeMaxNs,1788062734291000000,1788062794289000000,0
NonBlockingReadAction.failedExecutionTimeUs,1788062734291000000,1788062794289000000,0
FlushQueue.queueSizeMax,1788062734291000000,1788062794289000000,0
FlushQueue.executionTime90PNs,1788062734291000000,1788062794289000000,0
AWTEventQueue.dispatchTime90PNs,1788062734291000000,1788062794289000000,0
FlushQueue.tasksExecuted,1788062734291000000,1788062794289000000,0
AWTEventQueue.eventsDispatched,1788062734291000000,1788062794289000000,0
FlushQueue.queueSize90P,1788062734291000000,1788062794289000000,0
FlushQueue.waitingTime90PNs,1788062734291000000,1788062794289000000,0
FlushQueue.executionTimeMaxNs,1788062734291000000,1788062794289000000,0
FlushQueue.executionTimeAvgNs,1788062734291000000,1788062794289000000,0.0
AWTEventQueue.dispatchTimeAvgNs,1788062734291000000,1788062794289000000,0.0
NonBlockingReadAction.finalizedExecutionTimeUs,1788062734291000000,1788062794289000000,0
FlushQueue.waitingTimeAvgNs,1788062734291000000,1788062794289000000,0.0
AWTEventQueue.dispatchTimeMaxNs,1788062734291000000,1788062794289000000,0
NonBlockingReadAction.finalizedExecutionsCount,1788062734291000000,1788062794289000000,0
WriteAction.executionsCount,1788062734291000000,1788062794289000000,0
ReadAction.executionsCount,1788062734291000000,1788062794289000000,0
FlushQueue.queueSizeAvg,1788062734291000000,1788062794289000000,0.0
AWTEventQueue.dispatchTimeTotalNS,1788062734291000000,1788062794289000000,12862160
cacheStateStorage.set.duration,1788062734291000000,1788062794289000000,0
cacheStateStorage.get.duration,1788062734291000000,1788062794289000000,0
cacheStateStorage.get.counter,1788062734291000000,1788062794289000000,0
cacheStateStorage.set.counter,1788062734291000000,1788062794289000000,0
jps.global.get.library.ms,1788062734291000000,1788062794289000000,0
jps.global.get.library.by.name.ms,1788062734291000000,1788062794289000000,0
jps.library.entities.serializer.load.entities.ms,1788062734291000000,1788062794289000000,0
workspaceModel.global.updates.count,1788062734291000000,1788062794289000000,0
workspaceModel.moduleBridge.before.changed.ms,1788062734291000000,1788062794289000000,0
workspaceModel.moduleBridge.update.option.ms,1788062734291000000,1788062794289000000,0
workspaceModel.moduleBridge.facet.initialization.ms,1788062734291000000,1788062794289000000,0
workspaceModel.mutableEntityStorage.apply.changes.from.ms,1788062734291000000,1788062794289000000,0
jps.facet.change.listener.before.change.events.ms,1788062734291000000,1788062794289000000,0
jps.global.handle.before.change.events.ms,1788062734291000000,1788062794289000000,0
jps.app.storage.content.reader.load.component.ms,1788062734291000000,1788062794289000000,0
jps.save.changed.project.entities.ms,1788062734291000000,1788062794289000000,0
workspaceModel.moduleBridgeLoader.loading.modules.ms,1788062734291000000,1788062794289000000,0
jps.facet.change.listener.init.bridge.ms,1788062734291000000,1788062794289000000,0
jps.project.serializers.save.ms,1788062734291000000,1788062794289000000,0
workspaceModel.mutableEntityStorage.has.same.entities.ms,1788062734291000000,1788062794289000000,0
workspaceModel.mutableEntityStorage.add.entity.ms,1788062734291000000,1788062794289000000,0
workspaceModel.delayed.project.synchronizer.sync.ms,1788062734291000000,1788062794289000000,0
jps.project.serializers.load.ms,1788062734291000000,1788062794289000000,0
workspaceModel.mutableEntityStorage.mutable.vfurl.index.ms,1788062734291000000,1788062794289000000,0
jps.load.project.to.empty.storage.ms,1788062734291000000,1788062794289000000,0
jps.global.initialize.library.bridges.after.loading.ms,1788062734291000000,1788062794289000000,0
workspaceModel.moduleManagerBridge.newModule.ms,1788062734291000000,1788062794289000000,0
workspaceModel.mutableEntityStorage.referrers.ms,1788062734291000000,1788062794289000000,0
workspaceModel.moduleManagerBridge.build.module.graph.ms,1788062734291000000,1788062794289000000,0
jps.library.entities.serializer.save.entities.ms,1788062734291000000,1788062794289000000,0
workspaceModel.orphan.listener.update.ms,1788062734291000000,1788062794289000000,0
jps.module.iml.entities.serializer.save.entities.ms,1788062734291000000,1788062794289000000,0
workspaceModel.mutableEntityStorage.replace.by.source.ms,1788062734291000000,1788062794289000000,0
jps.global.handle.changed.events.ms,1788062734291000000,1788062794289000000,0
workspaceModel.global.apply.state.to.project.ms,1788062734291000000,1788062794289000000,0
jps.storage.jps.conf.reader.load.component.ms,1788062734291000000,1788062794289000000,0
workspaceModel.save.cache.to.file.ms,1788062734291000000,1788062794289000000,0
jps.save.global.entities.ms,1788062734291000000,1788062794289000000,0
workspaceModel.mutableEntityStorage.put.entity.ms,1788062734291000000,1788062794289000000,0
workspaceModel.mutableEntityStorage.to.snapshot.ms,1788062734291000000,1788062794289000000,0
workspaceModel.mutableEntityStorage.modify.entity.ms,1788062734291000000,1788062794289000000,0
jps.reload.project.entities.ms,1788062734291000000,1788062794289000000,0
workspaceModel.moduleManagerBridge.set.unloadedModules.ms,1788062734291000000,1788062794289000000,0
workspaceModel.moduleManagerBridge.load.module.ms,1788062734291000000,1788062794289000000,0
workspaceModel.mutableEntityStorage.remove.entity.ms,1788062734291000000,1788062794289000000,0
workspaceModel.load.cache.from.file.ms,1788062734291000000,1788062794289000000,0
jps.facet.change.listener.process.change.events.ms,1788062734291000000,1788062794289000000,0
workspaceModel.moduleManagerBridge.load.all.modules.ms,1788062734291000000,1788062794289000000,0
workspaceModel.do.save.caches.ms,1788062734291000000,1788062794289000000,0
jps.global.initialize.library.bridges.ms,1788062734291000000,1788062794289000000,0
workspaceModel.global.apply.state.to.project.builder.ms,1788062734291000000,1788062794289000000,0
workspaceModel.mutableEntityStorage.resolve.ms,1788062734291000000,1788062794289000000,0
jps.app.storage.content.writer.save.component.ms,1788062734291000000,1788062794289000000,0
workspaceModel.mutableEntityStorage.mutable.ext.mapping.ms,1788062734291000000,1788062794289000000,0
workspaceModel.mutableEntityStorage.collect.changes.ms,1788062734291000000,1788062794289000000,0
workspaceModel.mutableEntityStorage.entities.by.source.ms,1788062734291000000,1788062794289000000,0
jps.load.initial.state.ms,1788062734291000000,1788062794289000000,0
jps.apply.loaded.storage.ms,1788062734291000000,1788062794289000000,0
jps.artifact.entities.serializer.load.entities.ms,1788062734291000000,1788062794289000000,0
jps.global.get.libraries.ms,1788062734291000000,1788062794289000000,0
workspaceModel.global.updates.ms,1788062734291000000,1788062794289000000,0
jps.artifact.entities.serializer.save.entities.ms,1788062734291000000,1788062794289000000,0
workspaceModel.mutableEntityStorage.instances.count,1788062734291000000,1788062794289000000,0
workspaceModel.moduleManagerBridge.get.modules.ms,1788062734291000000,1788062794289000000,0
workspaceModel.sync.entities.ms,1788062734291000000,1788062794289000000,0
workspaceModel.moduleManagerBridge.create.module.instance.ms,1788062734291000000,1788062794289000000,0
jps.module.iml.entities.serializer.load.entities.ms,1788062734291000000,1788062794289000000,0
workspaceModel.moduleManagerBridge.new.nonPersistent.module.ms,1788062734291000000,1788062794289000000,0
workspaceModel.mutableEntityStorage.entities.ms,1788062734291000000,1788062794289000000,0
workspaceModel.load.cache.metadata.from.file.ms,1788062734291000000,1788062794289000000,0
workspaceModel.init.bridges.ms,1788062734291000000,1788062794289000000,0
workspaceModel.workspaceFileIndexData.instances.count,1788062734291000000,1788062794289000000,0
workspaceModel.loading.total.ms,1788062734291000000,1788062794289000000,0
workspaceModel.updates.count,1788062734291000000,1788062794289000000,0
workspaceModel.workspaceFileIndexData.getDirectoriesByPackageName.ms,1788062734291000000,1788062794289000000,0
workspaceModel.initializing.ms,1788062734291000000,1788062794289000000,0
workspaceModel.updates.precise.ms,1788062734291000000,1788062794289000000,0
workspaceModel.cachedValueWithParameters.calculated.ms,1788062734291000000,1788062794289000000,0
workspaceModel.workspaceFileIndexData.markDirty.ms,1788062734291000000,1788062794289000000,0
workspaceModel.update.unloaded.entities.ms,1788062734291000000,1788062794289000000,0
workspaceModel.workspaceFileIndexData.processFileSets.ms,1788062734291000000,1788062794289000000,0
workspaceModel.workspaceFileIndexData.init.ms,1788062734291000000,1788062794289000000,0
workspaceModel.replace.project.model.ms,1788062734291000000,1788062794289000000,0
workspaceModel.loading.from.cache.ms,1788062734291000000,1788062794289000000,0
workspaceModel.cachedValue.from.cache.ms,1788062734291000000,1788062794289000000,0
workspaceModel.workspaceFileIndexData.getPackageName.ms,1788062734291000000,1788062794289000000,0
workspaceModel.workspaceFileIndexData.onEntitiesChanged.ms,1788062734291000000,1788062794289000000,0
workspaceModel.updates.ms,1788062734291000000,1788062794289000000,0
workspaceModel.workspaceFileIndexData.getFileInfo.ms,1788062734291000000,1788062794289000000,0
workspaceModel.to.snapshot.ms,1788062734291000000,1788062794289000000,0
workspaceModel.cachedValue.clear.ms,1788062734291000000,1788062794289000000,0
workspaceModel.workspaceFileIndexData.updateDirtyEntities.ms,1788062734291000000,1788062794289000000,0
workspaceModel.entityStorageSnapshotImpl.instances.count,1788062734291000000,1788062794289000000,0
workspaceModel.cachedValueWithParameters.clear.ms,1788062734291000000,1788062794289000000,0
workspaceModel.check.recursive.update.ms,1788062734291000000,1788062794289000000,0
workspaceModel.collect.changes.ms,1788062734291000000,1788062794289000000,0
workspaceModel.cachedValueWithParameters.total.get.ms,1788062734291000000,1788062794289000000,0
workspaceModel.cachedValue.calculated.ms,1788062734291000000,1788062794289000000,0
workspaceModel.pre.handlers.ms,1788062734291000000,1788062794289000000,0
workspaceModel.cachedValueWithParameters.from.cache.ms,1788062734291000000,1788062794289000000,0
workspaceModel.cachedValue.total.get.ms,1788062734291000000,1788062794289000000,0
workspaceModel.workspaceFileIndexContributor.registerFileSets.ms,1788062734291000000,1788062794289000000,0
workspaceModel.workspaceFileIndexData.visitFileSets.ms,1788062734291000000,1788062794289000000,0
workspaceModel.full.replace.project.model.ms,1788062734291000000,1788062794289000000,0
compiler.ArtifactManagerBridge.getArtifactsByType.ms,1788062734291000000,1788062794289000000,0
compiler.ArtifactVirtualFileListener.filePathChanged.ms,1788062734291000000,1788062794289000000,0
compiler.ArtifactManagerBridge.initBridges.ms,1788062734291000000,1788062794289000000,0
compiler.ArtifactManagerBridge.findArtifact.ms,1788062734291000000,1788062794289000000,0
compiler.ArtifactManagerBridge.dropMappings.ms,1788062734291000000,1788062794289000000,0
compiler.ArtifactVirtualFileListener.propertyChanged.ms,1788062734291000000,1788062794289000000,0
compiler.ArtifactManagerBridge.addArtifact.ms,1788062734291000000,1788062794289000000,0
compiler.ArtifactManagerBridge.commit.ms,1788062734291000000,1788062794289000000,0
compiler.ArtifactManagerBridge.getArtifacts.ms,1788062734291000000,1788062794289000000,0
Indexes.entries.lookupDurationAvgMs,1788062734291000000,1788062794289000000,0.0
Indexes.allKeys.lookupDurationAvgMs,1788062734291000000,1788062794289000000,0.0
IndexesFlusher.totalFlushes,1788062734291000000,1788062794289000000,58
Indexes.stubs.lookups,1788062734291000000,1788062794289000000,0.0
Indexes.allKeys.lookups,1788062734291000000,1788062794289000000,0.0
Indexes.entries.lookups,1788062734291000000,1788062794289000000,0.0
Indexes.allKeys.lookupDuration90PMs,1788062734291000000,1788062794289000000,0.0
IndexesFlusher.totalFlushesRetried,1788062734291000000,1788062794289000000,0
Indexes.allKeys.lookupDurationMaxMs,1788062734291000000,1788062794289000000,0.0
IndexesFlusher.totalContentionQuotaSpent,1788062734291000000,1788062794289000000,0
Indexes.stubs.lookupDurationAvgMs,1788062734291000000,1788062794289000000,0.0
Indexes.entries.lookupDuration90PMs,1788062734291000000,1788062794289000000,0.0
Indexes.stubs.lookupDurationMaxMs,1788062734291000000,1788062794289000000,0.0
IndexesFlusher.totalFlushingTimeUs,1788062734291000000,1788062794289000000,169115
Indexes.entries.lookupDurationMaxMs,1788062734291000000,1788062794289000000,0.0
Indexes.stubs.lookupDuration90PMs,1788062734291000000,1788062794289000000,0.0
FileNameCache.queries,1788062734291000000,1788062794289000000,0
FileNameCache.totalMisses,1788062734291000000,1788062794289000000,0
VFS.fileByIdCache.hits,1788062734291000000,1788062794289000000,0
VFS.fileByIdCache.misses,1788062734291000000,1788062794289000000,0
VFS.invertedFileNameIndex.requests,1788062734291000000,1788062794289000000,0
VFS.fileChildByName,1788062734291000000,1788062794289000000,0
DirectByteBufferAllocator.misses,1788062794289000000,1788062854283000000,0
MappedFileStorage.storages,1788062794289000000,1788062854283000000,14
FilePageCache.disposedBuffers,1788062794289000000,1788062854283000000,0
FilePageCache.pageLoads,1788062794289000000,1788062854283000000,0
MappedFileStorage.totalPagesMapped,1788062794289000000,1788062854283000000,14
DirectByteBufferAllocator.totalSizeOfBuffersAllocatedInBytes,1788062794289000000,1788062854283000000,302006272
FilePageCache.pageFastCacheHits,1788062794289000000,1788062854283000000,0
FilePageCache.maxRegisteredFiles,1788062794289000000,1788062854283000000,555
FilePageCacheLockFree.totalClosedStoragesReclaimed,1788062794289000000,1788062854283000000,0
FilePageCache.uncachedFileAccess,1788062794289000000,1788062854283000000,0
DirectByteBufferAllocator.hits,1788062794289000000,1788062854283000000,0
StreamlinedBlobStorage.recordsRelocated,1788062794289000000,1788062854283000000,0
FilePageCache.pageLoadsAboveSizeThreshold,1788062794289000000,1788062854283000000,0
FileChannelInterruptsRetryer.totalRetriedAttempts,1788062794289000000,1788062854283000000,0
DirectByteBufferAllocator.reclaimed,1788062794289000000,1788062854283000000,0
FilePageCache.pageHits,1788062794289000000,1788062854283000000,0
FilePageCacheLockFree.totalPagesReadMs,1788062794289000000,1788062854283000000,0
FilePageCacheLockFree.totalPagesWritten,1788062794289000000,1788062854283000000,0
FilePageCacheLockFree.totalHeapBytesReclaimed,1788062794289000000,1788062854283000000,0
FilePageCacheLockFree.nativeBytesInUse,1788062794289000000,1788062854283000000,0
StreamlinedBlobStorage.totalLiveRecordsCapacityBytes,1788062794289000000,1788062854283000000,0
FilePageCacheLockFree.totalPagesRequestsMs,1788062794289000000,1788062854283000000,0
FilePageCache.maxCacheSizeInBytes,1788062794289000000,1788062854283000000,302006272
StreamlinedBlobStorage.totalLiveRecordsPayloadBytes,1788062794289000000,1788062854283000000,0
FilePageCacheLockFree.heapBytesInUse,1788062794289000000,1788062854283000000,0
FilePageCacheLockFree.totalPagesReclaimed,1788062794289000000,1788062854283000000,0
FilePageCacheLockFree.totalBytesRequested,1788062794289000000,1788062854283000000,0
FilePageCacheLockFree.totalNativeBytesReclaimed,1788062794289000000,1788062854283000000,0
StorageLockContext.competingThreads.90P,1788062794289000000,1788062854283000000,0
FilePageCacheLockFree.totalHeapBytesAllocated,1788062794289000000,1788062854283000000,0
StorageLockContext.competingThreads.avg,1788062794289000000,1788062854283000000,0.0
FilePageCacheLockFree.housekeeperTurnsSkipped,1788062794289000000,1788062854283000000,0
FilePageCache.totalPageDisposalsUs,1788062794289000000,1788062854283000000,0
FilePageCacheLockFree.totalPagesAllocated,1788062794289000000,1788062854283000000,0
FilePageCacheLockFree.totalPagesRequested,1788062794289000000,1788062854283000000,0
StreamlinedBlobStorage.recordsDeleted,1788062794289000000,1788062854283000000,0
FilePageCacheLockFree.totalNativeBytesAllocated,1788062794289000000,1788062854283000000,0
StorageLockContext.competingThreads.max,1788062794289000000,1788062854283000000,0
MappedFileStorage.totalTimeSpentOnMappingUs,1788062794289000000,1788062854283000000,2586502
FilePageCacheLockFree.totalBytesWritten,1788062794289000000,1788062854283000000,0
FilePageCacheLockFree.totalBytesRead,1788062794289000000,1788062854283000000,0
FilePageCache.totalPageLoadsUs,1788062794289000000,1788062854283000000,0
FilePageCacheLockFree.totalPageAllocationsWaited,1788062794289000000,1788062854283000000,0
FilePageCacheLockFree.totalPagesHandedOver,1788062794289000000,1788062854283000000,0
FilePageCacheLockFree.housekeeperTimeSpentMs,1788062794289000000,1788062854283000000,0
DirectByteBufferAllocator.disposed,1788062794289000000,1788062854283000000,0
FilePageCache.capacityInBytes,1788062794289000000,1788062854283000000,503316478
FilePageCacheLockFree.housekeeperTurnsDone,1788062794289000000,1788062854283000000,0
FilePageCacheLockFree.totalPagesWriteMs,1788062794289000000,1788062854283000000,0
DirectByteBufferAllocator.totalSizeOfBuffersCachedInBytes,1788062794289000000,1788062854283000000,0
StreamlinedBlobStorage.recordsAllocated,1788062794289000000,1788062854283000000,0
MappedFileStorage.totalBytesMapped,1788062794289000000,1788062854283000000,194248704
JVM.maxHeapBytes,1788062794289000000,1788062854283000000,2147483648
JVM.GC.collections,1788062794289000000,1788062854283000000,0
OS.loadAverage,1788062794289000000,1788062854283000000,1.224609375
JVM.GC.collectionTimesMs,1788062794289000000,1788062854283000000,0
JVM.totalBytesAllocated,1788062794289000000,1788062854283000000,12543656
JVM.usedNativeBytes,1788062794289000000,1788062854283000000,389832064
JVM.usedHeapBytes,1788062794289000000,1788062854283000000,455771808
JVM.totalDirectByteBuffersBytes,1788062794289000000,1788062854283000000,302814592
JVM.maxThreadCount,1788062794289000000,1788062854283000000,179
JVM.newThreadsCount,1788062794289000000,1788062854283000000,0
JVM.threadCount,1788062794289000000,1788062854283000000,47
JVM.totalCpuTimeMs,1788062794289000000,1788062854283000000,405
writeAction.wait.ms,1788062794289000000,1788062854283000000,0
writeAction.count,1788062794289000000,1788062854283000000,0
writeAction.max.wait.ms,1788062794289000000,1788062854283000000,11
writeAction.median.wait.ms,1788062794289000000,1788062854283000000,0
NonBlockingReadAction.failedExecutionsCount,1788062794289000000,1788062854283000000,0
FlushQueue.waitingTimeMaxNs,1788062794289000000,1788062854283000000,0
NonBlockingReadAction.failedExecutionTimeUs,1788062794289000000,1788062854283000000,0
FlushQueue.queueSizeMax,1788062794289000000,1788062854283000000,0
FlushQueue.executionTime90PNs,1788062794289000000,1788062854283000000,0
AWTEventQueue.dispatchTime90PNs,1788062794289000000,1788062854283000000,0
FlushQueue.tasksExecuted,1788062794289000000,1788062854283000000,0
AWTEventQueue.eventsDispatched,1788062794289000000,1788062854283000000,0
FlushQueue.queueSize90P,1788062794289000000,1788062854283000000,0
FlushQueue.waitingTime90PNs,1788062794289000000,1788062854283000000,0
FlushQueue.executionTimeMaxNs,1788062794289000000,1788062854283000000,0
FlushQueue.executionTimeAvgNs,1788062794289000000,1788062854283000000,0.0
AWTEventQueue.dispatchTimeAvgNs,1788062794289000000,1788062854283000000,0.0
NonBlockingReadAction.finalizedExecutionTimeUs,1788062794289000000,1788062854283000000,4664
FlushQueue.waitingTimeAvgNs,1788062794289000000,1788062854283000000,0.0
AWTEventQueue.dispatchTimeMaxNs,1788062794289000000,1788062854283000000,0
NonBlockingReadAction.finalizedExecutionsCount,1788062794289000000,1788062854283000000,3
WriteAction.executionsCount,1788062794289000000,1788062854283000000,0
ReadAction.executionsCount,1788062794289000000,1788062854283000000,26
FlushQueue.queueSizeAvg,1788062794289000000,1788062854283000000,0.0
AWTEventQueue.dispatchTimeTotalNS,1788062794289000000,1788062854283000000,10664030
cacheStateStorage.set.duration,1788062794289000000,1788062854283000000,0
cacheStateStorage.get.duration,1788062794289000000,1788062854283000000,0
cacheStateStorage.get.counter,1788062794289000000,1788062854283000000,0
cacheStateStorage.set.counter,1788062794289000000,1788062854283000000,0
jps.global.get.library.ms,1788062794289000000,1788062854283000000,0
jps.global.get.library.by.name.ms,1788062794289000000,1788062854283000000,0
jps.library.entities.serializer.load.entities.ms,1788062794289000000,1788062854283000000,0
workspaceModel.global.updates.count,1788062794289000000,1788062854283000000,0
workspaceModel.moduleBridge.before.changed.ms,1788062794289000000,1788062854283000000,0
workspaceModel.moduleBridge.update.option.ms,1788062794289000000,1788062854283000000,0
workspaceModel.moduleBridge.facet.initialization.ms,1788062794289000000,1788062854283000000,0
workspaceModel.mutableEntityStorage.apply.changes.from.ms,1788062794289000000,1788062854283000000,0
jps.facet.change.listener.before.change.events.ms,1788062794289000000,1788062854283000000,0
jps.global.handle.before.change.events.ms,1788062794289000000,1788062854283000000,0
jps.app.storage.content.reader.load.component.ms,1788062794289000000,1788062854283000000,0
jps.save.changed.project.entities.ms,1788062794289000000,1788062854283000000,0
workspaceModel.moduleBridgeLoader.loading.modules.ms,1788062794289000000,1788062854283000000,0
jps.facet.change.listener.init.bridge.ms,1788062794289000000,1788062854283000000,0
jps.project.serializers.save.ms,1788062794289000000,1788062854283000000,0
workspaceModel.mutableEntityStorage.has.same.entities.ms,1788062794289000000,1788062854283000000,0
workspaceModel.mutableEntityStorage.add.entity.ms,1788062794289000000,1788062854283000000,0
workspaceModel.delayed.project.synchronizer.sync.ms,1788062794289000000,1788062854283000000,0
jps.project.serializers.load.ms,1788062794289000000,1788062854283000000,0
workspaceModel.mutableEntityStorage.mutable.vfurl.index.ms,1788062794289000000,1788062854283000000,0
jps.load.project.to.empty.storage.ms,1788062794289000000,1788062854283000000,0
jps.global.initialize.library.bridges.after.loading.ms,1788062794289000000,1788062854283000000,0
workspaceModel.moduleManagerBridge.newModule.ms,1788062794289000000,1788062854283000000,0
workspaceModel.mutableEntityStorage.referrers.ms,1788062794289000000,1788062854283000000,0
workspaceModel.moduleManagerBridge.build.module.graph.ms,1788062794289000000,1788062854283000000,0
jps.library.entities.serializer.save.entities.ms,1788062794289000000,1788062854283000000,0
workspaceModel.orphan.listener.update.ms,1788062794289000000,1788062854283000000,0
jps.module.iml.entities.serializer.save.entities.ms,1788062794289000000,1788062854283000000,0
workspaceModel.mutableEntityStorage.replace.by.source.ms,1788062794289000000,1788062854283000000,0
jps.global.handle.changed.events.ms,1788062794289000000,1788062854283000000,0
workspaceModel.global.apply.state.to.project.ms,1788062794289000000,1788062854283000000,0
jps.storage.jps.conf.reader.load.component.ms,1788062794289000000,1788062854283000000,0
workspaceModel.save.cache.to.file.ms,1788062794289000000,1788062854283000000,0
jps.save.global.entities.ms,1788062794289000000,1788062854283000000,0
workspaceModel.mutableEntityStorage.put.entity.ms,1788062794289000000,1788062854283000000,0
workspaceModel.mutableEntityStorage.to.snapshot.ms,1788062794289000000,1788062854283000000,0
workspaceModel.mutableEntityStorage.modify.entity.ms,1788062794289000000,1788062854283000000,0
jps.reload.project.entities.ms,1788062794289000000,1788062854283000000,0
workspaceModel.moduleManagerBridge.set.unloadedModules.ms,1788062794289000000,1788062854283000000,0
workspaceModel.moduleManagerBridge.load.module.ms,1788062794289000000,1788062854283000000,0
workspaceModel.mutableEntityStorage.remove.entity.ms,1788062794289000000,1788062854283000000,0
workspaceModel.load.cache.from.file.ms,1788062794289000000,1788062854283000000,0
jps.facet.change.listener.process.change.events.ms,1788062794289000000,1788062854283000000,0
workspaceModel.moduleManagerBridge.load.all.modules.ms,1788062794289000000,1788062854283000000,0
workspaceModel.do.save.caches.ms,1788062794289000000,1788062854283000000,0
jps.global.initialize.library.bridges.ms,1788062794289000000,1788062854283000000,0
workspaceModel.global.apply.state.to.project.builder.ms,1788062794289000000,1788062854283000000,0
workspaceModel.mutableEntityStorage.resolve.ms,1788062794289000000,1788062854283000000,0
jps.app.storage.content.writer.save.component.ms,1788062794289000000,1788062854283000000,0
workspaceModel.mutableEntityStorage.mutable.ext.mapping.ms,1788062794289000000,1788062854283000000,0
workspaceModel.mutableEntityStorage.collect.changes.ms,1788062794289000000,1788062854283000000,0
workspaceModel.mutableEntityStorage.entities.by.source.ms,1788062794289000000,1788062854283000000,0
jps.load.initial.state.ms,1788062794289000000,1788062854283000000,0
jps.apply.loaded.storage.ms,1788062794289000000,1788062854283000000,0
jps.artifact.entities.serializer.load.entities.ms,1788062794289000000,1788062854283000000,0
jps.global.get.libraries.ms,1788062794289000000,1788062854283000000,0
workspaceModel.global.updates.ms,1788062794289000000,1788062854283000000,0
jps.artifact.entities.serializer.save.entities.ms,1788062794289000000,1788062854283000000,0
workspaceModel.mutableEntityStorage.instances.count,1788062794289000000,1788062854283000000,0
workspaceModel.moduleManagerBridge.get.modules.ms,1788062794289000000,1788062854283000000,0
workspaceModel.sync.entities.ms,1788062794289000000,1788062854283000000,0
workspaceModel.moduleManagerBridge.create.module.instance.ms,1788062794289000000,1788062854283000000,0
jps.module.iml.entities.serializer.load.entities.ms,1788062794289000000,1788062854283000000,0
workspaceModel.moduleManagerBridge.new.nonPersistent.module.ms,1788062794289000000,1788062854283000000,0
workspaceModel.mutableEntityStorage.entities.ms,1788062794289000000,1788062854283000000,0
workspaceModel.load.cache.metadata.from.file.ms,1788062794289000000,1788062854283000000,0
workspaceModel.init.bridges.ms,1788062794289000000,1788062854283000000,0
workspaceModel.workspaceFileIndexData.instances.count,1788062794289000000,1788062854283000000,0
workspaceModel.loading.total.ms,1788062794289000000,1788062854283000000,0
workspaceModel.updates.count,1788062794289000000,1788062854283000000,0
workspaceModel.workspaceFileIndexData.getDirectoriesByPackageName.ms,1788062794289000000,1788062854283000000,0
workspaceModel.initializing.ms,1788062794289000000,1788062854283000000,0
workspaceModel.updates.precise.ms,1788062794289000000,1788062854283000000,0
workspaceModel.cachedValueWithParameters.calculated.ms,1788062794289000000,1788062854283000000,0
workspaceModel.workspaceFileIndexData.markDirty.ms,1788062794289000000,1788062854283000000,0
workspaceModel.update.unloaded.entities.ms,1788062794289000000,1788062854283000000,0
workspaceModel.workspaceFileIndexData.processFileSets.ms,1788062794289000000,1788062854283000000,0
workspaceModel.workspaceFileIndexData.init.ms,1788062794289000000,1788062854283000000,0
workspaceModel.replace.project.model.ms,1788062794289000000,1788062854283000000,0
workspaceModel.loading.from.cache.ms,1788062794289000000,1788062854283000000,0
workspaceModel.cachedValue.from.cache.ms,1788062794289000000,1788062854283000000,0
workspaceModel.workspaceFileIndexData.getPackageName.ms,1788062794289000000,1788062854283000000,0
workspaceModel.workspaceFileIndexData.onEntitiesChanged.ms,1788062794289000000,1788062854283000000,0
workspaceModel.updates.ms,1788062794289000000,1788062854283000000,0
workspaceModel.workspaceFileIndexData.getFileInfo.ms,1788062794289000000,1788062854283000000,0
workspaceModel.to.snapshot.ms,1788062794289000000,1788062854283000000,0
workspaceModel.cachedValue.clear.ms,1788062794289000000,1788062854283000000,0
workspaceModel.workspaceFileIndexData.updateDirtyEntities.ms,1788062794289000000,1788062854283000000,0
workspaceModel.entityStorageSnapshotImpl.instances.count,1788062794289000000,1788062854283000000,0
workspaceModel.cachedValueWithParameters.clear.ms,1788062794289000000,1788062854283000000,0
workspaceModel.check.recursive.update.ms,1788062794289000000,1788062854283000000,0
workspaceModel.collect.changes.ms,1788062794289000000,1788062854283000000,0
workspaceModel.cachedValueWithParameters.total.get.ms,1788062794289000000,1788062854283000000,0
workspaceModel.cachedValue.calculated.ms,1788062794289000000,1788062854283000000,0
workspaceModel.pre.handlers.ms,1788062794289000000,1788062854283000000,0
workspaceModel.cachedValueWithParameters.from.cache.ms,1788062794289000000,1788062854283000000,0
workspaceModel.cachedValue.total.get.ms,1788062794289000000,1788062854283000000,0
workspaceModel.workspaceFileIndexContributor.registerFileSets.ms,1788062794289000000,1788062854283000000,0
workspaceModel.workspaceFileIndexData.visitFileSets.ms,1788062794289000000,1788062854283000000,0
workspaceModel.full.replace.project.model.ms,1788062794289000000,1788062854283000000,0
compiler.ArtifactManagerBridge.getArtifactsByType.ms,1788062794289000000,1788062854283000000,0
compiler.ArtifactVirtualFileListener.filePathChanged.ms,1788062794289000000,1788062854283000000,0
compiler.ArtifactManagerBridge.initBridges.ms,1788062794289000000,1788062854283000000,0
compiler.ArtifactManagerBridge.findArtifact.ms,1788062794289000000,1788062854283000000,0
compiler.ArtifactManagerBridge.dropMappings.ms,1788062794289000000,1788062854283000000,0
compiler.ArtifactVirtualFileListener.propertyChanged.ms,1788062794289000000,1788062854283000000,0
compiler.ArtifactManagerBridge.addArtifact.ms,1788062794289000000,1788062854283000000,0
compiler.ArtifactManagerBridge.commit.ms,1788062794289000000,1788062854283000000,0
compiler.ArtifactManagerBridge.getArtifacts.ms,1788062794289000000,1788062854283000000,0
Indexes.entries.lookupDurationAvgMs,1788062794289000000,1788062854283000000,0.0
Indexes.allKeys.lookupDurationAvgMs,1788062794289000000,1788062854283000000,0.0
IndexesFlusher.totalFlushes,1788062794289000000,1788062854283000000,59
Indexes.stubs.lookups,1788062794289000000,1788062854283000000,0.0
Indexes.allKeys.lookups,1788062794289000000,1788062854283000000,0.0
Indexes.entries.lookups,1788062794289000000,1788062854283000000,0.0
Indexes.allKeys.lookupDuration90PMs,1788062794289000000,1788062854283000000,0.0
IndexesFlusher.totalFlushesRetried,1788062794289000000,1788062854283000000,0
Indexes.allKeys.lookupDurationMaxMs,1788062794289000000,1788062854283000000,0.0
IndexesFlusher.totalContentionQuotaSpent,1788062794289000000,1788062854283000000,0
Indexes.stubs.lookupDurationAvgMs,1788062794289000000,1788062854283000000,0.0
Indexes.entries.lookupDuration90PMs,1788062794289000000,1788062854283000000,0.0
Indexes.stubs.lookupDurationMaxMs,1788062794289000000,1788062854283000000,0.0
IndexesFlusher.totalFlushingTimeUs,1788062794289000000,1788062854283000000,128446
Indexes.entries.lookupDurationMaxMs,1788062794289000000,1788062854283000000,0.0
Indexes.stubs.lookupDuration90PMs,1788062794289000000,1788062854283000000,0.0
FileNameCache.queries,1788062794289000000,1788062854283000000,256
FileNameCache.totalMisses,1788062794289000000,1788062854283000000,0
VFS.fileByIdCache.hits,1788062794289000000,1788062854283000000,0
VFS.fileByIdCache.misses,1788062794289000000,1788062854283000000,0
VFS.invertedFileNameIndex.requests,1788062794289000000,1788062854283000000,0
VFS.fileChildByName,1788062794289000000,1788062854283000000,29
DirectByteBufferAllocator.misses,1788062854283000000,1788062914288000000,0
MappedFileStorage.storages,1788062854283000000,1788062914288000000,14
FilePageCache.disposedBuffers,1788062854283000000,1788062914288000000,0
FilePageCache.pageLoads,1788062854283000000,1788062914288000000,0
MappedFileStorage.totalPagesMapped,1788062854283000000,1788062914288000000,14
DirectByteBufferAllocator.totalSizeOfBuffersAllocatedInBytes,1788062854283000000,1788062914288000000,302006272
FilePageCache.pageFastCacheHits,1788062854283000000,1788062914288000000,0
FilePageCache.maxRegisteredFiles,1788062854283000000,1788062914288000000,555
FilePageCacheLockFree.totalClosedStoragesReclaimed,1788062854283000000,1788062914288000000,0
FilePageCache.uncachedFileAccess,1788062854283000000,1788062914288000000,0
DirectByteBufferAllocator.hits,1788062854283000000,1788062914288000000,0
StreamlinedBlobStorage.recordsRelocated,1788062854283000000,1788062914288000000,0
FilePageCache.pageLoadsAboveSizeThreshold,1788062854283000000,1788062914288000000,0
FileChannelInterruptsRetryer.totalRetriedAttempts,1788062854283000000,1788062914288000000,0
DirectByteBufferAllocator.reclaimed,1788062854283000000,1788062914288000000,0
FilePageCache.pageHits,1788062854283000000,1788062914288000000,0
FilePageCacheLockFree.totalPagesReadMs,1788062854283000000,1788062914288000000,0
FilePageCacheLockFree.totalPagesWritten,1788062854283000000,1788062914288000000,0
FilePageCacheLockFree.totalHeapBytesReclaimed,1788062854283000000,1788062914288000000,0
FilePageCacheLockFree.nativeBytesInUse,1788062854283000000,1788062914288000000,0
StreamlinedBlobStorage.totalLiveRecordsCapacityBytes,1788062854283000000,1788062914288000000,0
FilePageCacheLockFree.totalPagesRequestsMs,1788062854283000000,1788062914288000000,0
FilePageCache.maxCacheSizeInBytes,1788062854283000000,1788062914288000000,302006272
StreamlinedBlobStorage.totalLiveRecordsPayloadBytes,1788062854283000000,1788062914288000000,0
FilePageCacheLockFree.heapBytesInUse,1788062854283000000,1788062914288000000,0
FilePageCacheLockFree.totalPagesReclaimed,1788062854283000000,1788062914288000000,0
FilePageCacheLockFree.totalBytesRequested,1788062854283000000,1788062914288000000,0
FilePageCacheLockFree.totalNativeBytesReclaimed,1788062854283000000,1788062914288000000,0
StorageLockContext.competingThreads.90P,1788062854283000000,1788062914288000000,0
FilePageCacheLockFree.totalHeapBytesAllocated,1788062854283000000,1788062914288000000,0
StorageLockContext.competingThreads.avg,1788062854283000000,1788062914288000000,0.0
FilePageCacheLockFree.housekeeperTurnsSkipped,1788062854283000000,1788062914288000000,0
FilePageCache.totalPageDisposalsUs,1788062854283000000,1788062914288000000,0
FilePageCacheLockFree.totalPagesAllocated,1788062854283000000,1788062914288000000,0
FilePageCacheLockFree.totalPagesRequested,1788062854283000000,1788062914288000000,0
StreamlinedBlobStorage.recordsDeleted,1788062854283000000,1788062914288000000,0
FilePageCacheLockFree.totalNativeBytesAllocated,1788062854283000000,1788062914288000000,0
StorageLockContext.competingThreads.max,1788062854283000000,1788062914288000000,0
MappedFileStorage.totalTimeSpentOnMappingUs,1788062854283000000,1788062914288000000,2586502
FilePageCacheLockFree.totalBytesWritten,1788062854283000000,1788062914288000000,0
FilePageCacheLockFree.totalBytesRead,1788062854283000000,1788062914288000000,0
FilePageCache.totalPageLoadsUs,1788062854283000000,1788062914288000000,0
FilePageCacheLockFree.totalPageAllocationsWaited,1788062854283000000,1788062914288000000,0
FilePageCacheLockFree.totalPagesHandedOver,1788062854283000000,1788062914288000000,0
FilePageCacheLockFree.housekeeperTimeSpentMs,1788062854283000000,1788062914288000000,0
DirectByteBufferAllocator.disposed,1788062854283000000,1788062914288000000,0
FilePageCache.capacityInBytes,1788062854283000000,1788062914288000000,503316478
FilePageCacheLockFree.housekeeperTurnsDone,1788062854283000000,1788062914288000000,0
FilePageCacheLockFree.totalPagesWriteMs,1788062854283000000,1788062914288000000,0
DirectByteBufferAllocator.totalSizeOfBuffersCachedInBytes,1788062854283000000,1788062914288000000,0
StreamlinedBlobStorage.recordsAllocated,1788062854283000000,1788062914288000000,0
MappedFileStorage.totalBytesMapped,1788062854283000000,1788062914288000000,194248704
JVM.maxHeapBytes,1788062854283000000,1788062914288000000,2147483648
JVM.GC.collections,1788062854283000000,1788062914288000000,1
OS.loadAverage,1788062854283000000,1788062914288000000,1.19384765625
JVM.GC.collectionTimesMs,1788062854283000000,1788062914288000000,4
JVM.totalBytesAllocated,1788062854283000000,1788062914288000000,9340256
JVM.usedNativeBytes,1788062854283000000,1788062914288000000,389559336
JVM.usedHeapBytes,1788062854283000000,1788062914288000000,231522032
JVM.totalDirectByteBuffersBytes,1788062854283000000,1788062914288000000,302814592
JVM.maxThreadCount,1788062854283000000,1788062914288000000,179
JVM.newThreadsCount,1788062854283000000,1788062914288000000,0
JVM.threadCount,1788062854283000000,1788062914288000000,46
JVM.totalCpuTimeMs,1788062854283000000,1788062914288000000,1029
writeAction.wait.ms,1788062854283000000,1788062914288000000,0
writeAction.count,1788062854283000000,1788062914288000000,0
writeAction.max.wait.ms,1788062854283000000,1788062914288000000,11
writeAction.median.wait.ms,1788062854283000000,1788062914288000000,0
NonBlockingReadAction.failedExecutionsCount,1788062854283000000,1788062914288000000,0
FlushQueue.waitingTimeMaxNs,1788062854283000000,1788062914288000000,0
NonBlockingReadAction.failedExecutionTimeUs,1788062854283000000,1788062914288000000,0
FlushQueue.queueSizeMax,1788062854283000000,1788062914288000000,0
FlushQueue.executionTime90PNs,1788062854283000000,1788062914288000000,0
AWTEventQueue.dispatchTime90PNs,1788062854283000000,1788062914288000000,0
FlushQueue.tasksExecuted,1788062854283000000,1788062914288000000,0
AWTEventQueue.eventsDispatched,1788062854283000000,1788062914288000000,0
FlushQueue.queueSize90P,1788062854283000000,1788062914288000000,0
FlushQueue.waitingTime90PNs,1788062854283000000,1788062914288000000,0
FlushQueue.executionTimeMaxNs,1788062854283000000,1788062914288000000,0
FlushQueue.executionTimeAvgNs,1788062854283000000,1788062914288000000,0.0
AWTEventQueue.dispatchTimeAvgNs,1788062854283000000,1788062914288000000,0.0
NonBlockingReadAction.finalizedExecutionTimeUs,1788062854283000000,1788062914288000000,0
FlushQueue.waitingTimeAvgNs,1788062854283000000,1788062914288000000,0.0
AWTEventQueue.dispatchTimeMaxNs,1788062854283000000,1788062914288000000,0
NonBlockingReadAction.finalizedExecutionsCount,1788062854283000000,1788062914288000000,0
WriteAction.executionsCount,1788062854283000000,1788062914288000000,0
ReadAction.executionsCount,1788062854283000000,1788062914288000000,0
FlushQueue.queueSizeAvg,1788062854283000000,1788062914288000000,0.0
AWTEventQueue.dispatchTimeTotalNS,1788062854283000000,1788062914288000000,12353195
cacheStateStorage.set.duration,1788062854283000000,1788062914288000000,0
cacheStateStorage.get.duration,1788062854283000000,1788062914288000000,0
cacheStateStorage.get.counter,1788062854283000000,1788062914288000000,0
cacheStateStorage.set.counter,1788062854283000000,1788062914288000000,0
jps.global.get.library.ms,1788062854283000000,1788062914288000000,0
jps.global.get.library.by.name.ms,1788062854283000000,1788062914288000000,0
jps.library.entities.serializer.load.entities.ms,1788062854283000000,1788062914288000000,0
workspaceModel.global.updates.count,1788062854283000000,1788062914288000000,0
workspaceModel.moduleBridge.before.changed.ms,1788062854283000000,1788062914288000000,0
workspaceModel.moduleBridge.update.option.ms,1788062854283000000,1788062914288000000,0
workspaceModel.moduleBridge.facet.initialization.ms,1788062854283000000,1788062914288000000,0
workspaceModel.mutableEntityStorage.apply.changes.from.ms,1788062854283000000,1788062914288000000,0
jps.facet.change.listener.before.change.events.ms,1788062854283000000,1788062914288000000,0
jps.global.handle.before.change.events.ms,1788062854283000000,1788062914288000000,0
jps.app.storage.content.reader.load.component.ms,1788062854283000000,1788062914288000000,0
jps.save.changed.project.entities.ms,1788062854283000000,1788062914288000000,0
workspaceModel.moduleBridgeLoader.loading.modules.ms,1788062854283000000,1788062914288000000,0
jps.facet.change.listener.init.bridge.ms,1788062854283000000,1788062914288000000,0
jps.project.serializers.save.ms,1788062854283000000,1788062914288000000,0
workspaceModel.mutableEntityStorage.has.same.entities.ms,1788062854283000000,1788062914288000000,0
workspaceModel.mutableEntityStorage.add.entity.ms,1788062854283000000,1788062914288000000,0
workspaceModel.delayed.project.synchronizer.sync.ms,1788062854283000000,1788062914288000000,0
jps.project.serializers.load.ms,1788062854283000000,1788062914288000000,0
workspaceModel.mutableEntityStorage.mutable.vfurl.index.ms,1788062854283000000,1788062914288000000,0
jps.load.project.to.empty.storage.ms,1788062854283000000,1788062914288000000,0
jps.global.initialize.library.bridges.after.loading.ms,1788062854283000000,1788062914288000000,0
workspaceModel.moduleManagerBridge.newModule.ms,1788062854283000000,1788062914288000000,0
workspaceModel.mutableEntityStorage.referrers.ms,1788062854283000000,1788062914288000000,0
workspaceModel.moduleManagerBridge.build.module.graph.ms,1788062854283000000,1788062914288000000,0
jps.library.entities.serializer.save.entities.ms,1788062854283000000,1788062914288000000,0
workspaceModel.orphan.listener.update.ms,1788062854283000000,1788062914288000000,0
jps.module.iml.entities.serializer.save.entities.ms,1788062854283000000,1788062914288000000,0
workspaceModel.mutableEntityStorage.replace.by.source.ms,1788062854283000000,1788062914288000000,0
jps.global.handle.changed.events.ms,1788062854283000000,1788062914288000000,0
workspaceModel.global.apply.state.to.project.ms,1788062854283000000,1788062914288000000,0
jps.storage.jps.conf.reader.load.component.ms,1788062854283000000,1788062914288000000,0
workspaceModel.save.cache.to.file.ms,1788062854283000000,1788062914288000000,0
jps.save.global.entities.ms,1788062854283000000,1788062914288000000,0
workspaceModel.mutableEntityStorage.put.entity.ms,1788062854283000000,1788062914288000000,0
workspaceModel.mutableEntityStorage.to.snapshot.ms,1788062854283000000,1788062914288000000,0
workspaceModel.mutableEntityStorage.modify.entity.ms,1788062854283000000,1788062914288000000,0
jps.reload.project.entities.ms,1788062854283000000,1788062914288000000,0
workspaceModel.moduleManagerBridge.set.unloadedModules.ms,1788062854283000000,1788062914288000000,0
workspaceModel.moduleManagerBridge.load.module.ms,1788062854283000000,1788062914288000000,0
workspaceModel.mutableEntityStorage.remove.entity.ms,1788062854283000000,1788062914288000000,0
workspaceModel.load.cache.from.file.ms,1788062854283000000,1788062914288000000,0
jps.facet.change.listener.process.change.events.ms,1788062854283000000,1788062914288000000,0
workspaceModel.moduleManagerBridge.load.all.modules.ms,1788062854283000000,1788062914288000000,0
workspaceModel.do.save.caches.ms,1788062854283000000,1788062914288000000,0
jps.global.initialize.library.bridges.ms,1788062854283000000,1788062914288000000,0
workspaceModel.global.apply.state.to.project.builder.ms,1788062854283000000,1788062914288000000,0
workspaceModel.mutableEntityStorage.resolve.ms,1788062854283000000,1788062914288000000,0
jps.app.storage.content.writer.save.component.ms,1788062854283000000,1788062914288000000,0
workspaceModel.mutableEntityStorage.mutable.ext.mapping.ms,1788062854283000000,1788062914288000000,0
workspaceModel.mutableEntityStorage.collect.changes.ms,1788062854283000000,1788062914288000000,0
workspaceModel.mutableEntityStorage.entities.by.source.ms,1788062854283000000,1788062914288000000,0
jps.load.initial.state.ms,1788062854283000000,1788062914288000000,0
jps.apply.loaded.storage.ms,1788062854283000000,1788062914288000000,0
jps.artifact.entities.serializer.load.entities.ms,1788062854283000000,1788062914288000000,0
jps.global.get.libraries.ms,1788062854283000000,1788062914288000000,0
workspaceModel.global.updates.ms,1788062854283000000,1788062914288000000,0
jps.artifact.entities.serializer.save.entities.ms,1788062854283000000,1788062914288000000,0
workspaceModel.mutableEntityStorage.instances.count,1788062854283000000,1788062914288000000,0
workspaceModel.moduleManagerBridge.get.modules.ms,1788062854283000000,1788062914288000000,0
workspaceModel.sync.entities.ms,1788062854283000000,1788062914288000000,0
workspaceModel.moduleManagerBridge.create.module.instance.ms,1788062854283000000,1788062914288000000,0
jps.module.iml.entities.serializer.load.entities.ms,1788062854283000000,1788062914288000000,0
workspaceModel.moduleManagerBridge.new.nonPersistent.module.ms,1788062854283000000,1788062914288000000,0
workspaceModel.mutableEntityStorage.entities.ms,1788062854283000000,1788062914288000000,0
workspaceModel.load.cache.metadata.from.file.ms,1788062854283000000,1788062914288000000,0
workspaceModel.init.bridges.ms,1788062854283000000,1788062914288000000,0
workspaceModel.workspaceFileIndexData.instances.count,1788062854283000000,1788062914288000000,0
workspaceModel.loading.total.ms,1788062854283000000,1788062914288000000,0
workspaceModel.updates.count,1788062854283000000,1788062914288000000,0
workspaceModel.workspaceFileIndexData.getDirectoriesByPackageName.ms,1788062854283000000,1788062914288000000,0
workspaceModel.initializing.ms,1788062854283000000,1788062914288000000,0
workspaceModel.updates.precise.ms,1788062854283000000,1788062914288000000,0
workspaceModel.cachedValueWithParameters.calculated.ms,1788062854283000000,1788062914288000000,0
workspaceModel.workspaceFileIndexData.markDirty.ms,1788062854283000000,1788062914288000000,0
workspaceModel.update.unloaded.entities.ms,1788062854283000000,1788062914288000000,0
workspaceModel.workspaceFileIndexData.processFileSets.ms,1788062854283000000,1788062914288000000,0
workspaceModel.workspaceFileIndexData.init.ms,1788062854283000000,1788062914288000000,0
workspaceModel.replace.project.model.ms,1788062854283000000,1788062914288000000,0
workspaceModel.loading.from.cache.ms,1788062854283000000,1788062914288000000,0
workspaceModel.cachedValue.from.cache.ms,1788062854283000000,1788062914288000000,0
workspaceModel.workspaceFileIndexData.getPackageName.ms,1788062854283000000,1788062914288000000,0
workspaceModel.workspaceFileIndexData.onEntitiesChanged.ms,1788062854283000000,1788062914288000000,0
workspaceModel.updates.ms,1788062854283000000,1788062914288000000,0
workspaceModel.workspaceFileIndexData.getFileInfo.ms,1788062854283000000,1788062914288000000,0
workspaceModel.to.snapshot.ms,1788062854283000000,1788062914288000000,0
workspaceModel.cachedValue.clear.ms,1788062854283000000,1788062914288000000,0
workspaceModel.workspaceFileIndexData.updateDirtyEntities.ms,1788062854283000000,1788062914288000000,0
workspaceModel.entityStorageSnapshotImpl.instances.count,1788062854283000000,1788062914288000000,0
workspaceModel.cachedValueWithParameters.clear.ms,1788062854283000000,1788062914288000000,0
workspaceModel.check.recursive.update.ms,1788062854283000000,1788062914288000000,0
workspaceModel.collect.changes.ms,1788062854283000000,1788062914288000000,0
workspaceModel.cachedValueWithParameters.total.get.ms,1788062854283000000,1788062914288000000,0
workspaceModel.cachedValue.calculated.ms,1788062854283000000,1788062914288000000,0
workspaceModel.pre.handlers.ms,1788062854283000000,1788062914288000000,0
workspaceModel.cachedValueWithParameters.from.cache.ms,1788062854283000000,1788062914288000000,0
workspaceModel.cachedValue.total.get.ms,1788062854283000000,1788062914288000000,0
workspaceModel.workspaceFileIndexContributor.registerFileSets.ms,1788062854283000000,1788062914288000000,0
workspaceModel.workspaceFileIndexData.visitFileSets.ms,1788062854283000000,1788062914288000000,0
workspaceModel.full.replace.project.model.ms,1788062854283000000,1788062914288000000,0
compiler.ArtifactManagerBridge.getArtifactsByType.ms,1788062854283000000,1788062914288000000,0
compiler.ArtifactVirtualFileListener.filePathChanged.ms,1788062854283000000,1788062914288000000,0
compiler.ArtifactManagerBridge.initBridges.ms,1788062854283000000,1788062914288000000,0
compiler.ArtifactManagerBridge.findArtifact.ms,1788062854283000000,1788062914288000000,0
compiler.ArtifactManagerBridge.dropMappings.ms,1788062854283000000,1788062914288000000,0
compiler.ArtifactVirtualFileListener.propertyChanged.ms,1788062854283000000,1788062914288000000,0
compiler.ArtifactManagerBridge.addArtifact.ms,1788062854283000000,1788062914288000000,0
compiler.ArtifactManagerBridge.commit.ms,1788062854283000000,1788062914288000000,0
compiler.ArtifactManagerBridge.getArtifacts.ms,1788062854283000000,1788062914288000000,0
Indexes.entries.lookupDurationAvgMs,1788062854283000000,1788062914288000000,0.0
Indexes.allKeys.lookupDurationAvgMs,1788062854283000000,1788062914288000000,0.0
IndexesFlusher.totalFlushes,1788062854283000000,1788062914288000000,58
Indexes.stubs.lookups,1788062854283000000,1788062914288000000,0.0
Indexes.allKeys.lookups,1788062854283000000,1788062914288000000,0.0
Indexes.entries.lookups,1788062854283000000,1788062914288000000,0.0
Indexes.allKeys.lookupDuration90PMs,1788062854283000000,1788062914288000000,0.0
IndexesFlusher.totalFlushesRetried,1788062854283000000,1788062914288000000,0
Indexes.allKeys.lookupDurationMaxMs,1788062854283000000,1788062914288000000,0.0
IndexesFlusher.totalContentionQuotaSpent,1788062854283000000,1788062914288000000,0
Indexes.stubs.lookupDurationAvgMs,1788062854283000000,1788062914288000000,0.0
Indexes.entries.lookupDuration90PMs,1788062854283000000,1788062914288000000,0.0
Indexes.stubs.lookupDurationMaxMs,1788062854283000000,1788062914288000000,0.0
IndexesFlusher.totalFlushingTimeUs,1788062854283000000,1788062914288000000,164821
Indexes.entries.lookupDurationMaxMs,1788062854283000000,1788062914288000000,0.0
Indexes.stubs.lookupDuration90PMs,1788062854283000000,1788062914288000000,0.0
FileNameCache.queries,1788062854283000000,1788062914288000000,0
FileNameCache.totalMisses,1788062854283000000,1788062914288000000,0
VFS.fileByIdCache.hits,1788062854283000000,1788062914288000000,0
VFS.fileByIdCache.misses,1788062854283000000,1788062914288000000,0
VFS.invertedFileNameIndex.requests,1788062854283000000,1788062914288000000,0
VFS.fileChildByName,1788062854283000000,1788062914288000000,0
DirectByteBufferAllocator.misses,1788062914288000000,1788062974286000000,0
MappedFileStorage.storages,1788062914288000000,1788062974286000000,14
FilePageCache.disposedBuffers,1788062914288000000,1788062974286000000,0
FilePageCache.pageLoads,1788062914288000000,1788062974286000000,0
MappedFileStorage.totalPagesMapped,1788062914288000000,1788062974286000000,14
DirectByteBufferAllocator.totalSizeOfBuffersAllocatedInBytes,1788062914288000000,1788062974286000000,302006272
FilePageCache.pageFastCacheHits,1788062914288000000,1788062974286000000,0
FilePageCache.maxRegisteredFiles,1788062914288000000,1788062974286000000,555
FilePageCacheLockFree.totalClosedStoragesReclaimed,1788062914288000000,1788062974286000000,0
FilePageCache.uncachedFileAccess,1788062914288000000,1788062974286000000,0
DirectByteBufferAllocator.hits,1788062914288000000,1788062974286000000,0
StreamlinedBlobStorage.recordsRelocated,1788062914288000000,1788062974286000000,0
FilePageCache.pageLoadsAboveSizeThreshold,1788062914288000000,1788062974286000000,0
FileChannelInterruptsRetryer.totalRetriedAttempts,1788062914288000000,1788062974286000000,0
DirectByteBufferAllocator.reclaimed,1788062914288000000,1788062974286000000,0
FilePageCache.pageHits,1788062914288000000,1788062974286000000,0
FilePageCacheLockFree.totalPagesReadMs,1788062914288000000,1788062974286000000,0
FilePageCacheLockFree.totalPagesWritten,1788062914288000000,1788062974286000000,0
FilePageCacheLockFree.totalHeapBytesReclaimed,1788062914288000000,1788062974286000000,0
FilePageCacheLockFree.nativeBytesInUse,1788062914288000000,1788062974286000000,0
StreamlinedBlobStorage.totalLiveRecordsCapacityBytes,1788062914288000000,1788062974286000000,0
FilePageCacheLockFree.totalPagesRequestsMs,1788062914288000000,1788062974286000000,0
FilePageCache.maxCacheSizeInBytes,1788062914288000000,1788062974286000000,302006272
StreamlinedBlobStorage.totalLiveRecordsPayloadBytes,1788062914288000000,1788062974286000000,0
FilePageCacheLockFree.heapBytesInUse,1788062914288000000,1788062974286000000,0
FilePageCacheLockFree.totalPagesReclaimed,1788062914288000000,1788062974286000000,0
FilePageCacheLockFree.totalBytesRequested,1788062914288000000,1788062974286000000,0
FilePageCacheLockFree.totalNativeBytesReclaimed,1788062914288000000,1788062974286000000,0
StorageLockContext.competingThreads.90P,1788062914288000000,1788062974286000000,0
FilePageCacheLockFree.totalHeapBytesAllocated,1788062914288000000,1788062974286000000,0
StorageLockContext.competingThreads.avg,1788062914288000000,1788062974286000000,0.0
FilePageCacheLockFree.housekeeperTurnsSkipped,1788062914288000000,1788062974286000000,0
FilePageCache.totalPageDisposalsUs,1788062914288000000,1788062974286000000,0
FilePageCacheLockFree.totalPagesAllocated,1788062914288000000,1788062974286000000,0
FilePageCacheLockFree.totalPagesRequested,1788062914288000000,1788062974286000000,0
StreamlinedBlobStorage.recordsDeleted,1788062914288000000,1788062974286000000,0
FilePageCacheLockFree.totalNativeBytesAllocated,1788062914288000000,1788062974286000000,0
StorageLockContext.competingThreads.max,1788062914288000000,1788062974286000000,0
MappedFileStorage.totalTimeSpentOnMappingUs,1788062914288000000,1788062974286000000,2586502
FilePageCacheLockFree.totalBytesWritten,1788062914288000000,1788062974286000000,0
FilePageCacheLockFree.totalBytesRead,1788062914288000000,1788062974286000000,0
FilePageCache.totalPageLoadsUs,1788062914288000000,1788062974286000000,0
FilePageCacheLockFree.totalPageAllocationsWaited,1788062914288000000,1788062974286000000,0
FilePageCacheLockFree.totalPagesHandedOver,1788062914288000000,1788062974286000000,0
FilePageCacheLockFree.housekeeperTimeSpentMs,1788062914288000000,1788062974286000000,0
DirectByteBufferAllocator.disposed,1788062914288000000,1788062974286000000,0
FilePageCache.capacityInBytes,1788062914288000000,1788062974286000000,503316478
FilePageCacheLockFree.housekeeperTurnsDone,1788062914288000000,1788062974286000000,0
FilePageCacheLockFree.totalPagesWriteMs,1788062914288000000,1788062974286000000,0
DirectByteBufferAllocator.totalSizeOfBuffersCachedInBytes,1788062914288000000,1788062974286000000,0
StreamlinedBlobStorage.recordsAllocated,1788062914288000000,1788062974286000000,0
MappedFileStorage.totalBytesMapped,1788062914288000000,1788062974286000000,194248704
JVM.maxHeapBytes,1788062914288000000,1788062974286000000,2147483648
JVM.GC.collections,1788062914288000000,1788062974286000000,0
OS.loadAverage,1788062914288000000,1788062974286000000,1.75634765625
JVM.GC.collectionTimesMs,1788062914288000000,1788062974286000000,0
JVM.totalBytesAllocated,1788062914288000000,1788062974286000000,9143096
JVM.usedNativeBytes,1788062914288000000,1788062974286000000,389586856
JVM.usedHeapBytes,1788062914288000000,1788062974286000000,242007792
JVM.totalDirectByteBuffersBytes,1788062914288000000,1788062974286000000,302806400
JVM.maxThreadCount,1788062914288000000,1788062974286000000,179
JVM.newThreadsCount,1788062914288000000,1788062974286000000,1
JVM.threadCount,1788062914288000000,1788062974286000000,46
JVM.totalCpuTimeMs,1788062914288000000,1788062974286000000,694
writeAction.wait.ms,1788062914288000000,1788062974286000000,0
writeAction.count,1788062914288000000,1788062974286000000,0
writeAction.max.wait.ms,1788062914288000000,1788062974286000000,11
writeAction.median.wait.ms,1788062914288000000,1788062974286000000,0
NonBlockingReadAction.failedExecutionsCount,1788062914288000000,1788062974286000000,0
FlushQueue.waitingTimeMaxNs,1788062914288000000,1788062974286000000,0
NonBlockingReadAction.failedExecutionTimeUs,1788062914288000000,1788062974286000000,0
FlushQueue.queueSizeMax,1788062914288000000,1788062974286000000,0
FlushQueue.executionTime90PNs,1788062914288000000,1788062974286000000,0
AWTEventQueue.dispatchTime90PNs,1788062914288000000,1788062974286000000,0
FlushQueue.tasksExecuted,1788062914288000000,1788062974286000000,0
AWTEventQueue.eventsDispatched,1788062914288000000,1788062974286000000,0
FlushQueue.queueSize90P,1788062914288000000,1788062974286000000,0
FlushQueue.waitingTime90PNs,1788062914288000000,1788062974286000000,0
FlushQueue.executionTimeMaxNs,1788062914288000000,1788062974286000000,0
FlushQueue.executionTimeAvgNs,1788062914288000000,1788062974286000000,0.0
AWTEventQueue.dispatchTimeAvgNs,1788062914288000000,1788062974286000000,0.0
NonBlockingReadAction.finalizedExecutionTimeUs,1788062914288000000,1788062974286000000,0
FlushQueue.waitingTimeAvgNs,1788062914288000000,1788062974286000000,0.0
AWTEventQueue.dispatchTimeMaxNs,1788062914288000000,1788062974286000000,0
NonBlockingReadAction.finalizedExecutionsCount,1788062914288000000,1788062974286000000,0
WriteAction.executionsCount,1788062914288000000,1788062974286000000,0
ReadAction.executionsCount,1788062914288000000,1788062974286000000,0
FlushQueue.queueSizeAvg,1788062914288000000,1788062974286000000,0.0
AWTEventQueue.dispatchTimeTotalNS,1788062914288000000,1788062974286000000,17712725
cacheStateStorage.set.duration,1788062914288000000,1788062974286000000,0
cacheStateStorage.get.duration,1788062914288000000,1788062974286000000,0
cacheStateStorage.get.counter,1788062914288000000,1788062974286000000,0
cacheStateStorage.set.counter,1788062914288000000,1788062974286000000,0
jps.global.get.library.ms,1788062914288000000,1788062974286000000,0
jps.global.get.library.by.name.ms,1788062914288000000,1788062974286000000,0
jps.library.entities.serializer.load.entities.ms,1788062914288000000,1788062974286000000,0
workspaceModel.global.updates.count,1788062914288000000,1788062974286000000,0
workspaceModel.moduleBridge.before.changed.ms,1788062914288000000,1788062974286000000,0
workspaceModel.moduleBridge.update.option.ms,1788062914288000000,1788062974286000000,0
workspaceModel.moduleBridge.facet.initialization.ms,1788062914288000000,1788062974286000000,0
workspaceModel.mutableEntityStorage.apply.changes.from.ms,1788062914288000000,1788062974286000000,0
jps.facet.change.listener.before.change.events.ms,1788062914288000000,1788062974286000000,0
jps.global.handle.before.change.events.ms,1788062914288000000,1788062974286000000,0
jps.app.storage.content.reader.load.component.ms,1788062914288000000,1788062974286000000,0
jps.save.changed.project.entities.ms,1788062914288000000,1788062974286000000,0
workspaceModel.moduleBridgeLoader.loading.modules.ms,1788062914288000000,1788062974286000000,0
jps.facet.change.listener.init.bridge.ms,1788062914288000000,1788062974286000000,0
jps.project.serializers.save.ms,1788062914288000000,1788062974286000000,0
workspaceModel.mutableEntityStorage.has.same.entities.ms,1788062914288000000,1788062974286000000,0
workspaceModel.mutableEntityStorage.add.entity.ms,1788062914288000000,1788062974286000000,0
workspaceModel.delayed.project.synchronizer.sync.ms,1788062914288000000,1788062974286000000,0
jps.project.serializers.load.ms,1788062914288000000,1788062974286000000,0
workspaceModel.mutableEntityStorage.mutable.vfurl.index.ms,1788062914288000000,1788062974286000000,0
jps.load.project.to.empty.storage.ms,1788062914288000000,1788062974286000000,0
jps.global.initialize.library.bridges.after.loading.ms,1788062914288000000,1788062974286000000,0
workspaceModel.moduleManagerBridge.newModule.ms,1788062914288000000,1788062974286000000,0
workspaceModel.mutableEntityStorage.referrers.ms,1788062914288000000,1788062974286000000,0
workspaceModel.moduleManagerBridge.build.module.graph.ms,1788062914288000000,1788062974286000000,0
jps.library.entities.serializer.save.entities.ms,1788062914288000000,1788062974286000000,0
workspaceModel.orphan.listener.update.ms,1788062914288000000,1788062974286000000,0
jps.module.iml.entities.serializer.save.entities.ms,1788062914288000000,1788062974286000000,0
workspaceModel.mutableEntityStorage.replace.by.source.ms,1788062914288000000,1788062974286000000,0
jps.global.handle.changed.events.ms,1788062914288000000,1788062974286000000,0
workspaceModel.global.apply.state.to.project.ms,1788062914288000000,1788062974286000000,0
jps.storage.jps.conf.reader.load.component.ms,1788062914288000000,1788062974286000000,0
workspaceModel.save.cache.to.file.ms,1788062914288000000,1788062974286000000,0
jps.save.global.entities.ms,1788062914288000000,1788062974286000000,0
workspaceModel.mutableEntityStorage.put.entity.ms,1788062914288000000,1788062974286000000,0
workspaceModel.mutableEntityStorage.to.snapshot.ms,1788062914288000000,1788062974286000000,0
workspaceModel.mutableEntityStorage.modify.entity.ms,1788062914288000000,1788062974286000000,0
jps.reload.project.entities.ms,1788062914288000000,1788062974286000000,0
workspaceModel.moduleManagerBridge.set.unloadedModules.ms,1788062914288000000,1788062974286000000,0
workspaceModel.moduleManagerBridge.load.module.ms,1788062914288000000,1788062974286000000,0
workspaceModel.mutableEntityStorage.remove.entity.ms,1788062914288000000,1788062974286000000,0
workspaceModel.load.cache.from.file.ms,1788062914288000000,1788062974286000000,0
jps.facet.change.listener.process.change.events.ms,1788062914288000000,1788062974286000000,0
workspaceModel.moduleManagerBridge.load.all.modules.ms,1788062914288000000,1788062974286000000,0
workspaceModel.do.save.caches.ms,1788062914288000000,1788062974286000000,0
jps.global.initialize.library.bridges.ms,1788062914288000000,1788062974286000000,0
workspaceModel.global.apply.state.to.project.builder.ms,1788062914288000000,1788062974286000000,0
workspaceModel.mutableEntityStorage.resolve.ms,1788062914288000000,1788062974286000000,0
jps.app.storage.content.writer.save.component.ms,1788062914288000000,1788062974286000000,0
workspaceModel.mutableEntityStorage.mutable.ext.mapping.ms,1788062914288000000,1788062974286000000,0
workspaceModel.mutableEntityStorage.collect.changes.ms,1788062914288000000,1788062974286000000,0
workspaceModel.mutableEntityStorage.entities.by.source.ms,1788062914288000000,1788062974286000000,0
jps.load.initial.state.ms,1788062914288000000,1788062974286000000,0
jps.apply.loaded.storage.ms,1788062914288000000,1788062974286000000,0
jps.artifact.entities.serializer.load.entities.ms,1788062914288000000,1788062974286000000,0
jps.global.get.libraries.ms,1788062914288000000,1788062974286000000,0
workspaceModel.global.updates.ms,1788062914288000000,1788062974286000000,0
jps.artifact.entities.serializer.save.entities.ms,1788062914288000000,1788062974286000000,0
workspaceModel.mutableEntityStorage.instances.count,1788062914288000000,1788062974286000000,0
workspaceModel.moduleManagerBridge.get.modules.ms,1788062914288000000,1788062974286000000,0
workspaceModel.sync.entities.ms,1788062914288000000,1788062974286000000,0
workspaceModel.moduleManagerBridge.create.module.instance.ms,1788062914288000000,1788062974286000000,0
jps.module.iml.entities.serializer.load.entities.ms,1788062914288000000,1788062974286000000,0
workspaceModel.moduleManagerBridge.new.nonPersistent.module.ms,1788062914288000000,1788062974286000000,0
workspaceModel.mutableEntityStorage.entities.ms,1788062914288000000,1788062974286000000,0
workspaceModel.load.cache.metadata.from.file.ms,1788062914288000000,1788062974286000000,0
workspaceModel.init.bridges.ms,1788062914288000000,1788062974286000000,0
workspaceModel.workspaceFileIndexData.instances.count,1788062914288000000,1788062974286000000,0
workspaceModel.loading.total.ms,1788062914288000000,1788062974286000000,0
workspaceModel.updates.count,1788062914288000000,1788062974286000000,0
workspaceModel.workspaceFileIndexData.getDirectoriesByPackageName.ms,1788062914288000000,1788062974286000000,0
workspaceModel.initializing.ms,1788062914288000000,1788062974286000000,0
workspaceModel.updates.precise.ms,1788062914288000000,1788062974286000000,0
workspaceModel.cachedValueWithParameters.calculated.ms,1788062914288000000,1788062974286000000,0
workspaceModel.workspaceFileIndexData.markDirty.ms,1788062914288000000,1788062974286000000,0
workspaceModel.update.unloaded.entities.ms,1788062914288000000,1788062974286000000,0
workspaceModel.workspaceFileIndexData.processFileSets.ms,1788062914288000000,1788062974286000000,0
workspaceModel.workspaceFileIndexData.init.ms,1788062914288000000,1788062974286000000,0
workspaceModel.replace.project.model.ms,1788062914288000000,1788062974286000000,0
workspaceModel.loading.from.cache.ms,1788062914288000000,1788062974286000000,0
workspaceModel.cachedValue.from.cache.ms,1788062914288000000,1788062974286000000,0
workspaceModel.workspaceFileIndexData.getPackageName.ms,1788062914288000000,1788062974286000000,0
workspaceModel.workspaceFileIndexData.onEntitiesChanged.ms,1788062914288000000,1788062974286000000,0
workspaceModel.updates.ms,1788062914288000000,1788062974286000000,0
workspaceModel.workspaceFileIndexData.getFileInfo.ms,1788062914288000000,1788062974286000000,0
workspaceModel.to.snapshot.ms,1788062914288000000,1788062974286000000,0
workspaceModel.cachedValue.clear.ms,1788062914288000000,1788062974286000000,0
workspaceModel.workspaceFileIndexData.updateDirtyEntities.ms,1788062914288000000,1788062974286000000,0
workspaceModel.entityStorageSnapshotImpl.instances.count,1788062914288000000,1788062974286000000,0
workspaceModel.cachedValueWithParameters.clear.ms,1788062914288000000,1788062974286000000,0
workspaceModel.check.recursive.update.ms,1788062914288000000,1788062974286000000,0
workspaceModel.collect.changes.ms,1788062914288000000,1788062974286000000,0
workspaceModel.cachedValueWithParameters.total.get.ms,1788062914288000000,1788062974286000000,0
workspaceModel.cachedValue.calculated.ms,1788062914288000000,1788062974286000000,0
workspaceModel.pre.handlers.ms,1788062914288000000,1788062974286000000,0
workspaceModel.cachedValueWithParameters.from.cache.ms,1788062914288000000,1788062974286000000,0
workspaceModel.cachedValue.total.get.ms,1788062914288000000,1788062974286000000,0
workspaceModel.workspaceFileIndexContributor.registerFileSets.ms,1788062914288000000,1788062974286000000,0
workspaceModel.workspaceFileIndexData.visitFileSets.ms,1788062914288000000,1788062974286000000,0
workspaceModel.full.replace.project.model.ms,1788062914288000000,1788062974286000000,0
compiler.ArtifactManagerBridge.getArtifactsByType.ms,1788062914288000000,1788062974286000000,0
compiler.ArtifactVirtualFileListener.filePathChanged.ms,1788062914288000000,1788062974286000000,0
compiler.ArtifactManagerBridge.initBridges.ms,1788062914288000000,1788062974286000000,0
compiler.ArtifactManagerBridge.findArtifact.ms,1788062914288000000,1788062974286000000,0
compiler.ArtifactManagerBridge.dropMappings.ms,1788062914288000000,1788062974286000000,0
compiler.ArtifactVirtualFileListener.propertyChanged.ms,1788062914288000000,1788062974286000000,0
compiler.ArtifactManagerBridge.addArtifact.ms,1788062914288000000,1788062974286000000,0
compiler.ArtifactManagerBridge.commit.ms,1788062914288000000,1788062974286000000,0
compiler.ArtifactManagerBridge.getArtifacts.ms,1788062914288000000,1788062974286000000,0
Indexes.entries.lookupDurationAvgMs,1788062914288000000,1788062974286000000,0.0
Indexes.allKeys.lookupDurationAvgMs,1788062914288000000,1788062974286000000,0.0
IndexesFlusher.totalFlushes,1788062914288000000,1788062974286000000,58
Indexes.stubs.lookups,1788062914288000000,1788062974286000000,0.0
Indexes.allKeys.lookups,1788062914288000000,1788062974286000000,0.0
Indexes.entries.lookups,1788062914288000000,1788062974286000000,0.0
Indexes.allKeys.lookupDuration90PMs,1788062914288000000,1788062974286000000,0.0
IndexesFlusher.totalFlushesRetried,1788062914288000000,1788062974286000000,0
Indexes.allKeys.lookupDurationMaxMs,1788062914288000000,1788062974286000000,0.0
IndexesFlusher.totalContentionQuotaSpent,1788062914288000000,1788062974286000000,0
Indexes.stubs.lookupDurationAvgMs,1788062914288000000,1788062974286000000,0.0
Indexes.entries.lookupDuration90PMs,1788062914288000000,1788062974286000000,0.0
Indexes.stubs.lookupDurationMaxMs,1788062914288000000,1788062974286000000,0.0
IndexesFlusher.totalFlushingTimeUs,1788062914288000000,1788062974286000000,252180
Indexes.entries.lookupDurationMaxMs,1788062914288000000,1788062974286000000,0.0
Indexes.stubs.lookupDuration90PMs,1788062914288000000,1788062974286000000,0.0
FileNameCache.queries,1788062914288000000,1788062974286000000,0
FileNameCache.totalMisses,1788062914288000000,1788062974286000000,0
VFS.fileByIdCache.hits,1788062914288000000,1788062974286000000,0
VFS.fileByIdCache.misses,1788062914288000000,1788062974286000000,0
VFS.invertedFileNameIndex.requests,1788062914288000000,1788062974286000000,0
VFS.fileChildByName,1788062914288000000,1788062974286000000,0
DirectByteBufferAllocator.misses,1788062974286000000,1788064209105000000,0
MappedFileStorage.storages,1788062974286000000,1788064209105000000,14
FilePageCache.disposedBuffers,1788062974286000000,1788064209105000000,0
FilePageCache.pageLoads,1788062974286000000,1788064209105000000,0
MappedFileStorage.totalPagesMapped,1788062974286000000,1788064209105000000,14
DirectByteBufferAllocator.totalSizeOfBuffersAllocatedInBytes,1788062974286000000,1788064209105000000,302006272
FilePageCache.pageFastCacheHits,1788062974286000000,1788064209105000000,0
FilePageCache.maxRegisteredFiles,1788062974286000000,1788064209105000000,555
FilePageCacheLockFree.totalClosedStoragesReclaimed,1788062974286000000,1788064209105000000,0
FilePageCache.uncachedFileAccess,1788062974286000000,1788064209105000000,0
DirectByteBufferAllocator.hits,1788062974286000000,1788064209105000000,0
StreamlinedBlobStorage.recordsRelocated,1788062974286000000,1788064209105000000,0
FilePageCache.pageLoadsAboveSizeThreshold,1788062974286000000,1788064209105000000,0
FileChannelInterruptsRetryer.totalRetriedAttempts,1788062974286000000,1788064209105000000,0
DirectByteBufferAllocator.reclaimed,1788062974286000000,1788064209105000000,0
FilePageCache.pageHits,1788062974286000000,1788064209105000000,0
FilePageCacheLockFree.totalPagesReadMs,1788062974286000000,1788064209105000000,0
FilePageCacheLockFree.totalPagesWritten,1788062974286000000,1788064209105000000,0
FilePageCacheLockFree.totalHeapBytesReclaimed,1788062974286000000,1788064209105000000,0
FilePageCacheLockFree.nativeBytesInUse,1788062974286000000,1788064209105000000,0
StreamlinedBlobStorage.totalLiveRecordsCapacityBytes,1788062974286000000,1788064209105000000,0
FilePageCacheLockFree.totalPagesRequestsMs,1788062974286000000,1788064209105000000,0
FilePageCache.maxCacheSizeInBytes,1788062974286000000,1788064209105000000,302006272
StreamlinedBlobStorage.totalLiveRecordsPayloadBytes,1788062974286000000,1788064209105000000,0
FilePageCacheLockFree.heapBytesInUse,1788062974286000000,1788064209105000000,0
FilePageCacheLockFree.totalPagesReclaimed,1788062974286000000,1788064209105000000,0
FilePageCacheLockFree.totalBytesRequested,1788062974286000000,1788064209105000000,0
FilePageCacheLockFree.totalNativeBytesReclaimed,1788062974286000000,1788064209105000000,0
StorageLockContext.competingThreads.90P,1788062974286000000,1788064209105000000,0
FilePageCacheLockFree.totalHeapBytesAllocated,1788062974286000000,1788064209105000000,0
StorageLockContext.competingThreads.avg,1788062974286000000,1788064209105000000,0.0
FilePageCacheLockFree.housekeeperTurnsSkipped,1788062974286000000,1788064209105000000,0
FilePageCache.totalPageDisposalsUs,1788062974286000000,1788064209105000000,0
FilePageCacheLockFree.totalPagesAllocated,1788062974286000000,1788064209105000000,0
FilePageCacheLockFree.totalPagesRequested,1788062974286000000,1788064209105000000,0
StreamlinedBlobStorage.recordsDeleted,1788062974286000000,1788064209105000000,0
FilePageCacheLockFree.totalNativeBytesAllocated,1788062974286000000,1788064209105000000,0
StorageLockContext.competingThreads.max,1788062974286000000,1788064209105000000,0
MappedFileStorage.totalTimeSpentOnMappingUs,1788062974286000000,1788064209105000000,2586502
FilePageCacheLockFree.totalBytesWritten,1788062974286000000,1788064209105000000,0
FilePageCacheLockFree.totalBytesRead,1788062974286000000,1788064209105000000,0
FilePageCache.totalPageLoadsUs,1788062974286000000,1788064209105000000,0
FilePageCacheLockFree.totalPageAllocationsWaited,1788062974286000000,1788064209105000000,0
FilePageCacheLockFree.totalPagesHandedOver,1788062974286000000,1788064209105000000,0
FilePageCacheLockFree.housekeeperTimeSpentMs,1788062974286000000,1788064209105000000,0
DirectByteBufferAllocator.disposed,1788062974286000000,1788064209105000000,0
FilePageCache.capacityInBytes,1788062974286000000,1788064209105000000,503316478
FilePageCacheLockFree.housekeeperTurnsDone,1788062974286000000,1788064209105000000,0
FilePageCacheLockFree.totalPagesWriteMs,1788062974286000000,1788064209105000000,0
DirectByteBufferAllocator.totalSizeOfBuffersCachedInBytes,1788062974286000000,1788064209105000000,0
StreamlinedBlobStorage.recordsAllocated,1788062974286000000,1788064209105000000,0
MappedFileStorage.totalBytesMapped,1788062974286000000,1788064209105000000,194248704
JVM.maxHeapBytes,1788062974286000000,1788064209105000000,2147483648
JVM.GC.collections,1788062974286000000,1788064209105000000,0
OS.loadAverage,1788062974286000000,1788064209105000000,2.560546875
JVM.GC.collectionTimesMs,1788062974286000000,1788064209105000000,0
JVM.totalBytesAllocated,1788062974286000000,1788064209105000000,11537776
JVM.usedNativeBytes,1788062974286000000,1788064209105000000,389772432
JVM.usedHeapBytes,1788062974286000000,1788064209105000000,254590704
JVM.totalDirectByteBuffersBytes,1788062974286000000,1788064209105000000,302806400
JVM.maxThreadCount,1788062974286000000,1788064209105000000,179
JVM.newThreadsCount,1788062974286000000,1788064209105000000,11
JVM.threadCount,1788062974286000000,1788064209105000000,57
JVM.totalCpuTimeMs,1788062974286000000,1788064209105000000,782
writeAction.wait.ms,1788062974286000000,1788064209105000000,0
writeAction.count,1788062974286000000,1788064209105000000,0
writeAction.max.wait.ms,1788062974286000000,1788064209105000000,11
writeAction.median.wait.ms,1788062974286000000,1788064209105000000,0
NonBlockingReadAction.failedExecutionsCount,1788062974286000000,1788064209105000000,0
FlushQueue.waitingTimeMaxNs,1788062974286000000,1788064209105000000,0
NonBlockingReadAction.failedExecutionTimeUs,1788062974286000000,1788064209105000000,0
FlushQueue.queueSizeMax,1788062974286000000,1788064209105000000,0
FlushQueue.executionTime90PNs,1788062974286000000,1788064209105000000,0
AWTEventQueue.dispatchTime90PNs,1788062974286000000,1788064209105000000,0
FlushQueue.tasksExecuted,1788062974286000000,1788064209105000000,0
AWTEventQueue.eventsDispatched,1788062974286000000,1788064209105000000,0
FlushQueue.queueSize90P,1788062974286000000,1788064209105000000,0
FlushQueue.waitingTime90PNs,1788062974286000000,1788064209105000000,0
FlushQueue.executionTimeMaxNs,1788062974286000000,1788064209105000000,0
FlushQueue.executionTimeAvgNs,1788062974286000000,1788064209105000000,0.0
AWTEventQueue.dispatchTimeAvgNs,1788062974286000000,1788064209105000000,0.0
NonBlockingReadAction.finalizedExecutionTimeUs,1788062974286000000,1788064209105000000,0
FlushQueue.waitingTimeAvgNs,1788062974286000000,1788064209105000000,0.0
AWTEventQueue.dispatchTimeMaxNs,1788062974286000000,1788064209105000000,0
NonBlockingReadAction.finalizedExecutionsCount,1788062974286000000,1788064209105000000,0
WriteAction.executionsCount,1788062974286000000,1788064209105000000,0
ReadAction.executionsCount,1788062974286000000,1788064209105000000,223
FlushQueue.queueSizeAvg,1788062974286000000,1788064209105000000,0.0
AWTEventQueue.dispatchTimeTotalNS,1788062974286000000,1788064209105000000,35258313
cacheStateStorage.set.duration,1788062974286000000,1788064209105000000,0
cacheStateStorage.get.duration,1788062974286000000,1788064209105000000,0
cacheStateStorage.get.counter,1788062974286000000,1788064209105000000,0
cacheStateStorage.set.counter,1788062974286000000,1788064209105000000,0
jps.global.get.library.ms,1788062974286000000,1788064209105000000,0
jps.global.get.library.by.name.ms,1788062974286000000,1788064209105000000,0
jps.library.entities.serializer.load.entities.ms,1788062974286000000,1788064209105000000,0
workspaceModel.global.updates.count,1788062974286000000,1788064209105000000,0
workspaceModel.moduleBridge.before.changed.ms,1788062974286000000,1788064209105000000,0
workspaceModel.moduleBridge.update.option.ms,1788062974286000000,1788064209105000000,0
workspaceModel.moduleBridge.facet.initialization.ms,1788062974286000000,1788064209105000000,0
workspaceModel.mutableEntityStorage.apply.changes.from.ms,1788062974286000000,1788064209105000000,0
jps.facet.change.listener.before.change.events.ms,1788062974286000000,1788064209105000000,0
jps.global.handle.before.change.events.ms,1788062974286000000,1788064209105000000,0
jps.app.storage.content.reader.load.component.ms,1788062974286000000,1788064209105000000,0
jps.save.changed.project.entities.ms,1788062974286000000,1788064209105000000,0
workspaceModel.moduleBridgeLoader.loading.modules.ms,1788062974286000000,1788064209105000000,0
jps.facet.change.listener.init.bridge.ms,1788062974286000000,1788064209105000000,0
jps.project.serializers.save.ms,1788062974286000000,1788064209105000000,0
workspaceModel.mutableEntityStorage.has.same.entities.ms,1788062974286000000,1788064209105000000,0
workspaceModel.mutableEntityStorage.add.entity.ms,1788062974286000000,1788064209105000000,0
workspaceModel.delayed.project.synchronizer.sync.ms,1788062974286000000,1788064209105000000,0
jps.project.serializers.load.ms,1788062974286000000,1788064209105000000,0
workspaceModel.mutableEntityStorage.mutable.vfurl.index.ms,1788062974286000000,1788064209105000000,0
jps.load.project.to.empty.storage.ms,1788062974286000000,1788064209105000000,0
jps.global.initialize.library.bridges.after.loading.ms,1788062974286000000,1788064209105000000,0
workspaceModel.moduleManagerBridge.newModule.ms,1788062974286000000,1788064209105000000,0
workspaceModel.mutableEntityStorage.referrers.ms,1788062974286000000,1788064209105000000,0
workspaceModel.moduleManagerBridge.build.module.graph.ms,1788062974286000000,1788064209105000000,0
jps.library.entities.serializer.save.entities.ms,1788062974286000000,1788064209105000000,0
workspaceModel.orphan.listener.update.ms,1788062974286000000,1788064209105000000,0
jps.module.iml.entities.serializer.save.entities.ms,1788062974286000000,1788064209105000000,0
workspaceModel.mutableEntityStorage.replace.by.source.ms,1788062974286000000,1788064209105000000,0
jps.global.handle.changed.events.ms,1788062974286000000,1788064209105000000,0
workspaceModel.global.apply.state.to.project.ms,1788062974286000000,1788064209105000000,0
jps.storage.jps.conf.reader.load.component.ms,1788062974286000000,1788064209105000000,0
workspaceModel.save.cache.to.file.ms,1788062974286000000,1788064209105000000,0
jps.save.global.entities.ms,1788062974286000000,1788064209105000000,0
workspaceModel.mutableEntityStorage.put.entity.ms,1788062974286000000,1788064209105000000,0
workspaceModel.mutableEntityStorage.to.snapshot.ms,1788062974286000000,1788064209105000000,0
workspaceModel.mutableEntityStorage.modify.entity.ms,1788062974286000000,1788064209105000000,0
jps.reload.project.entities.ms,1788062974286000000,1788064209105000000,0
workspaceModel.moduleManagerBridge.set.unloadedModules.ms,1788062974286000000,1788064209105000000,0
workspaceModel.moduleManagerBridge.load.module.ms,1788062974286000000,1788064209105000000,0
workspaceModel.mutableEntityStorage.remove.entity.ms,1788062974286000000,1788064209105000000,0
workspaceModel.load.cache.from.file.ms,1788062974286000000,1788064209105000000,0
jps.facet.change.listener.process.change.events.ms,1788062974286000000,1788064209105000000,0
workspaceModel.moduleManagerBridge.load.all.modules.ms,1788062974286000000,1788064209105000000,0
workspaceModel.do.save.caches.ms,1788062974286000000,1788064209105000000,0
jps.global.initialize.library.bridges.ms,1788062974286000000,1788064209105000000,0
workspaceModel.global.apply.state.to.project.builder.ms,1788062974286000000,1788064209105000000,0
workspaceModel.mutableEntityStorage.resolve.ms,1788062974286000000,1788064209105000000,0
jps.app.storage.content.writer.save.component.ms,1788062974286000000,1788064209105000000,0
workspaceModel.mutableEntityStorage.mutable.ext.mapping.ms,1788062974286000000,1788064209105000000,0
workspaceModel.mutableEntityStorage.collect.changes.ms,1788062974286000000,1788064209105000000,0
workspaceModel.mutableEntityStorage.entities.by.source.ms,1788062974286000000,1788064209105000000,0
jps.load.initial.state.ms,1788062974286000000,1788064209105000000,0
jps.apply.loaded.storage.ms,1788062974286000000,1788064209105000000,0
jps.artifact.entities.serializer.load.entities.ms,1788062974286000000,1788064209105000000,0
jps.global.get.libraries.ms,1788062974286000000,1788064209105000000,0
workspaceModel.global.updates.ms,1788062974286000000,1788064209105000000,0
jps.artifact.entities.serializer.save.entities.ms,1788062974286000000,1788064209105000000,0
workspaceModel.mutableEntityStorage.instances.count,1788062974286000000,1788064209105000000,0
workspaceModel.moduleManagerBridge.get.modules.ms,1788062974286000000,1788064209105000000,0
workspaceModel.sync.entities.ms,1788062974286000000,1788064209105000000,0
workspaceModel.moduleManagerBridge.create.module.instance.ms,1788062974286000000,1788064209105000000,0
jps.module.iml.entities.serializer.load.entities.ms,1788062974286000000,1788064209105000000,0
workspaceModel.moduleManagerBridge.new.nonPersistent.module.ms,1788062974286000000,1788064209105000000,0
workspaceModel.mutableEntityStorage.entities.ms,1788062974286000000,1788064209105000000,0
workspaceModel.load.cache.metadata.from.file.ms,1788062974286000000,1788064209105000000,0
workspaceModel.init.bridges.ms,1788062974286000000,1788064209105000000,0
workspaceModel.workspaceFileIndexData.instances.count,1788062974286000000,1788064209105000000,0
workspaceModel.loading.total.ms,1788062974286000000,1788064209105000000,0
workspaceModel.updates.count,1788062974286000000,1788064209105000000,0
workspaceModel.workspaceFileIndexData.getDirectoriesByPackageName.ms,1788062974286000000,1788064209105000000,0
workspaceModel.initializing.ms,1788062974286000000,1788064209105000000,0
workspaceModel.updates.precise.ms,1788062974286000000,1788064209105000000,0
workspaceModel.cachedValueWithParameters.calculated.ms,1788062974286000000,1788064209105000000,0
workspaceModel.workspaceFileIndexData.markDirty.ms,1788062974286000000,1788064209105000000,0
workspaceModel.update.unloaded.entities.ms,1788062974286000000,1788064209105000000,0
workspaceModel.workspaceFileIndexData.processFileSets.ms,1788062974286000000,1788064209105000000,0
workspaceModel.workspaceFileIndexData.init.ms,1788062974286000000,1788064209105000000,0
workspaceModel.replace.project.model.ms,1788062974286000000,1788064209105000000,0
workspaceModel.loading.from.cache.ms,1788062974286000000,1788064209105000000,0
workspaceModel.cachedValue.from.cache.ms,1788062974286000000,1788064209105000000,0
workspaceModel.workspaceFileIndexData.getPackageName.ms,1788062974286000000,1788064209105000000,0
workspaceModel.workspaceFileIndexData.onEntitiesChanged.ms,1788062974286000000,1788064209105000000,0
workspaceModel.updates.ms,1788062974286000000,1788064209105000000,0
workspaceModel.workspaceFileIndexData.getFileInfo.ms,1788062974286000000,1788064209105000000,0
workspaceModel.to.snapshot.ms,1788062974286000000,1788064209105000000,0
workspaceModel.cachedValue.clear.ms,1788062974286000000,1788064209105000000,0
workspaceModel.workspaceFileIndexData.updateDirtyEntities.ms,1788062974286000000,1788064209105000000,0
workspaceModel.entityStorageSnapshotImpl.instances.count,1788062974286000000,1788064209105000000,0
workspaceModel.cachedValueWithParameters.clear.ms,1788062974286000000,1788064209105000000,0
workspaceModel.check.recursive.update.ms,1788062974286000000,1788064209105000000,0
workspaceModel.collect.changes.ms,1788062974286000000,1788064209105000000,0
workspaceModel.cachedValueWithParameters.total.get.ms,1788062974286000000,1788064209105000000,0
workspaceModel.cachedValue.calculated.ms,1788062974286000000,1788064209105000000,0
workspaceModel.pre.handlers.ms,1788062974286000000,1788064209105000000,0
workspaceModel.cachedValueWithParameters.from.cache.ms,1788062974286000000,1788064209105000000,0
workspaceModel.cachedValue.total.get.ms,1788062974286000000,1788064209105000000,0
workspaceModel.workspaceFileIndexContributor.registerFileSets.ms,1788062974286000000,1788064209105000000,0
workspaceModel.workspaceFileIndexData.visitFileSets.ms,1788062974286000000,1788064209105000000,0
workspaceModel.full.replace.project.model.ms,1788062974286000000,1788064209105000000,0
compiler.ArtifactManagerBridge.getArtifactsByType.ms,1788062974286000000,1788064209105000000,0
compiler.ArtifactVirtualFileListener.filePathChanged.ms,1788062974286000000,1788064209105000000,0
compiler.ArtifactManagerBridge.initBridges.ms,1788062974286000000,1788064209105000000,0
compiler.ArtifactManagerBridge.findArtifact.ms,1788062974286000000,1788064209105000000,0
compiler.ArtifactManagerBridge.dropMappings.ms,1788062974286000000,1788064209105000000,0
compiler.ArtifactVirtualFileListener.propertyChanged.ms,1788062974286000000,1788064209105000000,0
compiler.ArtifactManagerBridge.addArtifact.ms,1788062974286000000,1788064209105000000,0
compiler.ArtifactManagerBridge.commit.ms,1788062974286000000,1788064209105000000,0
compiler.ArtifactManagerBridge.getArtifacts.ms,1788062974286000000,1788064209105000000,0
Indexes.entries.lookupDurationAvgMs,1788062974286000000,1788064209105000000,0.0
Indexes.allKeys.lookupDurationAvgMs,1788062974286000000,1788064209105000000,0.0
IndexesFlusher.totalFlushes,1788062974286000000,1788064209105000000,58
Indexes.stubs.lookups,1788062974286000000,1788064209105000000,0.0
Indexes.allKeys.lookups,1788062974286000000,1788064209105000000,0.0
Indexes.entries.lookups,1788062974286000000,1788064209105000000,0.0
Indexes.allKeys.lookupDuration90PMs,1788062974286000000,1788064209105000000,0.0
IndexesFlusher.totalFlushesRetried,1788062974286000000,1788064209105000000,0
Indexes.allKeys.lookupDurationMaxMs,1788062974286000000,1788064209105000000,0.0
IndexesFlusher.totalContentionQuotaSpent,1788062974286000000,1788064209105000000,0
Indexes.stubs.lookupDurationAvgMs,1788062974286000000,1788064209105000000,0.0
Indexes.entries.lookupDuration90PMs,1788062974286000000,1788064209105000000,0.0
Indexes.stubs.lookupDurationMaxMs,1788062974286000000,1788064209105000000,0.0
IndexesFlusher.totalFlushingTimeUs,1788062974286000000,1788064209105000000,250122
Indexes.entries.lookupDurationMaxMs,1788062974286000000,1788064209105000000,0.0
Indexes.stubs.lookupDuration90PMs,1788062974286000000,1788064209105000000,0.0
FileNameCache.queries,1788062974286000000,1788064209105000000,9920
FileNameCache.totalMisses,1788062974286000000,1788064209105000000,0
VFS.fileByIdCache.hits,1788062974286000000,1788064209105000000,0
VFS.fileByIdCache.misses,1788062974286000000,1788064209105000000,0
VFS.invertedFileNameIndex.requests,1788062974286000000,1788064209105000000,0
VFS.fileChildByName,1788062974286000000,1788064209105000000,0
DirectByteBufferAllocator.misses,1788064209105000000,1788064238639000000,0
MappedFileStorage.storages,1788064209105000000,1788064238639000000,0
FilePageCache.disposedBuffers,1788064209105000000,1788064238639000000,286
FilePageCache.pageLoads,1788064209105000000,1788064238639000000,0
MappedFileStorage.totalPagesMapped,1788064209105000000,1788064238639000000,0
DirectByteBufferAllocator.totalSizeOfBuffersAllocatedInBytes,1788064209105000000,1788064238639000000,46153728
FilePageCache.pageFastCacheHits,1788064209105000000,1788064238639000000,0
FilePageCache.maxRegisteredFiles,1788064209105000000,1788064238639000000,555
FilePageCacheLockFree.totalClosedStoragesReclaimed,1788064209105000000,1788064238639000000,0
FilePageCache.uncachedFileAccess,1788064209105000000,1788064238639000000,0
DirectByteBufferAllocator.hits,1788064209105000000,1788064238639000000,0
FilePageCache.pageLoadsAboveSizeThreshold,1788064209105000000,1788064238639000000,0
FileChannelInterruptsRetryer.totalRetriedAttempts,1788064209105000000,1788064238639000000,0
DirectByteBufferAllocator.reclaimed,1788064209105000000,1788064238639000000,42
FilePageCache.pageHits,1788064209105000000,1788064238639000000,0
FilePageCacheLockFree.totalPagesReadMs,1788064209105000000,1788064238639000000,0
FilePageCacheLockFree.totalPagesWritten,1788064209105000000,1788064238639000000,0
FilePageCacheLockFree.totalHeapBytesReclaimed,1788064209105000000,1788064238639000000,0
FilePageCacheLockFree.nativeBytesInUse,1788064209105000000,1788064238639000000,0
FilePageCacheLockFree.totalPagesRequestsMs,1788064209105000000,1788064238639000000,0
FilePageCache.maxCacheSizeInBytes,1788064209105000000,1788064238639000000,302006272
FilePageCacheLockFree.heapBytesInUse,1788064209105000000,1788064238639000000,0
FilePageCacheLockFree.totalPagesReclaimed,1788064209105000000,1788064238639000000,0
FilePageCacheLockFree.totalBytesRequested,1788064209105000000,1788064238639000000,0
FilePageCacheLockFree.totalNativeBytesReclaimed,1788064209105000000,1788064238639000000,0
StorageLockContext.competingThreads.90P,1788064209105000000,1788064238639000000,0
FilePageCacheLockFree.totalHeapBytesAllocated,1788064209105000000,1788064238639000000,0
StorageLockContext.competingThreads.avg,1788064209105000000,1788064238639000000,0.0
FilePageCacheLockFree.housekeeperTurnsSkipped,1788064209105000000,1788064238639000000,0
FilePageCache.totalPageDisposalsUs,1788064209105000000,1788064238639000000,0
FilePageCacheLockFree.totalPagesAllocated,1788064209105000000,1788064238639000000,0
FilePageCacheLockFree.totalPagesRequested,1788064209105000000,1788064238639000000,0
FilePageCacheLockFree.totalNativeBytesAllocated,1788064209105000000,1788064238639000000,0
StorageLockContext.competingThreads.max,1788064209105000000,1788064238639000000,0
MappedFileStorage.totalTimeSpentOnMappingUs,1788064209105000000,1788064238639000000,2586502
FilePageCacheLockFree.totalBytesWritten,1788064209105000000,1788064238639000000,0
FilePageCacheLockFree.totalBytesRead,1788064209105000000,1788064238639000000,0
FilePageCache.totalPageLoadsUs,1788064209105000000,1788064238639000000,0
FilePageCacheLockFree.totalPageAllocationsWaited,1788064209105000000,1788064238639000000,0
FilePageCacheLockFree.totalPagesHandedOver,1788064209105000000,1788064238639000000,0
FilePageCacheLockFree.housekeeperTimeSpentMs,1788064209105000000,1788064238639000000,0
DirectByteBufferAllocator.disposed,1788064209105000000,1788064238639000000,244
FilePageCache.capacityInBytes,1788064209105000000,1788064238639000000,503316478
FilePageCacheLockFree.housekeeperTurnsDone,1788064209105000000,1788064238639000000,0
FilePageCacheLockFree.totalPagesWriteMs,1788064209105000000,1788064238639000000,0
DirectByteBufferAllocator.totalSizeOfBuffersCachedInBytes,1788064209105000000,1788064238639000000,41959424
MappedFileStorage.totalBytesMapped,1788064209105000000,1788064238639000000,0
JVM.maxHeapBytes,1788064209105000000,1788064238639000000,2147483648
JVM.GC.collections,1788064209105000000,1788064238639000000,0
OS.loadAverage,1788064209105000000,1788064238639000000,2.5576171875
JVM.GC.collectionTimesMs,1788064209105000000,1788064238639000000,0
JVM.totalBytesAllocated,1788064209105000000,1788064238639000000,9580624
JVM.usedNativeBytes,1788064209105000000,1788064238639000000,390390048
JVM.usedHeapBytes,1788064209105000000,1788064238639000000,266125040
JVM.totalDirectByteBuffersBytes,1788064209105000000,1788064238639000000,46920901
JVM.maxThreadCount,1788064209105000000,1788064238639000000,179
JVM.newThreadsCount,1788064209105000000,1788064238639000000,16
JVM.threadCount,1788064209105000000,1788064238639000000,70
JVM.totalCpuTimeMs,1788064209105000000,1788064238639000000,788
writeAction.wait.ms,1788064209105000000,1788064238639000000,0
writeAction.count,1788064209105000000,1788064238639000000,0
writeAction.max.wait.ms,1788064209105000000,1788064238639000000,11
writeAction.median.wait.ms,1788064209105000000,1788064238639000000,0
NonBlockingReadAction.failedExecutionsCount,1788064209105000000,1788064238639000000,0
FlushQueue.waitingTimeMaxNs,1788064209105000000,1788064238639000000,0
NonBlockingReadAction.failedExecutionTimeUs,1788064209105000000,1788064238639000000,0
FlushQueue.queueSizeMax,1788064209105000000,1788064238639000000,0
FlushQueue.executionTime90PNs,1788064209105000000,1788064238639000000,0
AWTEventQueue.dispatchTime90PNs,1788064209105000000,1788064238639000000,0
FlushQueue.tasksExecuted,1788064209105000000,1788064238639000000,0
AWTEventQueue.eventsDispatched,1788064209105000000,1788064238639000000,0
FlushQueue.queueSize90P,1788064209105000000,1788064238639000000,0
FlushQueue.waitingTime90PNs,1788064209105000000,1788064238639000000,0
FlushQueue.executionTimeMaxNs,1788064209105000000,1788064238639000000,0
FlushQueue.executionTimeAvgNs,1788064209105000000,1788064238639000000,0.0
AWTEventQueue.dispatchTimeAvgNs,1788064209105000000,1788064238639000000,0.0
NonBlockingReadAction.finalizedExecutionTimeUs,1788064209105000000,1788064238639000000,0
FlushQueue.waitingTimeAvgNs,1788064209105000000,1788064238639000000,0.0
AWTEventQueue.dispatchTimeMaxNs,1788064209105000000,1788064238639000000,0
NonBlockingReadAction.finalizedExecutionsCount,1788064209105000000,1788064238639000000,0
WriteAction.executionsCount,1788064209105000000,1788064238639000000,0
ReadAction.executionsCount,1788064209105000000,1788064238639000000,237
FlushQueue.queueSizeAvg,1788064209105000000,1788064238639000000,0.0
AWTEventQueue.dispatchTimeTotalNS,1788064209105000000,1788064238639000000,28471752
cacheStateStorage.set.duration,1788064209105000000,1788064238639000000,0
cacheStateStorage.get.duration,1788064209105000000,1788064238639000000,0
cacheStateStorage.get.counter,1788064209105000000,1788064238639000000,0
cacheStateStorage.set.counter,1788064209105000000,1788064238639000000,0
jps.global.get.library.ms,1788064209105000000,1788064238639000000,0
jps.global.get.library.by.name.ms,1788064209105000000,1788064238639000000,0
jps.library.entities.serializer.load.entities.ms,1788064209105000000,1788064238639000000,0
workspaceModel.global.updates.count,1788064209105000000,1788064238639000000,0
workspaceModel.moduleBridge.before.changed.ms,1788064209105000000,1788064238639000000,0
workspaceModel.moduleBridge.update.option.ms,1788064209105000000,1788064238639000000,0
workspaceModel.moduleBridge.facet.initialization.ms,1788064209105000000,1788064238639000000,0
workspaceModel.mutableEntityStorage.apply.changes.from.ms,1788064209105000000,1788064238639000000,0
jps.facet.change.listener.before.change.events.ms,1788064209105000000,1788064238639000000,0
jps.global.handle.before.change.events.ms,1788064209105000000,1788064238639000000,0
jps.app.storage.content.reader.load.component.ms,1788064209105000000,1788064238639000000,0
jps.save.changed.project.entities.ms,1788064209105000000,1788064238639000000,0
workspaceModel.moduleBridgeLoader.loading.modules.ms,1788064209105000000,1788064238639000000,0
jps.facet.change.listener.init.bridge.ms,1788064209105000000,1788064238639000000,0
jps.project.serializers.save.ms,1788064209105000000,1788064238639000000,0
workspaceModel.mutableEntityStorage.has.same.entities.ms,1788064209105000000,1788064238639000000,0
workspaceModel.mutableEntityStorage.add.entity.ms,1788064209105000000,1788064238639000000,0
workspaceModel.delayed.project.synchronizer.sync.ms,1788064209105000000,1788064238639000000,0
jps.project.serializers.load.ms,1788064209105000000,1788064238639000000,0
workspaceModel.mutableEntityStorage.mutable.vfurl.index.ms,1788064209105000000,1788064238639000000,0
jps.load.project.to.empty.storage.ms,1788064209105000000,1788064238639000000,0
jps.global.initialize.library.bridges.after.loading.ms,1788064209105000000,1788064238639000000,0
workspaceModel.moduleManagerBridge.newModule.ms,1788064209105000000,1788064238639000000,0
workspaceModel.mutableEntityStorage.referrers.ms,1788064209105000000,1788064238639000000,0
workspaceModel.moduleManagerBridge.build.module.graph.ms,1788064209105000000,1788064238639000000,0
jps.library.entities.serializer.save.entities.ms,1788064209105000000,1788064238639000000,0
workspaceModel.orphan.listener.update.ms,1788064209105000000,1788064238639000000,0
jps.module.iml.entities.serializer.save.entities.ms,1788064209105000000,1788064238639000000,0
workspaceModel.mutableEntityStorage.replace.by.source.ms,1788064209105000000,1788064238639000000,0
jps.global.handle.changed.events.ms,1788064209105000000,1788064238639000000,0
workspaceModel.global.apply.state.to.project.ms,1788064209105000000,1788064238639000000,0
jps.storage.jps.conf.reader.load.component.ms,1788064209105000000,1788064238639000000,0
workspaceModel.save.cache.to.file.ms,1788064209105000000,1788064238639000000,0
jps.save.global.entities.ms,1788064209105000000,1788064238639000000,0
workspaceModel.mutableEntityStorage.put.entity.ms,1788064209105000000,1788064238639000000,0
workspaceModel.mutableEntityStorage.to.snapshot.ms,1788064209105000000,1788064238639000000,0
workspaceModel.mutableEntityStorage.modify.entity.ms,1788064209105000000,1788064238639000000,0
jps.reload.project.entities.ms,1788064209105000000,1788064238639000000,0
workspaceModel.moduleManagerBridge.set.unloadedModules.ms,1788064209105000000,1788064238639000000,0
workspaceModel.moduleManagerBridge.load.module.ms,1788064209105000000,1788064238639000000,0
workspaceModel.mutableEntityStorage.remove.entity.ms,1788064209105000000,1788064238639000000,0
workspaceModel.load.cache.from.file.ms,1788064209105000000,1788064238639000000,0
jps.facet.change.listener.process.change.events.ms,1788064209105000000,1788064238639000000,0
workspaceModel.moduleManagerBridge.load.all.modules.ms,1788064209105000000,1788064238639000000,0
workspaceModel.do.save.caches.ms,1788064209105000000,1788064238639000000,0
jps.global.initialize.library.bridges.ms,1788064209105000000,1788064238639000000,0
workspaceModel.global.apply.state.to.project.builder.ms,1788064209105000000,1788064238639000000,0
workspaceModel.mutableEntityStorage.resolve.ms,1788064209105000000,1788064238639000000,0
jps.app.storage.content.writer.save.component.ms,1788064209105000000,1788064238639000000,0
workspaceModel.mutableEntityStorage.mutable.ext.mapping.ms,1788064209105000000,1788064238639000000,0
workspaceModel.mutableEntityStorage.collect.changes.ms,1788064209105000000,1788064238639000000,0
workspaceModel.mutableEntityStorage.entities.by.source.ms,1788064209105000000,1788064238639000000,0
jps.load.initial.state.ms,1788064209105000000,1788064238639000000,0
jps.apply.loaded.storage.ms,1788064209105000000,1788064238639000000,0
jps.artifact.entities.serializer.load.entities.ms,1788064209105000000,1788064238639000000,0
jps.global.get.libraries.ms,1788064209105000000,1788064238639000000,0
workspaceModel.global.updates.ms,1788064209105000000,1788064238639000000,0
jps.artifact.entities.serializer.save.entities.ms,1788064209105000000,1788064238639000000,0
workspaceModel.mutableEntityStorage.instances.count,1788064209105000000,1788064238639000000,0
workspaceModel.moduleManagerBridge.get.modules.ms,1788064209105000000,1788064238639000000,0
workspaceModel.sync.entities.ms,1788064209105000000,1788064238639000000,0
workspaceModel.moduleManagerBridge.create.module.instance.ms,1788064209105000000,1788064238639000000,0
jps.module.iml.entities.serializer.load.entities.ms,1788064209105000000,1788064238639000000,0
workspaceModel.moduleManagerBridge.new.nonPersistent.module.ms,1788064209105000000,1788064238639000000,0
workspaceModel.mutableEntityStorage.entities.ms,1788064209105000000,1788064238639000000,0
workspaceModel.load.cache.metadata.from.file.ms,1788064209105000000,1788064238639000000,0
workspaceModel.init.bridges.ms,1788064209105000000,1788064238639000000,0
workspaceModel.workspaceFileIndexData.instances.count,1788064209105000000,1788064238639000000,0
workspaceModel.loading.total.ms,1788064209105000000,1788064238639000000,0
workspaceModel.updates.count,1788064209105000000,1788064238639000000,0
workspaceModel.workspaceFileIndexData.getDirectoriesByPackageName.ms,1788064209105000000,1788064238639000000,0
workspaceModel.initializing.ms,1788064209105000000,1788064238639000000,0
workspaceModel.updates.precise.ms,1788064209105000000,1788064238639000000,0
workspaceModel.cachedValueWithParameters.calculated.ms,1788064209105000000,1788064238639000000,0
workspaceModel.workspaceFileIndexData.markDirty.ms,1788064209105000000,1788064238639000000,0
workspaceModel.update.unloaded.entities.ms,1788064209105000000,1788064238639000000,0
workspaceModel.workspaceFileIndexData.processFileSets.ms,1788064209105000000,1788064238639000000,0
workspaceModel.workspaceFileIndexData.init.ms,1788064209105000000,1788064238639000000,0
workspaceModel.replace.project.model.ms,1788064209105000000,1788064238639000000,0
workspaceModel.loading.from.cache.ms,1788064209105000000,1788064238639000000,0
workspaceModel.cachedValue.from.cache.ms,1788064209105000000,1788064238639000000,0
workspaceModel.workspaceFileIndexData.getPackageName.ms,1788064209105000000,1788064238639000000,0
workspaceModel.workspaceFileIndexData.onEntitiesChanged.ms,1788064209105000000,1788064238639000000,0
workspaceModel.updates.ms,1788064209105000000,1788064238639000000,0
workspaceModel.workspaceFileIndexData.getFileInfo.ms,1788064209105000000,1788064238639000000,0
workspaceModel.to.snapshot.ms,1788064209105000000,1788064238639000000,0
workspaceModel.cachedValue.clear.ms,1788064209105000000,1788064238639000000,0
workspaceModel.workspaceFileIndexData.updateDirtyEntities.ms,1788064209105000000,1788064238639000000,0
workspaceModel.entityStorageSnapshotImpl.instances.count,1788064209105000000,1788064238639000000,0
workspaceModel.cachedValueWithParameters.clear.ms,1788064209105000000,1788064238639000000,0
workspaceModel.check.recursive.update.ms,1788064209105000000,1788064238639000000,0
workspaceModel.collect.changes.ms,1788064209105000000,1788064238639000000,0
workspaceModel.cachedValueWithParameters.total.get.ms,1788064209105000000,1788064238639000000,0
workspaceModel.cachedValue.calculated.ms,1788064209105000000,1788064238639000000,0
workspaceModel.pre.handlers.ms,1788064209105000000,1788064238639000000,0
workspaceModel.cachedValueWithParameters.from.cache.ms,1788064209105000000,1788064238639000000,0
workspaceModel.cachedValue.total.get.ms,1788064209105000000,1788064238639000000,0
workspaceModel.workspaceFileIndexContributor.registerFileSets.ms,1788064209105000000,1788064238639000000,0
workspaceModel.workspaceFileIndexData.visitFileSets.ms,1788064209105000000,1788064238639000000,0
workspaceModel.full.replace.project.model.ms,1788064209105000000,1788064238639000000,0
compiler.ArtifactManagerBridge.getArtifactsByType.ms,1788064209105000000,1788064238639000000,0
compiler.ArtifactVirtualFileListener.filePathChanged.ms,1788064209105000000,1788064238639000000,0
compiler.ArtifactManagerBridge.initBridges.ms,1788064209105000000,1788064238639000000,0
compiler.ArtifactManagerBridge.findArtifact.ms,1788064209105000000,1788064238639000000,0
compiler.ArtifactManagerBridge.dropMappings.ms,1788064209105000000,1788064238639000000,0
compiler.ArtifactVirtualFileListener.propertyChanged.ms,1788064209105000000,1788064238639000000,0
compiler.ArtifactManagerBridge.addArtifact.ms,1788064209105000000,1788064238639000000,0
compiler.ArtifactManagerBridge.commit.ms,1788064209105000000,1788064238639000000,0
compiler.ArtifactManagerBridge.getArtifacts.ms,1788064209105000000,1788064238639000000,0
Indexes.entries.lookupDurationAvgMs,1788064209105000000,1788064238639000000,0.0
Indexes.allKeys.lookupDurationAvgMs,1788064209105000000,1788064238639000000,0.0
Indexes.stubs.lookups,1788064209105000000,1788064238639000000,0.0
Indexes.allKeys.lookups,1788064209105000000,1788064238639000000,0.0
Indexes.entries.lookups,1788064209105000000,1788064238639000000,0.0
Indexes.allKeys.lookupDuration90PMs,1788064209105000000,1788064238639000000,0.0
Indexes.allKeys.lookupDurationMaxMs,1788064209105000000,1788064238639000000,0.0
Indexes.stubs.lookupDurationAvgMs,1788064209105000000,1788064238639000000,0.0
Indexes.entries.lookupDuration90PMs,1788064209105000000,1788064238639000000,0.0
Indexes.stubs.lookupDurationMaxMs,1788064209105000000,1788064238639000000,0.0
Indexes.entries.lookupDurationMaxMs,1788064209105000000,1788064238639000000,0.0
Indexes.stubs.lookupDuration90PMs,1788064209105000000,1788064238639000000,0.0
VFS.fileByIdCache.hits,1788064209105000000,1788064238639000000,0
VFS.fileByIdCache.misses,1788064209105000000,1788064238639000000,0
VFS.invertedFileNameIndex.requests,1788064209105000000,1788064238639000000,0
VFS.fileChildByName,1788064209105000000,1788064238639000000,0
