# OpenTelemetry Metrics report: .csv, 4 fields: 
# <metric name>, <period start, nanoseconds>, <period end, nanoseconds>, <metric value>
# See CsvMetricsExporter for details.
# 
# NAME, PERIOD_START_NANOS, PERIOD_END_NANOS, VALUE
JVM.GC.collectionTimesMs,1789085656575000000,1789085716614000000,162
JVM.totalCpuTimeMs,1789085656575000000,1789085716614000000,62449
JVM.threadCount,1789085656575000000,1789085716614000000,135
OS.loadAverage,1789085656575000000,1789085716614000000,2.4111328125
JVM.totalBytesAllocated,1789085656575000000,1789085716614000000,1566606504
JVM.maxThreadCount,1789085656575000000,1789085716614000000,137
JVM.totalDirectByteBuffersBytes,1789085656575000000,1789085716614000000,215586366
JVM.usedHeapBytes,1789085656575000000,1789085716614000000,319771888
JVM.usedNativeBytes,1789085656575000000,1789085716614000000,327023040
JVM.newThreadsCount,1789085656575000000,1789085716614000000,234
JVM.GC.collections,1789085656575000000,1789085716614000000,21
JVM.maxHeapBytes,1789085656575000000,1789085716614000000,2147483648
cacheStateStorage.set.counter,1789085656575000000,1789085716614000000,3
cacheStateStorage.get.counter,1789085656575000000,1789085716614000000,23
cacheStateStorage.set.duration,1789085656575000000,1789085716614000000,11
cacheStateStorage.get.duration,1789085656575000000,1789085716614000000,248
FilePageCacheLockFree.housekeeperTimeSpentMs,1789085656575000000,1789085716614000000,0
FilePageCache.pageHits,1789085656575000000,1789085716614000000,0
FilePageCacheLockFree.totalPagesReadMs,1789085656575000000,1789085716614000000,0
FilePageCacheLockFree.totalHeapBytesAllocated,1789085656575000000,1789085716614000000,0
MappedFileStorage.totalBytesMapped,1789085656575000000,1789085716614000000,177471488
DirectByteBufferAllocator.hits,1789085656575000000,1789085716614000000,3
FilePageCache.uncachedFileAccess,1789085656575000000,1789085716614000000,118
DirectByteBufferAllocator.reclaimed,1789085656575000000,1789085716614000000,3
DirectByteBufferAllocator.misses,1789085656575000000,1789085716614000000,205
FilePageCacheLockFree.totalBytesRequested,1789085656575000000,1789085716614000000,0
StreamlinedBlobStorage.totalLiveRecordsPayloadBytes,1789085656575000000,1789085716614000000,69867
FilePageCacheLockFree.totalHeapBytesReclaimed,1789085656575000000,1789085716614000000,0
DirectByteBufferAllocator.totalSizeOfBuffersAllocatedInBytes,1789085656575000000,1789085716614000000,212877312
StorageLockContext.competingThreads.max,1789085656575000000,1789085716614000000,0
FilePageCacheLockFree.totalPagesWriteMs,1789085656575000000,1789085716614000000,0
FilePageCache.capacityInBytes,1789085656575000000,1789085716614000000,503316478
StorageLockContext.competingThreads.90P,1789085656575000000,1789085716614000000,0
FilePageCacheLockFree.housekeeperTurnsSkipped,1789085656575000000,1789085716614000000,0
MappedFileStorage.totalTimeSpentOnMappingUs,1789085656575000000,1789085716614000000,5257
FilePageCacheLockFree.housekeeperTurnsDone,1789085656575000000,1789085716614000000,0
StreamlinedBlobStorage.recordsDeleted,1789085656575000000,1789085716614000000,19
MappedFileStorage.totalPagesMapped,1789085656575000000,1789085716614000000,10
MappedFileStorage.storages,1789085656575000000,1789085716614000000,10
StorageLockContext.competingThreads.avg,1789085656575000000,1789085716614000000,0.0
FilePageCacheLockFree.heapBytesInUse,1789085656575000000,1789085716614000000,0
FilePageCacheLockFree.totalBytesWritten,1789085656575000000,1789085716614000000,0
FilePageCacheLockFree.totalPagesAllocated,1789085656575000000,1789085716614000000,0
FilePageCache.disposedBuffers,1789085656575000000,1789085716614000000,3
StreamlinedBlobStorage.recordsAllocated,1789085656575000000,1789085716614000000,2667
FilePageCacheLockFree.totalNativeBytesReclaimed,1789085656575000000,1789085716614000000,0
FilePageCacheLockFree.totalPagesWritten,1789085656575000000,1789085716614000000,0
FilePageCacheLockFree.totalClosedStoragesReclaimed,1789085656575000000,1789085716614000000,0
FilePageCacheLockFree.totalPagesHandedOver,1789085656575000000,1789085716614000000,0
FileChannelInterruptsRetryer.totalRetriedAttempts,1789085656575000000,1789085716614000000,0
DirectByteBufferAllocator.disposed,1789085656575000000,1789085716614000000,0
FilePageCache.maxCacheSizeInBytes,1789085656575000000,1789085716614000000,212877312
FilePageCache.pageFastCacheHits,1789085656575000000,1789085716614000000,4497
FilePageCache.totalPageLoadsUs,1789085656575000000,1789085716614000000,342146
FilePageCacheLockFree.totalBytesRead,1789085656575000000,1789085716614000000,0
FilePageCacheLockFree.totalPagesReclaimed,1789085656575000000,1789085716614000000,0
StreamlinedBlobStorage.recordsRelocated,1789085656575000000,1789085716614000000,0
FilePageCache.pageLoadsAboveSizeThreshold,1789085656575000000,1789085716614000000,0
FilePageCacheLockFree.totalNativeBytesAllocated,1789085656575000000,1789085716614000000,0
FilePageCache.maxRegisteredFiles,1789085656575000000,1789085716614000000,555
FilePageCache.totalPageDisposalsUs,1789085656575000000,1789085716614000000,1856
FilePageCacheLockFree.totalPagesRequestsMs,1789085656575000000,1789085716614000000,0
StreamlinedBlobStorage.totalLiveRecordsCapacityBytes,1789085656575000000,1789085716614000000,213198
FilePageCacheLockFree.totalPageAllocationsWaited,1789085656575000000,1789085716614000000,0
FilePageCacheLockFree.totalPagesRequested,1789085656575000000,1789085716614000000,0
DirectByteBufferAllocator.totalSizeOfBuffersCachedInBytes,1789085656575000000,1789085716614000000,0
FilePageCache.pageLoads,1789085656575000000,1789085716614000000,208
FilePageCacheLockFree.nativeBytesInUse,1789085656575000000,1789085716614000000,0
FlushQueue.executionTimeMaxNs,1789085656575000000,1789085716614000000,0
FlushQueue.queueSizeAvg,1789085656575000000,1789085716614000000,0.0
FlushQueue.waitingTimeMaxNs,1789085656575000000,1789085716614000000,0
NonBlockingReadAction.failedExecutionTimeUs,1789085656575000000,1789085716614000000,0
WriteAction.executionsCount,1789085656575000000,1789085716614000000,7
AWTEventQueue.dispatchTimeMaxNs,1789085656575000000,1789085716614000000,216063
FlushQueue.tasksExecuted,1789085656575000000,1789085716614000000,0
ReadAction.executionsCount,1789085656575000000,1789085716614000000,9920
AWTEventQueue.dispatchTime90PNs,1789085656575000000,1789085716614000000,216063
AWTEventQueue.eventsDispatched,1789085656575000000,1789085716614000000,6
FlushQueue.waitingTimeAvgNs,1789085656575000000,1789085716614000000,0.0
FlushQueue.executionTimeAvgNs,1789085656575000000,1789085716614000000,0.0
NonBlockingReadAction.finalizedExecutionsCount,1789085656575000000,1789085716614000000,18
FlushQueue.queueSizeMax,1789085656575000000,1789085716614000000,0
AWTEventQueue.dispatchTimeTotalNS,1789085656575000000,1789085716614000000,7047057034
FlushQueue.waitingTime90PNs,1789085656575000000,1789085716614000000,0
NonBlockingReadAction.failedExecutionsCount,1789085656575000000,1789085716614000000,0
AWTEventQueue.dispatchTimeAvgNs,1789085656575000000,1789085716614000000,84864.0
FlushQueue.queueSize90P,1789085656575000000,1789085716614000000,0
FlushQueue.executionTime90PNs,1789085656575000000,1789085716614000000,0
NonBlockingReadAction.finalizedExecutionTimeUs,1789085656575000000,1789085716614000000,710189
VFS.invertedFileNameIndex.requests,1789085656575000000,1789085716614000000,1
VFS.fileByIdCache.misses,1789085656575000000,1789085716614000000,22
FileNameCache.queries,1789085656575000000,1789085716614000000,0
VFS.fileByIdCache.hits,1789085656575000000,1789085716614000000,0
VFS.fileChildByName,1789085656575000000,1789085716614000000,833
FileNameCache.totalMisses,1789085656575000000,1789085716614000000,0
writeAction.max.wait.ms,1789085656575000000,1789085716614000000,4
writeAction.wait.ms,1789085656575000000,1789085716614000000,4
writeAction.count,1789085656575000000,1789085716614000000,7
writeAction.median.wait.ms,1789085656575000000,1789085716614000000,0
workspaceModel.workspaceFileIndexData.visitFileSets.ms,1789085656575000000,1789085716614000000,0
workspaceModel.replace.project.model.ms,1789085656575000000,1789085716614000000,0
workspaceModel.cachedValueWithParameters.clear.ms,1789085656575000000,1789085716614000000,0
workspaceModel.workspaceFileIndexData.init.ms,1789085656575000000,1789085716614000000,37
workspaceModel.workspaceFileIndexData.markDirty.ms,1789085656575000000,1789085716614000000,0
workspaceModel.workspaceFileIndexData.getFileInfo.ms,1789085656575000000,1789085716614000000,34
workspaceModel.updates.count,1789085656575000000,1789085716614000000,2
workspaceModel.workspaceFileIndexData.getDirectoriesByPackageName.ms,1789085656575000000,1789085716614000000,8
workspaceModel.workspaceFileIndexData.instances.count,1789085656575000000,1789085716614000000,1
workspaceModel.initializing.ms,1789085656575000000,1789085716614000000,2
workspaceModel.cachedValueWithParameters.from.cache.ms,1789085656575000000,1789085716614000000,0
workspaceModel.loading.from.cache.ms,1789085656575000000,1789085716614000000,223
workspaceModel.workspaceFileIndexData.getPackageName.ms,1789085656575000000,1789085716614000000,0
workspaceModel.full.replace.project.model.ms,1789085656575000000,1789085716614000000,4
workspaceModel.updates.precise.ms,1789085656575000000,1789085716614000000,12
workspaceModel.init.bridges.ms,1789085656575000000,1789085716614000000,2
workspaceModel.updates.ms,1789085656575000000,1789085716614000000,56
workspaceModel.cachedValueWithParameters.calculated.ms,1789085656575000000,1789085716614000000,0
workspaceModel.loading.total.ms,1789085656575000000,1789085716614000000,233
workspaceModel.pre.handlers.ms,1789085656575000000,1789085716614000000,0
workspaceModel.workspaceFileIndexData.onEntitiesChanged.ms,1789085656575000000,1789085716614000000,0
workspaceModel.check.recursive.update.ms,1789085656575000000,1789085716614000000,1
workspaceModel.cachedValueWithParameters.total.get.ms,1789085656575000000,1789085716614000000,0
workspaceModel.cachedValue.clear.ms,1789085656575000000,1789085716614000000,0
workspaceModel.workspaceFileIndexContributor.registerFileSets.ms,1789085656575000000,1789085716614000000,68
workspaceModel.to.snapshot.ms,1789085656575000000,1789085716614000000,0
workspaceModel.cachedValue.from.cache.ms,1789085656575000000,1789085716614000000,0
workspaceModel.collect.changes.ms,1789085656575000000,1789085716614000000,0
workspaceModel.cachedValue.total.get.ms,1789085656575000000,1789085716614000000,12
workspaceModel.cachedValue.calculated.ms,1789085656575000000,1789085716614000000,12
workspaceModel.entityStorageSnapshotImpl.instances.count,1789085656575000000,1789085716614000000,14
workspaceModel.workspaceFileIndexData.processFileSets.ms,1789085656575000000,1789085716614000000,0
workspaceModel.workspaceFileIndexData.updateDirtyEntities.ms,1789085656575000000,1789085716614000000,0
workspaceModel.update.unloaded.entities.ms,1789085656575000000,1789085716614000000,0
compiler.ArtifactVirtualFileListener.filePathChanged.ms,1789085656575000000,1789085716614000000,0
compiler.ArtifactManagerBridge.getArtifacts.ms,1789085656575000000,1789085716614000000,0
compiler.ArtifactManagerBridge.findArtifact.ms,1789085656575000000,1789085716614000000,0
compiler.ArtifactVirtualFileListener.propertyChanged.ms,1789085656575000000,1789085716614000000,0
compiler.ArtifactManagerBridge.addArtifact.ms,1789085656575000000,1789085716614000000,0
compiler.ArtifactManagerBridge.getArtifactsByType.ms,1789085656575000000,1789085716614000000,1
compiler.ArtifactManagerBridge.dropMappings.ms,1789085656575000000,1789085716614000000,0
compiler.ArtifactManagerBridge.initBridges.ms,1789085656575000000,1789085716614000000,0
compiler.ArtifactManagerBridge.commit.ms,1789085656575000000,1789085716614000000,0
IndexesFlusher.totalFlushes,1789085656575000000,1789085716614000000,58
Indexes.stubs.lookups,1789085656575000000,1789085716614000000,0.0
Indexes.allKeys.lookupDurationMaxMs,1789085656575000000,1789085716614000000,0.0
Indexes.entries.lookupDurationAvgMs,1789085656575000000,1789085716614000000,0.0
Indexes.allKeys.lookups,1789085656575000000,1789085716614000000,0.0
Indexes.entries.lookupDuration90PMs,1789085656575000000,1789085716614000000,0.0
Indexes.stubs.lookupDuration90PMs,1789085656575000000,1789085716614000000,0.0
IndexesFlusher.totalContentionQuotaSpent,1789085656575000000,1789085716614000000,0
Indexes.stubs.lookupDurationAvgMs,1789085656575000000,1789085716614000000,0.0
Indexes.allKeys.lookupDurationAvgMs,1789085656575000000,1789085716614000000,0.0
Indexes.stubs.lookupDurationMaxMs,1789085656575000000,1789085716614000000,0.0
IndexesFlusher.totalFlushingTimeUs,1789085656575000000,1789085716614000000,383227
Indexes.entries.lookupDurationMaxMs,1789085656575000000,1789085716614000000,0.0
IndexesFlusher.totalFlushesRetried,1789085656575000000,1789085716614000000,0
Indexes.entries.lookups,1789085656575000000,1789085716614000000,0.0
Indexes.allKeys.lookupDuration90PMs,1789085656575000000,1789085716614000000,0.0
workspaceModel.moduleManagerBridge.create.module.instance.ms,1789085656575000000,1789085716614000000,0
jps.library.entities.serializer.load.entities.ms,1789085656575000000,1789085716614000000,0
workspaceModel.mutableEntityStorage.add.entity.ms,1789085656575000000,1789085716614000000,12
jps.module.iml.entities.serializer.load.entities.ms,1789085656575000000,1789085716614000000,14
jps.save.global.entities.ms,1789085656575000000,1789085716614000000,0
jps.facet.change.listener.process.change.events.ms,1789085656575000000,1789085716614000000,1
jps.artifact.entities.serializer.load.entities.ms,1789085656575000000,1789085716614000000,0
workspaceModel.global.updates.count,1789085656575000000,1789085716614000000,0
jps.global.get.library.ms,1789085656575000000,1789085716614000000,0
workspaceModel.moduleManagerBridge.newModule.ms,1789085656575000000,1789085716614000000,0
jps.global.handle.changed.events.ms,1789085656575000000,1789085716614000000,0
workspaceModel.moduleManagerBridge.new.nonPersistent.module.ms,1789085656575000000,1789085716614000000,0
workspaceModel.moduleManagerBridge.set.unloadedModules.ms,1789085656575000000,1789085716614000000,0
jps.project.serializers.save.ms,1789085656575000000,1789085716614000000,0
jps.global.initialize.library.bridges.after.loading.ms,1789085656575000000,1789085716614000000,1
workspaceModel.mutableEntityStorage.collect.changes.ms,1789085656575000000,1789085716614000000,0
jps.global.get.libraries.ms,1789085656575000000,1789085716614000000,0
workspaceModel.global.apply.state.to.project.ms,1789085656575000000,1789085716614000000,47
workspaceModel.orphan.listener.update.ms,1789085656575000000,1789085716614000000,3
jps.global.get.library.by.name.ms,1789085656575000000,1789085716614000000,0
workspaceModel.mutableEntityStorage.to.snapshot.ms,1789085656575000000,1789085716614000000,1
jps.storage.jps.conf.reader.load.component.ms,1789085656575000000,1789085716614000000,5
workspaceModel.moduleBridgeLoader.loading.modules.ms,1789085656575000000,1789085716614000000,560
workspaceModel.moduleBridge.update.option.ms,1789085656575000000,1789085716614000000,0
jps.project.serializers.load.ms,1789085656575000000,1789085716614000000,30
jps.save.changed.project.entities.ms,1789085656575000000,1789085716614000000,0
workspaceModel.sync.entities.ms,1789085656575000000,1789085716614000000,0
workspaceModel.moduleManagerBridge.load.module.ms,1789085656575000000,1789085716614000000,0
workspaceModel.save.cache.to.file.ms,1789085656575000000,1789085716614000000,37
workspaceModel.mutableEntityStorage.instances.count,1789085656575000000,1789085716614000000,22
workspaceModel.moduleManagerBridge.load.all.modules.ms,1789085656575000000,1789085716614000000,103
workspaceModel.mutableEntityStorage.has.same.entities.ms,1789085656575000000,1789085716614000000,0
workspaceModel.mutableEntityStorage.entities.ms,1789085656575000000,1789085716614000000,1
workspaceModel.delayed.project.synchronizer.sync.ms,1789085656575000000,1789085716614000000,74
workspaceModel.moduleManagerBridge.get.modules.ms,1789085656575000000,1789085716614000000,1
workspaceModel.moduleManagerBridge.build.module.graph.ms,1789085656575000000,1789085716614000000,1
workspaceModel.mutableEntityStorage.modify.entity.ms,1789085656575000000,1789085716614000000,0
workspaceModel.mutableEntityStorage.referrers.ms,1789085656575000000,1789085716614000000,0
workspaceModel.global.updates.ms,1789085656575000000,1789085716614000000,0
jps.reload.project.entities.ms,1789085656575000000,1789085716614000000,0
jps.app.storage.content.reader.load.component.ms,1789085656575000000,1789085716614000000,1
workspaceModel.mutableEntityStorage.put.entity.ms,1789085656575000000,1789085716614000000,2
jps.load.project.to.empty.storage.ms,1789085656575000000,1789085716614000000,57
workspaceModel.do.save.caches.ms,1789085656575000000,1789085716614000000,46
jps.facet.change.listener.init.bridge.ms,1789085656575000000,1789085716614000000,0
workspaceModel.load.cache.metadata.from.file.ms,1789085656575000000,1789085716614000000,16
workspaceModel.mutableEntityStorage.resolve.ms,1789085656575000000,1789085716614000000,0
workspaceModel.mutableEntityStorage.remove.entity.ms,1789085656575000000,1789085716614000000,0
workspaceModel.mutableEntityStorage.replace.by.source.ms,1789085656575000000,1789085716614000000,9
jps.module.iml.entities.serializer.save.entities.ms,1789085656575000000,1789085716614000000,0
workspaceModel.mutableEntityStorage.mutable.ext.mapping.ms,1789085656575000000,1789085716614000000,2
jps.facet.change.listener.before.change.events.ms,1789085656575000000,1789085716614000000,0
jps.apply.loaded.storage.ms,1789085656575000000,1789085716614000000,15
jps.library.entities.serializer.save.entities.ms,1789085656575000000,1789085716614000000,0
workspaceModel.mutableEntityStorage.entities.by.source.ms,1789085656575000000,1789085716614000000,0
workspaceModel.global.apply.state.to.project.builder.ms,1789085656575000000,1789085716614000000,0
workspaceModel.moduleBridge.facet.initialization.ms,1789085656575000000,1789085716614000000,0
workspaceModel.mutableEntityStorage.mutable.vfurl.index.ms,1789085656575000000,1789085716614000000,0
jps.global.handle.before.change.events.ms,1789085656575000000,1789085716614000000,0
jps.global.initialize.library.bridges.ms,1789085656575000000,1789085716614000000,0
workspaceModel.load.cache.from.file.ms,1789085656575000000,1789085716614000000,208
jps.artifact.entities.serializer.save.entities.ms,1789085656575000000,1789085716614000000,0
jps.load.initial.state.ms,1789085656575000000,1789085716614000000,31
workspaceModel.moduleBridge.before.changed.ms,1789085656575000000,1789085716614000000,0
workspaceModel.mutableEntityStorage.apply.changes.from.ms,1789085656575000000,1789085716614000000,6
JVM.GC.collectionTimesMs,1789085716614000000,1789085776589000000,9
JVM.totalCpuTimeMs,1789085716614000000,1789085776589000000,16286
JVM.threadCount,1789085716614000000,1789085776589000000,68
OS.loadAverage,1789085716614000000,1789085776589000000,3.0029296875
JVM.totalBytesAllocated,1789085716614000000,1789085776589000000,189817440
JVM.maxThreadCount,1789085716614000000,1789085776589000000,137
JVM.totalDirectByteBuffersBytes,1789085716614000000,1789085776589000000,214687202
JVM.usedHeapBytes,1789085716614000000,1789085776589000000,321912832
JVM.usedNativeBytes,1789085716614000000,1789085776589000000,348094392
JVM.newThreadsCount,1789085716614000000,1789085776589000000,130
JVM.GC.collections,1789085716614000000,1789085776589000000,1
JVM.maxHeapBytes,1789085716614000000,1789085776589000000,2147483648
cacheStateStorage.set.counter,1789085716614000000,1789085776589000000,0
cacheStateStorage.get.counter,1789085716614000000,1789085776589000000,1
cacheStateStorage.set.duration,1789085716614000000,1789085776589000000,0
cacheStateStorage.get.duration,1789085716614000000,1789085776589000000,0
FilePageCacheLockFree.housekeeperTimeSpentMs,1789085716614000000,1789085776589000000,0
FilePageCache.pageHits,1789085716614000000,1789085776589000000,0
FilePageCacheLockFree.totalPagesReadMs,1789085716614000000,1789085776589000000,0
FilePageCacheLockFree.totalHeapBytesAllocated,1789085716614000000,1789085776589000000,0
MappedFileStorage.totalBytesMapped,1789085716614000000,1789085776589000000,177471488
DirectByteBufferAllocator.hits,1789085716614000000,1789085776589000000,0
FilePageCache.uncachedFileAccess,1789085716614000000,1789085776589000000,0
DirectByteBufferAllocator.reclaimed,1789085716614000000,1789085776589000000,0
DirectByteBufferAllocator.misses,1789085716614000000,1789085776589000000,0
FilePageCacheLockFree.totalBytesRequested,1789085716614000000,1789085776589000000,0
StreamlinedBlobStorage.totalLiveRecordsPayloadBytes,1789085716614000000,1789085776589000000,0
FilePageCacheLockFree.totalHeapBytesReclaimed,1789085716614000000,1789085776589000000,0
DirectByteBufferAllocator.totalSizeOfBuffersAllocatedInBytes,1789085716614000000,1789085776589000000,212877312
StorageLockContext.competingThreads.max,1789085716614000000,1789085776589000000,0
FilePageCacheLockFree.totalPagesWriteMs,1789085716614000000,1789085776589000000,0
FilePageCache.capacityInBytes,1789085716614000000,1789085776589000000,503316478
StorageLockContext.competingThreads.90P,1789085716614000000,1789085776589000000,0
FilePageCacheLockFree.housekeeperTurnsSkipped,1789085716614000000,1789085776589000000,0
MappedFileStorage.totalTimeSpentOnMappingUs,1789085716614000000,1789085776589000000,5257
FilePageCacheLockFree.housekeeperTurnsDone,1789085716614000000,1789085776589000000,0
StreamlinedBlobStorage.recordsDeleted,1789085716614000000,1789085776589000000,0
MappedFileStorage.totalPagesMapped,1789085716614000000,1789085776589000000,10
MappedFileStorage.storages,1789085716614000000,1789085776589000000,10
StorageLockContext.competingThreads.avg,1789085716614000000,1789085776589000000,0.0
FilePageCacheLockFree.heapBytesInUse,1789085716614000000,1789085776589000000,0
FilePageCacheLockFree.totalBytesWritten,1789085716614000000,1789085776589000000,0
FilePageCacheLockFree.totalPagesAllocated,1789085716614000000,1789085776589000000,0
FilePageCache.disposedBuffers,1789085716614000000,1789085776589000000,0
StreamlinedBlobStorage.recordsAllocated,1789085716614000000,1789085776589000000,0
FilePageCacheLockFree.totalNativeBytesReclaimed,1789085716614000000,1789085776589000000,0
FilePageCacheLockFree.totalPagesWritten,1789085716614000000,1789085776589000000,0
FilePageCacheLockFree.totalClosedStoragesReclaimed,1789085716614000000,1789085776589000000,0
FilePageCacheLockFree.totalPagesHandedOver,1789085716614000000,1789085776589000000,0
FileChannelInterruptsRetryer.totalRetriedAttempts,1789085716614000000,1789085776589000000,0
DirectByteBufferAllocator.disposed,1789085716614000000,1789085776589000000,0
FilePageCache.maxCacheSizeInBytes,1789085716614000000,1789085776589000000,212877312
FilePageCache.pageFastCacheHits,1789085716614000000,1789085776589000000,3
FilePageCache.totalPageLoadsUs,1789085716614000000,1789085776589000000,0
FilePageCacheLockFree.totalBytesRead,1789085716614000000,1789085776589000000,0
FilePageCacheLockFree.totalPagesReclaimed,1789085716614000000,1789085776589000000,0
StreamlinedBlobStorage.recordsRelocated,1789085716614000000,1789085776589000000,0
FilePageCache.pageLoadsAboveSizeThreshold,1789085716614000000,1789085776589000000,0
FilePageCacheLockFree.totalNativeBytesAllocated,1789085716614000000,1789085776589000000,0
FilePageCache.maxRegisteredFiles,1789085716614000000,1789085776589000000,555
FilePageCache.totalPageDisposalsUs,1789085716614000000,1789085776589000000,0
FilePageCacheLockFree.totalPagesRequestsMs,1789085716614000000,1789085776589000000,0
StreamlinedBlobStorage.totalLiveRecordsCapacityBytes,1789085716614000000,1789085776589000000,0
FilePageCacheLockFree.totalPageAllocationsWaited,1789085716614000000,1789085776589000000,0
FilePageCacheLockFree.totalPagesRequested,1789085716614000000,1789085776589000000,0
DirectByteBufferAllocator.totalSizeOfBuffersCachedInBytes,1789085716614000000,1789085776589000000,0
FilePageCache.pageLoads,1789085716614000000,1789085776589000000,0
FilePageCacheLockFree.nativeBytesInUse,1789085716614000000,1789085776589000000,0
FlushQueue.executionTimeMaxNs,1789085716614000000,1789085776589000000,0
FlushQueue.queueSizeAvg,1789085716614000000,1789085776589000000,0.0
FlushQueue.waitingTimeMaxNs,1789085716614000000,1789085776589000000,0
NonBlockingReadAction.failedExecutionTimeUs,1789085716614000000,1789085776589000000,0
WriteAction.executionsCount,1789085716614000000,1789085776589000000,0
AWTEventQueue.dispatchTimeMaxNs,1789085716614000000,1789085776589000000,0
FlushQueue.tasksExecuted,1789085716614000000,1789085776589000000,0
ReadAction.executionsCount,1789085716614000000,1789085776589000000,13506
AWTEventQueue.dispatchTime90PNs,1789085716614000000,1789085776589000000,0
AWTEventQueue.eventsDispatched,1789085716614000000,1789085776589000000,0
FlushQueue.waitingTimeAvgNs,1789085716614000000,1789085776589000000,0.0
FlushQueue.executionTimeAvgNs,1789085716614000000,1789085776589000000,0.0
NonBlockingReadAction.finalizedExecutionsCount,1789085716614000000,1789085776589000000,44
FlushQueue.queueSizeMax,1789085716614000000,1789085776589000000,0
AWTEventQueue.dispatchTimeTotalNS,1789085716614000000,1789085776589000000,2153845071
FlushQueue.waitingTime90PNs,1789085716614000000,1789085776589000000,0
NonBlockingReadAction.failedExecutionsCount,1789085716614000000,1789085776589000000,0
AWTEventQueue.dispatchTimeAvgNs,1789085716614000000,1789085776589000000,0.0
FlushQueue.queueSize90P,1789085716614000000,1789085776589000000,0
FlushQueue.executionTime90PNs,1789085716614000000,1789085776589000000,0
NonBlockingReadAction.finalizedExecutionTimeUs,1789085716614000000,1789085776589000000,4671
VFS.invertedFileNameIndex.requests,1789085716614000000,1789085776589000000,0
VFS.fileByIdCache.misses,1789085716614000000,1789085776589000000,0
FileNameCache.queries,1789085716614000000,1789085776589000000,0
VFS.fileByIdCache.hits,1789085716614000000,1789085776589000000,0
VFS.fileChildByName,1789085716614000000,1789085776589000000,12
FileNameCache.totalMisses,1789085716614000000,1789085776589000000,0
writeAction.max.wait.ms,1789085716614000000,1789085776589000000,4
writeAction.wait.ms,1789085716614000000,1789085776589000000,0
writeAction.count,1789085716614000000,1789085776589000000,0
writeAction.median.wait.ms,1789085716614000000,1789085776589000000,0
workspaceModel.workspaceFileIndexData.visitFileSets.ms,1789085716614000000,1789085776589000000,0
workspaceModel.replace.project.model.ms,1789085716614000000,1789085776589000000,0
workspaceModel.cachedValueWithParameters.clear.ms,1789085716614000000,1789085776589000000,0
workspaceModel.workspaceFileIndexData.init.ms,1789085716614000000,1789085776589000000,0
workspaceModel.workspaceFileIndexData.markDirty.ms,1789085716614000000,1789085776589000000,0
workspaceModel.workspaceFileIndexData.getFileInfo.ms,1789085716614000000,1789085776589000000,1
workspaceModel.updates.count,1789085716614000000,1789085776589000000,0
workspaceModel.workspaceFileIndexData.getDirectoriesByPackageName.ms,1789085716614000000,1789085776589000000,0
workspaceModel.workspaceFileIndexData.instances.count,1789085716614000000,1789085776589000000,0
workspaceModel.initializing.ms,1789085716614000000,1789085776589000000,0
workspaceModel.cachedValueWithParameters.from.cache.ms,1789085716614000000,1789085776589000000,0
workspaceModel.loading.from.cache.ms,1789085716614000000,1789085776589000000,0
workspaceModel.workspaceFileIndexData.getPackageName.ms,1789085716614000000,1789085776589000000,0
workspaceModel.full.replace.project.model.ms,1789085716614000000,1789085776589000000,0
workspaceModel.updates.precise.ms,1789085716614000000,1789085776589000000,0
workspaceModel.init.bridges.ms,1789085716614000000,1789085776589000000,0
workspaceModel.updates.ms,1789085716614000000,1789085776589000000,0
workspaceModel.cachedValueWithParameters.calculated.ms,1789085716614000000,1789085776589000000,0
workspaceModel.loading.total.ms,1789085716614000000,1789085776589000000,0
workspaceModel.pre.handlers.ms,1789085716614000000,1789085776589000000,0
workspaceModel.workspaceFileIndexData.onEntitiesChanged.ms,1789085716614000000,1789085776589000000,0
workspaceModel.check.recursive.update.ms,1789085716614000000,1789085776589000000,0
workspaceModel.cachedValueWithParameters.total.get.ms,1789085716614000000,1789085776589000000,0
workspaceModel.cachedValue.clear.ms,1789085716614000000,1789085776589000000,0
workspaceModel.workspaceFileIndexContributor.registerFileSets.ms,1789085716614000000,1789085776589000000,0
workspaceModel.to.snapshot.ms,1789085716614000000,1789085776589000000,0
workspaceModel.cachedValue.from.cache.ms,1789085716614000000,1789085776589000000,0
workspaceModel.collect.changes.ms,1789085716614000000,1789085776589000000,0
workspaceModel.cachedValue.total.get.ms,1789085716614000000,1789085776589000000,0
workspaceModel.cachedValue.calculated.ms,1789085716614000000,1789085776589000000,0
workspaceModel.entityStorageSnapshotImpl.instances.count,1789085716614000000,1789085776589000000,0
workspaceModel.workspaceFileIndexData.processFileSets.ms,1789085716614000000,1789085776589000000,0
workspaceModel.workspaceFileIndexData.updateDirtyEntities.ms,1789085716614000000,1789085776589000000,0
workspaceModel.update.unloaded.entities.ms,1789085716614000000,1789085776589000000,0
compiler.ArtifactVirtualFileListener.filePathChanged.ms,1789085716614000000,1789085776589000000,0
compiler.ArtifactManagerBridge.getArtifacts.ms,1789085716614000000,1789085776589000000,0
compiler.ArtifactManagerBridge.findArtifact.ms,1789085716614000000,1789085776589000000,0
compiler.ArtifactVirtualFileListener.propertyChanged.ms,1789085716614000000,1789085776589000000,0
compiler.ArtifactManagerBridge.addArtifact.ms,1789085716614000000,1789085776589000000,0
compiler.ArtifactManagerBridge.getArtifactsByType.ms,1789085716614000000,1789085776589000000,0
compiler.ArtifactManagerBridge.dropMappings.ms,1789085716614000000,1789085776589000000,0
compiler.ArtifactManagerBridge.initBridges.ms,1789085716614000000,1789085776589000000,0
compiler.ArtifactManagerBridge.commit.ms,1789085716614000000,1789085776589000000,0
IndexesFlusher.totalFlushes,1789085716614000000,1789085776589000000,59
Indexes.stubs.lookups,1789085716614000000,1789085776589000000,0.0
Indexes.allKeys.lookupDurationMaxMs,1789085716614000000,1789085776589000000,0.0
Indexes.entries.lookupDurationAvgMs,1789085716614000000,1789085776589000000,0.0
Indexes.allKeys.lookups,1789085716614000000,1789085776589000000,0.0
Indexes.entries.lookupDuration90PMs,1789085716614000000,1789085776589000000,0.0
Indexes.stubs.lookupDuration90PMs,1789085716614000000,1789085776589000000,0.0
IndexesFlusher.totalContentionQuotaSpent,1789085716614000000,1789085776589000000,1
Indexes.stubs.lookupDurationAvgMs,1789085716614000000,1789085776589000000,0.0
Indexes.allKeys.lookupDurationAvgMs,1789085716614000000,1789085776589000000,0.0
Indexes.stubs.lookupDurationMaxMs,1789085716614000000,1789085776589000000,0.0
IndexesFlusher.totalFlushingTimeUs,1789085716614000000,1789085776589000000,284363
Indexes.entries.lookupDurationMaxMs,1789085716614000000,1789085776589000000,0.0
IndexesFlusher.totalFlushesRetried,1789085716614000000,1789085776589000000,0
Indexes.entries.lookups,1789085716614000000,1789085776589000000,0.0
Indexes.allKeys.lookupDuration90PMs,1789085716614000000,1789085776589000000,0.0
workspaceModel.moduleManagerBridge.create.module.instance.ms,1789085716614000000,1789085776589000000,0
jps.library.entities.serializer.load.entities.ms,1789085716614000000,1789085776589000000,0
workspaceModel.mutableEntityStorage.add.entity.ms,1789085716614000000,1789085776589000000,0
jps.module.iml.entities.serializer.load.entities.ms,1789085716614000000,1789085776589000000,0
jps.save.global.entities.ms,1789085716614000000,1789085776589000000,7
jps.facet.change.listener.process.change.events.ms,1789085716614000000,1789085776589000000,0
jps.artifact.entities.serializer.load.entities.ms,1789085716614000000,1789085776589000000,0
workspaceModel.global.updates.count,1789085716614000000,1789085776589000000,0
jps.global.get.library.ms,1789085716614000000,1789085776589000000,0
workspaceModel.moduleManagerBridge.newModule.ms,1789085716614000000,1789085776589000000,0
jps.global.handle.changed.events.ms,1789085716614000000,1789085776589000000,0
workspaceModel.moduleManagerBridge.new.nonPersistent.module.ms,1789085716614000000,1789085776589000000,0
workspaceModel.moduleManagerBridge.set.unloadedModules.ms,1789085716614000000,1789085776589000000,0
jps.project.serializers.save.ms,1789085716614000000,1789085776589000000,1
jps.global.initialize.library.bridges.after.loading.ms,1789085716614000000,1789085776589000000,0
workspaceModel.mutableEntityStorage.collect.changes.ms,1789085716614000000,1789085776589000000,0
jps.global.get.libraries.ms,1789085716614000000,1789085776589000000,0
workspaceModel.global.apply.state.to.project.ms,1789085716614000000,1789085776589000000,0
workspaceModel.orphan.listener.update.ms,1789085716614000000,1789085776589000000,0
jps.global.get.library.by.name.ms,1789085716614000000,1789085776589000000,0
workspaceModel.mutableEntityStorage.to.snapshot.ms,1789085716614000000,1789085776589000000,0
jps.storage.jps.conf.reader.load.component.ms,1789085716614000000,1789085776589000000,0
workspaceModel.moduleBridgeLoader.loading.modules.ms,1789085716614000000,1789085776589000000,0
workspaceModel.moduleBridge.update.option.ms,1789085716614000000,1789085776589000000,0
jps.project.serializers.load.ms,1789085716614000000,1789085776589000000,0
jps.save.changed.project.entities.ms,1789085716614000000,1789085776589000000,1
workspaceModel.sync.entities.ms,1789085716614000000,1789085776589000000,0
workspaceModel.moduleManagerBridge.load.module.ms,1789085716614000000,1789085776589000000,0
workspaceModel.save.cache.to.file.ms,1789085716614000000,1789085776589000000,0
workspaceModel.mutableEntityStorage.instances.count,1789085716614000000,1789085776589000000,0
jps.app.storage.content.writer.save.component.ms,1789085716614000000,1789085776589000000,4
workspaceModel.moduleManagerBridge.load.all.modules.ms,1789085716614000000,1789085776589000000,0
workspaceModel.mutableEntityStorage.has.same.entities.ms,1789085716614000000,1789085776589000000,0
workspaceModel.mutableEntityStorage.entities.ms,1789085716614000000,1789085776589000000,0
workspaceModel.delayed.project.synchronizer.sync.ms,1789085716614000000,1789085776589000000,0
workspaceModel.moduleManagerBridge.get.modules.ms,1789085716614000000,1789085776589000000,0
workspaceModel.moduleManagerBridge.build.module.graph.ms,1789085716614000000,1789085776589000000,0
workspaceModel.mutableEntityStorage.modify.entity.ms,1789085716614000000,1789085776589000000,0
workspaceModel.mutableEntityStorage.referrers.ms,1789085716614000000,1789085776589000000,0
workspaceModel.global.updates.ms,1789085716614000000,1789085776589000000,0
jps.reload.project.entities.ms,1789085716614000000,1789085776589000000,0
jps.app.storage.content.reader.load.component.ms,1789085716614000000,1789085776589000000,0
workspaceModel.mutableEntityStorage.put.entity.ms,1789085716614000000,1789085776589000000,0
jps.load.project.to.empty.storage.ms,1789085716614000000,1789085776589000000,0
workspaceModel.do.save.caches.ms,1789085716614000000,1789085776589000000,0
jps.facet.change.listener.init.bridge.ms,1789085716614000000,1789085776589000000,0
workspaceModel.load.cache.metadata.from.file.ms,1789085716614000000,1789085776589000000,0
workspaceModel.mutableEntityStorage.resolve.ms,1789085716614000000,1789085776589000000,0
workspaceModel.mutableEntityStorage.remove.entity.ms,1789085716614000000,1789085776589000000,0
workspaceModel.mutableEntityStorage.replace.by.source.ms,1789085716614000000,1789085776589000000,0
jps.module.iml.entities.serializer.save.entities.ms,1789085716614000000,1789085776589000000,0
workspaceModel.mutableEntityStorage.mutable.ext.mapping.ms,1789085716614000000,1789085776589000000,0
jps.facet.change.listener.before.change.events.ms,1789085716614000000,1789085776589000000,0
jps.apply.loaded.storage.ms,1789085716614000000,1789085776589000000,0
jps.library.entities.serializer.save.entities.ms,1789085716614000000,1789085776589000000,0
workspaceModel.mutableEntityStorage.entities.by.source.ms,1789085716614000000,1789085776589000000,0
workspaceModel.global.apply.state.to.project.builder.ms,1789085716614000000,1789085776589000000,0
workspaceModel.moduleBridge.facet.initialization.ms,1789085716614000000,1789085776589000000,0
workspaceModel.mutableEntityStorage.mutable.vfurl.index.ms,1789085716614000000,1789085776589000000,0
jps.global.handle.before.change.events.ms,1789085716614000000,1789085776589000000,0
jps.global.initialize.library.bridges.ms,1789085716614000000,1789085776589000000,0
workspaceModel.load.cache.from.file.ms,1789085716614000000,1789085776589000000,0
jps.artifact.entities.serializer.save.entities.ms,1789085716614000000,1789085776589000000,0
jps.load.initial.state.ms,1789085716614000000,1789085776589000000,0
workspaceModel.moduleBridge.before.changed.ms,1789085716614000000,1789085776589000000,0
workspaceModel.mutableEntityStorage.apply.changes.from.ms,1789085716614000000,1789085776589000000,0
JVM.GC.collectionTimesMs,1789085776589000000,1789085836590000000,0
JVM.totalCpuTimeMs,1789085776589000000,1789085836590000000,8213
JVM.threadCount,1789085776589000000,1789085836590000000,63
OS.loadAverage,1789085776589000000,1789085836590000000,3.50146484375
JVM.totalBytesAllocated,1789085776589000000,1789085836590000000,81101192
JVM.maxThreadCount,1789085776589000000,1789085836590000000,137
JVM.totalDirectByteBuffersBytes,1789085776589000000,1789085836590000000,214671749
JVM.usedHeapBytes,1789085776589000000,1789085836590000000,418381824
JVM.usedNativeBytes,1789085776589000000,1789085836590000000,349080912
JVM.newThreadsCount,1789085776589000000,1789085836590000000,135
JVM.GC.collections,1789085776589000000,1789085836590000000,0
JVM.maxHeapBytes,1789085776589000000,1789085836590000000,2147483648
cacheStateStorage.set.counter,1789085776589000000,1789085836590000000,0
cacheStateStorage.get.counter,1789085776589000000,1789085836590000000,0
cacheStateStorage.set.duration,1789085776589000000,1789085836590000000,0
cacheStateStorage.get.duration,1789085776589000000,1789085836590000000,0
FilePageCacheLockFree.housekeeperTimeSpentMs,1789085776589000000,1789085836590000000,0
FilePageCache.pageHits,1789085776589000000,1789085836590000000,0
FilePageCacheLockFree.totalPagesReadMs,1789085776589000000,1789085836590000000,0
FilePageCacheLockFree.totalHeapBytesAllocated,1789085776589000000,1789085836590000000,0
MappedFileStorage.totalBytesMapped,1789085776589000000,1789085836590000000,177471488
DirectByteBufferAllocator.hits,1789085776589000000,1789085836590000000,0
FilePageCache.uncachedFileAccess,1789085776589000000,1789085836590000000,0
DirectByteBufferAllocator.reclaimed,1789085776589000000,1789085836590000000,0
DirectByteBufferAllocator.misses,1789085776589000000,1789085836590000000,0
FilePageCacheLockFree.totalBytesRequested,1789085776589000000,1789085836590000000,0
StreamlinedBlobStorage.totalLiveRecordsPayloadBytes,1789085776589000000,1789085836590000000,0
FilePageCacheLockFree.totalHeapBytesReclaimed,1789085776589000000,1789085836590000000,0
DirectByteBufferAllocator.totalSizeOfBuffersAllocatedInBytes,1789085776589000000,1789085836590000000,212877312
StorageLockContext.competingThreads.max,1789085776589000000,1789085836590000000,0
FilePageCacheLockFree.totalPagesWriteMs,1789085776589000000,1789085836590000000,0
FilePageCache.capacityInBytes,1789085776589000000,1789085836590000000,503316478
StorageLockContext.competingThreads.90P,1789085776589000000,1789085836590000000,0
FilePageCacheLockFree.housekeeperTurnsSkipped,1789085776589000000,1789085836590000000,0
MappedFileStorage.totalTimeSpentOnMappingUs,1789085776589000000,1789085836590000000,5257
FilePageCacheLockFree.housekeeperTurnsDone,1789085776589000000,1789085836590000000,0
StreamlinedBlobStorage.recordsDeleted,1789085776589000000,1789085836590000000,0
MappedFileStorage.totalPagesMapped,1789085776589000000,1789085836590000000,10
MappedFileStorage.storages,1789085776589000000,1789085836590000000,10
StorageLockContext.competingThreads.avg,1789085776589000000,1789085836590000000,0.0
FilePageCacheLockFree.heapBytesInUse,1789085776589000000,1789085836590000000,0
FilePageCacheLockFree.totalBytesWritten,1789085776589000000,1789085836590000000,0
FilePageCacheLockFree.totalPagesAllocated,1789085776589000000,1789085836590000000,0
FilePageCache.disposedBuffers,1789085776589000000,1789085836590000000,0
StreamlinedBlobStorage.recordsAllocated,1789085776589000000,1789085836590000000,0
FilePageCacheLockFree.totalNativeBytesReclaimed,1789085776589000000,1789085836590000000,0
FilePageCacheLockFree.totalPagesWritten,1789085776589000000,1789085836590000000,0
FilePageCacheLockFree.totalClosedStoragesReclaimed,1789085776589000000,1789085836590000000,0
FilePageCacheLockFree.totalPagesHandedOver,1789085776589000000,1789085836590000000,0
FileChannelInterruptsRetryer.totalRetriedAttempts,1789085776589000000,1789085836590000000,0
DirectByteBufferAllocator.disposed,1789085776589000000,1789085836590000000,0
FilePageCache.maxCacheSizeInBytes,1789085776589000000,1789085836590000000,212877312
FilePageCache.pageFastCacheHits,1789085776589000000,1789085836590000000,0
FilePageCache.totalPageLoadsUs,1789085776589000000,1789085836590000000,0
FilePageCacheLockFree.totalBytesRead,1789085776589000000,1789085836590000000,0
FilePageCacheLockFree.totalPagesReclaimed,1789085776589000000,1789085836590000000,0
StreamlinedBlobStorage.recordsRelocated,1789085776589000000,1789085836590000000,0
FilePageCache.pageLoadsAboveSizeThreshold,1789085776589000000,1789085836590000000,0
FilePageCacheLockFree.totalNativeBytesAllocated,1789085776589000000,1789085836590000000,0
FilePageCache.maxRegisteredFiles,1789085776589000000,1789085836590000000,555
FilePageCache.totalPageDisposalsUs,1789085776589000000,1789085836590000000,0
FilePageCacheLockFree.totalPagesRequestsMs,1789085776589000000,1789085836590000000,0
StreamlinedBlobStorage.totalLiveRecordsCapacityBytes,1789085776589000000,1789085836590000000,0
FilePageCacheLockFree.totalPageAllocationsWaited,1789085776589000000,1789085836590000000,0
FilePageCacheLockFree.totalPagesRequested,1789085776589000000,1789085836590000000,0
DirectByteBufferAllocator.totalSizeOfBuffersCachedInBytes,1789085776589000000,1789085836590000000,0
FilePageCache.pageLoads,1789085776589000000,1789085836590000000,0
FilePageCacheLockFree.nativeBytesInUse,1789085776589000000,1789085836590000000,0
FlushQueue.executionTimeMaxNs,1789085776589000000,1789085836590000000,0
FlushQueue.queueSizeAvg,1789085776589000000,1789085836590000000,0.0
FlushQueue.waitingTimeMaxNs,1789085776589000000,1789085836590000000,0
NonBlockingReadAction.failedExecutionTimeUs,1789085776589000000,1789085836590000000,0
WriteAction.executionsCount,1789085776589000000,1789085836590000000,0
AWTEventQueue.dispatchTimeMaxNs,1789085776589000000,1789085836590000000,0
FlushQueue.tasksExecuted,1789085776589000000,1789085836590000000,0
ReadAction.executionsCount,1789085776589000000,1789085836590000000,4492
AWTEventQueue.dispatchTime90PNs,1789085776589000000,1789085836590000000,0
AWTEventQueue.eventsDispatched,1789085776589000000,1789085836590000000,0
FlushQueue.waitingTimeAvgNs,1789085776589000000,1789085836590000000,0.0
FlushQueue.executionTimeAvgNs,1789085776589000000,1789085836590000000,0.0
NonBlockingReadAction.finalizedExecutionsCount,1789085776589000000,1789085836590000000,13
FlushQueue.queueSizeMax,1789085776589000000,1789085836590000000,0
AWTEventQueue.dispatchTimeTotalNS,1789085776589000000,1789085836590000000,1285044902
FlushQueue.waitingTime90PNs,1789085776589000000,1789085836590000000,0
NonBlockingReadAction.failedExecutionsCount,1789085776589000000,1789085836590000000,0
AWTEventQueue.dispatchTimeAvgNs,1789085776589000000,1789085836590000000,0.0
FlushQueue.queueSize90P,1789085776589000000,1789085836590000000,0
FlushQueue.executionTime90PNs,1789085776589000000,1789085836590000000,0
NonBlockingReadAction.finalizedExecutionTimeUs,1789085776589000000,1789085836590000000,1169
VFS.invertedFileNameIndex.requests,1789085776589000000,1789085836590000000,0
VFS.fileByIdCache.misses,1789085776589000000,1789085836590000000,0
FileNameCache.queries,1789085776589000000,1789085836590000000,0
VFS.fileByIdCache.hits,1789085776589000000,1789085836590000000,0
VFS.fileChildByName,1789085776589000000,1789085836590000000,0
FileNameCache.totalMisses,1789085776589000000,1789085836590000000,0
writeAction.max.wait.ms,1789085776589000000,1789085836590000000,4
writeAction.wait.ms,1789085776589000000,1789085836590000000,0
writeAction.count,1789085776589000000,1789085836590000000,0
writeAction.median.wait.ms,1789085776589000000,1789085836590000000,0
workspaceModel.workspaceFileIndexData.visitFileSets.ms,1789085776589000000,1789085836590000000,0
workspaceModel.replace.project.model.ms,1789085776589000000,1789085836590000000,0
workspaceModel.cachedValueWithParameters.clear.ms,1789085776589000000,1789085836590000000,0
workspaceModel.workspaceFileIndexData.init.ms,1789085776589000000,1789085836590000000,0
workspaceModel.workspaceFileIndexData.markDirty.ms,1789085776589000000,1789085836590000000,0
workspaceModel.workspaceFileIndexData.getFileInfo.ms,1789085776589000000,1789085836590000000,0
workspaceModel.updates.count,1789085776589000000,1789085836590000000,0
workspaceModel.workspaceFileIndexData.getDirectoriesByPackageName.ms,1789085776589000000,1789085836590000000,0
workspaceModel.workspaceFileIndexData.instances.count,1789085776589000000,1789085836590000000,0
workspaceModel.initializing.ms,1789085776589000000,1789085836590000000,0
workspaceModel.cachedValueWithParameters.from.cache.ms,1789085776589000000,1789085836590000000,0
workspaceModel.loading.from.cache.ms,1789085776589000000,1789085836590000000,0
workspaceModel.workspaceFileIndexData.getPackageName.ms,1789085776589000000,1789085836590000000,0
workspaceModel.full.replace.project.model.ms,1789085776589000000,1789085836590000000,0
workspaceModel.updates.precise.ms,1789085776589000000,1789085836590000000,0
workspaceModel.init.bridges.ms,1789085776589000000,1789085836590000000,0
workspaceModel.updates.ms,1789085776589000000,1789085836590000000,0
workspaceModel.cachedValueWithParameters.calculated.ms,1789085776589000000,1789085836590000000,0
workspaceModel.loading.total.ms,1789085776589000000,1789085836590000000,0
workspaceModel.pre.handlers.ms,1789085776589000000,1789085836590000000,0
workspaceModel.workspaceFileIndexData.onEntitiesChanged.ms,1789085776589000000,1789085836590000000,0
workspaceModel.check.recursive.update.ms,1789085776589000000,1789085836590000000,0
workspaceModel.cachedValueWithParameters.total.get.ms,1789085776589000000,1789085836590000000,0
workspaceModel.cachedValue.clear.ms,1789085776589000000,1789085836590000000,0
workspaceModel.workspaceFileIndexContributor.registerFileSets.ms,1789085776589000000,1789085836590000000,0
workspaceModel.to.snapshot.ms,1789085776589000000,1789085836590000000,0
workspaceModel.cachedValue.from.cache.ms,1789085776589000000,1789085836590000000,0
workspaceModel.collect.changes.ms,1789085776589000000,1789085836590000000,0
workspaceModel.cachedValue.total.get.ms,1789085776589000000,1789085836590000000,0
workspaceModel.cachedValue.calculated.ms,1789085776589000000,1789085836590000000,0
workspaceModel.entityStorageSnapshotImpl.instances.count,1789085776589000000,1789085836590000000,0
workspaceModel.workspaceFileIndexData.processFileSets.ms,1789085776589000000,1789085836590000000,0
workspaceModel.workspaceFileIndexData.updateDirtyEntities.ms,1789085776589000000,1789085836590000000,0
workspaceModel.update.unloaded.entities.ms,1789085776589000000,1789085836590000000,0
compiler.ArtifactVirtualFileListener.filePathChanged.ms,1789085776589000000,1789085836590000000,0
compiler.ArtifactManagerBridge.getArtifacts.ms,1789085776589000000,1789085836590000000,0
compiler.ArtifactManagerBridge.findArtifact.ms,1789085776589000000,1789085836590000000,0
compiler.ArtifactVirtualFileListener.propertyChanged.ms,1789085776589000000,1789085836590000000,0
compiler.ArtifactManagerBridge.addArtifact.ms,1789085776589000000,1789085836590000000,0
compiler.ArtifactManagerBridge.getArtifactsByType.ms,1789085776589000000,1789085836590000000,0
compiler.ArtifactManagerBridge.dropMappings.ms,1789085776589000000,1789085836590000000,0
compiler.ArtifactManagerBridge.initBridges.ms,1789085776589000000,1789085836590000000,0
compiler.ArtifactManagerBridge.commit.ms,1789085776589000000,1789085836590000000,0
IndexesFlusher.totalFlushes,1789085776589000000,1789085836590000000,59
Indexes.stubs.lookups,1789085776589000000,1789085836590000000,0.0
Indexes.allKeys.lookupDurationMaxMs,1789085776589000000,1789085836590000000,0.0
Indexes.entries.lookupDurationAvgMs,1789085776589000000,1789085836590000000,0.0
Indexes.allKeys.lookups,1789085776589000000,1789085836590000000,0.0
Indexes.entries.lookupDuration90PMs,1789085776589000000,1789085836590000000,0.0
Indexes.stubs.lookupDuration90PMs,1789085776589000000,1789085836590000000,0.0
IndexesFlusher.totalContentionQuotaSpent,1789085776589000000,1789085836590000000,0
Indexes.stubs.lookupDurationAvgMs,1789085776589000000,1789085836590000000,0.0
Indexes.allKeys.lookupDurationAvgMs,1789085776589000000,1789085836590000000,0.0
Indexes.stubs.lookupDurationMaxMs,1789085776589000000,1789085836590000000,0.0
IndexesFlusher.totalFlushingTimeUs,1789085776589000000,1789085836590000000,241269
Indexes.entries.lookupDurationMaxMs,1789085776589000000,1789085836590000000,0.0
IndexesFlusher.totalFlushesRetried,1789085776589000000,1789085836590000000,0
Indexes.entries.lookups,1789085776589000000,1789085836590000000,0.0
Indexes.allKeys.lookupDuration90PMs,1789085776589000000,1789085836590000000,0.0
workspaceModel.moduleManagerBridge.create.module.instance.ms,1789085776589000000,1789085836590000000,0
jps.library.entities.serializer.load.entities.ms,1789085776589000000,1789085836590000000,0
workspaceModel.mutableEntityStorage.add.entity.ms,1789085776589000000,1789085836590000000,0
jps.module.iml.entities.serializer.load.entities.ms,1789085776589000000,1789085836590000000,0
jps.save.global.entities.ms,1789085776589000000,1789085836590000000,0
jps.facet.change.listener.process.change.events.ms,1789085776589000000,1789085836590000000,0
jps.artifact.entities.serializer.load.entities.ms,1789085776589000000,1789085836590000000,0
workspaceModel.global.updates.count,1789085776589000000,1789085836590000000,0
jps.global.get.library.ms,1789085776589000000,1789085836590000000,0
workspaceModel.moduleManagerBridge.newModule.ms,1789085776589000000,1789085836590000000,0
jps.global.handle.changed.events.ms,1789085776589000000,1789085836590000000,0
workspaceModel.moduleManagerBridge.new.nonPersistent.module.ms,1789085776589000000,1789085836590000000,0
workspaceModel.moduleManagerBridge.set.unloadedModules.ms,1789085776589000000,1789085836590000000,0
jps.project.serializers.save.ms,1789085776589000000,1789085836590000000,0
jps.global.initialize.library.bridges.after.loading.ms,1789085776589000000,1789085836590000000,0
workspaceModel.mutableEntityStorage.collect.changes.ms,1789085776589000000,1789085836590000000,0
jps.global.get.libraries.ms,1789085776589000000,1789085836590000000,0
workspaceModel.global.apply.state.to.project.ms,1789085776589000000,1789085836590000000,0
workspaceModel.orphan.listener.update.ms,1789085776589000000,1789085836590000000,0
jps.global.get.library.by.name.ms,1789085776589000000,1789085836590000000,0
workspaceModel.mutableEntityStorage.to.snapshot.ms,1789085776589000000,1789085836590000000,0
jps.storage.jps.conf.reader.load.component.ms,1789085776589000000,1789085836590000000,0
workspaceModel.moduleBridgeLoader.loading.modules.ms,1789085776589000000,1789085836590000000,0
workspaceModel.moduleBridge.update.option.ms,1789085776589000000,1789085836590000000,0
jps.project.serializers.load.ms,1789085776589000000,1789085836590000000,0
jps.save.changed.project.entities.ms,1789085776589000000,1789085836590000000,0
workspaceModel.sync.entities.ms,1789085776589000000,1789085836590000000,0
workspaceModel.moduleManagerBridge.load.module.ms,1789085776589000000,1789085836590000000,0
workspaceModel.save.cache.to.file.ms,1789085776589000000,1789085836590000000,0
workspaceModel.mutableEntityStorage.instances.count,1789085776589000000,1789085836590000000,0
jps.app.storage.content.writer.save.component.ms,1789085776589000000,1789085836590000000,0
workspaceModel.moduleManagerBridge.load.all.modules.ms,1789085776589000000,1789085836590000000,0
workspaceModel.mutableEntityStorage.has.same.entities.ms,1789085776589000000,1789085836590000000,0
workspaceModel.mutableEntityStorage.entities.ms,1789085776589000000,1789085836590000000,0
workspaceModel.delayed.project.synchronizer.sync.ms,1789085776589000000,1789085836590000000,0
workspaceModel.moduleManagerBridge.get.modules.ms,1789085776589000000,1789085836590000000,0
workspaceModel.moduleManagerBridge.build.module.graph.ms,1789085776589000000,1789085836590000000,0
workspaceModel.mutableEntityStorage.modify.entity.ms,1789085776589000000,1789085836590000000,0
workspaceModel.mutableEntityStorage.referrers.ms,1789085776589000000,1789085836590000000,0
workspaceModel.global.updates.ms,1789085776589000000,1789085836590000000,0
jps.reload.project.entities.ms,1789085776589000000,1789085836590000000,0
jps.app.storage.content.reader.load.component.ms,1789085776589000000,1789085836590000000,0
workspaceModel.mutableEntityStorage.put.entity.ms,1789085776589000000,1789085836590000000,0
jps.load.project.to.empty.storage.ms,1789085776589000000,1789085836590000000,0
workspaceModel.do.save.caches.ms,1789085776589000000,1789085836590000000,0
jps.facet.change.listener.init.bridge.ms,1789085776589000000,1789085836590000000,0
workspaceModel.load.cache.metadata.from.file.ms,1789085776589000000,1789085836590000000,0
workspaceModel.mutableEntityStorage.resolve.ms,1789085776589000000,1789085836590000000,0
workspaceModel.mutableEntityStorage.remove.entity.ms,1789085776589000000,1789085836590000000,0
workspaceModel.mutableEntityStorage.replace.by.source.ms,1789085776589000000,1789085836590000000,0
jps.module.iml.entities.serializer.save.entities.ms,1789085776589000000,1789085836590000000,0
workspaceModel.mutableEntityStorage.mutable.ext.mapping.ms,1789085776589000000,1789085836590000000,0
jps.facet.change.listener.before.change.events.ms,1789085776589000000,1789085836590000000,0
jps.apply.loaded.storage.ms,1789085776589000000,1789085836590000000,0
jps.library.entities.serializer.save.entities.ms,1789085776589000000,1789085836590000000,0
workspaceModel.mutableEntityStorage.entities.by.source.ms,1789085776589000000,1789085836590000000,0
workspaceModel.global.apply.state.to.project.builder.ms,1789085776589000000,1789085836590000000,0
workspaceModel.moduleBridge.facet.initialization.ms,1789085776589000000,1789085836590000000,0
workspaceModel.mutableEntityStorage.mutable.vfurl.index.ms,1789085776589000000,1789085836590000000,0
jps.global.handle.before.change.events.ms,1789085776589000000,1789085836590000000,0
jps.global.initialize.library.bridges.ms,1789085776589000000,1789085836590000000,0
workspaceModel.load.cache.from.file.ms,1789085776589000000,1789085836590000000,0
jps.artifact.entities.serializer.save.entities.ms,1789085776589000000,1789085836590000000,0
jps.load.initial.state.ms,1789085776589000000,1789085836590000000,0
workspaceModel.moduleBridge.before.changed.ms,1789085776589000000,1789085836590000000,0
workspaceModel.mutableEntityStorage.apply.changes.from.ms,1789085776589000000,1789085836590000000,0
JVM.GC.collectionTimesMs,1789085836590000000,1789085896602000000,14
JVM.totalCpuTimeMs,1789085836590000000,1789085896602000000,4312
JVM.threadCount,1789085836590000000,1789085896602000000,61
OS.loadAverage,1789085836590000000,1789085896602000000,3.25390625
JVM.totalBytesAllocated,1789085836590000000,1789085896602000000,53952552
JVM.maxThreadCount,1789085836590000000,1789085896602000000,137
JVM.totalDirectByteBuffersBytes,1789085836590000000,1789085896602000000,214662791
JVM.usedHeapBytes,1789085836590000000,1789085896602000000,233218016
JVM.usedNativeBytes,1789085836590000000,1789085896602000000,351184976
JVM.newThreadsCount,1789085836590000000,1789085896602000000,2
JVM.GC.collections,1789085836590000000,1789085896602000000,2
JVM.maxHeapBytes,1789085836590000000,1789085896602000000,2147483648
cacheStateStorage.set.counter,1789085836590000000,1789085896602000000,0
cacheStateStorage.get.counter,1789085836590000000,1789085896602000000,0
cacheStateStorage.set.duration,1789085836590000000,1789085896602000000,0
cacheStateStorage.get.duration,1789085836590000000,1789085896602000000,0
FilePageCacheLockFree.housekeeperTimeSpentMs,1789085836590000000,1789085896602000000,0
FilePageCache.pageHits,1789085836590000000,1789085896602000000,0
FilePageCacheLockFree.totalPagesReadMs,1789085836590000000,1789085896602000000,0
FilePageCacheLockFree.totalHeapBytesAllocated,1789085836590000000,1789085896602000000,0
MappedFileStorage.totalBytesMapped,1789085836590000000,1789085896602000000,177471488
DirectByteBufferAllocator.hits,1789085836590000000,1789085896602000000,0
FilePageCache.uncachedFileAccess,1789085836590000000,1789085896602000000,0
DirectByteBufferAllocator.reclaimed,1789085836590000000,1789085896602000000,0
DirectByteBufferAllocator.misses,1789085836590000000,1789085896602000000,0
FilePageCacheLockFree.totalBytesRequested,1789085836590000000,1789085896602000000,0
StreamlinedBlobStorage.totalLiveRecordsPayloadBytes,1789085836590000000,1789085896602000000,0
FilePageCacheLockFree.totalHeapBytesReclaimed,1789085836590000000,1789085896602000000,0
DirectByteBufferAllocator.totalSizeOfBuffersAllocatedInBytes,1789085836590000000,1789085896602000000,212877312
StorageLockContext.competingThreads.max,1789085836590000000,1789085896602000000,0
FilePageCacheLockFree.totalPagesWriteMs,1789085836590000000,1789085896602000000,0
FilePageCache.capacityInBytes,1789085836590000000,1789085896602000000,503316478
StorageLockContext.competingThreads.90P,1789085836590000000,1789085896602000000,0
FilePageCacheLockFree.housekeeperTurnsSkipped,1789085836590000000,1789085896602000000,0
MappedFileStorage.totalTimeSpentOnMappingUs,1789085836590000000,1789085896602000000,5257
FilePageCacheLockFree.housekeeperTurnsDone,1789085836590000000,1789085896602000000,0
StreamlinedBlobStorage.recordsDeleted,1789085836590000000,1789085896602000000,0
MappedFileStorage.totalPagesMapped,1789085836590000000,1789085896602000000,10
MappedFileStorage.storages,1789085836590000000,1789085896602000000,10
StorageLockContext.competingThreads.avg,1789085836590000000,1789085896602000000,0.0
FilePageCacheLockFree.heapBytesInUse,1789085836590000000,1789085896602000000,0
FilePageCacheLockFree.totalBytesWritten,1789085836590000000,1789085896602000000,0
FilePageCacheLockFree.totalPagesAllocated,1789085836590000000,1789085896602000000,0
FilePageCache.disposedBuffers,1789085836590000000,1789085896602000000,0
StreamlinedBlobStorage.recordsAllocated,1789085836590000000,1789085896602000000,0
FilePageCacheLockFree.totalNativeBytesReclaimed,1789085836590000000,1789085896602000000,0
FilePageCacheLockFree.totalPagesWritten,1789085836590000000,1789085896602000000,0
FilePageCacheLockFree.totalClosedStoragesReclaimed,1789085836590000000,1789085896602000000,0
FilePageCacheLockFree.totalPagesHandedOver,1789085836590000000,1789085896602000000,0
FileChannelInterruptsRetryer.totalRetriedAttempts,1789085836590000000,1789085896602000000,0
DirectByteBufferAllocator.disposed,1789085836590000000,1789085896602000000,0
FilePageCache.maxCacheSizeInBytes,1789085836590000000,1789085896602000000,212877312
FilePageCache.pageFastCacheHits,1789085836590000000,1789085896602000000,3
FilePageCache.totalPageLoadsUs,1789085836590000000,1789085896602000000,0
FilePageCacheLockFree.totalBytesRead,1789085836590000000,1789085896602000000,0
FilePageCacheLockFree.totalPagesReclaimed,1789085836590000000,1789085896602000000,0
StreamlinedBlobStorage.recordsRelocated,1789085836590000000,1789085896602000000,0
FilePageCache.pageLoadsAboveSizeThreshold,1789085836590000000,1789085896602000000,0
FilePageCacheLockFree.totalNativeBytesAllocated,1789085836590000000,1789085896602000000,0
FilePageCache.maxRegisteredFiles,1789085836590000000,1789085896602000000,555
FilePageCache.totalPageDisposalsUs,1789085836590000000,1789085896602000000,0
FilePageCacheLockFree.totalPagesRequestsMs,1789085836590000000,1789085896602000000,0
StreamlinedBlobStorage.totalLiveRecordsCapacityBytes,1789085836590000000,1789085896602000000,0
FilePageCacheLockFree.totalPageAllocationsWaited,1789085836590000000,1789085896602000000,0
FilePageCacheLockFree.totalPagesRequested,1789085836590000000,1789085896602000000,0
DirectByteBufferAllocator.totalSizeOfBuffersCachedInBytes,1789085836590000000,1789085896602000000,0
FilePageCache.pageLoads,1789085836590000000,1789085896602000000,0
FilePageCacheLockFree.nativeBytesInUse,1789085836590000000,1789085896602000000,0
FlushQueue.executionTimeMaxNs,1789085836590000000,1789085896602000000,0
FlushQueue.queueSizeAvg,1789085836590000000,1789085896602000000,0.0
FlushQueue.waitingTimeMaxNs,1789085836590000000,1789085896602000000,0
NonBlockingReadAction.failedExecutionTimeUs,1789085836590000000,1789085896602000000,0
WriteAction.executionsCount,1789085836590000000,1789085896602000000,0
AWTEventQueue.dispatchTimeMaxNs,1789085836590000000,1789085896602000000,0
FlushQueue.tasksExecuted,1789085836590000000,1789085896602000000,0
ReadAction.executionsCount,1789085836590000000,1789085896602000000,3956
AWTEventQueue.dispatchTime90PNs,1789085836590000000,1789085896602000000,0
AWTEventQueue.eventsDispatched,1789085836590000000,1789085896602000000,0
FlushQueue.waitingTimeAvgNs,1789085836590000000,1789085896602000000,0.0
FlushQueue.executionTimeAvgNs,1789085836590000000,1789085896602000000,0.0
NonBlockingReadAction.finalizedExecutionsCount,1789085836590000000,1789085896602000000,19
FlushQueue.queueSizeMax,1789085836590000000,1789085896602000000,0
AWTEventQueue.dispatchTimeTotalNS,1789085836590000000,1789085896602000000,643812882
FlushQueue.waitingTime90PNs,1789085836590000000,1789085896602000000,0
NonBlockingReadAction.failedExecutionsCount,1789085836590000000,1789085896602000000,0
AWTEventQueue.dispatchTimeAvgNs,1789085836590000000,1789085896602000000,0.0
FlushQueue.queueSize90P,1789085836590000000,1789085896602000000,0
FlushQueue.executionTime90PNs,1789085836590000000,1789085896602000000,0
NonBlockingReadAction.finalizedExecutionTimeUs,1789085836590000000,1789085896602000000,2392
VFS.invertedFileNameIndex.requests,1789085836590000000,1789085896602000000,0
VFS.fileByIdCache.misses,1789085836590000000,1789085896602000000,0
FileNameCache.queries,1789085836590000000,1789085896602000000,0
VFS.fileByIdCache.hits,1789085836590000000,1789085896602000000,0
VFS.fileChildByName,1789085836590000000,1789085896602000000,8
FileNameCache.totalMisses,1789085836590000000,1789085896602000000,0
writeAction.max.wait.ms,1789085836590000000,1789085896602000000,4
writeAction.wait.ms,1789085836590000000,1789085896602000000,0
writeAction.count,1789085836590000000,1789085896602000000,0
writeAction.median.wait.ms,1789085836590000000,1789085896602000000,0
workspaceModel.workspaceFileIndexData.visitFileSets.ms,1789085836590000000,1789085896602000000,0
workspaceModel.replace.project.model.ms,1789085836590000000,1789085896602000000,0
workspaceModel.cachedValueWithParameters.clear.ms,1789085836590000000,1789085896602000000,0
workspaceModel.workspaceFileIndexData.init.ms,1789085836590000000,1789085896602000000,0
workspaceModel.workspaceFileIndexData.markDirty.ms,1789085836590000000,1789085896602000000,0
workspaceModel.workspaceFileIndexData.getFileInfo.ms,1789085836590000000,1789085896602000000,0
workspaceModel.updates.count,1789085836590000000,1789085896602000000,0
workspaceModel.workspaceFileIndexData.getDirectoriesByPackageName.ms,1789085836590000000,1789085896602000000,0
workspaceModel.workspaceFileIndexData.instances.count,1789085836590000000,1789085896602000000,0
workspaceModel.initializing.ms,1789085836590000000,1789085896602000000,0
workspaceModel.cachedValueWithParameters.from.cache.ms,1789085836590000000,1789085896602000000,0
workspaceModel.loading.from.cache.ms,1789085836590000000,1789085896602000000,0
workspaceModel.workspaceFileIndexData.getPackageName.ms,1789085836590000000,1789085896602000000,0
workspaceModel.full.replace.project.model.ms,1789085836590000000,1789085896602000000,0
workspaceModel.updates.precise.ms,1789085836590000000,1789085896602000000,0
workspaceModel.init.bridges.ms,1789085836590000000,1789085896602000000,0
workspaceModel.updates.ms,1789085836590000000,1789085896602000000,0
workspaceModel.cachedValueWithParameters.calculated.ms,1789085836590000000,1789085896602000000,0
workspaceModel.loading.total.ms,1789085836590000000,1789085896602000000,0
workspaceModel.pre.handlers.ms,1789085836590000000,1789085896602000000,0
workspaceModel.workspaceFileIndexData.onEntitiesChanged.ms,1789085836590000000,1789085896602000000,0
workspaceModel.check.recursive.update.ms,1789085836590000000,1789085896602000000,0
workspaceModel.cachedValueWithParameters.total.get.ms,1789085836590000000,1789085896602000000,0
workspaceModel.cachedValue.clear.ms,1789085836590000000,1789085896602000000,0
workspaceModel.workspaceFileIndexContributor.registerFileSets.ms,1789085836590000000,1789085896602000000,0
workspaceModel.to.snapshot.ms,1789085836590000000,1789085896602000000,0
workspaceModel.cachedValue.from.cache.ms,1789085836590000000,1789085896602000000,0
workspaceModel.collect.changes.ms,1789085836590000000,1789085896602000000,0
workspaceModel.cachedValue.total.get.ms,1789085836590000000,1789085896602000000,0
workspaceModel.cachedValue.calculated.ms,1789085836590000000,1789085896602000000,0
workspaceModel.entityStorageSnapshotImpl.instances.count,1789085836590000000,1789085896602000000,0
workspaceModel.workspaceFileIndexData.processFileSets.ms,1789085836590000000,1789085896602000000,0
workspaceModel.workspaceFileIndexData.updateDirtyEntities.ms,1789085836590000000,1789085896602000000,0
workspaceModel.update.unloaded.entities.ms,1789085836590000000,1789085896602000000,0
compiler.ArtifactVirtualFileListener.filePathChanged.ms,1789085836590000000,1789085896602000000,0
compiler.ArtifactManagerBridge.getArtifacts.ms,1789085836590000000,1789085896602000000,0
compiler.ArtifactManagerBridge.findArtifact.ms,1789085836590000000,1789085896602000000,0
compiler.ArtifactVirtualFileListener.propertyChanged.ms,1789085836590000000,1789085896602000000,0
compiler.ArtifactManagerBridge.addArtifact.ms,1789085836590000000,1789085896602000000,0
compiler.ArtifactManagerBridge.getArtifactsByType.ms,1789085836590000000,1789085896602000000,0
compiler.ArtifactManagerBridge.dropMappings.ms,1789085836590000000,1789085896602000000,0
compiler.ArtifactManagerBridge.initBridges.ms,1789085836590000000,1789085896602000000,0
compiler.ArtifactManagerBridge.commit.ms,1789085836590000000,1789085896602000000,0
IndexesFlusher.totalFlushes,1789085836590000000,1789085896602000000,59
Indexes.stubs.lookups,1789085836590000000,1789085896602000000,0.0
Indexes.allKeys.lookupDurationMaxMs,1789085836590000000,1789085896602000000,0.0
Indexes.entries.lookupDurationAvgMs,1789085836590000000,1789085896602000000,0.0
Indexes.allKeys.lookups,1789085836590000000,1789085896602000000,0.0
Indexes.entries.lookupDuration90PMs,1789085836590000000,1789085896602000000,0.0
Indexes.stubs.lookupDuration90PMs,1789085836590000000,1789085896602000000,0.0
IndexesFlusher.totalContentionQuotaSpent,1789085836590000000,1789085896602000000,0
Indexes.stubs.lookupDurationAvgMs,1789085836590000000,1789085896602000000,0.0
Indexes.allKeys.lookupDurationAvgMs,1789085836590000000,1789085896602000000,0.0
Indexes.stubs.lookupDurationMaxMs,1789085836590000000,1789085896602000000,0.0
IndexesFlusher.totalFlushingTimeUs,1789085836590000000,1789085896602000000,272003
Indexes.entries.lookupDurationMaxMs,1789085836590000000,1789085896602000000,0.0
IndexesFlusher.totalFlushesRetried,1789085836590000000,1789085896602000000,0
Indexes.entries.lookups,1789085836590000000,1789085896602000000,0.0
Indexes.allKeys.lookupDuration90PMs,1789085836590000000,1789085896602000000,0.0
workspaceModel.moduleManagerBridge.create.module.instance.ms,1789085836590000000,1789085896602000000,0
jps.library.entities.serializer.load.entities.ms,1789085836590000000,1789085896602000000,0
workspaceModel.mutableEntityStorage.add.entity.ms,1789085836590000000,1789085896602000000,0
jps.module.iml.entities.serializer.load.entities.ms,1789085836590000000,1789085896602000000,0
jps.save.global.entities.ms,1789085836590000000,1789085896602000000,0
jps.facet.change.listener.process.change.events.ms,1789085836590000000,1789085896602000000,0
jps.artifact.entities.serializer.load.entities.ms,1789085836590000000,1789085896602000000,0
workspaceModel.global.updates.count,1789085836590000000,1789085896602000000,0
jps.global.get.library.ms,1789085836590000000,1789085896602000000,0
workspaceModel.moduleManagerBridge.newModule.ms,1789085836590000000,1789085896602000000,0
jps.global.handle.changed.events.ms,1789085836590000000,1789085896602000000,0
workspaceModel.moduleManagerBridge.new.nonPersistent.module.ms,1789085836590000000,1789085896602000000,0
workspaceModel.moduleManagerBridge.set.unloadedModules.ms,1789085836590000000,1789085896602000000,0
jps.project.serializers.save.ms,1789085836590000000,1789085896602000000,0
jps.global.initialize.library.bridges.after.loading.ms,1789085836590000000,1789085896602000000,0
workspaceModel.mutableEntityStorage.collect.changes.ms,1789085836590000000,1789085896602000000,0
jps.global.get.libraries.ms,1789085836590000000,1789085896602000000,0
workspaceModel.global.apply.state.to.project.ms,1789085836590000000,1789085896602000000,0
workspaceModel.orphan.listener.update.ms,1789085836590000000,1789085896602000000,0
jps.global.get.library.by.name.ms,1789085836590000000,1789085896602000000,0
workspaceModel.mutableEntityStorage.to.snapshot.ms,1789085836590000000,1789085896602000000,0
jps.storage.jps.conf.reader.load.component.ms,1789085836590000000,1789085896602000000,0
workspaceModel.moduleBridgeLoader.loading.modules.ms,1789085836590000000,1789085896602000000,0
workspaceModel.moduleBridge.update.option.ms,1789085836590000000,1789085896602000000,0
jps.project.serializers.load.ms,1789085836590000000,1789085896602000000,0
jps.save.changed.project.entities.ms,1789085836590000000,1789085896602000000,0
workspaceModel.sync.entities.ms,1789085836590000000,1789085896602000000,0
workspaceModel.moduleManagerBridge.load.module.ms,1789085836590000000,1789085896602000000,0
workspaceModel.save.cache.to.file.ms,1789085836590000000,1789085896602000000,0
workspaceModel.mutableEntityStorage.instances.count,1789085836590000000,1789085896602000000,0
jps.app.storage.content.writer.save.component.ms,1789085836590000000,1789085896602000000,0
workspaceModel.moduleManagerBridge.load.all.modules.ms,1789085836590000000,1789085896602000000,0
workspaceModel.mutableEntityStorage.has.same.entities.ms,1789085836590000000,1789085896602000000,0
workspaceModel.mutableEntityStorage.entities.ms,1789085836590000000,1789085896602000000,0
workspaceModel.delayed.project.synchronizer.sync.ms,1789085836590000000,1789085896602000000,0
workspaceModel.moduleManagerBridge.get.modules.ms,1789085836590000000,1789085896602000000,0
workspaceModel.moduleManagerBridge.build.module.graph.ms,1789085836590000000,1789085896602000000,0
workspaceModel.mutableEntityStorage.modify.entity.ms,1789085836590000000,1789085896602000000,0
workspaceModel.mutableEntityStorage.referrers.ms,1789085836590000000,1789085896602000000,0
workspaceModel.global.updates.ms,1789085836590000000,1789085896602000000,0
jps.reload.project.entities.ms,1789085836590000000,1789085896602000000,0
jps.app.storage.content.reader.load.component.ms,1789085836590000000,1789085896602000000,0
workspaceModel.mutableEntityStorage.put.entity.ms,1789085836590000000,1789085896602000000,0
jps.load.project.to.empty.storage.ms,1789085836590000000,1789085896602000000,0
workspaceModel.do.save.caches.ms,1789085836590000000,1789085896602000000,0
jps.facet.change.listener.init.bridge.ms,1789085836590000000,1789085896602000000,0
workspaceModel.load.cache.metadata.from.file.ms,1789085836590000000,1789085896602000000,0
workspaceModel.mutableEntityStorage.resolve.ms,1789085836590000000,1789085896602000000,0
workspaceModel.mutableEntityStorage.remove.entity.ms,1789085836590000000,1789085896602000000,0
workspaceModel.mutableEntityStorage.replace.by.source.ms,1789085836590000000,1789085896602000000,0
jps.module.iml.entities.serializer.save.entities.ms,1789085836590000000,1789085896602000000,0
workspaceModel.mutableEntityStorage.mutable.ext.mapping.ms,1789085836590000000,1789085896602000000,0
jps.facet.change.listener.before.change.events.ms,1789085836590000000,1789085896602000000,0
jps.apply.loaded.storage.ms,1789085836590000000,1789085896602000000,0
jps.library.entities.serializer.save.entities.ms,1789085836590000000,1789085896602000000,0
workspaceModel.mutableEntityStorage.entities.by.source.ms,1789085836590000000,1789085896602000000,0
workspaceModel.global.apply.state.to.project.builder.ms,1789085836590000000,1789085896602000000,0
workspaceModel.moduleBridge.facet.initialization.ms,1789085836590000000,1789085896602000000,0
workspaceModel.mutableEntityStorage.mutable.vfurl.index.ms,1789085836590000000,1789085896602000000,0
jps.global.handle.before.change.events.ms,1789085836590000000,1789085896602000000,0
jps.global.initialize.library.bridges.ms,1789085836590000000,1789085896602000000,0
workspaceModel.load.cache.from.file.ms,1789085836590000000,1789085896602000000,0
jps.artifact.entities.serializer.save.entities.ms,1789085836590000000,1789085896602000000,0
jps.load.initial.state.ms,1789085836590000000,1789085896602000000,0
workspaceModel.moduleBridge.before.changed.ms,1789085836590000000,1789085896602000000,0
workspaceModel.mutableEntityStorage.apply.changes.from.ms,1789085836590000000,1789085896602000000,0
JVM.GC.collectionTimesMs,1789085896602000000,1789085956602000000,0
JVM.totalCpuTimeMs,1789085896602000000,1789085956602000000,6169
JVM.threadCount,1789085896602000000,1789085956602000000,60
OS.loadAverage,1789085896602000000,1789085956602000000,5.84130859375
JVM.totalBytesAllocated,1789085896602000000,1789085956602000000,72840520
JVM.maxThreadCount,1789085896602000000,1789085956602000000,137
JVM.totalDirectByteBuffersBytes,1789085896602000000,1789085956602000000,214662791
JVM.usedHeapBytes,1789085896602000000,1789085956602000000,307666912
JVM.usedNativeBytes,1789085896602000000,1789085956602000000,354814672
JVM.newThreadsCount,1789085896602000000,1789085956602000000,15
JVM.GC.collections,1789085896602000000,1789085956602000000,0
JVM.maxHeapBytes,1789085896602000000,1789085956602000000,2147483648
cacheStateStorage.set.counter,1789085896602000000,1789085956602000000,0
cacheStateStorage.get.counter,1789085896602000000,1789085956602000000,0
cacheStateStorage.set.duration,1789085896602000000,1789085956602000000,0
cacheStateStorage.get.duration,1789085896602000000,1789085956602000000,0
FilePageCacheLockFree.housekeeperTimeSpentMs,1789085896602000000,1789085956602000000,0
FilePageCache.pageHits,1789085896602000000,1789085956602000000,0
FilePageCacheLockFree.totalPagesReadMs,1789085896602000000,1789085956602000000,0
FilePageCacheLockFree.totalHeapBytesAllocated,1789085896602000000,1789085956602000000,0
MappedFileStorage.totalBytesMapped,1789085896602000000,1789085956602000000,177471488
DirectByteBufferAllocator.hits,1789085896602000000,1789085956602000000,0
FilePageCache.uncachedFileAccess,1789085896602000000,1789085956602000000,0
DirectByteBufferAllocator.reclaimed,1789085896602000000,1789085956602000000,0
DirectByteBufferAllocator.misses,1789085896602000000,1789085956602000000,0
FilePageCacheLockFree.totalBytesRequested,1789085896602000000,1789085956602000000,0
StreamlinedBlobStorage.totalLiveRecordsPayloadBytes,1789085896602000000,1789085956602000000,0
FilePageCacheLockFree.totalHeapBytesReclaimed,1789085896602000000,1789085956602000000,0
DirectByteBufferAllocator.totalSizeOfBuffersAllocatedInBytes,1789085896602000000,1789085956602000000,212877312
StorageLockContext.competingThreads.max,1789085896602000000,1789085956602000000,0
FilePageCacheLockFree.totalPagesWriteMs,1789085896602000000,1789085956602000000,0
FilePageCache.capacityInBytes,1789085896602000000,1789085956602000000,503316478
StorageLockContext.competingThreads.90P,1789085896602000000,1789085956602000000,0
FilePageCacheLockFree.housekeeperTurnsSkipped,1789085896602000000,1789085956602000000,0
MappedFileStorage.totalTimeSpentOnMappingUs,1789085896602000000,1789085956602000000,5257
FilePageCacheLockFree.housekeeperTurnsDone,1789085896602000000,1789085956602000000,0
StreamlinedBlobStorage.recordsDeleted,1789085896602000000,1789085956602000000,0
MappedFileStorage.totalPagesMapped,1789085896602000000,1789085956602000000,10
MappedFileStorage.storages,1789085896602000000,1789085956602000000,10
StorageLockContext.competingThreads.avg,1789085896602000000,1789085956602000000,0.0
FilePageCacheLockFree.heapBytesInUse,1789085896602000000,1789085956602000000,0
FilePageCacheLockFree.totalBytesWritten,1789085896602000000,1789085956602000000,0
FilePageCacheLockFree.totalPagesAllocated,1789085896602000000,1789085956602000000,0
FilePageCache.disposedBuffers,1789085896602000000,1789085956602000000,0
StreamlinedBlobStorage.recordsAllocated,1789085896602000000,1789085956602000000,0
FilePageCacheLockFree.totalNativeBytesReclaimed,1789085896602000000,1789085956602000000,0
FilePageCacheLockFree.totalPagesWritten,1789085896602000000,1789085956602000000,0
FilePageCacheLockFree.totalClosedStoragesReclaimed,1789085896602000000,1789085956602000000,0
FilePageCacheLockFree.totalPagesHandedOver,1789085896602000000,1789085956602000000,0
FileChannelInterruptsRetryer.totalRetriedAttempts,1789085896602000000,1789085956602000000,0
DirectByteBufferAllocator.disposed,1789085896602000000,1789085956602000000,0
FilePageCache.maxCacheSizeInBytes,1789085896602000000,1789085956602000000,212877312
FilePageCache.pageFastCacheHits,1789085896602000000,1789085956602000000,0
FilePageCache.totalPageLoadsUs,1789085896602000000,1789085956602000000,0
FilePageCacheLockFree.totalBytesRead,1789085896602000000,1789085956602000000,0
FilePageCacheLockFree.totalPagesReclaimed,1789085896602000000,1789085956602000000,0
StreamlinedBlobStorage.recordsRelocated,1789085896602000000,1789085956602000000,0
FilePageCache.pageLoadsAboveSizeThreshold,1789085896602000000,1789085956602000000,0
FilePageCacheLockFree.totalNativeBytesAllocated,1789085896602000000,1789085956602000000,0
FilePageCache.maxRegisteredFiles,1789085896602000000,1789085956602000000,555
FilePageCache.totalPageDisposalsUs,1789085896602000000,1789085956602000000,0
FilePageCacheLockFree.totalPagesRequestsMs,1789085896602000000,1789085956602000000,0
StreamlinedBlobStorage.totalLiveRecordsCapacityBytes,1789085896602000000,1789085956602000000,0
FilePageCacheLockFree.totalPageAllocationsWaited,1789085896602000000,1789085956602000000,0
FilePageCacheLockFree.totalPagesRequested,1789085896602000000,1789085956602000000,0
DirectByteBufferAllocator.totalSizeOfBuffersCachedInBytes,1789085896602000000,1789085956602000000,0
FilePageCache.pageLoads,1789085896602000000,1789085956602000000,0
FilePageCacheLockFree.nativeBytesInUse,1789085896602000000,1789085956602000000,0
FlushQueue.executionTimeMaxNs,1789085896602000000,1789085956602000000,0
FlushQueue.queueSizeAvg,1789085896602000000,1789085956602000000,0.0
FlushQueue.waitingTimeMaxNs,1789085896602000000,1789085956602000000,0
NonBlockingReadAction.failedExecutionTimeUs,1789085896602000000,1789085956602000000,0
WriteAction.executionsCount,1789085896602000000,1789085956602000000,1
AWTEventQueue.dispatchTimeMaxNs,1789085896602000000,1789085956602000000,105471
FlushQueue.tasksExecuted,1789085896602000000,1789085956602000000,0
ReadAction.executionsCount,1789085896602000000,1789085956602000000,5944
AWTEventQueue.dispatchTime90PNs,1789085896602000000,1789085956602000000,105471
AWTEventQueue.eventsDispatched,1789085896602000000,1789085956602000000,2
FlushQueue.waitingTimeAvgNs,1789085896602000000,1789085956602000000,0.0
FlushQueue.executionTimeAvgNs,1789085896602000000,1789085956602000000,0.0
NonBlockingReadAction.finalizedExecutionsCount,1789085896602000000,1789085956602000000,43
FlushQueue.queueSizeMax,1789085896602000000,1789085956602000000,0
AWTEventQueue.dispatchTimeTotalNS,1789085896602000000,1789085956602000000,1899016989
FlushQueue.waitingTime90PNs,1789085896602000000,1789085956602000000,0
NonBlockingReadAction.failedExecutionsCount,1789085896602000000,1789085956602000000,0
AWTEventQueue.dispatchTimeAvgNs,1789085896602000000,1789085956602000000,63008.0
FlushQueue.queueSize90P,1789085896602000000,1789085956602000000,0
FlushQueue.executionTime90PNs,1789085896602000000,1789085956602000000,0
NonBlockingReadAction.finalizedExecutionTimeUs,1789085896602000000,1789085956602000000,3910
VFS.invertedFileNameIndex.requests,1789085896602000000,1789085956602000000,0
VFS.fileByIdCache.misses,1789085896602000000,1789085956602000000,0
FileNameCache.queries,1789085896602000000,1789085956602000000,0
VFS.fileByIdCache.hits,1789085896602000000,1789085956602000000,0
VFS.fileChildByName,1789085896602000000,1789085956602000000,0
FileNameCache.totalMisses,1789085896602000000,1789085956602000000,0
writeAction.max.wait.ms,1789085896602000000,1789085956602000000,4
writeAction.wait.ms,1789085896602000000,1789085956602000000,0
writeAction.count,1789085896602000000,1789085956602000000,1
writeAction.median.wait.ms,1789085896602000000,1789085956602000000,0
workspaceModel.workspaceFileIndexData.visitFileSets.ms,1789085896602000000,1789085956602000000,0
workspaceModel.replace.project.model.ms,1789085896602000000,1789085956602000000,0
workspaceModel.cachedValueWithParameters.clear.ms,1789085896602000000,1789085956602000000,0
workspaceModel.workspaceFileIndexData.init.ms,1789085896602000000,1789085956602000000,0
workspaceModel.workspaceFileIndexData.markDirty.ms,1789085896602000000,1789085956602000000,0
workspaceModel.workspaceFileIndexData.getFileInfo.ms,1789085896602000000,1789085956602000000,1
workspaceModel.updates.count,1789085896602000000,1789085956602000000,0
workspaceModel.workspaceFileIndexData.getDirectoriesByPackageName.ms,1789085896602000000,1789085956602000000,0
workspaceModel.workspaceFileIndexData.instances.count,1789085896602000000,1789085956602000000,0
workspaceModel.initializing.ms,1789085896602000000,1789085956602000000,0
workspaceModel.cachedValueWithParameters.from.cache.ms,1789085896602000000,1789085956602000000,0
workspaceModel.loading.from.cache.ms,1789085896602000000,1789085956602000000,0
workspaceModel.workspaceFileIndexData.getPackageName.ms,1789085896602000000,1789085956602000000,0
workspaceModel.full.replace.project.model.ms,1789085896602000000,1789085956602000000,0
workspaceModel.updates.precise.ms,1789085896602000000,1789085956602000000,0
workspaceModel.init.bridges.ms,1789085896602000000,1789085956602000000,0
workspaceModel.updates.ms,1789085896602000000,1789085956602000000,0
workspaceModel.cachedValueWithParameters.calculated.ms,1789085896602000000,1789085956602000000,0
workspaceModel.loading.total.ms,1789085896602000000,1789085956602000000,0
workspaceModel.pre.handlers.ms,1789085896602000000,1789085956602000000,0
workspaceModel.workspaceFileIndexData.onEntitiesChanged.ms,1789085896602000000,1789085956602000000,0
workspaceModel.check.recursive.update.ms,1789085896602000000,1789085956602000000,0
workspaceModel.cachedValueWithParameters.total.get.ms,1789085896602000000,1789085956602000000,0
workspaceModel.cachedValue.clear.ms,1789085896602000000,1789085956602000000,0
workspaceModel.workspaceFileIndexContributor.registerFileSets.ms,1789085896602000000,1789085956602000000,0
workspaceModel.to.snapshot.ms,1789085896602000000,1789085956602000000,0
workspaceModel.cachedValue.from.cache.ms,1789085896602000000,1789085956602000000,0
workspaceModel.collect.changes.ms,1789085896602000000,1789085956602000000,0
workspaceModel.cachedValue.total.get.ms,1789085896602000000,1789085956602000000,0
workspaceModel.cachedValue.calculated.ms,1789085896602000000,1789085956602000000,0
workspaceModel.entityStorageSnapshotImpl.instances.count,1789085896602000000,1789085956602000000,0
workspaceModel.workspaceFileIndexData.processFileSets.ms,1789085896602000000,1789085956602000000,0
workspaceModel.workspaceFileIndexData.updateDirtyEntities.ms,1789085896602000000,1789085956602000000,0
workspaceModel.update.unloaded.entities.ms,1789085896602000000,1789085956602000000,0
compiler.ArtifactVirtualFileListener.filePathChanged.ms,1789085896602000000,1789085956602000000,0
compiler.ArtifactManagerBridge.getArtifacts.ms,1789085896602000000,1789085956602000000,0
compiler.ArtifactManagerBridge.findArtifact.ms,1789085896602000000,1789085956602000000,0
compiler.ArtifactVirtualFileListener.propertyChanged.ms,1789085896602000000,1789085956602000000,0
compiler.ArtifactManagerBridge.addArtifact.ms,1789085896602000000,1789085956602000000,0
compiler.ArtifactManagerBridge.getArtifactsByType.ms,1789085896602000000,1789085956602000000,0
compiler.ArtifactManagerBridge.dropMappings.ms,1789085896602000000,1789085956602000000,0
compiler.ArtifactManagerBridge.initBridges.ms,1789085896602000000,1789085956602000000,0
compiler.ArtifactManagerBridge.commit.ms,1789085896602000000,1789085956602000000,0
IndexesFlusher.totalFlushes,1789085896602000000,1789085956602000000,59
Indexes.stubs.lookups,1789085896602000000,1789085956602000000,0.0
Indexes.allKeys.lookupDurationMaxMs,1789085896602000000,1789085956602000000,0.0
Indexes.entries.lookupDurationAvgMs,1789085896602000000,1789085956602000000,0.0
Indexes.allKeys.lookups,1789085896602000000,1789085956602000000,0.0
Indexes.entries.lookupDuration90PMs,1789085896602000000,1789085956602000000,0.0
Indexes.stubs.lookupDuration90PMs,1789085896602000000,1789085956602000000,0.0
IndexesFlusher.totalContentionQuotaSpent,1789085896602000000,1789085956602000000,0
Indexes.stubs.lookupDurationAvgMs,1789085896602000000,1789085956602000000,0.0
Indexes.allKeys.lookupDurationAvgMs,1789085896602000000,1789085956602000000,0.0
Indexes.stubs.lookupDurationMaxMs,1789085896602000000,1789085956602000000,0.0
IndexesFlusher.totalFlushingTimeUs,1789085896602000000,1789085956602000000,242473
Indexes.entries.lookupDurationMaxMs,1789085896602000000,1789085956602000000,0.0
IndexesFlusher.totalFlushesRetried,1789085896602000000,1789085956602000000,0
Indexes.entries.lookups,1789085896602000000,1789085956602000000,0.0
Indexes.allKeys.lookupDuration90PMs,1789085896602000000,1789085956602000000,0.0
workspaceModel.moduleManagerBridge.create.module.instance.ms,1789085896602000000,1789085956602000000,0
jps.library.entities.serializer.load.entities.ms,1789085896602000000,1789085956602000000,0
workspaceModel.mutableEntityStorage.add.entity.ms,1789085896602000000,1789085956602000000,0
jps.module.iml.entities.serializer.load.entities.ms,1789085896602000000,1789085956602000000,0
jps.save.global.entities.ms,1789085896602000000,1789085956602000000,1
jps.facet.change.listener.process.change.events.ms,1789085896602000000,1789085956602000000,0
jps.artifact.entities.serializer.load.entities.ms,1789085896602000000,1789085956602000000,0
workspaceModel.global.updates.count,1789085896602000000,1789085956602000000,0
jps.global.get.library.ms,1789085896602000000,1789085956602000000,0
workspaceModel.moduleManagerBridge.newModule.ms,1789085896602000000,1789085956602000000,0
jps.global.handle.changed.events.ms,1789085896602000000,1789085956602000000,0
workspaceModel.moduleManagerBridge.new.nonPersistent.module.ms,1789085896602000000,1789085956602000000,0
workspaceModel.moduleManagerBridge.set.unloadedModules.ms,1789085896602000000,1789085956602000000,0
jps.project.serializers.save.ms,1789085896602000000,1789085956602000000,0
jps.global.initialize.library.bridges.after.loading.ms,1789085896602000000,1789085956602000000,0
workspaceModel.mutableEntityStorage.collect.changes.ms,1789085896602000000,1789085956602000000,0
jps.global.get.libraries.ms,1789085896602000000,1789085956602000000,0
workspaceModel.global.apply.state.to.project.ms,1789085896602000000,1789085956602000000,0
workspaceModel.orphan.listener.update.ms,1789085896602000000,1789085956602000000,0
jps.global.get.library.by.name.ms,1789085896602000000,1789085956602000000,0
workspaceModel.mutableEntityStorage.to.snapshot.ms,1789085896602000000,1789085956602000000,0
jps.storage.jps.conf.reader.load.component.ms,1789085896602000000,1789085956602000000,0
workspaceModel.moduleBridgeLoader.loading.modules.ms,1789085896602000000,1789085956602000000,0
workspaceModel.moduleBridge.update.option.ms,1789085896602000000,1789085956602000000,0
jps.project.serializers.load.ms,1789085896602000000,1789085956602000000,0
jps.save.changed.project.entities.ms,1789085896602000000,1789085956602000000,0
workspaceModel.sync.entities.ms,1789085896602000000,1789085956602000000,0
workspaceModel.moduleManagerBridge.load.module.ms,1789085896602000000,1789085956602000000,0
workspaceModel.save.cache.to.file.ms,1789085896602000000,1789085956602000000,0
workspaceModel.mutableEntityStorage.instances.count,1789085896602000000,1789085956602000000,0
jps.app.storage.content.writer.save.component.ms,1789085896602000000,1789085956602000000,0
workspaceModel.moduleManagerBridge.load.all.modules.ms,1789085896602000000,1789085956602000000,0
workspaceModel.mutableEntityStorage.has.same.entities.ms,1789085896602000000,1789085956602000000,0
workspaceModel.mutableEntityStorage.entities.ms,1789085896602000000,1789085956602000000,0
workspaceModel.delayed.project.synchronizer.sync.ms,1789085896602000000,1789085956602000000,0
workspaceModel.moduleManagerBridge.get.modules.ms,1789085896602000000,1789085956602000000,0
workspaceModel.moduleManagerBridge.build.module.graph.ms,1789085896602000000,1789085956602000000,0
workspaceModel.mutableEntityStorage.modify.entity.ms,1789085896602000000,1789085956602000000,0
workspaceModel.mutableEntityStorage.referrers.ms,1789085896602000000,1789085956602000000,0
workspaceModel.global.updates.ms,1789085896602000000,1789085956602000000,0
jps.reload.project.entities.ms,1789085896602000000,1789085956602000000,0
jps.app.storage.content.reader.load.component.ms,1789085896602000000,1789085956602000000,0
workspaceModel.mutableEntityStorage.put.entity.ms,1789085896602000000,1789085956602000000,0
jps.load.project.to.empty.storage.ms,1789085896602000000,1789085956602000000,0
workspaceModel.do.save.caches.ms,1789085896602000000,1789085956602000000,0
jps.facet.change.listener.init.bridge.ms,1789085896602000000,1789085956602000000,0
workspaceModel.load.cache.metadata.from.file.ms,1789085896602000000,1789085956602000000,0
workspaceModel.mutableEntityStorage.resolve.ms,1789085896602000000,1789085956602000000,0
workspaceModel.mutableEntityStorage.remove.entity.ms,1789085896602000000,1789085956602000000,0
workspaceModel.mutableEntityStorage.replace.by.source.ms,1789085896602000000,1789085956602000000,0
jps.module.iml.entities.serializer.save.entities.ms,1789085896602000000,1789085956602000000,0
workspaceModel.mutableEntityStorage.mutable.ext.mapping.ms,1789085896602000000,1789085956602000000,0
jps.facet.change.listener.before.change.events.ms,1789085896602000000,1789085956602000000,0
jps.apply.loaded.storage.ms,1789085896602000000,1789085956602000000,0
jps.library.entities.serializer.save.entities.ms,1789085896602000000,1789085956602000000,0
workspaceModel.mutableEntityStorage.entities.by.source.ms,1789085896602000000,1789085956602000000,0
workspaceModel.global.apply.state.to.project.builder.ms,1789085896602000000,1789085956602000000,0
workspaceModel.moduleBridge.facet.initialization.ms,1789085896602000000,1789085956602000000,0
workspaceModel.mutableEntityStorage.mutable.vfurl.index.ms,1789085896602000000,1789085956602000000,0
jps.global.handle.before.change.events.ms,1789085896602000000,1789085956602000000,0
jps.global.initialize.library.bridges.ms,1789085896602000000,1789085956602000000,0
workspaceModel.load.cache.from.file.ms,1789085896602000000,1789085956602000000,0
jps.artifact.entities.serializer.save.entities.ms,1789085896602000000,1789085956602000000,0
jps.load.initial.state.ms,1789085896602000000,1789085956602000000,0
workspaceModel.moduleBridge.before.changed.ms,1789085896602000000,1789085956602000000,0
workspaceModel.mutableEntityStorage.apply.changes.from.ms,1789085896602000000,1789085956602000000,0
JVM.GC.collectionTimesMs,1789085956602000000,1789086016600000000,0
JVM.totalCpuTimeMs,1789085956602000000,1789086016600000000,3871
JVM.threadCount,1789085956602000000,1789086016600000000,64
OS.loadAverage,1789085956602000000,1789086016600000000,3.080078125
JVM.totalBytesAllocated,1789085956602000000,1789086016600000000,54367424
JVM.maxThreadCount,1789085956602000000,1789086016600000000,137
JVM.totalDirectByteBuffersBytes,1789085956602000000,1789086016600000000,214679562
JVM.usedHeapBytes,1789085956602000000,1789086016600000000,363241440
JVM.usedNativeBytes,1789085956602000000,1789086016600000000,358960264
JVM.newThreadsCount,1789085956602000000,1789086016600000000,5
JVM.GC.collections,1789085956602000000,1789086016600000000,0
JVM.maxHeapBytes,1789085956602000000,1789086016600000000,2147483648
cacheStateStorage.set.counter,1789085956602000000,1789086016600000000,0
cacheStateStorage.get.counter,1789085956602000000,1789086016600000000,0
cacheStateStorage.set.duration,1789085956602000000,1789086016600000000,0
cacheStateStorage.get.duration,1789085956602000000,1789086016600000000,0
FilePageCacheLockFree.housekeeperTimeSpentMs,1789085956602000000,1789086016600000000,0
FilePageCache.pageHits,1789085956602000000,1789086016600000000,0
FilePageCacheLockFree.totalPagesReadMs,1789085956602000000,1789086016600000000,0
FilePageCacheLockFree.totalHeapBytesAllocated,1789085956602000000,1789086016600000000,0
MappedFileStorage.totalBytesMapped,1789085956602000000,1789086016600000000,177471488
DirectByteBufferAllocator.hits,1789085956602000000,1789086016600000000,0
FilePageCache.uncachedFileAccess,1789085956602000000,1789086016600000000,0
DirectByteBufferAllocator.reclaimed,1789085956602000000,1789086016600000000,0
DirectByteBufferAllocator.misses,1789085956602000000,1789086016600000000,0
FilePageCacheLockFree.totalBytesRequested,1789085956602000000,1789086016600000000,0
StreamlinedBlobStorage.totalLiveRecordsPayloadBytes,1789085956602000000,1789086016600000000,0
FilePageCacheLockFree.totalHeapBytesReclaimed,1789085956602000000,1789086016600000000,0
DirectByteBufferAllocator.totalSizeOfBuffersAllocatedInBytes,1789085956602000000,1789086016600000000,212877312
StorageLockContext.competingThreads.max,1789085956602000000,1789086016600000000,0
FilePageCacheLockFree.totalPagesWriteMs,1789085956602000000,1789086016600000000,0
FilePageCache.capacityInBytes,1789085956602000000,1789086016600000000,503316478
StorageLockContext.competingThreads.90P,1789085956602000000,1789086016600000000,0
FilePageCacheLockFree.housekeeperTurnsSkipped,1789085956602000000,1789086016600000000,0
MappedFileStorage.totalTimeSpentOnMappingUs,1789085956602000000,1789086016600000000,5257
FilePageCacheLockFree.housekeeperTurnsDone,1789085956602000000,1789086016600000000,0
StreamlinedBlobStorage.recordsDeleted,1789085956602000000,1789086016600000000,0
MappedFileStorage.totalPagesMapped,1789085956602000000,1789086016600000000,10
MappedFileStorage.storages,1789085956602000000,1789086016600000000,10
StorageLockContext.competingThreads.avg,1789085956602000000,1789086016600000000,0.0
FilePageCacheLockFree.heapBytesInUse,1789085956602000000,1789086016600000000,0
FilePageCacheLockFree.totalBytesWritten,1789085956602000000,1789086016600000000,0
FilePageCacheLockFree.totalPagesAllocated,1789085956602000000,1789086016600000000,0
FilePageCache.disposedBuffers,1789085956602000000,1789086016600000000,0
StreamlinedBlobStorage.recordsAllocated,1789085956602000000,1789086016600000000,0
FilePageCacheLockFree.totalNativeBytesReclaimed,1789085956602000000,1789086016600000000,0
FilePageCacheLockFree.totalPagesWritten,1789085956602000000,1789086016600000000,0
FilePageCacheLockFree.totalClosedStoragesReclaimed,1789085956602000000,1789086016600000000,0
FilePageCacheLockFree.totalPagesHandedOver,1789085956602000000,1789086016600000000,0
FileChannelInterruptsRetryer.totalRetriedAttempts,1789085956602000000,1789086016600000000,0
DirectByteBufferAllocator.disposed,1789085956602000000,1789086016600000000,0
FilePageCache.maxCacheSizeInBytes,1789085956602000000,1789086016600000000,212877312
FilePageCache.pageFastCacheHits,1789085956602000000,1789086016600000000,0
FilePageCache.totalPageLoadsUs,1789085956602000000,1789086016600000000,0
FilePageCacheLockFree.totalBytesRead,1789085956602000000,1789086016600000000,0
FilePageCacheLockFree.totalPagesReclaimed,1789085956602000000,1789086016600000000,0
StreamlinedBlobStorage.recordsRelocated,1789085956602000000,1789086016600000000,0
FilePageCache.pageLoadsAboveSizeThreshold,1789085956602000000,1789086016600000000,0
FilePageCacheLockFree.totalNativeBytesAllocated,1789085956602000000,1789086016600000000,0
FilePageCache.maxRegisteredFiles,1789085956602000000,1789086016600000000,555
FilePageCache.totalPageDisposalsUs,1789085956602000000,1789086016600000000,0
FilePageCacheLockFree.totalPagesRequestsMs,1789085956602000000,1789086016600000000,0
StreamlinedBlobStorage.totalLiveRecordsCapacityBytes,1789085956602000000,1789086016600000000,0
FilePageCacheLockFree.totalPageAllocationsWaited,1789085956602000000,1789086016600000000,0
FilePageCacheLockFree.totalPagesRequested,1789085956602000000,1789086016600000000,0
DirectByteBufferAllocator.totalSizeOfBuffersCachedInBytes,1789085956602000000,1789086016600000000,0
FilePageCache.pageLoads,1789085956602000000,1789086016600000000,0
FilePageCacheLockFree.nativeBytesInUse,1789085956602000000,1789086016600000000,0
FlushQueue.executionTimeMaxNs,1789085956602000000,1789086016600000000,0
FlushQueue.queueSizeAvg,1789085956602000000,1789086016600000000,0.0
FlushQueue.waitingTimeMaxNs,1789085956602000000,1789086016600000000,0
NonBlockingReadAction.failedExecutionTimeUs,1789085956602000000,1789086016600000000,0
WriteAction.executionsCount,1789085956602000000,1789086016600000000,0
AWTEventQueue.dispatchTimeMaxNs,1789085956602000000,1789086016600000000,0
FlushQueue.tasksExecuted,1789085956602000000,1789086016600000000,0
ReadAction.executionsCount,1789085956602000000,1789086016600000000,209
AWTEventQueue.dispatchTime90PNs,1789085956602000000,1789086016600000000,0
AWTEventQueue.eventsDispatched,1789085956602000000,1789086016600000000,0
FlushQueue.waitingTimeAvgNs,1789085956602000000,1789086016600000000,0.0
FlushQueue.executionTimeAvgNs,1789085956602000000,1789086016600000000,0.0
NonBlockingReadAction.finalizedExecutionsCount,1789085956602000000,1789086016600000000,5
FlushQueue.queueSizeMax,1789085956602000000,1789086016600000000,0
AWTEventQueue.dispatchTimeTotalNS,1789085956602000000,1789086016600000000,339682544
FlushQueue.waitingTime90PNs,1789085956602000000,1789086016600000000,0
NonBlockingReadAction.failedExecutionsCount,1789085956602000000,1789086016600000000,0
AWTEventQueue.dispatchTimeAvgNs,1789085956602000000,1789086016600000000,0.0
FlushQueue.queueSize90P,1789085956602000000,1789086016600000000,0
FlushQueue.executionTime90PNs,1789085956602000000,1789086016600000000,0
NonBlockingReadAction.finalizedExecutionTimeUs,1789085956602000000,1789086016600000000,12389
VFS.invertedFileNameIndex.requests,1789085956602000000,1789086016600000000,0
VFS.fileByIdCache.misses,1789085956602000000,1789086016600000000,0
FileNameCache.queries,1789085956602000000,1789086016600000000,0
VFS.fileByIdCache.hits,1789085956602000000,1789086016600000000,0
VFS.fileChildByName,1789085956602000000,1789086016600000000,90
FileNameCache.totalMisses,1789085956602000000,1789086016600000000,0
writeAction.max.wait.ms,1789085956602000000,1789086016600000000,4
writeAction.wait.ms,1789085956602000000,1789086016600000000,0
writeAction.count,1789085956602000000,1789086016600000000,0
writeAction.median.wait.ms,1789085956602000000,1789086016600000000,0
workspaceModel.workspaceFileIndexData.visitFileSets.ms,1789085956602000000,1789086016600000000,0
workspaceModel.replace.project.model.ms,1789085956602000000,1789086016600000000,0
workspaceModel.cachedValueWithParameters.clear.ms,1789085956602000000,1789086016600000000,0
workspaceModel.workspaceFileIndexData.init.ms,1789085956602000000,1789086016600000000,0
workspaceModel.workspaceFileIndexData.markDirty.ms,1789085956602000000,1789086016600000000,0
workspaceModel.workspaceFileIndexData.getFileInfo.ms,1789085956602000000,1789086016600000000,2
workspaceModel.updates.count,1789085956602000000,1789086016600000000,0
workspaceModel.workspaceFileIndexData.getDirectoriesByPackageName.ms,1789085956602000000,1789086016600000000,0
workspaceModel.workspaceFileIndexData.instances.count,1789085956602000000,1789086016600000000,0
workspaceModel.initializing.ms,1789085956602000000,1789086016600000000,0
workspaceModel.cachedValueWithParameters.from.cache.ms,1789085956602000000,1789086016600000000,0
workspaceModel.loading.from.cache.ms,1789085956602000000,1789086016600000000,0
workspaceModel.workspaceFileIndexData.getPackageName.ms,1789085956602000000,1789086016600000000,0
workspaceModel.full.replace.project.model.ms,1789085956602000000,1789086016600000000,0
workspaceModel.updates.precise.ms,1789085956602000000,1789086016600000000,0
workspaceModel.init.bridges.ms,1789085956602000000,1789086016600000000,0
workspaceModel.updates.ms,1789085956602000000,1789086016600000000,0
workspaceModel.cachedValueWithParameters.calculated.ms,1789085956602000000,1789086016600000000,0
workspaceModel.loading.total.ms,1789085956602000000,1789086016600000000,0
workspaceModel.pre.handlers.ms,1789085956602000000,1789086016600000000,0
workspaceModel.workspaceFileIndexData.onEntitiesChanged.ms,1789085956602000000,1789086016600000000,0
workspaceModel.check.recursive.update.ms,1789085956602000000,1789086016600000000,0
workspaceModel.cachedValueWithParameters.total.get.ms,1789085956602000000,1789086016600000000,0
workspaceModel.cachedValue.clear.ms,1789085956602000000,1789086016600000000,0
workspaceModel.workspaceFileIndexContributor.registerFileSets.ms,1789085956602000000,1789086016600000000,0
workspaceModel.to.snapshot.ms,1789085956602000000,1789086016600000000,0
workspaceModel.cachedValue.from.cache.ms,1789085956602000000,1789086016600000000,0
workspaceModel.collect.changes.ms,1789085956602000000,1789086016600000000,0
workspaceModel.cachedValue.total.get.ms,1789085956602000000,1789086016600000000,0
workspaceModel.cachedValue.calculated.ms,1789085956602000000,1789086016600000000,0
workspaceModel.entityStorageSnapshotImpl.instances.count,1789085956602000000,1789086016600000000,0
workspaceModel.workspaceFileIndexData.processFileSets.ms,1789085956602000000,1789086016600000000,0
workspaceModel.workspaceFileIndexData.updateDirtyEntities.ms,1789085956602000000,1789086016600000000,0
workspaceModel.update.unloaded.entities.ms,1789085956602000000,1789086016600000000,0
compiler.ArtifactVirtualFileListener.filePathChanged.ms,1789085956602000000,1789086016600000000,0
compiler.ArtifactManagerBridge.getArtifacts.ms,1789085956602000000,1789086016600000000,0
compiler.ArtifactManagerBridge.findArtifact.ms,1789085956602000000,1789086016600000000,0
compiler.ArtifactVirtualFileListener.propertyChanged.ms,1789085956602000000,1789086016600000000,0
compiler.ArtifactManagerBridge.addArtifact.ms,1789085956602000000,1789086016600000000,0
compiler.ArtifactManagerBridge.getArtifactsByType.ms,1789085956602000000,1789086016600000000,0
compiler.ArtifactManagerBridge.dropMappings.ms,1789085956602000000,1789086016600000000,0
compiler.ArtifactManagerBridge.initBridges.ms,1789085956602000000,1789086016600000000,0
compiler.ArtifactManagerBridge.commit.ms,1789085956602000000,1789086016600000000,0
IndexesFlusher.totalFlushes,1789085956602000000,1789086016600000000,59
Indexes.stubs.lookups,1789085956602000000,1789086016600000000,0.0
Indexes.allKeys.lookupDurationMaxMs,1789085956602000000,1789086016600000000,0.0
Indexes.entries.lookupDurationAvgMs,1789085956602000000,1789086016600000000,0.0
Indexes.allKeys.lookups,1789085956602000000,1789086016600000000,0.0
Indexes.entries.lookupDuration90PMs,1789085956602000000,1789086016600000000,0.0
Indexes.stubs.lookupDuration90PMs,1789085956602000000,1789086016600000000,0.0
IndexesFlusher.totalContentionQuotaSpent,1789085956602000000,1789086016600000000,0
Indexes.stubs.lookupDurationAvgMs,1789085956602000000,1789086016600000000,0.0
Indexes.allKeys.lookupDurationAvgMs,1789085956602000000,1789086016600000000,0.0
Indexes.stubs.lookupDurationMaxMs,1789085956602000000,1789086016600000000,0.0
IndexesFlusher.totalFlushingTimeUs,1789085956602000000,1789086016600000000,253810
Indexes.entries.lookupDurationMaxMs,1789085956602000000,1789086016600000000,0.0
IndexesFlusher.totalFlushesRetried,1789085956602000000,1789086016600000000,0
Indexes.entries.lookups,1789085956602000000,1789086016600000000,0.0
Indexes.allKeys.lookupDuration90PMs,1789085956602000000,1789086016600000000,0.0
workspaceModel.moduleManagerBridge.create.module.instance.ms,1789085956602000000,1789086016600000000,0
jps.library.entities.serializer.load.entities.ms,1789085956602000000,1789086016600000000,0
workspaceModel.mutableEntityStorage.add.entity.ms,1789085956602000000,1789086016600000000,0
jps.module.iml.entities.serializer.load.entities.ms,1789085956602000000,1789086016600000000,0
jps.save.global.entities.ms,1789085956602000000,1789086016600000000,0
jps.facet.change.listener.process.change.events.ms,1789085956602000000,1789086016600000000,0
jps.artifact.entities.serializer.load.entities.ms,1789085956602000000,1789086016600000000,0
workspaceModel.global.updates.count,1789085956602000000,1789086016600000000,0
jps.global.get.library.ms,1789085956602000000,1789086016600000000,0
workspaceModel.moduleManagerBridge.newModule.ms,1789085956602000000,1789086016600000000,0
jps.global.handle.changed.events.ms,1789085956602000000,1789086016600000000,0
workspaceModel.moduleManagerBridge.new.nonPersistent.module.ms,1789085956602000000,1789086016600000000,0
workspaceModel.moduleManagerBridge.set.unloadedModules.ms,1789085956602000000,1789086016600000000,0
jps.project.serializers.save.ms,1789085956602000000,1789086016600000000,0
jps.global.initialize.library.bridges.after.loading.ms,1789085956602000000,1789086016600000000,0
workspaceModel.mutableEntityStorage.collect.changes.ms,1789085956602000000,1789086016600000000,0
jps.global.get.libraries.ms,1789085956602000000,1789086016600000000,0
workspaceModel.global.apply.state.to.project.ms,1789085956602000000,1789086016600000000,0
workspaceModel.orphan.listener.update.ms,1789085956602000000,1789086016600000000,0
jps.global.get.library.by.name.ms,1789085956602000000,1789086016600000000,0
workspaceModel.mutableEntityStorage.to.snapshot.ms,1789085956602000000,1789086016600000000,0
jps.storage.jps.conf.reader.load.component.ms,1789085956602000000,1789086016600000000,0
workspaceModel.moduleBridgeLoader.loading.modules.ms,1789085956602000000,1789086016600000000,0
workspaceModel.moduleBridge.update.option.ms,1789085956602000000,1789086016600000000,0
jps.project.serializers.load.ms,1789085956602000000,1789086016600000000,0
jps.save.changed.project.entities.ms,1789085956602000000,1789086016600000000,0
workspaceModel.sync.entities.ms,1789085956602000000,1789086016600000000,0
workspaceModel.moduleManagerBridge.load.module.ms,1789085956602000000,1789086016600000000,0
workspaceModel.save.cache.to.file.ms,1789085956602000000,1789086016600000000,0
workspaceModel.mutableEntityStorage.instances.count,1789085956602000000,1789086016600000000,0
jps.app.storage.content.writer.save.component.ms,1789085956602000000,1789086016600000000,0
workspaceModel.moduleManagerBridge.load.all.modules.ms,1789085956602000000,1789086016600000000,0
workspaceModel.mutableEntityStorage.has.same.entities.ms,1789085956602000000,1789086016600000000,0
workspaceModel.mutableEntityStorage.entities.ms,1789085956602000000,1789086016600000000,0
workspaceModel.delayed.project.synchronizer.sync.ms,1789085956602000000,1789086016600000000,0
workspaceModel.moduleManagerBridge.get.modules.ms,1789085956602000000,1789086016600000000,0
workspaceModel.moduleManagerBridge.build.module.graph.ms,1789085956602000000,1789086016600000000,0
workspaceModel.mutableEntityStorage.modify.entity.ms,1789085956602000000,1789086016600000000,0
workspaceModel.mutableEntityStorage.referrers.ms,1789085956602000000,1789086016600000000,0
workspaceModel.global.updates.ms,1789085956602000000,1789086016600000000,0
jps.reload.project.entities.ms,1789085956602000000,1789086016600000000,0
jps.app.storage.content.reader.load.component.ms,1789085956602000000,1789086016600000000,0
workspaceModel.mutableEntityStorage.put.entity.ms,1789085956602000000,1789086016600000000,0
jps.load.project.to.empty.storage.ms,1789085956602000000,1789086016600000000,0
workspaceModel.do.save.caches.ms,1789085956602000000,1789086016600000000,0
jps.facet.change.listener.init.bridge.ms,1789085956602000000,1789086016600000000,0
workspaceModel.load.cache.metadata.from.file.ms,1789085956602000000,1789086016600000000,0
workspaceModel.mutableEntityStorage.resolve.ms,1789085956602000000,1789086016600000000,0
workspaceModel.mutableEntityStorage.remove.entity.ms,1789085956602000000,1789086016600000000,0
workspaceModel.mutableEntityStorage.replace.by.source.ms,1789085956602000000,1789086016600000000,0
jps.module.iml.entities.serializer.save.entities.ms,1789085956602000000,1789086016600000000,0
workspaceModel.mutableEntityStorage.mutable.ext.mapping.ms,1789085956602000000,1789086016600000000,0
jps.facet.change.listener.before.change.events.ms,1789085956602000000,1789086016600000000,0
jps.apply.loaded.storage.ms,1789085956602000000,1789086016600000000,0
jps.library.entities.serializer.save.entities.ms,1789085956602000000,1789086016600000000,0
workspaceModel.mutableEntityStorage.entities.by.source.ms,1789085956602000000,1789086016600000000,0
workspaceModel.global.apply.state.to.project.builder.ms,1789085956602000000,1789086016600000000,0
workspaceModel.moduleBridge.facet.initialization.ms,1789085956602000000,1789086016600000000,0
workspaceModel.mutableEntityStorage.mutable.vfurl.index.ms,1789085956602000000,1789086016600000000,0
jps.global.handle.before.change.events.ms,1789085956602000000,1789086016600000000,0
jps.global.initialize.library.bridges.ms,1789085956602000000,1789086016600000000,0
workspaceModel.load.cache.from.file.ms,1789085956602000000,1789086016600000000,0
jps.artifact.entities.serializer.save.entities.ms,1789085956602000000,1789086016600000000,0
jps.load.initial.state.ms,1789085956602000000,1789086016600000000,0
workspaceModel.moduleBridge.before.changed.ms,1789085956602000000,1789086016600000000,0
workspaceModel.mutableEntityStorage.apply.changes.from.ms,1789085956602000000,1789086016600000000,0
