# OpenTelemetry Metrics report: .csv, 4 fields: 
# <metric name>, <period start, nanoseconds>, <period end, nanoseconds>, <metric value>
# See CsvMetricsExporter for details.
# 
# NAME, PERIOD_START_NANOS, PERIOD_END_NANOS, VALUE
writeAction.count,1789048753171000000,1789048813182000000,7
writeAction.wait.ms,1789048753171000000,1789048813182000000,2
writeAction.median.wait.ms,1789048753171000000,1789048813182000000,0
writeAction.max.wait.ms,1789048753171000000,1789048813182000000,2
Indexes.allKeys.lookups,1789048753171000000,1789048813182000000,0.0
Indexes.stubs.lookupDurationMaxMs,1789048753171000000,1789048813182000000,0.0
IndexesFlusher.totalFlushesRetried,1789048753171000000,1789048813182000000,0
Indexes.entries.lookups,1789048753171000000,1789048813182000000,7.0
Indexes.allKeys.lookupDuration90PMs,1789048753171000000,1789048813182000000,0.0
Indexes.stubs.lookupDurationAvgMs,1789048753171000000,1789048813182000000,0.0
Indexes.stubs.lookups,1789048753171000000,1789048813182000000,0.0
Indexes.entries.lookupDuration90PMs,1789048753171000000,1789048813182000000,29.0
IndexesFlusher.totalContentionQuotaSpent,1789048753171000000,1789048813182000000,0
IndexesFlusher.totalFlushes,1789048753171000000,1789048813182000000,58
Indexes.entries.lookupDurationMaxMs,1789048753171000000,1789048813182000000,29.0
IndexesFlusher.totalFlushingTimeUs,1789048753171000000,1789048813182000000,336369
Indexes.allKeys.lookupDurationMaxMs,1789048753171000000,1789048813182000000,0.0
Indexes.entries.lookupDurationAvgMs,1789048753171000000,1789048813182000000,7.857142857142857
Indexes.stubs.lookupDuration90PMs,1789048753171000000,1789048813182000000,0.0
Indexes.allKeys.lookupDurationAvgMs,1789048753171000000,1789048813182000000,0.0
FilePageCacheLockFree.totalPageAllocationsWaited,1789048753171000000,1789048813182000000,0
FilePageCacheLockFree.totalNativeBytesAllocated,1789048753171000000,1789048813182000000,0
FilePageCacheLockFree.totalPagesWriteMs,1789048753171000000,1789048813182000000,0
FilePageCacheLockFree.totalBytesRequested,1789048753171000000,1789048813182000000,0
FilePageCache.pageLoadsAboveSizeThreshold,1789048753171000000,1789048813182000000,0
StorageLockContext.competingThreads.max,1789048753171000000,1789048813182000000,15
StorageLockContext.competingThreads.90P,1789048753171000000,1789048813182000000,0
FilePageCache.maxCacheSizeInBytes,1789048753171000000,1789048813182000000,212877312
DirectByteBufferAllocator.totalSizeOfBuffersCachedInBytes,1789048753171000000,1789048813182000000,0
StorageLockContext.competingThreads.avg,1789048753171000000,1789048813182000000,0.12605042016806722
DirectByteBufferAllocator.reclaimed,1789048753171000000,1789048813182000000,3
FilePageCacheLockFree.totalClosedStoragesReclaimed,1789048753171000000,1789048813182000000,0
FilePageCache.pageFastCacheHits,1789048753171000000,1789048813182000000,4411
StreamlinedBlobStorage.recordsDeleted,1789048753171000000,1789048813182000000,19
FilePageCacheLockFree.totalPagesAllocated,1789048753171000000,1789048813182000000,0
DirectByteBufferAllocator.totalSizeOfBuffersAllocatedInBytes,1789048753171000000,1789048813182000000,212877312
FilePageCacheLockFree.totalPagesReclaimed,1789048753171000000,1789048813182000000,0
FilePageCache.totalPageLoadsUs,1789048753171000000,1789048813182000000,386725
StreamlinedBlobStorage.recordsAllocated,1789048753171000000,1789048813182000000,2667
StreamlinedBlobStorage.totalLiveRecordsCapacityBytes,1789048753171000000,1789048813182000000,213198
FilePageCacheLockFree.housekeeperTurnsSkipped,1789048753171000000,1789048813182000000,0
StreamlinedBlobStorage.totalLiveRecordsPayloadBytes,1789048753171000000,1789048813182000000,69867
FilePageCacheLockFree.housekeeperTimeSpentMs,1789048753171000000,1789048813182000000,0
FilePageCacheLockFree.totalPagesHandedOver,1789048753171000000,1789048813182000000,0
MappedFileStorage.storages,1789048753171000000,1789048813182000000,10
FilePageCacheLockFree.totalPagesReadMs,1789048753171000000,1789048813182000000,0
FilePageCacheLockFree.totalBytesRead,1789048753171000000,1789048813182000000,0
FilePageCacheLockFree.nativeBytesInUse,1789048753171000000,1789048813182000000,0
FilePageCache.maxRegisteredFiles,1789048753171000000,1789048813182000000,555
DirectByteBufferAllocator.misses,1789048753171000000,1789048813182000000,205
MappedFileStorage.totalPagesMapped,1789048753171000000,1789048813182000000,10
MappedFileStorage.totalTimeSpentOnMappingUs,1789048753171000000,1789048813182000000,6814
FilePageCacheLockFree.totalNativeBytesReclaimed,1789048753171000000,1789048813182000000,0
FilePageCache.capacityInBytes,1789048753171000000,1789048813182000000,503316478
FilePageCache.pageLoads,1789048753171000000,1789048813182000000,208
FilePageCacheLockFree.heapBytesInUse,1789048753171000000,1789048813182000000,0
FilePageCacheLockFree.totalPagesRequestsMs,1789048753171000000,1789048813182000000,0
StreamlinedBlobStorage.recordsRelocated,1789048753171000000,1789048813182000000,0
DirectByteBufferAllocator.hits,1789048753171000000,1789048813182000000,3
FileChannelInterruptsRetryer.totalRetriedAttempts,1789048753171000000,1789048813182000000,0
DirectByteBufferAllocator.disposed,1789048753171000000,1789048813182000000,0
FilePageCache.totalPageDisposalsUs,1789048753171000000,1789048813182000000,1959
FilePageCacheLockFree.totalPagesRequested,1789048753171000000,1789048813182000000,0
FilePageCacheLockFree.totalBytesWritten,1789048753171000000,1789048813182000000,0
MappedFileStorage.totalBytesMapped,1789048753171000000,1789048813182000000,177471488
FilePageCache.uncachedFileAccess,1789048753171000000,1789048813182000000,118
FilePageCacheLockFree.housekeeperTurnsDone,1789048753171000000,1789048813182000000,0
FilePageCacheLockFree.totalHeapBytesReclaimed,1789048753171000000,1789048813182000000,0
FilePageCache.pageHits,1789048753171000000,1789048813182000000,0
FilePageCacheLockFree.totalPagesWritten,1789048753171000000,1789048813182000000,0
FilePageCacheLockFree.totalHeapBytesAllocated,1789048753171000000,1789048813182000000,0
FilePageCache.disposedBuffers,1789048753171000000,1789048813182000000,3
compiler.ArtifactManagerBridge.addArtifact.ms,1789048753171000000,1789048813182000000,0
compiler.ArtifactManagerBridge.initBridges.ms,1789048753171000000,1789048813182000000,1
compiler.ArtifactManagerBridge.findArtifact.ms,1789048753171000000,1789048813182000000,0
compiler.ArtifactManagerBridge.getArtifactsByType.ms,1789048753171000000,1789048813182000000,2
compiler.ArtifactManagerBridge.dropMappings.ms,1789048753171000000,1789048813182000000,0
compiler.ArtifactManagerBridge.commit.ms,1789048753171000000,1789048813182000000,0
compiler.ArtifactManagerBridge.getArtifacts.ms,1789048753171000000,1789048813182000000,0
workspaceModel.workspaceFileIndexData.getFileInfo.ms,1789048753171000000,1789048813182000000,22
workspaceModel.init.bridges.ms,1789048753171000000,1789048813182000000,2
workspaceModel.workspaceFileIndexData.init.ms,1789048753171000000,1789048813182000000,49
workspaceModel.updates.count,1789048753171000000,1789048813182000000,2
workspaceModel.collect.changes.ms,1789048753171000000,1789048813182000000,0
workspaceModel.workspaceFileIndexData.instances.count,1789048753171000000,1789048813182000000,1
workspaceModel.loading.from.cache.ms,1789048753171000000,1789048813182000000,194
workspaceModel.workspaceFileIndexData.processFileSets.ms,1789048753171000000,1789048813182000000,0
workspaceModel.workspaceFileIndexData.onEntitiesChanged.ms,1789048753171000000,1789048813182000000,0
workspaceModel.cachedValue.clear.ms,1789048753171000000,1789048813182000000,0
workspaceModel.cachedValueWithParameters.calculated.ms,1789048753171000000,1789048813182000000,0
workspaceModel.check.recursive.update.ms,1789048753171000000,1789048813182000000,0
workspaceModel.cachedValue.calculated.ms,1789048753171000000,1789048813182000000,14
workspaceModel.workspaceFileIndexData.getDirectoriesByPackageName.ms,1789048753171000000,1789048813182000000,4
workspaceModel.cachedValue.from.cache.ms,1789048753171000000,1789048813182000000,0
workspaceModel.cachedValue.total.get.ms,1789048753171000000,1789048813182000000,14
workspaceModel.full.replace.project.model.ms,1789048753171000000,1789048813182000000,4
workspaceModel.workspaceFileIndexData.markDirty.ms,1789048753171000000,1789048813182000000,0
workspaceModel.workspaceFileIndexContributor.registerFileSets.ms,1789048753171000000,1789048813182000000,91
workspaceModel.update.unloaded.entities.ms,1789048753171000000,1789048813182000000,0
workspaceModel.entityStorageSnapshotImpl.instances.count,1789048753171000000,1789048813182000000,14
workspaceModel.cachedValueWithParameters.from.cache.ms,1789048753171000000,1789048813182000000,0
workspaceModel.updates.precise.ms,1789048753171000000,1789048813182000000,9
workspaceModel.pre.handlers.ms,1789048753171000000,1789048813182000000,0
workspaceModel.workspaceFileIndexData.updateDirtyEntities.ms,1789048753171000000,1789048813182000000,0
workspaceModel.cachedValueWithParameters.clear.ms,1789048753171000000,1789048813182000000,0
workspaceModel.updates.ms,1789048753171000000,1789048813182000000,55
workspaceModel.initializing.ms,1789048753171000000,1789048813182000000,2
workspaceModel.replace.project.model.ms,1789048753171000000,1789048813182000000,0
workspaceModel.workspaceFileIndexData.visitFileSets.ms,1789048753171000000,1789048813182000000,0
workspaceModel.loading.total.ms,1789048753171000000,1789048813182000000,208
workspaceModel.cachedValueWithParameters.total.get.ms,1789048753171000000,1789048813182000000,0
workspaceModel.workspaceFileIndexData.getPackageName.ms,1789048753171000000,1789048813182000000,0
workspaceModel.to.snapshot.ms,1789048753171000000,1789048813182000000,0
cacheStateStorage.get.duration,1789048753171000000,1789048813182000000,226
cacheStateStorage.get.counter,1789048753171000000,1789048813182000000,24
cacheStateStorage.set.duration,1789048753171000000,1789048813182000000,26
cacheStateStorage.set.counter,1789048753171000000,1789048813182000000,5
NonBlockingReadAction.finalizedExecutionsCount,1789048753171000000,1789048813182000000,15
AWTEventQueue.dispatchTime90PNs,1789048753171000000,1789048813182000000,991231
FlushQueue.queueSizeAvg,1789048753171000000,1789048813182000000,16.60419091967404
FlushQueue.waitingTime90PNs,1789048753171000000,1789048813182000000,390070271
AWTEventQueue.dispatchTimeTotalNS,1789048753171000000,1789048813182000000,9723700922
AWTEventQueue.dispatchTimeAvgNs,1789048753171000000,1789048813182000000,837971.187866253
AWTEventQueue.dispatchTimeMaxNs,1789048753171000000,1789048813182000000,408944639
FlushQueue.executionTime90PNs,1789048753171000000,1789048813182000000,647167
ReadAction.executionsCount,1789048753171000000,1789048813182000000,29697
NonBlockingReadAction.finalizedExecutionTimeUs,1789048753171000000,1789048813182000000,285004
FlushQueue.executionTimeAvgNs,1789048753171000000,1789048813182000000,1600191.6321303842
FlushQueue.queueSizeMax,1789048753171000000,1789048813182000000,89
NonBlockingReadAction.failedExecutionTimeUs,1789048753171000000,1789048813182000000,0
NonBlockingReadAction.failedExecutionsCount,1789048753171000000,1789048813182000000,0
AWTEventQueue.eventsDispatched,1789048753171000000,1789048813182000000,11604
FlushQueue.executionTimeMaxNs,1789048753171000000,1789048813182000000,408944639
FlushQueue.queueSize90P,1789048753171000000,1789048813182000000,57
FlushQueue.waitingTimeMaxNs,1789048753171000000,1789048813182000000,855638015
FlushQueue.tasksExecuted,1789048753171000000,1789048813182000000,1718
WriteAction.executionsCount,1789048753171000000,1789048813182000000,7
FlushQueue.waitingTimeAvgNs,1789048753171000000,1789048813182000000,9.066399564144354E7
JVM.GC.collections,1789048753171000000,1789048813182000000,20
JVM.totalDirectByteBuffersBytes,1789048753171000000,1789048813182000000,215477757
JVM.threadCount,1789048753171000000,1789048813182000000,129
JVM.totalCpuTimeMs,1789048753171000000,1789048813182000000,63494
OS.loadAverage,1789048753171000000,1789048813182000000,2.83984375
JVM.usedNativeBytes,1789048753171000000,1789048813182000000,284684376
JVM.maxThreadCount,1789048753171000000,1789048813182000000,134
JVM.usedHeapBytes,1789048753171000000,1789048813182000000,352133440
JVM.maxHeapBytes,1789048753171000000,1789048813182000000,2147483648
JVM.GC.collectionTimesMs,1789048753171000000,1789048813182000000,145
JVM.totalBytesAllocated,1789048753171000000,1789048813182000000,1148561448
JVM.newThreadsCount,1789048753171000000,1789048813182000000,309
jps.library.entities.serializer.save.entities.ms,1789048753171000000,1789048813182000000,0
workspaceModel.moduleBridgeLoader.loading.modules.ms,1789048753171000000,1789048813182000000,551
workspaceModel.mutableEntityStorage.put.entity.ms,1789048753171000000,1789048813182000000,3
jps.library.entities.serializer.load.entities.ms,1789048753171000000,1789048813182000000,0
jps.app.storage.content.reader.load.component.ms,1789048753171000000,1789048813182000000,0
jps.storage.jps.conf.reader.load.component.ms,1789048753171000000,1789048813182000000,5
jps.module.iml.entities.serializer.load.entities.ms,1789048753171000000,1789048813182000000,12
workspaceModel.orphan.listener.update.ms,1789048753171000000,1789048813182000000,2
workspaceModel.mutableEntityStorage.instances.count,1789048753171000000,1789048813182000000,21
jps.artifact.entities.serializer.load.entities.ms,1789048753171000000,1789048813182000000,0
workspaceModel.mutableEntityStorage.has.same.entities.ms,1789048753171000000,1789048813182000000,0
workspaceModel.mutableEntityStorage.resolve.ms,1789048753171000000,1789048813182000000,0
workspaceModel.moduleManagerBridge.newModule.ms,1789048753171000000,1789048813182000000,0
jps.global.initialize.library.bridges.ms,1789048753171000000,1789048813182000000,0
workspaceModel.mutableEntityStorage.remove.entity.ms,1789048753171000000,1789048813182000000,0
jps.facet.change.listener.before.change.events.ms,1789048753171000000,1789048813182000000,1
workspaceModel.mutableEntityStorage.add.entity.ms,1789048753171000000,1789048813182000000,12
workspaceModel.moduleManagerBridge.set.unloadedModules.ms,1789048753171000000,1789048813182000000,0
workspaceModel.moduleManagerBridge.load.all.modules.ms,1789048753171000000,1789048813182000000,215
workspaceModel.mutableEntityStorage.collect.changes.ms,1789048753171000000,1789048813182000000,1
workspaceModel.moduleBridge.update.option.ms,1789048753171000000,1789048813182000000,0
workspaceModel.global.apply.state.to.project.builder.ms,1789048753171000000,1789048813182000000,0
workspaceModel.global.updates.ms,1789048753171000000,1789048813182000000,0
workspaceModel.delayed.project.synchronizer.sync.ms,1789048753171000000,1789048813182000000,70
workspaceModel.mutableEntityStorage.entities.by.source.ms,1789048753171000000,1789048813182000000,0
jps.apply.loaded.storage.ms,1789048753171000000,1789048813182000000,14
jps.global.get.library.by.name.ms,1789048753171000000,1789048813182000000,0
jps.load.initial.state.ms,1789048753171000000,1789048813182000000,15
workspaceModel.moduleManagerBridge.load.module.ms,1789048753171000000,1789048813182000000,0
workspaceModel.mutableEntityStorage.to.snapshot.ms,1789048753171000000,1789048813182000000,2
jps.facet.change.listener.init.bridge.ms,1789048753171000000,1789048813182000000,0
workspaceModel.moduleManagerBridge.build.module.graph.ms,1789048753171000000,1789048813182000000,4
workspaceModel.load.cache.metadata.from.file.ms,1789048753171000000,1789048813182000000,15
jps.load.project.to.empty.storage.ms,1789048753171000000,1789048813182000000,54
workspaceModel.mutableEntityStorage.mutable.vfurl.index.ms,1789048753171000000,1789048813182000000,0
workspaceModel.moduleBridge.facet.initialization.ms,1789048753171000000,1789048813182000000,0
jps.facet.change.listener.process.change.events.ms,1789048753171000000,1789048813182000000,1
workspaceModel.moduleManagerBridge.get.modules.ms,1789048753171000000,1789048813182000000,0
jps.reload.project.entities.ms,1789048753171000000,1789048813182000000,0
workspaceModel.moduleBridge.before.changed.ms,1789048753171000000,1789048813182000000,0
workspaceModel.mutableEntityStorage.mutable.ext.mapping.ms,1789048753171000000,1789048813182000000,2
jps.global.handle.changed.events.ms,1789048753171000000,1789048813182000000,0
workspaceModel.mutableEntityStorage.referrers.ms,1789048753171000000,1789048813182000000,0
workspaceModel.mutableEntityStorage.modify.entity.ms,1789048753171000000,1789048813182000000,1
jps.artifact.entities.serializer.save.entities.ms,1789048753171000000,1789048813182000000,0
jps.global.get.library.ms,1789048753171000000,1789048813182000000,0
workspaceModel.load.cache.from.file.ms,1789048753171000000,1789048813182000000,183
workspaceModel.moduleManagerBridge.new.nonPersistent.module.ms,1789048753171000000,1789048813182000000,0
workspaceModel.global.updates.count,1789048753171000000,1789048813182000000,0
workspaceModel.mutableEntityStorage.replace.by.source.ms,1789048753171000000,1789048813182000000,9
workspaceModel.save.cache.to.file.ms,1789048753171000000,1789048813182000000,38
workspaceModel.do.save.caches.ms,1789048753171000000,1789048813182000000,49
workspaceModel.mutableEntityStorage.entities.ms,1789048753171000000,1789048813182000000,0
jps.project.serializers.load.ms,1789048753171000000,1789048813182000000,27
workspaceModel.mutableEntityStorage.apply.changes.from.ms,1789048753171000000,1789048813182000000,6
jps.global.handle.before.change.events.ms,1789048753171000000,1789048813182000000,0
jps.global.initialize.library.bridges.after.loading.ms,1789048753171000000,1789048813182000000,1
jps.project.serializers.save.ms,1789048753171000000,1789048813182000000,0
workspaceModel.sync.entities.ms,1789048753171000000,1789048813182000000,0
workspaceModel.moduleManagerBridge.create.module.instance.ms,1789048753171000000,1789048813182000000,0
workspaceModel.global.apply.state.to.project.ms,1789048753171000000,1789048813182000000,50
jps.global.get.libraries.ms,1789048753171000000,1789048813182000000,0
jps.save.global.entities.ms,1789048753171000000,1789048813182000000,0
jps.save.changed.project.entities.ms,1789048753171000000,1789048813182000000,0
jps.module.iml.entities.serializer.save.entities.ms,1789048753171000000,1789048813182000000,0
VFS.fileByIdCache.misses,1789048753171000000,1789048813182000000,22
VFS.invertedFileNameIndex.requests,1789048753171000000,1789048813182000000,0
VFS.fileByIdCache.hits,1789048753171000000,1789048813182000000,0
FileNameCache.totalMisses,1789048753171000000,1789048813182000000,0
VFS.fileChildByName,1789048753171000000,1789048813182000000,933
FileNameCache.queries,1789048753171000000,1789048813182000000,0
writeAction.count,1789048813182000000,1789048873180000000,0
writeAction.wait.ms,1789048813182000000,1789048873180000000,0
writeAction.median.wait.ms,1789048813182000000,1789048873180000000,0
writeAction.max.wait.ms,1789048813182000000,1789048873180000000,2
Indexes.allKeys.lookups,1789048813182000000,1789048873180000000,0.0
Indexes.stubs.lookupDurationMaxMs,1789048813182000000,1789048873180000000,0.0
IndexesFlusher.totalFlushesRetried,1789048813182000000,1789048873180000000,0
Indexes.entries.lookups,1789048813182000000,1789048873180000000,0.0
Indexes.allKeys.lookupDuration90PMs,1789048813182000000,1789048873180000000,0.0
Indexes.stubs.lookupDurationAvgMs,1789048813182000000,1789048873180000000,0.0
Indexes.stubs.lookups,1789048813182000000,1789048873180000000,0.0
Indexes.entries.lookupDuration90PMs,1789048813182000000,1789048873180000000,0.0
IndexesFlusher.totalContentionQuotaSpent,1789048813182000000,1789048873180000000,0
IndexesFlusher.totalFlushes,1789048813182000000,1789048873180000000,59
Indexes.entries.lookupDurationMaxMs,1789048813182000000,1789048873180000000,0.0
IndexesFlusher.totalFlushingTimeUs,1789048813182000000,1789048873180000000,280187
Indexes.allKeys.lookupDurationMaxMs,1789048813182000000,1789048873180000000,0.0
Indexes.entries.lookupDurationAvgMs,1789048813182000000,1789048873180000000,0.0
Indexes.stubs.lookupDuration90PMs,1789048813182000000,1789048873180000000,0.0
Indexes.allKeys.lookupDurationAvgMs,1789048813182000000,1789048873180000000,0.0
FilePageCacheLockFree.totalPageAllocationsWaited,1789048813182000000,1789048873180000000,0
FilePageCacheLockFree.totalNativeBytesAllocated,1789048813182000000,1789048873180000000,0
FilePageCacheLockFree.totalPagesWriteMs,1789048813182000000,1789048873180000000,0
FilePageCacheLockFree.totalBytesRequested,1789048813182000000,1789048873180000000,0
FilePageCache.pageLoadsAboveSizeThreshold,1789048813182000000,1789048873180000000,0
StorageLockContext.competingThreads.max,1789048813182000000,1789048873180000000,0
StorageLockContext.competingThreads.90P,1789048813182000000,1789048873180000000,0
FilePageCache.maxCacheSizeInBytes,1789048813182000000,1789048873180000000,212877312
DirectByteBufferAllocator.totalSizeOfBuffersCachedInBytes,1789048813182000000,1789048873180000000,0
StorageLockContext.competingThreads.avg,1789048813182000000,1789048873180000000,0.0
DirectByteBufferAllocator.reclaimed,1789048813182000000,1789048873180000000,0
FilePageCacheLockFree.totalClosedStoragesReclaimed,1789048813182000000,1789048873180000000,0
FilePageCache.pageFastCacheHits,1789048813182000000,1789048873180000000,0
StreamlinedBlobStorage.recordsDeleted,1789048813182000000,1789048873180000000,0
FilePageCacheLockFree.totalPagesAllocated,1789048813182000000,1789048873180000000,0
DirectByteBufferAllocator.totalSizeOfBuffersAllocatedInBytes,1789048813182000000,1789048873180000000,212877312
FilePageCacheLockFree.totalPagesReclaimed,1789048813182000000,1789048873180000000,0
FilePageCache.totalPageLoadsUs,1789048813182000000,1789048873180000000,0
StreamlinedBlobStorage.recordsAllocated,1789048813182000000,1789048873180000000,0
StreamlinedBlobStorage.totalLiveRecordsCapacityBytes,1789048813182000000,1789048873180000000,0
FilePageCacheLockFree.housekeeperTurnsSkipped,1789048813182000000,1789048873180000000,0
StreamlinedBlobStorage.totalLiveRecordsPayloadBytes,1789048813182000000,1789048873180000000,0
FilePageCacheLockFree.housekeeperTimeSpentMs,1789048813182000000,1789048873180000000,0
FilePageCacheLockFree.totalPagesHandedOver,1789048813182000000,1789048873180000000,0
MappedFileStorage.storages,1789048813182000000,1789048873180000000,10
FilePageCacheLockFree.totalPagesReadMs,1789048813182000000,1789048873180000000,0
FilePageCacheLockFree.totalBytesRead,1789048813182000000,1789048873180000000,0
FilePageCacheLockFree.nativeBytesInUse,1789048813182000000,1789048873180000000,0
FilePageCache.maxRegisteredFiles,1789048813182000000,1789048873180000000,555
DirectByteBufferAllocator.misses,1789048813182000000,1789048873180000000,0
MappedFileStorage.totalPagesMapped,1789048813182000000,1789048873180000000,10
MappedFileStorage.totalTimeSpentOnMappingUs,1789048813182000000,1789048873180000000,6814
FilePageCacheLockFree.totalNativeBytesReclaimed,1789048813182000000,1789048873180000000,0
FilePageCache.capacityInBytes,1789048813182000000,1789048873180000000,503316478
FilePageCache.pageLoads,1789048813182000000,1789048873180000000,0
FilePageCacheLockFree.heapBytesInUse,1789048813182000000,1789048873180000000,0
FilePageCacheLockFree.totalPagesRequestsMs,1789048813182000000,1789048873180000000,0
StreamlinedBlobStorage.recordsRelocated,1789048813182000000,1789048873180000000,0
DirectByteBufferAllocator.hits,1789048813182000000,1789048873180000000,0
FileChannelInterruptsRetryer.totalRetriedAttempts,1789048813182000000,1789048873180000000,0
DirectByteBufferAllocator.disposed,1789048813182000000,1789048873180000000,0
FilePageCache.totalPageDisposalsUs,1789048813182000000,1789048873180000000,0
FilePageCacheLockFree.totalPagesRequested,1789048813182000000,1789048873180000000,0
FilePageCacheLockFree.totalBytesWritten,1789048813182000000,1789048873180000000,0
MappedFileStorage.totalBytesMapped,1789048813182000000,1789048873180000000,177471488
FilePageCache.uncachedFileAccess,1789048813182000000,1789048873180000000,0
FilePageCacheLockFree.housekeeperTurnsDone,1789048813182000000,1789048873180000000,0
FilePageCacheLockFree.totalHeapBytesReclaimed,1789048813182000000,1789048873180000000,0
FilePageCache.pageHits,1789048813182000000,1789048873180000000,0
FilePageCacheLockFree.totalPagesWritten,1789048813182000000,1789048873180000000,0
FilePageCacheLockFree.totalHeapBytesAllocated,1789048813182000000,1789048873180000000,0
FilePageCache.disposedBuffers,1789048813182000000,1789048873180000000,0
compiler.ArtifactManagerBridge.addArtifact.ms,1789048813182000000,1789048873180000000,0
compiler.ArtifactManagerBridge.initBridges.ms,1789048813182000000,1789048873180000000,0
compiler.ArtifactManagerBridge.findArtifact.ms,1789048813182000000,1789048873180000000,0
compiler.ArtifactManagerBridge.getArtifactsByType.ms,1789048813182000000,1789048873180000000,0
compiler.ArtifactManagerBridge.dropMappings.ms,1789048813182000000,1789048873180000000,0
compiler.ArtifactManagerBridge.commit.ms,1789048813182000000,1789048873180000000,0
compiler.ArtifactManagerBridge.getArtifacts.ms,1789048813182000000,1789048873180000000,0
workspaceModel.workspaceFileIndexData.getFileInfo.ms,1789048813182000000,1789048873180000000,0
workspaceModel.init.bridges.ms,1789048813182000000,1789048873180000000,0
workspaceModel.workspaceFileIndexData.init.ms,1789048813182000000,1789048873180000000,0
workspaceModel.updates.count,1789048813182000000,1789048873180000000,0
workspaceModel.collect.changes.ms,1789048813182000000,1789048873180000000,0
workspaceModel.workspaceFileIndexData.instances.count,1789048813182000000,1789048873180000000,0
workspaceModel.loading.from.cache.ms,1789048813182000000,1789048873180000000,0
workspaceModel.workspaceFileIndexData.processFileSets.ms,1789048813182000000,1789048873180000000,0
workspaceModel.workspaceFileIndexData.onEntitiesChanged.ms,1789048813182000000,1789048873180000000,0
workspaceModel.cachedValue.clear.ms,1789048813182000000,1789048873180000000,0
workspaceModel.cachedValueWithParameters.calculated.ms,1789048813182000000,1789048873180000000,0
workspaceModel.check.recursive.update.ms,1789048813182000000,1789048873180000000,0
workspaceModel.cachedValue.calculated.ms,1789048813182000000,1789048873180000000,0
workspaceModel.workspaceFileIndexData.getDirectoriesByPackageName.ms,1789048813182000000,1789048873180000000,0
workspaceModel.cachedValue.from.cache.ms,1789048813182000000,1789048873180000000,0
workspaceModel.cachedValue.total.get.ms,1789048813182000000,1789048873180000000,0
workspaceModel.full.replace.project.model.ms,1789048813182000000,1789048873180000000,0
workspaceModel.workspaceFileIndexData.markDirty.ms,1789048813182000000,1789048873180000000,0
workspaceModel.workspaceFileIndexContributor.registerFileSets.ms,1789048813182000000,1789048873180000000,0
workspaceModel.update.unloaded.entities.ms,1789048813182000000,1789048873180000000,0
workspaceModel.entityStorageSnapshotImpl.instances.count,1789048813182000000,1789048873180000000,0
workspaceModel.cachedValueWithParameters.from.cache.ms,1789048813182000000,1789048873180000000,0
workspaceModel.updates.precise.ms,1789048813182000000,1789048873180000000,0
workspaceModel.pre.handlers.ms,1789048813182000000,1789048873180000000,0
workspaceModel.workspaceFileIndexData.updateDirtyEntities.ms,1789048813182000000,1789048873180000000,0
workspaceModel.cachedValueWithParameters.clear.ms,1789048813182000000,1789048873180000000,0
workspaceModel.updates.ms,1789048813182000000,1789048873180000000,0
workspaceModel.initializing.ms,1789048813182000000,1789048873180000000,0
workspaceModel.replace.project.model.ms,1789048813182000000,1789048873180000000,0
workspaceModel.workspaceFileIndexData.visitFileSets.ms,1789048813182000000,1789048873180000000,0
workspaceModel.loading.total.ms,1789048813182000000,1789048873180000000,0
workspaceModel.cachedValueWithParameters.total.get.ms,1789048813182000000,1789048873180000000,0
workspaceModel.workspaceFileIndexData.getPackageName.ms,1789048813182000000,1789048873180000000,0
workspaceModel.to.snapshot.ms,1789048813182000000,1789048873180000000,0
cacheStateStorage.get.duration,1789048813182000000,1789048873180000000,1
cacheStateStorage.get.counter,1789048813182000000,1789048873180000000,1
cacheStateStorage.set.duration,1789048813182000000,1789048873180000000,0
cacheStateStorage.set.counter,1789048813182000000,1789048873180000000,0
NonBlockingReadAction.finalizedExecutionsCount,1789048813182000000,1789048873180000000,13
AWTEventQueue.dispatchTime90PNs,1789048813182000000,1789048873180000000,376831
FlushQueue.queueSizeAvg,1789048813182000000,1789048873180000000,1.3095238095238095
FlushQueue.waitingTime90PNs,1789048813182000000,1789048873180000000,1163263
AWTEventQueue.dispatchTimeTotalNS,1789048813182000000,1789048873180000000,3667445372
AWTEventQueue.dispatchTimeAvgNs,1789048813182000000,1789048873180000000,354580.8772371094
AWTEventQueue.dispatchTimeMaxNs,1789048813182000000,1789048873180000000,81264639
FlushQueue.executionTime90PNs,1789048813182000000,1789048873180000000,196607
ReadAction.executionsCount,1789048813182000000,1789048873180000000,17897
NonBlockingReadAction.finalizedExecutionTimeUs,1789048813182000000,1789048873180000000,1580
FlushQueue.executionTimeAvgNs,1789048813182000000,1789048873180000000,89903.57936507936
FlushQueue.queueSizeMax,1789048813182000000,1789048873180000000,98
NonBlockingReadAction.failedExecutionTimeUs,1789048813182000000,1789048873180000000,0
NonBlockingReadAction.failedExecutionsCount,1789048813182000000,1789048873180000000,0
AWTEventQueue.eventsDispatched,1789048813182000000,1789048873180000000,10337
FlushQueue.executionTimeMaxNs,1789048813182000000,1789048873180000000,1687551
FlushQueue.queueSize90P,1789048813182000000,1789048873180000000,3
FlushQueue.waitingTimeMaxNs,1789048813182000000,1789048873180000000,59768831
FlushQueue.tasksExecuted,1789048813182000000,1789048873180000000,1008
WriteAction.executionsCount,1789048813182000000,1789048873180000000,0
FlushQueue.waitingTimeAvgNs,1789048813182000000,1789048873180000000,1563030.7658730159
JVM.GC.collections,1789048813182000000,1789048873180000000,3
JVM.totalDirectByteBuffersBytes,1789048813182000000,1789048873180000000,213979864
JVM.threadCount,1789048813182000000,1789048873180000000,68
JVM.totalCpuTimeMs,1789048813182000000,1789048873180000000,17874
OS.loadAverage,1789048813182000000,1789048873180000000,2.94482421875
JVM.usedNativeBytes,1789048813182000000,1789048873180000000,295394184
JVM.maxThreadCount,1789048813182000000,1789048873180000000,134
JVM.usedHeapBytes,1789048813182000000,1789048873180000000,265817088
JVM.maxHeapBytes,1789048813182000000,1789048873180000000,2147483648
JVM.GC.collectionTimesMs,1789048813182000000,1789048873180000000,17
JVM.totalBytesAllocated,1789048813182000000,1789048873180000000,227404536
JVM.newThreadsCount,1789048813182000000,1789048873180000000,201
jps.library.entities.serializer.save.entities.ms,1789048813182000000,1789048873180000000,0
workspaceModel.moduleBridgeLoader.loading.modules.ms,1789048813182000000,1789048873180000000,0
workspaceModel.mutableEntityStorage.put.entity.ms,1789048813182000000,1789048873180000000,0
jps.library.entities.serializer.load.entities.ms,1789048813182000000,1789048873180000000,0
jps.app.storage.content.reader.load.component.ms,1789048813182000000,1789048873180000000,0
jps.storage.jps.conf.reader.load.component.ms,1789048813182000000,1789048873180000000,0
jps.module.iml.entities.serializer.load.entities.ms,1789048813182000000,1789048873180000000,0
workspaceModel.orphan.listener.update.ms,1789048813182000000,1789048873180000000,0
workspaceModel.mutableEntityStorage.instances.count,1789048813182000000,1789048873180000000,0
jps.artifact.entities.serializer.load.entities.ms,1789048813182000000,1789048873180000000,0
workspaceModel.mutableEntityStorage.has.same.entities.ms,1789048813182000000,1789048873180000000,0
workspaceModel.mutableEntityStorage.resolve.ms,1789048813182000000,1789048873180000000,0
workspaceModel.moduleManagerBridge.newModule.ms,1789048813182000000,1789048873180000000,0
jps.global.initialize.library.bridges.ms,1789048813182000000,1789048873180000000,0
workspaceModel.mutableEntityStorage.remove.entity.ms,1789048813182000000,1789048873180000000,0
jps.facet.change.listener.before.change.events.ms,1789048813182000000,1789048873180000000,0
workspaceModel.mutableEntityStorage.add.entity.ms,1789048813182000000,1789048873180000000,0
workspaceModel.moduleManagerBridge.set.unloadedModules.ms,1789048813182000000,1789048873180000000,0
workspaceModel.moduleManagerBridge.load.all.modules.ms,1789048813182000000,1789048873180000000,0
workspaceModel.mutableEntityStorage.collect.changes.ms,1789048813182000000,1789048873180000000,0
workspaceModel.moduleBridge.update.option.ms,1789048813182000000,1789048873180000000,0
workspaceModel.global.apply.state.to.project.builder.ms,1789048813182000000,1789048873180000000,0
workspaceModel.global.updates.ms,1789048813182000000,1789048873180000000,0
workspaceModel.delayed.project.synchronizer.sync.ms,1789048813182000000,1789048873180000000,0
workspaceModel.mutableEntityStorage.entities.by.source.ms,1789048813182000000,1789048873180000000,0
jps.apply.loaded.storage.ms,1789048813182000000,1789048873180000000,0
jps.global.get.library.by.name.ms,1789048813182000000,1789048873180000000,0
jps.load.initial.state.ms,1789048813182000000,1789048873180000000,0
workspaceModel.moduleManagerBridge.load.module.ms,1789048813182000000,1789048873180000000,0
workspaceModel.mutableEntityStorage.to.snapshot.ms,1789048813182000000,1789048873180000000,0
jps.facet.change.listener.init.bridge.ms,1789048813182000000,1789048873180000000,0
workspaceModel.moduleManagerBridge.build.module.graph.ms,1789048813182000000,1789048873180000000,0
workspaceModel.load.cache.metadata.from.file.ms,1789048813182000000,1789048873180000000,0
jps.load.project.to.empty.storage.ms,1789048813182000000,1789048873180000000,0
workspaceModel.mutableEntityStorage.mutable.vfurl.index.ms,1789048813182000000,1789048873180000000,0
workspaceModel.moduleBridge.facet.initialization.ms,1789048813182000000,1789048873180000000,0
jps.facet.change.listener.process.change.events.ms,1789048813182000000,1789048873180000000,0
workspaceModel.moduleManagerBridge.get.modules.ms,1789048813182000000,1789048873180000000,0
jps.reload.project.entities.ms,1789048813182000000,1789048873180000000,0
workspaceModel.moduleBridge.before.changed.ms,1789048813182000000,1789048873180000000,0
workspaceModel.mutableEntityStorage.mutable.ext.mapping.ms,1789048813182000000,1789048873180000000,0
jps.global.handle.changed.events.ms,1789048813182000000,1789048873180000000,0
workspaceModel.mutableEntityStorage.referrers.ms,1789048813182000000,1789048873180000000,0
workspaceModel.mutableEntityStorage.modify.entity.ms,1789048813182000000,1789048873180000000,0
jps.artifact.entities.serializer.save.entities.ms,1789048813182000000,1789048873180000000,0
jps.global.get.library.ms,1789048813182000000,1789048873180000000,0
workspaceModel.load.cache.from.file.ms,1789048813182000000,1789048873180000000,0
workspaceModel.moduleManagerBridge.new.nonPersistent.module.ms,1789048813182000000,1789048873180000000,0
workspaceModel.global.updates.count,1789048813182000000,1789048873180000000,0
workspaceModel.mutableEntityStorage.replace.by.source.ms,1789048813182000000,1789048873180000000,0
workspaceModel.save.cache.to.file.ms,1789048813182000000,1789048873180000000,0
workspaceModel.do.save.caches.ms,1789048813182000000,1789048873180000000,0
workspaceModel.mutableEntityStorage.entities.ms,1789048813182000000,1789048873180000000,0
jps.project.serializers.load.ms,1789048813182000000,1789048873180000000,0
workspaceModel.mutableEntityStorage.apply.changes.from.ms,1789048813182000000,1789048873180000000,0
jps.global.handle.before.change.events.ms,1789048813182000000,1789048873180000000,0
jps.global.initialize.library.bridges.after.loading.ms,1789048813182000000,1789048873180000000,0
jps.project.serializers.save.ms,1789048813182000000,1789048873180000000,0
workspaceModel.sync.entities.ms,1789048813182000000,1789048873180000000,0
workspaceModel.moduleManagerBridge.create.module.instance.ms,1789048813182000000,1789048873180000000,0
workspaceModel.global.apply.state.to.project.ms,1789048813182000000,1789048873180000000,0
jps.global.get.libraries.ms,1789048813182000000,1789048873180000000,0
jps.save.global.entities.ms,1789048813182000000,1789048873180000000,0
jps.save.changed.project.entities.ms,1789048813182000000,1789048873180000000,0
jps.module.iml.entities.serializer.save.entities.ms,1789048813182000000,1789048873180000000,0
VFS.fileByIdCache.misses,1789048813182000000,1789048873180000000,0
VFS.invertedFileNameIndex.requests,1789048813182000000,1789048873180000000,0
VFS.fileByIdCache.hits,1789048813182000000,1789048873180000000,0
FileNameCache.totalMisses,1789048813182000000,1789048873180000000,0
VFS.fileChildByName,1789048813182000000,1789048873180000000,8
FileNameCache.queries,1789048813182000000,1789048873180000000,0
writeAction.count,1789048873180000000,1789048933194000000,0
writeAction.wait.ms,1789048873180000000,1789048933194000000,0
writeAction.median.wait.ms,1789048873180000000,1789048933194000000,0
writeAction.max.wait.ms,1789048873180000000,1789048933194000000,2
Indexes.allKeys.lookups,1789048873180000000,1789048933194000000,0.0
Indexes.stubs.lookupDurationMaxMs,1789048873180000000,1789048933194000000,0.0
IndexesFlusher.totalFlushesRetried,1789048873180000000,1789048933194000000,0
Indexes.entries.lookups,1789048873180000000,1789048933194000000,0.0
Indexes.allKeys.lookupDuration90PMs,1789048873180000000,1789048933194000000,0.0
Indexes.stubs.lookupDurationAvgMs,1789048873180000000,1789048933194000000,0.0
Indexes.stubs.lookups,1789048873180000000,1789048933194000000,0.0
Indexes.entries.lookupDuration90PMs,1789048873180000000,1789048933194000000,0.0
IndexesFlusher.totalContentionQuotaSpent,1789048873180000000,1789048933194000000,0
IndexesFlusher.totalFlushes,1789048873180000000,1789048933194000000,59
Indexes.entries.lookupDurationMaxMs,1789048873180000000,1789048933194000000,0.0
IndexesFlusher.totalFlushingTimeUs,1789048873180000000,1789048933194000000,273976
Indexes.allKeys.lookupDurationMaxMs,1789048873180000000,1789048933194000000,0.0
Indexes.entries.lookupDurationAvgMs,1789048873180000000,1789048933194000000,0.0
Indexes.stubs.lookupDuration90PMs,1789048873180000000,1789048933194000000,0.0
Indexes.allKeys.lookupDurationAvgMs,1789048873180000000,1789048933194000000,0.0
FilePageCacheLockFree.totalPageAllocationsWaited,1789048873180000000,1789048933194000000,0
FilePageCacheLockFree.totalNativeBytesAllocated,1789048873180000000,1789048933194000000,0
FilePageCacheLockFree.totalPagesWriteMs,1789048873180000000,1789048933194000000,0
FilePageCacheLockFree.totalBytesRequested,1789048873180000000,1789048933194000000,0
FilePageCache.pageLoadsAboveSizeThreshold,1789048873180000000,1789048933194000000,0
StorageLockContext.competingThreads.max,1789048873180000000,1789048933194000000,0
StorageLockContext.competingThreads.90P,1789048873180000000,1789048933194000000,0
FilePageCache.maxCacheSizeInBytes,1789048873180000000,1789048933194000000,212877312
DirectByteBufferAllocator.totalSizeOfBuffersCachedInBytes,1789048873180000000,1789048933194000000,0
StorageLockContext.competingThreads.avg,1789048873180000000,1789048933194000000,0.0
DirectByteBufferAllocator.reclaimed,1789048873180000000,1789048933194000000,0
FilePageCacheLockFree.totalClosedStoragesReclaimed,1789048873180000000,1789048933194000000,0
FilePageCache.pageFastCacheHits,1789048873180000000,1789048933194000000,15
StreamlinedBlobStorage.recordsDeleted,1789048873180000000,1789048933194000000,0
FilePageCacheLockFree.totalPagesAllocated,1789048873180000000,1789048933194000000,0
DirectByteBufferAllocator.totalSizeOfBuffersAllocatedInBytes,1789048873180000000,1789048933194000000,212877312
FilePageCacheLockFree.totalPagesReclaimed,1789048873180000000,1789048933194000000,0
FilePageCache.totalPageLoadsUs,1789048873180000000,1789048933194000000,0
StreamlinedBlobStorage.recordsAllocated,1789048873180000000,1789048933194000000,0
StreamlinedBlobStorage.totalLiveRecordsCapacityBytes,1789048873180000000,1789048933194000000,0
FilePageCacheLockFree.housekeeperTurnsSkipped,1789048873180000000,1789048933194000000,0
StreamlinedBlobStorage.totalLiveRecordsPayloadBytes,1789048873180000000,1789048933194000000,0
FilePageCacheLockFree.housekeeperTimeSpentMs,1789048873180000000,1789048933194000000,0
FilePageCacheLockFree.totalPagesHandedOver,1789048873180000000,1789048933194000000,0
MappedFileStorage.storages,1789048873180000000,1789048933194000000,10
FilePageCacheLockFree.totalPagesReadMs,1789048873180000000,1789048933194000000,0
FilePageCacheLockFree.totalBytesRead,1789048873180000000,1789048933194000000,0
FilePageCacheLockFree.nativeBytesInUse,1789048873180000000,1789048933194000000,0
FilePageCache.maxRegisteredFiles,1789048873180000000,1789048933194000000,555
DirectByteBufferAllocator.misses,1789048873180000000,1789048933194000000,0
MappedFileStorage.totalPagesMapped,1789048873180000000,1789048933194000000,10
MappedFileStorage.totalTimeSpentOnMappingUs,1789048873180000000,1789048933194000000,6814
FilePageCacheLockFree.totalNativeBytesReclaimed,1789048873180000000,1789048933194000000,0
FilePageCache.capacityInBytes,1789048873180000000,1789048933194000000,503316478
FilePageCache.pageLoads,1789048873180000000,1789048933194000000,0
FilePageCacheLockFree.heapBytesInUse,1789048873180000000,1789048933194000000,0
FilePageCacheLockFree.totalPagesRequestsMs,1789048873180000000,1789048933194000000,0
StreamlinedBlobStorage.recordsRelocated,1789048873180000000,1789048933194000000,0
DirectByteBufferAllocator.hits,1789048873180000000,1789048933194000000,0
FileChannelInterruptsRetryer.totalRetriedAttempts,1789048873180000000,1789048933194000000,0
DirectByteBufferAllocator.disposed,1789048873180000000,1789048933194000000,0
FilePageCache.totalPageDisposalsUs,1789048873180000000,1789048933194000000,0
FilePageCacheLockFree.totalPagesRequested,1789048873180000000,1789048933194000000,0
FilePageCacheLockFree.totalBytesWritten,1789048873180000000,1789048933194000000,0
MappedFileStorage.totalBytesMapped,1789048873180000000,1789048933194000000,177471488
FilePageCache.uncachedFileAccess,1789048873180000000,1789048933194000000,0
FilePageCacheLockFree.housekeeperTurnsDone,1789048873180000000,1789048933194000000,0
FilePageCacheLockFree.totalHeapBytesReclaimed,1789048873180000000,1789048933194000000,0
FilePageCache.pageHits,1789048873180000000,1789048933194000000,0
FilePageCacheLockFree.totalPagesWritten,1789048873180000000,1789048933194000000,0
FilePageCacheLockFree.totalHeapBytesAllocated,1789048873180000000,1789048933194000000,0
FilePageCache.disposedBuffers,1789048873180000000,1789048933194000000,0
compiler.ArtifactManagerBridge.addArtifact.ms,1789048873180000000,1789048933194000000,0
compiler.ArtifactManagerBridge.initBridges.ms,1789048873180000000,1789048933194000000,0
compiler.ArtifactManagerBridge.findArtifact.ms,1789048873180000000,1789048933194000000,0
compiler.ArtifactManagerBridge.getArtifactsByType.ms,1789048873180000000,1789048933194000000,0
compiler.ArtifactManagerBridge.dropMappings.ms,1789048873180000000,1789048933194000000,0
compiler.ArtifactManagerBridge.commit.ms,1789048873180000000,1789048933194000000,0
compiler.ArtifactManagerBridge.getArtifacts.ms,1789048873180000000,1789048933194000000,0
workspaceModel.workspaceFileIndexData.getFileInfo.ms,1789048873180000000,1789048933194000000,0
workspaceModel.init.bridges.ms,1789048873180000000,1789048933194000000,0
workspaceModel.workspaceFileIndexData.init.ms,1789048873180000000,1789048933194000000,0
workspaceModel.updates.count,1789048873180000000,1789048933194000000,0
workspaceModel.collect.changes.ms,1789048873180000000,1789048933194000000,0
workspaceModel.workspaceFileIndexData.instances.count,1789048873180000000,1789048933194000000,0
workspaceModel.loading.from.cache.ms,1789048873180000000,1789048933194000000,0
workspaceModel.workspaceFileIndexData.processFileSets.ms,1789048873180000000,1789048933194000000,0
workspaceModel.workspaceFileIndexData.onEntitiesChanged.ms,1789048873180000000,1789048933194000000,0
workspaceModel.cachedValue.clear.ms,1789048873180000000,1789048933194000000,0
workspaceModel.cachedValueWithParameters.calculated.ms,1789048873180000000,1789048933194000000,0
workspaceModel.check.recursive.update.ms,1789048873180000000,1789048933194000000,0
workspaceModel.cachedValue.calculated.ms,1789048873180000000,1789048933194000000,0
workspaceModel.workspaceFileIndexData.getDirectoriesByPackageName.ms,1789048873180000000,1789048933194000000,0
workspaceModel.cachedValue.from.cache.ms,1789048873180000000,1789048933194000000,0
workspaceModel.cachedValue.total.get.ms,1789048873180000000,1789048933194000000,0
workspaceModel.full.replace.project.model.ms,1789048873180000000,1789048933194000000,0
workspaceModel.workspaceFileIndexData.markDirty.ms,1789048873180000000,1789048933194000000,0
workspaceModel.workspaceFileIndexContributor.registerFileSets.ms,1789048873180000000,1789048933194000000,0
workspaceModel.update.unloaded.entities.ms,1789048873180000000,1789048933194000000,0
workspaceModel.entityStorageSnapshotImpl.instances.count,1789048873180000000,1789048933194000000,0
workspaceModel.cachedValueWithParameters.from.cache.ms,1789048873180000000,1789048933194000000,0
workspaceModel.updates.precise.ms,1789048873180000000,1789048933194000000,0
workspaceModel.pre.handlers.ms,1789048873180000000,1789048933194000000,0
workspaceModel.workspaceFileIndexData.updateDirtyEntities.ms,1789048873180000000,1789048933194000000,0
workspaceModel.cachedValueWithParameters.clear.ms,1789048873180000000,1789048933194000000,0
workspaceModel.updates.ms,1789048873180000000,1789048933194000000,0
workspaceModel.initializing.ms,1789048873180000000,1789048933194000000,0
workspaceModel.replace.project.model.ms,1789048873180000000,1789048933194000000,0
workspaceModel.workspaceFileIndexData.visitFileSets.ms,1789048873180000000,1789048933194000000,0
workspaceModel.loading.total.ms,1789048873180000000,1789048933194000000,0
workspaceModel.cachedValueWithParameters.total.get.ms,1789048873180000000,1789048933194000000,0
workspaceModel.workspaceFileIndexData.getPackageName.ms,1789048873180000000,1789048933194000000,0
workspaceModel.to.snapshot.ms,1789048873180000000,1789048933194000000,0
cacheStateStorage.get.duration,1789048873180000000,1789048933194000000,0
cacheStateStorage.get.counter,1789048873180000000,1789048933194000000,0
cacheStateStorage.set.duration,1789048873180000000,1789048933194000000,0
cacheStateStorage.set.counter,1789048873180000000,1789048933194000000,0
NonBlockingReadAction.finalizedExecutionsCount,1789048873180000000,1789048933194000000,0
AWTEventQueue.dispatchTime90PNs,1789048873180000000,1789048933194000000,286719
FlushQueue.queueSizeAvg,1789048873180000000,1789048933194000000,1.1144238517324738
FlushQueue.waitingTime90PNs,1789048873180000000,1789048933194000000,925695
AWTEventQueue.dispatchTimeTotalNS,1789048873180000000,1789048933194000000,4368497309
AWTEventQueue.dispatchTimeAvgNs,1789048873180000000,1789048933194000000,295553.6767471754
AWTEventQueue.dispatchTimeMaxNs,1789048873180000000,1789048933194000000,63700991
FlushQueue.executionTime90PNs,1789048873180000000,1789048933194000000,160767
ReadAction.executionsCount,1789048873180000000,1789048933194000000,22184
NonBlockingReadAction.finalizedExecutionTimeUs,1789048873180000000,1789048933194000000,0
FlushQueue.executionTimeAvgNs,1789048873180000000,1789048933194000000,96960.21917808219
FlushQueue.queueSizeMax,1789048873180000000,1789048933194000000,21
NonBlockingReadAction.failedExecutionTimeUs,1789048873180000000,1789048933194000000,0
NonBlockingReadAction.failedExecutionsCount,1789048873180000000,1789048933194000000,0
AWTEventQueue.eventsDispatched,1789048873180000000,1789048933194000000,14781
FlushQueue.executionTimeMaxNs,1789048873180000000,1789048933194000000,18481151
FlushQueue.queueSize90P,1789048873180000000,1789048933194000000,4
FlushQueue.waitingTimeMaxNs,1789048873180000000,1789048933194000000,79691775
FlushQueue.tasksExecuted,1789048873180000000,1789048933194000000,1241
WriteAction.executionsCount,1789048873180000000,1789048933194000000,0
FlushQueue.waitingTimeAvgNs,1789048873180000000,1789048933194000000,993515.613215149
JVM.GC.collections,1789048873180000000,1789048933194000000,3
JVM.totalDirectByteBuffersBytes,1789048873180000000,1789048933194000000,213971852
JVM.threadCount,1789048873180000000,1789048933194000000,63
JVM.totalCpuTimeMs,1789048873180000000,1789048933194000000,21185
OS.loadAverage,1789048873180000000,1789048933194000000,2.0302734375
JVM.usedNativeBytes,1789048873180000000,1789048933194000000,299089736
JVM.maxThreadCount,1789048873180000000,1789048933194000000,134
JVM.usedHeapBytes,1789048873180000000,1789048933194000000,268174896
JVM.maxHeapBytes,1789048873180000000,1789048933194000000,2147483648
JVM.GC.collectionTimesMs,1789048873180000000,1789048933194000000,13
JVM.totalBytesAllocated,1789048873180000000,1789048933194000000,277427328
JVM.newThreadsCount,1789048873180000000,1789048933194000000,477
jps.library.entities.serializer.save.entities.ms,1789048873180000000,1789048933194000000,0
workspaceModel.moduleBridgeLoader.loading.modules.ms,1789048873180000000,1789048933194000000,0
workspaceModel.mutableEntityStorage.put.entity.ms,1789048873180000000,1789048933194000000,0
jps.library.entities.serializer.load.entities.ms,1789048873180000000,1789048933194000000,0
jps.app.storage.content.reader.load.component.ms,1789048873180000000,1789048933194000000,0
jps.storage.jps.conf.reader.load.component.ms,1789048873180000000,1789048933194000000,0
jps.module.iml.entities.serializer.load.entities.ms,1789048873180000000,1789048933194000000,0
workspaceModel.orphan.listener.update.ms,1789048873180000000,1789048933194000000,0
workspaceModel.mutableEntityStorage.instances.count,1789048873180000000,1789048933194000000,0
jps.artifact.entities.serializer.load.entities.ms,1789048873180000000,1789048933194000000,0
workspaceModel.mutableEntityStorage.has.same.entities.ms,1789048873180000000,1789048933194000000,0
workspaceModel.mutableEntityStorage.resolve.ms,1789048873180000000,1789048933194000000,0
workspaceModel.moduleManagerBridge.newModule.ms,1789048873180000000,1789048933194000000,0
jps.global.initialize.library.bridges.ms,1789048873180000000,1789048933194000000,0
workspaceModel.mutableEntityStorage.remove.entity.ms,1789048873180000000,1789048933194000000,0
jps.facet.change.listener.before.change.events.ms,1789048873180000000,1789048933194000000,0
workspaceModel.mutableEntityStorage.add.entity.ms,1789048873180000000,1789048933194000000,0
workspaceModel.moduleManagerBridge.set.unloadedModules.ms,1789048873180000000,1789048933194000000,0
workspaceModel.moduleManagerBridge.load.all.modules.ms,1789048873180000000,1789048933194000000,0
workspaceModel.mutableEntityStorage.collect.changes.ms,1789048873180000000,1789048933194000000,0
workspaceModel.moduleBridge.update.option.ms,1789048873180000000,1789048933194000000,0
workspaceModel.global.apply.state.to.project.builder.ms,1789048873180000000,1789048933194000000,0
workspaceModel.global.updates.ms,1789048873180000000,1789048933194000000,0
workspaceModel.delayed.project.synchronizer.sync.ms,1789048873180000000,1789048933194000000,0
workspaceModel.mutableEntityStorage.entities.by.source.ms,1789048873180000000,1789048933194000000,0
jps.apply.loaded.storage.ms,1789048873180000000,1789048933194000000,0
jps.global.get.library.by.name.ms,1789048873180000000,1789048933194000000,0
jps.load.initial.state.ms,1789048873180000000,1789048933194000000,0
workspaceModel.moduleManagerBridge.load.module.ms,1789048873180000000,1789048933194000000,0
workspaceModel.mutableEntityStorage.to.snapshot.ms,1789048873180000000,1789048933194000000,0
jps.facet.change.listener.init.bridge.ms,1789048873180000000,1789048933194000000,0
workspaceModel.moduleManagerBridge.build.module.graph.ms,1789048873180000000,1789048933194000000,0
workspaceModel.load.cache.metadata.from.file.ms,1789048873180000000,1789048933194000000,0
jps.load.project.to.empty.storage.ms,1789048873180000000,1789048933194000000,0
workspaceModel.mutableEntityStorage.mutable.vfurl.index.ms,1789048873180000000,1789048933194000000,0
workspaceModel.moduleBridge.facet.initialization.ms,1789048873180000000,1789048933194000000,0
jps.facet.change.listener.process.change.events.ms,1789048873180000000,1789048933194000000,0
workspaceModel.moduleManagerBridge.get.modules.ms,1789048873180000000,1789048933194000000,0
jps.reload.project.entities.ms,1789048873180000000,1789048933194000000,0
workspaceModel.moduleBridge.before.changed.ms,1789048873180000000,1789048933194000000,0
workspaceModel.mutableEntityStorage.mutable.ext.mapping.ms,1789048873180000000,1789048933194000000,0
jps.global.handle.changed.events.ms,1789048873180000000,1789048933194000000,0
workspaceModel.mutableEntityStorage.referrers.ms,1789048873180000000,1789048933194000000,0
workspaceModel.mutableEntityStorage.modify.entity.ms,1789048873180000000,1789048933194000000,0
jps.artifact.entities.serializer.save.entities.ms,1789048873180000000,1789048933194000000,0
jps.global.get.library.ms,1789048873180000000,1789048933194000000,0
workspaceModel.load.cache.from.file.ms,1789048873180000000,1789048933194000000,0
workspaceModel.moduleManagerBridge.new.nonPersistent.module.ms,1789048873180000000,1789048933194000000,0
workspaceModel.global.updates.count,1789048873180000000,1789048933194000000,0
workspaceModel.mutableEntityStorage.replace.by.source.ms,1789048873180000000,1789048933194000000,0
workspaceModel.save.cache.to.file.ms,1789048873180000000,1789048933194000000,0
workspaceModel.do.save.caches.ms,1789048873180000000,1789048933194000000,0
workspaceModel.mutableEntityStorage.entities.ms,1789048873180000000,1789048933194000000,0
jps.project.serializers.load.ms,1789048873180000000,1789048933194000000,0
workspaceModel.mutableEntityStorage.apply.changes.from.ms,1789048873180000000,1789048933194000000,0
jps.global.handle.before.change.events.ms,1789048873180000000,1789048933194000000,0
jps.global.initialize.library.bridges.after.loading.ms,1789048873180000000,1789048933194000000,0
jps.project.serializers.save.ms,1789048873180000000,1789048933194000000,0
workspaceModel.sync.entities.ms,1789048873180000000,1789048933194000000,0
workspaceModel.moduleManagerBridge.create.module.instance.ms,1789048873180000000,1789048933194000000,0
workspaceModel.global.apply.state.to.project.ms,1789048873180000000,1789048933194000000,0
jps.global.get.libraries.ms,1789048873180000000,1789048933194000000,0
jps.save.global.entities.ms,1789048873180000000,1789048933194000000,0
jps.save.changed.project.entities.ms,1789048873180000000,1789048933194000000,0
jps.module.iml.entities.serializer.save.entities.ms,1789048873180000000,1789048933194000000,0
VFS.fileByIdCache.misses,1789048873180000000,1789048933194000000,0
VFS.invertedFileNameIndex.requests,1789048873180000000,1789048933194000000,0
VFS.fileByIdCache.hits,1789048873180000000,1789048933194000000,0
FileNameCache.totalMisses,1789048873180000000,1789048933194000000,0
VFS.fileChildByName,1789048873180000000,1789048933194000000,0
FileNameCache.queries,1789048873180000000,1789048933194000000,0
writeAction.count,1789048933194000000,1789048993194000000,0
writeAction.wait.ms,1789048933194000000,1789048993194000000,0
writeAction.median.wait.ms,1789048933194000000,1789048993194000000,0
writeAction.max.wait.ms,1789048933194000000,1789048993194000000,2
Indexes.allKeys.lookups,1789048933194000000,1789048993194000000,0.0
Indexes.stubs.lookupDurationMaxMs,1789048933194000000,1789048993194000000,0.0
IndexesFlusher.totalFlushesRetried,1789048933194000000,1789048993194000000,0
Indexes.entries.lookups,1789048933194000000,1789048993194000000,0.0
Indexes.allKeys.lookupDuration90PMs,1789048933194000000,1789048993194000000,0.0
Indexes.stubs.lookupDurationAvgMs,1789048933194000000,1789048993194000000,0.0
Indexes.stubs.lookups,1789048933194000000,1789048993194000000,0.0
Indexes.entries.lookupDuration90PMs,1789048933194000000,1789048993194000000,0.0
IndexesFlusher.totalContentionQuotaSpent,1789048933194000000,1789048993194000000,0
IndexesFlusher.totalFlushes,1789048933194000000,1789048993194000000,59
Indexes.entries.lookupDurationMaxMs,1789048933194000000,1789048993194000000,0.0
IndexesFlusher.totalFlushingTimeUs,1789048933194000000,1789048993194000000,248297
Indexes.allKeys.lookupDurationMaxMs,1789048933194000000,1789048993194000000,0.0
Indexes.entries.lookupDurationAvgMs,1789048933194000000,1789048993194000000,0.0
Indexes.stubs.lookupDuration90PMs,1789048933194000000,1789048993194000000,0.0
Indexes.allKeys.lookupDurationAvgMs,1789048933194000000,1789048993194000000,0.0
FilePageCacheLockFree.totalPageAllocationsWaited,1789048933194000000,1789048993194000000,0
FilePageCacheLockFree.totalNativeBytesAllocated,1789048933194000000,1789048993194000000,0
FilePageCacheLockFree.totalPagesWriteMs,1789048933194000000,1789048993194000000,0
FilePageCacheLockFree.totalBytesRequested,1789048933194000000,1789048993194000000,0
FilePageCache.pageLoadsAboveSizeThreshold,1789048933194000000,1789048993194000000,0
StorageLockContext.competingThreads.max,1789048933194000000,1789048993194000000,0
StorageLockContext.competingThreads.90P,1789048933194000000,1789048993194000000,0
FilePageCache.maxCacheSizeInBytes,1789048933194000000,1789048993194000000,212877312
DirectByteBufferAllocator.totalSizeOfBuffersCachedInBytes,1789048933194000000,1789048993194000000,0
StorageLockContext.competingThreads.avg,1789048933194000000,1789048993194000000,0.0
DirectByteBufferAllocator.reclaimed,1789048933194000000,1789048993194000000,0
FilePageCacheLockFree.totalClosedStoragesReclaimed,1789048933194000000,1789048993194000000,0
FilePageCache.pageFastCacheHits,1789048933194000000,1789048993194000000,9
StreamlinedBlobStorage.recordsDeleted,1789048933194000000,1789048993194000000,0
FilePageCacheLockFree.totalPagesAllocated,1789048933194000000,1789048993194000000,0
DirectByteBufferAllocator.totalSizeOfBuffersAllocatedInBytes,1789048933194000000,1789048993194000000,212877312
FilePageCacheLockFree.totalPagesReclaimed,1789048933194000000,1789048993194000000,0
FilePageCache.totalPageLoadsUs,1789048933194000000,1789048993194000000,0
StreamlinedBlobStorage.recordsAllocated,1789048933194000000,1789048993194000000,0
StreamlinedBlobStorage.totalLiveRecordsCapacityBytes,1789048933194000000,1789048993194000000,0
FilePageCacheLockFree.housekeeperTurnsSkipped,1789048933194000000,1789048993194000000,0
StreamlinedBlobStorage.totalLiveRecordsPayloadBytes,1789048933194000000,1789048993194000000,0
FilePageCacheLockFree.housekeeperTimeSpentMs,1789048933194000000,1789048993194000000,0
FilePageCacheLockFree.totalPagesHandedOver,1789048933194000000,1789048993194000000,0
MappedFileStorage.storages,1789048933194000000,1789048993194000000,10
FilePageCacheLockFree.totalPagesReadMs,1789048933194000000,1789048993194000000,0
FilePageCacheLockFree.totalBytesRead,1789048933194000000,1789048993194000000,0
FilePageCacheLockFree.nativeBytesInUse,1789048933194000000,1789048993194000000,0
FilePageCache.maxRegisteredFiles,1789048933194000000,1789048993194000000,555
DirectByteBufferAllocator.misses,1789048933194000000,1789048993194000000,0
MappedFileStorage.totalPagesMapped,1789048933194000000,1789048993194000000,10
MappedFileStorage.totalTimeSpentOnMappingUs,1789048933194000000,1789048993194000000,6814
FilePageCacheLockFree.totalNativeBytesReclaimed,1789048933194000000,1789048993194000000,0
FilePageCache.capacityInBytes,1789048933194000000,1789048993194000000,503316478
FilePageCache.pageLoads,1789048933194000000,1789048993194000000,0
FilePageCacheLockFree.heapBytesInUse,1789048933194000000,1789048993194000000,0
FilePageCacheLockFree.totalPagesRequestsMs,1789048933194000000,1789048993194000000,0
StreamlinedBlobStorage.recordsRelocated,1789048933194000000,1789048993194000000,0
DirectByteBufferAllocator.hits,1789048933194000000,1789048993194000000,0
FileChannelInterruptsRetryer.totalRetriedAttempts,1789048933194000000,1789048993194000000,0
DirectByteBufferAllocator.disposed,1789048933194000000,1789048993194000000,0
FilePageCache.totalPageDisposalsUs,1789048933194000000,1789048993194000000,0
FilePageCacheLockFree.totalPagesRequested,1789048933194000000,1789048993194000000,0
FilePageCacheLockFree.totalBytesWritten,1789048933194000000,1789048993194000000,0
MappedFileStorage.totalBytesMapped,1789048933194000000,1789048993194000000,177471488
FilePageCache.uncachedFileAccess,1789048933194000000,1789048993194000000,0
FilePageCacheLockFree.housekeeperTurnsDone,1789048933194000000,1789048993194000000,0
FilePageCacheLockFree.totalHeapBytesReclaimed,1789048933194000000,1789048993194000000,0
FilePageCache.pageHits,1789048933194000000,1789048993194000000,0
FilePageCacheLockFree.totalPagesWritten,1789048933194000000,1789048993194000000,0
FilePageCacheLockFree.totalHeapBytesAllocated,1789048933194000000,1789048993194000000,0
FilePageCache.disposedBuffers,1789048933194000000,1789048993194000000,0
compiler.ArtifactManagerBridge.addArtifact.ms,1789048933194000000,1789048993194000000,0
compiler.ArtifactManagerBridge.initBridges.ms,1789048933194000000,1789048993194000000,0
compiler.ArtifactManagerBridge.findArtifact.ms,1789048933194000000,1789048993194000000,0
compiler.ArtifactManagerBridge.getArtifactsByType.ms,1789048933194000000,1789048993194000000,0
compiler.ArtifactManagerBridge.dropMappings.ms,1789048933194000000,1789048993194000000,0
compiler.ArtifactManagerBridge.commit.ms,1789048933194000000,1789048993194000000,0
compiler.ArtifactManagerBridge.getArtifacts.ms,1789048933194000000,1789048993194000000,0
workspaceModel.workspaceFileIndexData.getFileInfo.ms,1789048933194000000,1789048993194000000,0
workspaceModel.init.bridges.ms,1789048933194000000,1789048993194000000,0
workspaceModel.workspaceFileIndexData.init.ms,1789048933194000000,1789048993194000000,0
workspaceModel.updates.count,1789048933194000000,1789048993194000000,0
workspaceModel.collect.changes.ms,1789048933194000000,1789048993194000000,0
workspaceModel.workspaceFileIndexData.instances.count,1789048933194000000,1789048993194000000,0
workspaceModel.loading.from.cache.ms,1789048933194000000,1789048993194000000,0
workspaceModel.workspaceFileIndexData.processFileSets.ms,1789048933194000000,1789048993194000000,0
workspaceModel.workspaceFileIndexData.onEntitiesChanged.ms,1789048933194000000,1789048993194000000,0
workspaceModel.cachedValue.clear.ms,1789048933194000000,1789048993194000000,0
workspaceModel.cachedValueWithParameters.calculated.ms,1789048933194000000,1789048993194000000,0
workspaceModel.check.recursive.update.ms,1789048933194000000,1789048993194000000,0
workspaceModel.cachedValue.calculated.ms,1789048933194000000,1789048993194000000,0
workspaceModel.workspaceFileIndexData.getDirectoriesByPackageName.ms,1789048933194000000,1789048993194000000,0
workspaceModel.cachedValue.from.cache.ms,1789048933194000000,1789048993194000000,0
workspaceModel.cachedValue.total.get.ms,1789048933194000000,1789048993194000000,0
workspaceModel.full.replace.project.model.ms,1789048933194000000,1789048993194000000,0
workspaceModel.workspaceFileIndexData.markDirty.ms,1789048933194000000,1789048993194000000,0
workspaceModel.workspaceFileIndexContributor.registerFileSets.ms,1789048933194000000,1789048993194000000,0
workspaceModel.update.unloaded.entities.ms,1789048933194000000,1789048993194000000,0
workspaceModel.entityStorageSnapshotImpl.instances.count,1789048933194000000,1789048993194000000,0
workspaceModel.cachedValueWithParameters.from.cache.ms,1789048933194000000,1789048993194000000,0
workspaceModel.updates.precise.ms,1789048933194000000,1789048993194000000,0
workspaceModel.pre.handlers.ms,1789048933194000000,1789048993194000000,0
workspaceModel.workspaceFileIndexData.updateDirtyEntities.ms,1789048933194000000,1789048993194000000,0
workspaceModel.cachedValueWithParameters.clear.ms,1789048933194000000,1789048993194000000,0
workspaceModel.updates.ms,1789048933194000000,1789048993194000000,0
workspaceModel.initializing.ms,1789048933194000000,1789048993194000000,0
workspaceModel.replace.project.model.ms,1789048933194000000,1789048993194000000,0
workspaceModel.workspaceFileIndexData.visitFileSets.ms,1789048933194000000,1789048993194000000,0
workspaceModel.loading.total.ms,1789048933194000000,1789048993194000000,0
workspaceModel.cachedValueWithParameters.total.get.ms,1789048933194000000,1789048993194000000,0
workspaceModel.workspaceFileIndexData.getPackageName.ms,1789048933194000000,1789048993194000000,0
workspaceModel.to.snapshot.ms,1789048933194000000,1789048993194000000,0
cacheStateStorage.get.duration,1789048933194000000,1789048993194000000,0
cacheStateStorage.get.counter,1789048933194000000,1789048993194000000,0
cacheStateStorage.set.duration,1789048933194000000,1789048993194000000,0
cacheStateStorage.set.counter,1789048933194000000,1789048993194000000,0
NonBlockingReadAction.finalizedExecutionsCount,1789048933194000000,1789048993194000000,34
AWTEventQueue.dispatchTime90PNs,1789048933194000000,1789048993194000000,242687
FlushQueue.queueSizeAvg,1789048933194000000,1789048993194000000,1.3282937365010798
FlushQueue.waitingTime90PNs,1789048933194000000,1789048993194000000,2039807
AWTEventQueue.dispatchTimeTotalNS,1789048933194000000,1789048993194000000,3293839756
AWTEventQueue.dispatchTimeAvgNs,1789048933194000000,1789048993194000000,281324.944572551
AWTEventQueue.dispatchTimeMaxNs,1789048933194000000,1789048993194000000,61079551
FlushQueue.executionTime90PNs,1789048933194000000,1789048993194000000,196607
ReadAction.executionsCount,1789048933194000000,1789048993194000000,29607
NonBlockingReadAction.finalizedExecutionTimeUs,1789048933194000000,1789048993194000000,3694
FlushQueue.executionTimeAvgNs,1789048933194000000,1789048993194000000,92615.09863210942
FlushQueue.queueSizeMax,1789048933194000000,1789048993194000000,28
NonBlockingReadAction.failedExecutionTimeUs,1789048933194000000,1789048993194000000,0
NonBlockingReadAction.failedExecutionsCount,1789048933194000000,1789048993194000000,0
AWTEventQueue.eventsDispatched,1789048933194000000,1789048993194000000,11709
FlushQueue.executionTimeMaxNs,1789048933194000000,1789048993194000000,11468799
FlushQueue.queueSize90P,1789048933194000000,1789048993194000000,3
FlushQueue.waitingTimeMaxNs,1789048933194000000,1789048993194000000,70254591
FlushQueue.tasksExecuted,1789048933194000000,1789048993194000000,1389
WriteAction.executionsCount,1789048933194000000,1789048993194000000,0
FlushQueue.waitingTimeAvgNs,1789048933194000000,1789048993194000000,1355552.8783297336
JVM.GC.collections,1789048933194000000,1789048993194000000,3
JVM.totalDirectByteBuffersBytes,1789048933194000000,1789048993194000000,213964442
JVM.threadCount,1789048933194000000,1789048993194000000,62
JVM.totalCpuTimeMs,1789048933194000000,1789048993194000000,17275
OS.loadAverage,1789048933194000000,1789048993194000000,2.24169921875
JVM.usedNativeBytes,1789048933194000000,1789048993194000000,304862048
JVM.maxThreadCount,1789048933194000000,1789048993194000000,134
JVM.usedHeapBytes,1789048933194000000,1789048993194000000,202537880
JVM.maxHeapBytes,1789048933194000000,1789048993194000000,2147483648
JVM.GC.collectionTimesMs,1789048933194000000,1789048993194000000,11
JVM.totalBytesAllocated,1789048933194000000,1789048993194000000,257960168
JVM.newThreadsCount,1789048933194000000,1789048993194000000,276
jps.library.entities.serializer.save.entities.ms,1789048933194000000,1789048993194000000,0
workspaceModel.moduleBridgeLoader.loading.modules.ms,1789048933194000000,1789048993194000000,0
workspaceModel.mutableEntityStorage.put.entity.ms,1789048933194000000,1789048993194000000,0
jps.library.entities.serializer.load.entities.ms,1789048933194000000,1789048993194000000,0
jps.app.storage.content.reader.load.component.ms,1789048933194000000,1789048993194000000,0
jps.storage.jps.conf.reader.load.component.ms,1789048933194000000,1789048993194000000,0
jps.module.iml.entities.serializer.load.entities.ms,1789048933194000000,1789048993194000000,0
workspaceModel.orphan.listener.update.ms,1789048933194000000,1789048993194000000,0
workspaceModel.mutableEntityStorage.instances.count,1789048933194000000,1789048993194000000,0
jps.artifact.entities.serializer.load.entities.ms,1789048933194000000,1789048993194000000,0
workspaceModel.mutableEntityStorage.has.same.entities.ms,1789048933194000000,1789048993194000000,0
workspaceModel.mutableEntityStorage.resolve.ms,1789048933194000000,1789048993194000000,0
workspaceModel.moduleManagerBridge.newModule.ms,1789048933194000000,1789048993194000000,0
jps.global.initialize.library.bridges.ms,1789048933194000000,1789048993194000000,0
workspaceModel.mutableEntityStorage.remove.entity.ms,1789048933194000000,1789048993194000000,0
jps.facet.change.listener.before.change.events.ms,1789048933194000000,1789048993194000000,0
workspaceModel.mutableEntityStorage.add.entity.ms,1789048933194000000,1789048993194000000,0
workspaceModel.moduleManagerBridge.set.unloadedModules.ms,1789048933194000000,1789048993194000000,0
workspaceModel.moduleManagerBridge.load.all.modules.ms,1789048933194000000,1789048993194000000,0
workspaceModel.mutableEntityStorage.collect.changes.ms,1789048933194000000,1789048993194000000,0
workspaceModel.moduleBridge.update.option.ms,1789048933194000000,1789048993194000000,0
workspaceModel.global.apply.state.to.project.builder.ms,1789048933194000000,1789048993194000000,0
workspaceModel.global.updates.ms,1789048933194000000,1789048993194000000,0
workspaceModel.delayed.project.synchronizer.sync.ms,1789048933194000000,1789048993194000000,0
workspaceModel.mutableEntityStorage.entities.by.source.ms,1789048933194000000,1789048993194000000,0
jps.apply.loaded.storage.ms,1789048933194000000,1789048993194000000,0
jps.global.get.library.by.name.ms,1789048933194000000,1789048993194000000,0
jps.load.initial.state.ms,1789048933194000000,1789048993194000000,0
workspaceModel.moduleManagerBridge.load.module.ms,1789048933194000000,1789048993194000000,0
workspaceModel.mutableEntityStorage.to.snapshot.ms,1789048933194000000,1789048993194000000,0
jps.facet.change.listener.init.bridge.ms,1789048933194000000,1789048993194000000,0
workspaceModel.moduleManagerBridge.build.module.graph.ms,1789048933194000000,1789048993194000000,0
workspaceModel.load.cache.metadata.from.file.ms,1789048933194000000,1789048993194000000,0
jps.load.project.to.empty.storage.ms,1789048933194000000,1789048993194000000,0
workspaceModel.mutableEntityStorage.mutable.vfurl.index.ms,1789048933194000000,1789048993194000000,0
workspaceModel.moduleBridge.facet.initialization.ms,1789048933194000000,1789048993194000000,0
jps.facet.change.listener.process.change.events.ms,1789048933194000000,1789048993194000000,0
workspaceModel.moduleManagerBridge.get.modules.ms,1789048933194000000,1789048993194000000,0
jps.reload.project.entities.ms,1789048933194000000,1789048993194000000,0
workspaceModel.moduleBridge.before.changed.ms,1789048933194000000,1789048993194000000,0
workspaceModel.mutableEntityStorage.mutable.ext.mapping.ms,1789048933194000000,1789048993194000000,0
jps.global.handle.changed.events.ms,1789048933194000000,1789048993194000000,0
workspaceModel.mutableEntityStorage.referrers.ms,1789048933194000000,1789048993194000000,0
workspaceModel.mutableEntityStorage.modify.entity.ms,1789048933194000000,1789048993194000000,0
jps.artifact.entities.serializer.save.entities.ms,1789048933194000000,1789048993194000000,0
jps.global.get.library.ms,1789048933194000000,1789048993194000000,0
workspaceModel.load.cache.from.file.ms,1789048933194000000,1789048993194000000,0
workspaceModel.moduleManagerBridge.new.nonPersistent.module.ms,1789048933194000000,1789048993194000000,0
workspaceModel.global.updates.count,1789048933194000000,1789048993194000000,0
workspaceModel.mutableEntityStorage.replace.by.source.ms,1789048933194000000,1789048993194000000,0
workspaceModel.save.cache.to.file.ms,1789048933194000000,1789048993194000000,0
workspaceModel.do.save.caches.ms,1789048933194000000,1789048993194000000,0
workspaceModel.mutableEntityStorage.entities.ms,1789048933194000000,1789048993194000000,0
jps.project.serializers.load.ms,1789048933194000000,1789048993194000000,0
workspaceModel.mutableEntityStorage.apply.changes.from.ms,1789048933194000000,1789048993194000000,0
jps.global.handle.before.change.events.ms,1789048933194000000,1789048993194000000,0
jps.global.initialize.library.bridges.after.loading.ms,1789048933194000000,1789048993194000000,0
jps.project.serializers.save.ms,1789048933194000000,1789048993194000000,0
workspaceModel.sync.entities.ms,1789048933194000000,1789048993194000000,0
workspaceModel.moduleManagerBridge.create.module.instance.ms,1789048933194000000,1789048993194000000,0
workspaceModel.global.apply.state.to.project.ms,1789048933194000000,1789048993194000000,0
jps.global.get.libraries.ms,1789048933194000000,1789048993194000000,0
jps.save.global.entities.ms,1789048933194000000,1789048993194000000,0
jps.save.changed.project.entities.ms,1789048933194000000,1789048993194000000,0
jps.module.iml.entities.serializer.save.entities.ms,1789048933194000000,1789048993194000000,0
VFS.fileByIdCache.misses,1789048933194000000,1789048993194000000,0
VFS.invertedFileNameIndex.requests,1789048933194000000,1789048993194000000,0
VFS.fileByIdCache.hits,1789048933194000000,1789048993194000000,0
FileNameCache.totalMisses,1789048933194000000,1789048993194000000,0
VFS.fileChildByName,1789048933194000000,1789048993194000000,225
FileNameCache.queries,1789048933194000000,1789048993194000000,0
writeAction.count,1789048993194000000,1789049053191000000,0
writeAction.wait.ms,1789048993194000000,1789049053191000000,0
writeAction.median.wait.ms,1789048993194000000,1789049053191000000,0
writeAction.max.wait.ms,1789048993194000000,1789049053191000000,2
Indexes.allKeys.lookups,1789048993194000000,1789049053191000000,0.0
Indexes.stubs.lookupDurationMaxMs,1789048993194000000,1789049053191000000,0.0
IndexesFlusher.totalFlushesRetried,1789048993194000000,1789049053191000000,0
Indexes.entries.lookups,1789048993194000000,1789049053191000000,0.0
Indexes.allKeys.lookupDuration90PMs,1789048993194000000,1789049053191000000,0.0
Indexes.stubs.lookupDurationAvgMs,1789048993194000000,1789049053191000000,0.0
Indexes.stubs.lookups,1789048993194000000,1789049053191000000,0.0
Indexes.entries.lookupDuration90PMs,1789048993194000000,1789049053191000000,0.0
IndexesFlusher.totalContentionQuotaSpent,1789048993194000000,1789049053191000000,0
IndexesFlusher.totalFlushes,1789048993194000000,1789049053191000000,59
Indexes.entries.lookupDurationMaxMs,1789048993194000000,1789049053191000000,0.0
IndexesFlusher.totalFlushingTimeUs,1789048993194000000,1789049053191000000,261423
Indexes.allKeys.lookupDurationMaxMs,1789048993194000000,1789049053191000000,0.0
Indexes.entries.lookupDurationAvgMs,1789048993194000000,1789049053191000000,0.0
Indexes.stubs.lookupDuration90PMs,1789048993194000000,1789049053191000000,0.0
Indexes.allKeys.lookupDurationAvgMs,1789048993194000000,1789049053191000000,0.0
FilePageCacheLockFree.totalPageAllocationsWaited,1789048993194000000,1789049053191000000,0
FilePageCacheLockFree.totalNativeBytesAllocated,1789048993194000000,1789049053191000000,0
FilePageCacheLockFree.totalPagesWriteMs,1789048993194000000,1789049053191000000,0
FilePageCacheLockFree.totalBytesRequested,1789048993194000000,1789049053191000000,0
FilePageCache.pageLoadsAboveSizeThreshold,1789048993194000000,1789049053191000000,0
StorageLockContext.competingThreads.max,1789048993194000000,1789049053191000000,0
StorageLockContext.competingThreads.90P,1789048993194000000,1789049053191000000,0
FilePageCache.maxCacheSizeInBytes,1789048993194000000,1789049053191000000,212877312
DirectByteBufferAllocator.totalSizeOfBuffersCachedInBytes,1789048993194000000,1789049053191000000,0
StorageLockContext.competingThreads.avg,1789048993194000000,1789049053191000000,0.0
DirectByteBufferAllocator.reclaimed,1789048993194000000,1789049053191000000,0
FilePageCacheLockFree.totalClosedStoragesReclaimed,1789048993194000000,1789049053191000000,0
FilePageCache.pageFastCacheHits,1789048993194000000,1789049053191000000,30
StreamlinedBlobStorage.recordsDeleted,1789048993194000000,1789049053191000000,0
FilePageCacheLockFree.totalPagesAllocated,1789048993194000000,1789049053191000000,0
DirectByteBufferAllocator.totalSizeOfBuffersAllocatedInBytes,1789048993194000000,1789049053191000000,212877312
FilePageCacheLockFree.totalPagesReclaimed,1789048993194000000,1789049053191000000,0
FilePageCache.totalPageLoadsUs,1789048993194000000,1789049053191000000,0
StreamlinedBlobStorage.recordsAllocated,1789048993194000000,1789049053191000000,0
StreamlinedBlobStorage.totalLiveRecordsCapacityBytes,1789048993194000000,1789049053191000000,0
FilePageCacheLockFree.housekeeperTurnsSkipped,1789048993194000000,1789049053191000000,0
StreamlinedBlobStorage.totalLiveRecordsPayloadBytes,1789048993194000000,1789049053191000000,0
FilePageCacheLockFree.housekeeperTimeSpentMs,1789048993194000000,1789049053191000000,0
FilePageCacheLockFree.totalPagesHandedOver,1789048993194000000,1789049053191000000,0
MappedFileStorage.storages,1789048993194000000,1789049053191000000,10
FilePageCacheLockFree.totalPagesReadMs,1789048993194000000,1789049053191000000,0
FilePageCacheLockFree.totalBytesRead,1789048993194000000,1789049053191000000,0
FilePageCacheLockFree.nativeBytesInUse,1789048993194000000,1789049053191000000,0
FilePageCache.maxRegisteredFiles,1789048993194000000,1789049053191000000,555
DirectByteBufferAllocator.misses,1789048993194000000,1789049053191000000,0
MappedFileStorage.totalPagesMapped,1789048993194000000,1789049053191000000,10
MappedFileStorage.totalTimeSpentOnMappingUs,1789048993194000000,1789049053191000000,6814
FilePageCacheLockFree.totalNativeBytesReclaimed,1789048993194000000,1789049053191000000,0
FilePageCache.capacityInBytes,1789048993194000000,1789049053191000000,503316478
FilePageCache.pageLoads,1789048993194000000,1789049053191000000,0
FilePageCacheLockFree.heapBytesInUse,1789048993194000000,1789049053191000000,0
FilePageCacheLockFree.totalPagesRequestsMs,1789048993194000000,1789049053191000000,0
StreamlinedBlobStorage.recordsRelocated,1789048993194000000,1789049053191000000,0
DirectByteBufferAllocator.hits,1789048993194000000,1789049053191000000,0
FileChannelInterruptsRetryer.totalRetriedAttempts,1789048993194000000,1789049053191000000,0
DirectByteBufferAllocator.disposed,1789048993194000000,1789049053191000000,0
FilePageCache.totalPageDisposalsUs,1789048993194000000,1789049053191000000,0
FilePageCacheLockFree.totalPagesRequested,1789048993194000000,1789049053191000000,0
FilePageCacheLockFree.totalBytesWritten,1789048993194000000,1789049053191000000,0
MappedFileStorage.totalBytesMapped,1789048993194000000,1789049053191000000,177471488
FilePageCache.uncachedFileAccess,1789048993194000000,1789049053191000000,0
FilePageCacheLockFree.housekeeperTurnsDone,1789048993194000000,1789049053191000000,0
FilePageCacheLockFree.totalHeapBytesReclaimed,1789048993194000000,1789049053191000000,0
FilePageCache.pageHits,1789048993194000000,1789049053191000000,0
FilePageCacheLockFree.totalPagesWritten,1789048993194000000,1789049053191000000,0
FilePageCacheLockFree.totalHeapBytesAllocated,1789048993194000000,1789049053191000000,0
FilePageCache.disposedBuffers,1789048993194000000,1789049053191000000,0
compiler.ArtifactManagerBridge.addArtifact.ms,1789048993194000000,1789049053191000000,0
compiler.ArtifactManagerBridge.initBridges.ms,1789048993194000000,1789049053191000000,0
compiler.ArtifactManagerBridge.findArtifact.ms,1789048993194000000,1789049053191000000,0
compiler.ArtifactManagerBridge.getArtifactsByType.ms,1789048993194000000,1789049053191000000,0
compiler.ArtifactManagerBridge.dropMappings.ms,1789048993194000000,1789049053191000000,0
compiler.ArtifactManagerBridge.commit.ms,1789048993194000000,1789049053191000000,0
compiler.ArtifactManagerBridge.getArtifacts.ms,1789048993194000000,1789049053191000000,0
workspaceModel.workspaceFileIndexData.getFileInfo.ms,1789048993194000000,1789049053191000000,1
workspaceModel.init.bridges.ms,1789048993194000000,1789049053191000000,0
workspaceModel.workspaceFileIndexData.init.ms,1789048993194000000,1789049053191000000,0
workspaceModel.updates.count,1789048993194000000,1789049053191000000,0
workspaceModel.collect.changes.ms,1789048993194000000,1789049053191000000,0
workspaceModel.workspaceFileIndexData.instances.count,1789048993194000000,1789049053191000000,0
workspaceModel.loading.from.cache.ms,1789048993194000000,1789049053191000000,0
workspaceModel.workspaceFileIndexData.processFileSets.ms,1789048993194000000,1789049053191000000,0
workspaceModel.workspaceFileIndexData.onEntitiesChanged.ms,1789048993194000000,1789049053191000000,0
workspaceModel.cachedValue.clear.ms,1789048993194000000,1789049053191000000,0
workspaceModel.cachedValueWithParameters.calculated.ms,1789048993194000000,1789049053191000000,0
workspaceModel.check.recursive.update.ms,1789048993194000000,1789049053191000000,0
workspaceModel.cachedValue.calculated.ms,1789048993194000000,1789049053191000000,0
workspaceModel.workspaceFileIndexData.getDirectoriesByPackageName.ms,1789048993194000000,1789049053191000000,0
workspaceModel.cachedValue.from.cache.ms,1789048993194000000,1789049053191000000,0
workspaceModel.cachedValue.total.get.ms,1789048993194000000,1789049053191000000,0
workspaceModel.full.replace.project.model.ms,1789048993194000000,1789049053191000000,0
workspaceModel.workspaceFileIndexData.markDirty.ms,1789048993194000000,1789049053191000000,0
workspaceModel.workspaceFileIndexContributor.registerFileSets.ms,1789048993194000000,1789049053191000000,0
workspaceModel.update.unloaded.entities.ms,1789048993194000000,1789049053191000000,0
workspaceModel.entityStorageSnapshotImpl.instances.count,1789048993194000000,1789049053191000000,0
workspaceModel.cachedValueWithParameters.from.cache.ms,1789048993194000000,1789049053191000000,0
workspaceModel.updates.precise.ms,1789048993194000000,1789049053191000000,0
workspaceModel.pre.handlers.ms,1789048993194000000,1789049053191000000,0
workspaceModel.workspaceFileIndexData.updateDirtyEntities.ms,1789048993194000000,1789049053191000000,0
workspaceModel.cachedValueWithParameters.clear.ms,1789048993194000000,1789049053191000000,0
workspaceModel.updates.ms,1789048993194000000,1789049053191000000,0
workspaceModel.initializing.ms,1789048993194000000,1789049053191000000,0
workspaceModel.replace.project.model.ms,1789048993194000000,1789049053191000000,0
workspaceModel.workspaceFileIndexData.visitFileSets.ms,1789048993194000000,1789049053191000000,0
workspaceModel.loading.total.ms,1789048993194000000,1789049053191000000,0
workspaceModel.cachedValueWithParameters.total.get.ms,1789048993194000000,1789049053191000000,0
workspaceModel.workspaceFileIndexData.getPackageName.ms,1789048993194000000,1789049053191000000,0
workspaceModel.to.snapshot.ms,1789048993194000000,1789049053191000000,0
cacheStateStorage.get.duration,1789048993194000000,1789049053191000000,0
cacheStateStorage.get.counter,1789048993194000000,1789049053191000000,0
cacheStateStorage.set.duration,1789048993194000000,1789049053191000000,0
cacheStateStorage.set.counter,1789048993194000000,1789049053191000000,0
NonBlockingReadAction.finalizedExecutionsCount,1789048993194000000,1789049053191000000,16
AWTEventQueue.dispatchTime90PNs,1789048993194000000,1789049053191000000,224255
FlushQueue.queueSizeAvg,1789048993194000000,1789049053191000000,0.8287112561174551
FlushQueue.waitingTime90PNs,1789048993194000000,1789049053191000000,444415
AWTEventQueue.dispatchTimeTotalNS,1789048993194000000,1789049053191000000,2825471133
AWTEventQueue.dispatchTimeAvgNs,1789048993194000000,1789049053191000000,270429.60306220094
AWTEventQueue.dispatchTimeMaxNs,1789048993194000000,1789049053191000000,446693375
FlushQueue.executionTime90PNs,1789048993194000000,1789049053191000000,131071
ReadAction.executionsCount,1789048993194000000,1789049053191000000,5389
NonBlockingReadAction.finalizedExecutionTimeUs,1789048993194000000,1789049053191000000,1367
FlushQueue.executionTimeAvgNs,1789048993194000000,1789049053191000000,123268.67862969005
FlushQueue.queueSizeMax,1789048993194000000,1789049053191000000,7
NonBlockingReadAction.failedExecutionTimeUs,1789048993194000000,1789049053191000000,0
NonBlockingReadAction.failedExecutionsCount,1789048993194000000,1789049053191000000,0
AWTEventQueue.eventsDispatched,1789048993194000000,1789049053191000000,10450
FlushQueue.executionTimeMaxNs,1789048993194000000,1789049053191000000,51380223
FlushQueue.queueSize90P,1789048993194000000,1789049053191000000,2
FlushQueue.waitingTimeMaxNs,1789048993194000000,1789049053191000000,440401919
FlushQueue.tasksExecuted,1789048993194000000,1789049053191000000,1226
WriteAction.executionsCount,1789048993194000000,1789049053191000000,0
FlushQueue.waitingTimeAvgNs,1789048993194000000,1789049053191000000,1750420.2055464927
JVM.GC.collections,1789048993194000000,1789049053191000000,0
JVM.totalDirectByteBuffersBytes,1789048993194000000,1789049053191000000,213972070
JVM.threadCount,1789048993194000000,1789049053191000000,74
JVM.totalCpuTimeMs,1789048993194000000,1789049053191000000,13034
OS.loadAverage,1789048993194000000,1789049053191000000,1.73388671875
JVM.usedNativeBytes,1789048993194000000,1789049053191000000,319913928
JVM.maxThreadCount,1789048993194000000,1789049053191000000,134
JVM.usedHeapBytes,1789048993194000000,1789049053191000000,400718744
JVM.maxHeapBytes,1789048993194000000,1789049053191000000,2147483648
JVM.GC.collectionTimesMs,1789048993194000000,1789049053191000000,0
JVM.totalBytesAllocated,1789048993194000000,1789049053191000000,171836048
JVM.newThreadsCount,1789048993194000000,1789049053191000000,149
jps.library.entities.serializer.save.entities.ms,1789048993194000000,1789049053191000000,0
workspaceModel.moduleBridgeLoader.loading.modules.ms,1789048993194000000,1789049053191000000,0
workspaceModel.mutableEntityStorage.put.entity.ms,1789048993194000000,1789049053191000000,0
jps.library.entities.serializer.load.entities.ms,1789048993194000000,1789049053191000000,0
jps.app.storage.content.reader.load.component.ms,1789048993194000000,1789049053191000000,0
jps.storage.jps.conf.reader.load.component.ms,1789048993194000000,1789049053191000000,0
jps.module.iml.entities.serializer.load.entities.ms,1789048993194000000,1789049053191000000,0
workspaceModel.orphan.listener.update.ms,1789048993194000000,1789049053191000000,0
workspaceModel.mutableEntityStorage.instances.count,1789048993194000000,1789049053191000000,0
jps.artifact.entities.serializer.load.entities.ms,1789048993194000000,1789049053191000000,0
workspaceModel.mutableEntityStorage.has.same.entities.ms,1789048993194000000,1789049053191000000,0
workspaceModel.mutableEntityStorage.resolve.ms,1789048993194000000,1789049053191000000,0
workspaceModel.moduleManagerBridge.newModule.ms,1789048993194000000,1789049053191000000,0
jps.global.initialize.library.bridges.ms,1789048993194000000,1789049053191000000,0
workspaceModel.mutableEntityStorage.remove.entity.ms,1789048993194000000,1789049053191000000,0
jps.facet.change.listener.before.change.events.ms,1789048993194000000,1789049053191000000,0
workspaceModel.mutableEntityStorage.add.entity.ms,1789048993194000000,1789049053191000000,0
workspaceModel.moduleManagerBridge.set.unloadedModules.ms,1789048993194000000,1789049053191000000,0
workspaceModel.moduleManagerBridge.load.all.modules.ms,1789048993194000000,1789049053191000000,0
workspaceModel.mutableEntityStorage.collect.changes.ms,1789048993194000000,1789049053191000000,0
workspaceModel.moduleBridge.update.option.ms,1789048993194000000,1789049053191000000,0
workspaceModel.global.apply.state.to.project.builder.ms,1789048993194000000,1789049053191000000,0
workspaceModel.global.updates.ms,1789048993194000000,1789049053191000000,0
workspaceModel.delayed.project.synchronizer.sync.ms,1789048993194000000,1789049053191000000,0
workspaceModel.mutableEntityStorage.entities.by.source.ms,1789048993194000000,1789049053191000000,0
jps.apply.loaded.storage.ms,1789048993194000000,1789049053191000000,0
jps.global.get.library.by.name.ms,1789048993194000000,1789049053191000000,0
jps.load.initial.state.ms,1789048993194000000,1789049053191000000,0
workspaceModel.moduleManagerBridge.load.module.ms,1789048993194000000,1789049053191000000,0
workspaceModel.mutableEntityStorage.to.snapshot.ms,1789048993194000000,1789049053191000000,0
jps.facet.change.listener.init.bridge.ms,1789048993194000000,1789049053191000000,0
workspaceModel.moduleManagerBridge.build.module.graph.ms,1789048993194000000,1789049053191000000,0
workspaceModel.load.cache.metadata.from.file.ms,1789048993194000000,1789049053191000000,0
jps.load.project.to.empty.storage.ms,1789048993194000000,1789049053191000000,0
workspaceModel.mutableEntityStorage.mutable.vfurl.index.ms,1789048993194000000,1789049053191000000,0
workspaceModel.moduleBridge.facet.initialization.ms,1789048993194000000,1789049053191000000,0
jps.facet.change.listener.process.change.events.ms,1789048993194000000,1789049053191000000,0
workspaceModel.moduleManagerBridge.get.modules.ms,1789048993194000000,1789049053191000000,0
jps.reload.project.entities.ms,1789048993194000000,1789049053191000000,0
workspaceModel.moduleBridge.before.changed.ms,1789048993194000000,1789049053191000000,0
workspaceModel.mutableEntityStorage.mutable.ext.mapping.ms,1789048993194000000,1789049053191000000,0
jps.global.handle.changed.events.ms,1789048993194000000,1789049053191000000,0
workspaceModel.mutableEntityStorage.referrers.ms,1789048993194000000,1789049053191000000,0
workspaceModel.mutableEntityStorage.modify.entity.ms,1789048993194000000,1789049053191000000,0
jps.artifact.entities.serializer.save.entities.ms,1789048993194000000,1789049053191000000,0
jps.global.get.library.ms,1789048993194000000,1789049053191000000,0
workspaceModel.load.cache.from.file.ms,1789048993194000000,1789049053191000000,0
workspaceModel.moduleManagerBridge.new.nonPersistent.module.ms,1789048993194000000,1789049053191000000,0
workspaceModel.global.updates.count,1789048993194000000,1789049053191000000,0
workspaceModel.mutableEntityStorage.replace.by.source.ms,1789048993194000000,1789049053191000000,0
workspaceModel.save.cache.to.file.ms,1789048993194000000,1789049053191000000,0
workspaceModel.do.save.caches.ms,1789048993194000000,1789049053191000000,0
workspaceModel.mutableEntityStorage.entities.ms,1789048993194000000,1789049053191000000,0
jps.project.serializers.load.ms,1789048993194000000,1789049053191000000,0
jps.app.storage.content.writer.save.component.ms,1789048993194000000,1789049053191000000,1
workspaceModel.mutableEntityStorage.apply.changes.from.ms,1789048993194000000,1789049053191000000,0
jps.global.handle.before.change.events.ms,1789048993194000000,1789049053191000000,0
jps.global.initialize.library.bridges.after.loading.ms,1789048993194000000,1789049053191000000,0
jps.project.serializers.save.ms,1789048993194000000,1789049053191000000,1
workspaceModel.sync.entities.ms,1789048993194000000,1789049053191000000,0
workspaceModel.moduleManagerBridge.create.module.instance.ms,1789048993194000000,1789049053191000000,0
workspaceModel.global.apply.state.to.project.ms,1789048993194000000,1789049053191000000,0
jps.global.get.libraries.ms,1789048993194000000,1789049053191000000,0
jps.save.global.entities.ms,1789048993194000000,1789049053191000000,5
jps.save.changed.project.entities.ms,1789048993194000000,1789049053191000000,1
jps.module.iml.entities.serializer.save.entities.ms,1789048993194000000,1789049053191000000,0
VFS.fileByIdCache.misses,1789048993194000000,1789049053191000000,0
VFS.invertedFileNameIndex.requests,1789048993194000000,1789049053191000000,0
VFS.fileByIdCache.hits,1789048993194000000,1789049053191000000,0
FileNameCache.totalMisses,1789048993194000000,1789049053191000000,0
VFS.fileChildByName,1789048993194000000,1789049053191000000,4
FileNameCache.queries,1789048993194000000,1789049053191000000,0
writeAction.count,1789049053191000000,1789049113190000000,1
writeAction.wait.ms,1789049053191000000,1789049113190000000,0
writeAction.median.wait.ms,1789049053191000000,1789049113190000000,0
writeAction.max.wait.ms,1789049053191000000,1789049113190000000,2
Indexes.allKeys.lookups,1789049053191000000,1789049113190000000,0.0
Indexes.stubs.lookupDurationMaxMs,1789049053191000000,1789049113190000000,0.0
IndexesFlusher.totalFlushesRetried,1789049053191000000,1789049113190000000,0
Indexes.entries.lookups,1789049053191000000,1789049113190000000,1.0
Indexes.allKeys.lookupDuration90PMs,1789049053191000000,1789049113190000000,0.0
Indexes.stubs.lookupDurationAvgMs,1789049053191000000,1789049113190000000,0.0
Indexes.stubs.lookups,1789049053191000000,1789049113190000000,0.0
Indexes.entries.lookupDuration90PMs,1789049053191000000,1789049113190000000,0.0
IndexesFlusher.totalContentionQuotaSpent,1789049053191000000,1789049113190000000,0
IndexesFlusher.totalFlushes,1789049053191000000,1789049113190000000,59
Indexes.entries.lookupDurationMaxMs,1789049053191000000,1789049113190000000,0.0
IndexesFlusher.totalFlushingTimeUs,1789049053191000000,1789049113190000000,247830
Indexes.allKeys.lookupDurationMaxMs,1789049053191000000,1789049113190000000,0.0
Indexes.entries.lookupDurationAvgMs,1789049053191000000,1789049113190000000,0.0
Indexes.stubs.lookupDuration90PMs,1789049053191000000,1789049113190000000,0.0
Indexes.allKeys.lookupDurationAvgMs,1789049053191000000,1789049113190000000,0.0
FilePageCacheLockFree.totalPageAllocationsWaited,1789049053191000000,1789049113190000000,0
FilePageCacheLockFree.totalNativeBytesAllocated,1789049053191000000,1789049113190000000,0
FilePageCacheLockFree.totalPagesWriteMs,1789049053191000000,1789049113190000000,0
FilePageCacheLockFree.totalBytesRequested,1789049053191000000,1789049113190000000,0
FilePageCache.pageLoadsAboveSizeThreshold,1789049053191000000,1789049113190000000,0
StorageLockContext.competingThreads.max,1789049053191000000,1789049113190000000,0
StorageLockContext.competingThreads.90P,1789049053191000000,1789049113190000000,0
FilePageCache.maxCacheSizeInBytes,1789049053191000000,1789049113190000000,212877312
DirectByteBufferAllocator.totalSizeOfBuffersCachedInBytes,1789049053191000000,1789049113190000000,0
StorageLockContext.competingThreads.avg,1789049053191000000,1789049113190000000,0.0
DirectByteBufferAllocator.reclaimed,1789049053191000000,1789049113190000000,0
FilePageCacheLockFree.totalClosedStoragesReclaimed,1789049053191000000,1789049113190000000,0
FilePageCache.pageFastCacheHits,1789049053191000000,1789049113190000000,146
StreamlinedBlobStorage.recordsDeleted,1789049053191000000,1789049113190000000,0
FilePageCacheLockFree.totalPagesAllocated,1789049053191000000,1789049113190000000,0
DirectByteBufferAllocator.totalSizeOfBuffersAllocatedInBytes,1789049053191000000,1789049113190000000,212877312
FilePageCacheLockFree.totalPagesReclaimed,1789049053191000000,1789049113190000000,0
FilePageCache.totalPageLoadsUs,1789049053191000000,1789049113190000000,0
StreamlinedBlobStorage.recordsAllocated,1789049053191000000,1789049113190000000,0
StreamlinedBlobStorage.totalLiveRecordsCapacityBytes,1789049053191000000,1789049113190000000,0
FilePageCacheLockFree.housekeeperTurnsSkipped,1789049053191000000,1789049113190000000,0
StreamlinedBlobStorage.totalLiveRecordsPayloadBytes,1789049053191000000,1789049113190000000,0
FilePageCacheLockFree.housekeeperTimeSpentMs,1789049053191000000,1789049113190000000,0
FilePageCacheLockFree.totalPagesHandedOver,1789049053191000000,1789049113190000000,0
MappedFileStorage.storages,1789049053191000000,1789049113190000000,10
FilePageCacheLockFree.totalPagesReadMs,1789049053191000000,1789049113190000000,0
FilePageCacheLockFree.totalBytesRead,1789049053191000000,1789049113190000000,0
FilePageCacheLockFree.nativeBytesInUse,1789049053191000000,1789049113190000000,0
FilePageCache.maxRegisteredFiles,1789049053191000000,1789049113190000000,555
DirectByteBufferAllocator.misses,1789049053191000000,1789049113190000000,0
MappedFileStorage.totalPagesMapped,1789049053191000000,1789049113190000000,10
MappedFileStorage.totalTimeSpentOnMappingUs,1789049053191000000,1789049113190000000,6814
FilePageCacheLockFree.totalNativeBytesReclaimed,1789049053191000000,1789049113190000000,0
FilePageCache.capacityInBytes,1789049053191000000,1789049113190000000,503316478
FilePageCache.pageLoads,1789049053191000000,1789049113190000000,0
FilePageCacheLockFree.heapBytesInUse,1789049053191000000,1789049113190000000,0
FilePageCacheLockFree.totalPagesRequestsMs,1789049053191000000,1789049113190000000,0
StreamlinedBlobStorage.recordsRelocated,1789049053191000000,1789049113190000000,0
DirectByteBufferAllocator.hits,1789049053191000000,1789049113190000000,0
FileChannelInterruptsRetryer.totalRetriedAttempts,1789049053191000000,1789049113190000000,0
DirectByteBufferAllocator.disposed,1789049053191000000,1789049113190000000,0
FilePageCache.totalPageDisposalsUs,1789049053191000000,1789049113190000000,0
FilePageCacheLockFree.totalPagesRequested,1789049053191000000,1789049113190000000,0
FilePageCacheLockFree.totalBytesWritten,1789049053191000000,1789049113190000000,0
MappedFileStorage.totalBytesMapped,1789049053191000000,1789049113190000000,177471488
FilePageCache.uncachedFileAccess,1789049053191000000,1789049113190000000,2
FilePageCacheLockFree.housekeeperTurnsDone,1789049053191000000,1789049113190000000,0
FilePageCacheLockFree.totalHeapBytesReclaimed,1789049053191000000,1789049113190000000,0
FilePageCache.pageHits,1789049053191000000,1789049113190000000,0
FilePageCacheLockFree.totalPagesWritten,1789049053191000000,1789049113190000000,0
FilePageCacheLockFree.totalHeapBytesAllocated,1789049053191000000,1789049113190000000,0
FilePageCache.disposedBuffers,1789049053191000000,1789049113190000000,0
compiler.ArtifactManagerBridge.addArtifact.ms,1789049053191000000,1789049113190000000,0
compiler.ArtifactManagerBridge.initBridges.ms,1789049053191000000,1789049113190000000,0
compiler.ArtifactManagerBridge.findArtifact.ms,1789049053191000000,1789049113190000000,0
compiler.ArtifactManagerBridge.getArtifactsByType.ms,1789049053191000000,1789049113190000000,0
compiler.ArtifactManagerBridge.dropMappings.ms,1789049053191000000,1789049113190000000,0
compiler.ArtifactVirtualFileListener.propertyChanged.ms,1789049053191000000,1789049113190000000,0
compiler.ArtifactVirtualFileListener.filePathChanged.ms,1789049053191000000,1789049113190000000,0
compiler.ArtifactManagerBridge.commit.ms,1789049053191000000,1789049113190000000,0
compiler.ArtifactManagerBridge.getArtifacts.ms,1789049053191000000,1789049113190000000,0
workspaceModel.workspaceFileIndexData.getFileInfo.ms,1789049053191000000,1789049113190000000,2
workspaceModel.init.bridges.ms,1789049053191000000,1789049113190000000,0
workspaceModel.workspaceFileIndexData.init.ms,1789049053191000000,1789049113190000000,0
workspaceModel.updates.count,1789049053191000000,1789049113190000000,0
workspaceModel.collect.changes.ms,1789049053191000000,1789049113190000000,0
workspaceModel.workspaceFileIndexData.instances.count,1789049053191000000,1789049113190000000,0
workspaceModel.loading.from.cache.ms,1789049053191000000,1789049113190000000,0
workspaceModel.workspaceFileIndexData.processFileSets.ms,1789049053191000000,1789049113190000000,0
workspaceModel.workspaceFileIndexData.onEntitiesChanged.ms,1789049053191000000,1789049113190000000,0
workspaceModel.cachedValue.clear.ms,1789049053191000000,1789049113190000000,0
workspaceModel.cachedValueWithParameters.calculated.ms,1789049053191000000,1789049113190000000,0
workspaceModel.check.recursive.update.ms,1789049053191000000,1789049113190000000,0
workspaceModel.cachedValue.calculated.ms,1789049053191000000,1789049113190000000,1
workspaceModel.workspaceFileIndexData.getDirectoriesByPackageName.ms,1789049053191000000,1789049113190000000,0
workspaceModel.cachedValue.from.cache.ms,1789049053191000000,1789049113190000000,0
workspaceModel.cachedValue.total.get.ms,1789049053191000000,1789049113190000000,1
workspaceModel.full.replace.project.model.ms,1789049053191000000,1789049113190000000,0
workspaceModel.workspaceFileIndexData.markDirty.ms,1789049053191000000,1789049113190000000,0
workspaceModel.workspaceFileIndexContributor.registerFileSets.ms,1789049053191000000,1789049113190000000,0
workspaceModel.update.unloaded.entities.ms,1789049053191000000,1789049113190000000,0
workspaceModel.entityStorageSnapshotImpl.instances.count,1789049053191000000,1789049113190000000,0
workspaceModel.cachedValueWithParameters.from.cache.ms,1789049053191000000,1789049113190000000,0
workspaceModel.updates.precise.ms,1789049053191000000,1789049113190000000,0
workspaceModel.pre.handlers.ms,1789049053191000000,1789049113190000000,0
workspaceModel.workspaceFileIndexData.updateDirtyEntities.ms,1789049053191000000,1789049113190000000,0
workspaceModel.cachedValueWithParameters.clear.ms,1789049053191000000,1789049113190000000,0
workspaceModel.updates.ms,1789049053191000000,1789049113190000000,0
workspaceModel.initializing.ms,1789049053191000000,1789049113190000000,0
workspaceModel.replace.project.model.ms,1789049053191000000,1789049113190000000,0
workspaceModel.workspaceFileIndexData.visitFileSets.ms,1789049053191000000,1789049113190000000,0
workspaceModel.loading.total.ms,1789049053191000000,1789049113190000000,0
workspaceModel.cachedValueWithParameters.total.get.ms,1789049053191000000,1789049113190000000,0
workspaceModel.workspaceFileIndexData.getPackageName.ms,1789049053191000000,1789049113190000000,0
workspaceModel.to.snapshot.ms,1789049053191000000,1789049113190000000,0
cacheStateStorage.get.duration,1789049053191000000,1789049113190000000,0
cacheStateStorage.get.counter,1789049053191000000,1789049113190000000,1
cacheStateStorage.set.duration,1789049053191000000,1789049113190000000,5
cacheStateStorage.set.counter,1789049053191000000,1789049113190000000,1
NonBlockingReadAction.finalizedExecutionsCount,1789049053191000000,1789049113190000000,26
AWTEventQueue.dispatchTime90PNs,1789049053191000000,1789049113190000000,262143
FlushQueue.queueSizeAvg,1789049053191000000,1789049113190000000,1.809146877748461
FlushQueue.waitingTime90PNs,1789049053191000000,1789049113190000000,802815
AWTEventQueue.dispatchTimeTotalNS,1789049053191000000,1789049113190000000,3223808434
AWTEventQueue.dispatchTimeAvgNs,1789049053191000000,1789049113190000000,328858.1923508414
AWTEventQueue.dispatchTimeMaxNs,1789049053191000000,1789049113190000000,304087039
FlushQueue.executionTime90PNs,1789049053191000000,1789049113190000000,143359
ReadAction.executionsCount,1789049053191000000,1789049113190000000,16689
NonBlockingReadAction.finalizedExecutionTimeUs,1789049053191000000,1789049113190000000,29449
FlushQueue.executionTimeAvgNs,1789049053191000000,1789049113190000000,101297.70712401056
FlushQueue.queueSizeMax,1789049053191000000,1789049113190000000,17
NonBlockingReadAction.failedExecutionTimeUs,1789049053191000000,1789049113190000000,0
NonBlockingReadAction.failedExecutionsCount,1789049053191000000,1789049113190000000,0
AWTEventQueue.eventsDispatched,1789049053191000000,1789049113190000000,9805
FlushQueue.executionTimeMaxNs,1789049053191000000,1789049113190000000,28966911
FlushQueue.queueSize90P,1789049053191000000,1789049113190000000,5
FlushQueue.waitingTimeMaxNs,1789049053191000000,1789049113190000000,314572799
FlushQueue.tasksExecuted,1789049053191000000,1789049113190000000,2274
WriteAction.executionsCount,1789049053191000000,1789049113190000000,1
FlushQueue.waitingTimeAvgNs,1789049053191000000,1789049113190000000,2047363.1838170625
JVM.GC.collections,1789049053191000000,1789049113190000000,3
JVM.totalDirectByteBuffersBytes,1789049053191000000,1789049113190000000,214480005
JVM.threadCount,1789049053191000000,1789049113190000000,71
JVM.totalCpuTimeMs,1789049053191000000,1789049113190000000,17014
OS.loadAverage,1789049053191000000,1789049113190000000,1.681640625
JVM.usedNativeBytes,1789049053191000000,1789049113190000000,347944128
JVM.maxThreadCount,1789049053191000000,1789049113190000000,134
JVM.usedHeapBytes,1789049053191000000,1789049113190000000,397450888
JVM.maxHeapBytes,1789049053191000000,1789049113190000000,2147483648
JVM.GC.collectionTimesMs,1789049053191000000,1789049113190000000,17
JVM.totalBytesAllocated,1789049053191000000,1789049113190000000,257518704
JVM.newThreadsCount,1789049053191000000,1789049113190000000,154
jps.library.entities.serializer.save.entities.ms,1789049053191000000,1789049113190000000,0
workspaceModel.moduleBridgeLoader.loading.modules.ms,1789049053191000000,1789049113190000000,0
workspaceModel.mutableEntityStorage.put.entity.ms,1789049053191000000,1789049113190000000,0
jps.library.entities.serializer.load.entities.ms,1789049053191000000,1789049113190000000,0
jps.app.storage.content.reader.load.component.ms,1789049053191000000,1789049113190000000,0
jps.storage.jps.conf.reader.load.component.ms,1789049053191000000,1789049113190000000,0
jps.module.iml.entities.serializer.load.entities.ms,1789049053191000000,1789049113190000000,0
workspaceModel.orphan.listener.update.ms,1789049053191000000,1789049113190000000,0
workspaceModel.mutableEntityStorage.instances.count,1789049053191000000,1789049113190000000,0
jps.artifact.entities.serializer.load.entities.ms,1789049053191000000,1789049113190000000,0
workspaceModel.mutableEntityStorage.has.same.entities.ms,1789049053191000000,1789049113190000000,0
workspaceModel.mutableEntityStorage.resolve.ms,1789049053191000000,1789049113190000000,0
workspaceModel.moduleManagerBridge.newModule.ms,1789049053191000000,1789049113190000000,0
jps.global.initialize.library.bridges.ms,1789049053191000000,1789049113190000000,0
workspaceModel.mutableEntityStorage.remove.entity.ms,1789049053191000000,1789049113190000000,0
jps.facet.change.listener.before.change.events.ms,1789049053191000000,1789049113190000000,0
workspaceModel.mutableEntityStorage.add.entity.ms,1789049053191000000,1789049113190000000,0
workspaceModel.moduleManagerBridge.set.unloadedModules.ms,1789049053191000000,1789049113190000000,0
workspaceModel.moduleManagerBridge.load.all.modules.ms,1789049053191000000,1789049113190000000,0
workspaceModel.mutableEntityStorage.collect.changes.ms,1789049053191000000,1789049113190000000,0
workspaceModel.moduleBridge.update.option.ms,1789049053191000000,1789049113190000000,0
workspaceModel.global.apply.state.to.project.builder.ms,1789049053191000000,1789049113190000000,0
workspaceModel.global.updates.ms,1789049053191000000,1789049113190000000,0
workspaceModel.delayed.project.synchronizer.sync.ms,1789049053191000000,1789049113190000000,0
workspaceModel.mutableEntityStorage.entities.by.source.ms,1789049053191000000,1789049113190000000,0
jps.apply.loaded.storage.ms,1789049053191000000,1789049113190000000,0
jps.global.get.library.by.name.ms,1789049053191000000,1789049113190000000,0
jps.load.initial.state.ms,1789049053191000000,1789049113190000000,0
workspaceModel.moduleManagerBridge.load.module.ms,1789049053191000000,1789049113190000000,0
workspaceModel.mutableEntityStorage.to.snapshot.ms,1789049053191000000,1789049113190000000,0
jps.facet.change.listener.init.bridge.ms,1789049053191000000,1789049113190000000,0
workspaceModel.moduleManagerBridge.build.module.graph.ms,1789049053191000000,1789049113190000000,1
workspaceModel.load.cache.metadata.from.file.ms,1789049053191000000,1789049113190000000,0
jps.load.project.to.empty.storage.ms,1789049053191000000,1789049113190000000,0
workspaceModel.mutableEntityStorage.mutable.vfurl.index.ms,1789049053191000000,1789049113190000000,0
workspaceModel.moduleBridge.facet.initialization.ms,1789049053191000000,1789049113190000000,0
jps.facet.change.listener.process.change.events.ms,1789049053191000000,1789049113190000000,0
workspaceModel.moduleManagerBridge.get.modules.ms,1789049053191000000,1789049113190000000,1
jps.reload.project.entities.ms,1789049053191000000,1789049113190000000,0
workspaceModel.moduleBridge.before.changed.ms,1789049053191000000,1789049113190000000,0
workspaceModel.mutableEntityStorage.mutable.ext.mapping.ms,1789049053191000000,1789049113190000000,0
jps.global.handle.changed.events.ms,1789049053191000000,1789049113190000000,0
workspaceModel.mutableEntityStorage.referrers.ms,1789049053191000000,1789049113190000000,0
workspaceModel.mutableEntityStorage.modify.entity.ms,1789049053191000000,1789049113190000000,0
jps.artifact.entities.serializer.save.entities.ms,1789049053191000000,1789049113190000000,0
jps.global.get.library.ms,1789049053191000000,1789049113190000000,0
workspaceModel.load.cache.from.file.ms,1789049053191000000,1789049113190000000,0
workspaceModel.moduleManagerBridge.new.nonPersistent.module.ms,1789049053191000000,1789049113190000000,0
workspaceModel.global.updates.count,1789049053191000000,1789049113190000000,0
workspaceModel.mutableEntityStorage.replace.by.source.ms,1789049053191000000,1789049113190000000,0
workspaceModel.save.cache.to.file.ms,1789049053191000000,1789049113190000000,0
workspaceModel.do.save.caches.ms,1789049053191000000,1789049113190000000,0
workspaceModel.mutableEntityStorage.entities.ms,1789049053191000000,1789049113190000000,0
jps.project.serializers.load.ms,1789049053191000000,1789049113190000000,0
jps.app.storage.content.writer.save.component.ms,1789049053191000000,1789049113190000000,0
workspaceModel.mutableEntityStorage.apply.changes.from.ms,1789049053191000000,1789049113190000000,0
jps.global.handle.before.change.events.ms,1789049053191000000,1789049113190000000,0
jps.global.initialize.library.bridges.after.loading.ms,1789049053191000000,1789049113190000000,0
jps.project.serializers.save.ms,1789049053191000000,1789049113190000000,0
workspaceModel.sync.entities.ms,1789049053191000000,1789049113190000000,0
workspaceModel.moduleManagerBridge.create.module.instance.ms,1789049053191000000,1789049113190000000,0
workspaceModel.global.apply.state.to.project.ms,1789049053191000000,1789049113190000000,0
jps.global.get.libraries.ms,1789049053191000000,1789049113190000000,0
jps.save.global.entities.ms,1789049053191000000,1789049113190000000,1
jps.save.changed.project.entities.ms,1789049053191000000,1789049113190000000,0
jps.module.iml.entities.serializer.save.entities.ms,1789049053191000000,1789049113190000000,0
VFS.fileByIdCache.misses,1789049053191000000,1789049113190000000,0
VFS.invertedFileNameIndex.requests,1789049053191000000,1789049113190000000,1
VFS.fileByIdCache.hits,1789049053191000000,1789049113190000000,0
FileNameCache.totalMisses,1789049053191000000,1789049113190000000,0
VFS.fileChildByName,1789049053191000000,1789049113190000000,497
FileNameCache.queries,1789049053191000000,1789049113190000000,0
writeAction.count,1789049113190000000,1789049173189000000,0
writeAction.wait.ms,1789049113190000000,1789049173189000000,0
writeAction.median.wait.ms,1789049113190000000,1789049173189000000,0
writeAction.max.wait.ms,1789049113190000000,1789049173189000000,2
Indexes.allKeys.lookups,1789049113190000000,1789049173189000000,0.0
Indexes.stubs.lookupDurationMaxMs,1789049113190000000,1789049173189000000,0.0
IndexesFlusher.totalFlushesRetried,1789049113190000000,1789049173189000000,0
Indexes.entries.lookups,1789049113190000000,1789049173189000000,0.0
Indexes.allKeys.lookupDuration90PMs,1789049113190000000,1789049173189000000,0.0
Indexes.stubs.lookupDurationAvgMs,1789049113190000000,1789049173189000000,0.0
Indexes.stubs.lookups,1789049113190000000,1789049173189000000,0.0
Indexes.entries.lookupDuration90PMs,1789049113190000000,1789049173189000000,0.0
IndexesFlusher.totalContentionQuotaSpent,1789049113190000000,1789049173189000000,0
IndexesFlusher.totalFlushes,1789049113190000000,1789049173189000000,59
Indexes.entries.lookupDurationMaxMs,1789049113190000000,1789049173189000000,0.0
IndexesFlusher.totalFlushingTimeUs,1789049113190000000,1789049173189000000,235058
Indexes.allKeys.lookupDurationMaxMs,1789049113190000000,1789049173189000000,0.0
Indexes.entries.lookupDurationAvgMs,1789049113190000000,1789049173189000000,0.0
Indexes.stubs.lookupDuration90PMs,1789049113190000000,1789049173189000000,0.0
Indexes.allKeys.lookupDurationAvgMs,1789049113190000000,1789049173189000000,0.0
FilePageCacheLockFree.totalPageAllocationsWaited,1789049113190000000,1789049173189000000,0
FilePageCacheLockFree.totalNativeBytesAllocated,1789049113190000000,1789049173189000000,0
FilePageCacheLockFree.totalPagesWriteMs,1789049113190000000,1789049173189000000,0
FilePageCacheLockFree.totalBytesRequested,1789049113190000000,1789049173189000000,0
FilePageCache.pageLoadsAboveSizeThreshold,1789049113190000000,1789049173189000000,0
StorageLockContext.competingThreads.max,1789049113190000000,1789049173189000000,0
StorageLockContext.competingThreads.90P,1789049113190000000,1789049173189000000,0
FilePageCache.maxCacheSizeInBytes,1789049113190000000,1789049173189000000,212877312
DirectByteBufferAllocator.totalSizeOfBuffersCachedInBytes,1789049113190000000,1789049173189000000,0
StorageLockContext.competingThreads.avg,1789049113190000000,1789049173189000000,0.0
DirectByteBufferAllocator.reclaimed,1789049113190000000,1789049173189000000,0
FilePageCacheLockFree.totalClosedStoragesReclaimed,1789049113190000000,1789049173189000000,0
FilePageCache.pageFastCacheHits,1789049113190000000,1789049173189000000,3
StreamlinedBlobStorage.recordsDeleted,1789049113190000000,1789049173189000000,0
FilePageCacheLockFree.totalPagesAllocated,1789049113190000000,1789049173189000000,0
DirectByteBufferAllocator.totalSizeOfBuffersAllocatedInBytes,1789049113190000000,1789049173189000000,212877312
FilePageCacheLockFree.totalPagesReclaimed,1789049113190000000,1789049173189000000,0
FilePageCache.totalPageLoadsUs,1789049113190000000,1789049173189000000,0
StreamlinedBlobStorage.recordsAllocated,1789049113190000000,1789049173189000000,0
StreamlinedBlobStorage.totalLiveRecordsCapacityBytes,1789049113190000000,1789049173189000000,0
FilePageCacheLockFree.housekeeperTurnsSkipped,1789049113190000000,1789049173189000000,0
StreamlinedBlobStorage.totalLiveRecordsPayloadBytes,1789049113190000000,1789049173189000000,0
FilePageCacheLockFree.housekeeperTimeSpentMs,1789049113190000000,1789049173189000000,0
FilePageCacheLockFree.totalPagesHandedOver,1789049113190000000,1789049173189000000,0
MappedFileStorage.storages,1789049113190000000,1789049173189000000,10
FilePageCacheLockFree.totalPagesReadMs,1789049113190000000,1789049173189000000,0
FilePageCacheLockFree.totalBytesRead,1789049113190000000,1789049173189000000,0
FilePageCacheLockFree.nativeBytesInUse,1789049113190000000,1789049173189000000,0
FilePageCache.maxRegisteredFiles,1789049113190000000,1789049173189000000,555
DirectByteBufferAllocator.misses,1789049113190000000,1789049173189000000,0
MappedFileStorage.totalPagesMapped,1789049113190000000,1789049173189000000,10
MappedFileStorage.totalTimeSpentOnMappingUs,1789049113190000000,1789049173189000000,6814
FilePageCacheLockFree.totalNativeBytesReclaimed,1789049113190000000,1789049173189000000,0
FilePageCache.capacityInBytes,1789049113190000000,1789049173189000000,503316478
FilePageCache.pageLoads,1789049113190000000,1789049173189000000,0
FilePageCacheLockFree.heapBytesInUse,1789049113190000000,1789049173189000000,0
FilePageCacheLockFree.totalPagesRequestsMs,1789049113190000000,1789049173189000000,0
StreamlinedBlobStorage.recordsRelocated,1789049113190000000,1789049173189000000,0
DirectByteBufferAllocator.hits,1789049113190000000,1789049173189000000,0
FileChannelInterruptsRetryer.totalRetriedAttempts,1789049113190000000,1789049173189000000,0
DirectByteBufferAllocator.disposed,1789049113190000000,1789049173189000000,0
FilePageCache.totalPageDisposalsUs,1789049113190000000,1789049173189000000,0
FilePageCacheLockFree.totalPagesRequested,1789049113190000000,1789049173189000000,0
FilePageCacheLockFree.totalBytesWritten,1789049113190000000,1789049173189000000,0
MappedFileStorage.totalBytesMapped,1789049113190000000,1789049173189000000,177471488
FilePageCache.uncachedFileAccess,1789049113190000000,1789049173189000000,0
FilePageCacheLockFree.housekeeperTurnsDone,1789049113190000000,1789049173189000000,0
FilePageCacheLockFree.totalHeapBytesReclaimed,1789049113190000000,1789049173189000000,0
FilePageCache.pageHits,1789049113190000000,1789049173189000000,0
FilePageCacheLockFree.totalPagesWritten,1789049113190000000,1789049173189000000,0
FilePageCacheLockFree.totalHeapBytesAllocated,1789049113190000000,1789049173189000000,0
FilePageCache.disposedBuffers,1789049113190000000,1789049173189000000,0
compiler.ArtifactManagerBridge.addArtifact.ms,1789049113190000000,1789049173189000000,0
compiler.ArtifactManagerBridge.initBridges.ms,1789049113190000000,1789049173189000000,0
compiler.ArtifactManagerBridge.findArtifact.ms,1789049113190000000,1789049173189000000,0
compiler.ArtifactManagerBridge.getArtifactsByType.ms,1789049113190000000,1789049173189000000,0
compiler.ArtifactManagerBridge.dropMappings.ms,1789049113190000000,1789049173189000000,0
compiler.ArtifactVirtualFileListener.propertyChanged.ms,1789049113190000000,1789049173189000000,0
compiler.ArtifactVirtualFileListener.filePathChanged.ms,1789049113190000000,1789049173189000000,0
compiler.ArtifactManagerBridge.commit.ms,1789049113190000000,1789049173189000000,0
compiler.ArtifactManagerBridge.getArtifacts.ms,1789049113190000000,1789049173189000000,0
workspaceModel.workspaceFileIndexData.getFileInfo.ms,1789049113190000000,1789049173189000000,0
workspaceModel.init.bridges.ms,1789049113190000000,1789049173189000000,0
workspaceModel.workspaceFileIndexData.init.ms,1789049113190000000,1789049173189000000,0
workspaceModel.updates.count,1789049113190000000,1789049173189000000,0
workspaceModel.collect.changes.ms,1789049113190000000,1789049173189000000,0
workspaceModel.workspaceFileIndexData.instances.count,1789049113190000000,1789049173189000000,0
workspaceModel.loading.from.cache.ms,1789049113190000000,1789049173189000000,0
workspaceModel.workspaceFileIndexData.processFileSets.ms,1789049113190000000,1789049173189000000,0
workspaceModel.workspaceFileIndexData.onEntitiesChanged.ms,1789049113190000000,1789049173189000000,0
workspaceModel.cachedValue.clear.ms,1789049113190000000,1789049173189000000,0
workspaceModel.cachedValueWithParameters.calculated.ms,1789049113190000000,1789049173189000000,0
workspaceModel.check.recursive.update.ms,1789049113190000000,1789049173189000000,0
workspaceModel.cachedValue.calculated.ms,1789049113190000000,1789049173189000000,0
workspaceModel.workspaceFileIndexData.getDirectoriesByPackageName.ms,1789049113190000000,1789049173189000000,0
workspaceModel.cachedValue.from.cache.ms,1789049113190000000,1789049173189000000,0
workspaceModel.cachedValue.total.get.ms,1789049113190000000,1789049173189000000,0
workspaceModel.full.replace.project.model.ms,1789049113190000000,1789049173189000000,0
workspaceModel.workspaceFileIndexData.markDirty.ms,1789049113190000000,1789049173189000000,0
workspaceModel.workspaceFileIndexContributor.registerFileSets.ms,1789049113190000000,1789049173189000000,0
workspaceModel.update.unloaded.entities.ms,1789049113190000000,1789049173189000000,0
workspaceModel.entityStorageSnapshotImpl.instances.count,1789049113190000000,1789049173189000000,0
workspaceModel.cachedValueWithParameters.from.cache.ms,1789049113190000000,1789049173189000000,0
workspaceModel.updates.precise.ms,1789049113190000000,1789049173189000000,0
workspaceModel.pre.handlers.ms,1789049113190000000,1789049173189000000,0
workspaceModel.workspaceFileIndexData.updateDirtyEntities.ms,1789049113190000000,1789049173189000000,0
workspaceModel.cachedValueWithParameters.clear.ms,1789049113190000000,1789049173189000000,0
workspaceModel.updates.ms,1789049113190000000,1789049173189000000,0
workspaceModel.initializing.ms,1789049113190000000,1789049173189000000,0
workspaceModel.replace.project.model.ms,1789049113190000000,1789049173189000000,0
workspaceModel.workspaceFileIndexData.visitFileSets.ms,1789049113190000000,1789049173189000000,0
workspaceModel.loading.total.ms,1789049113190000000,1789049173189000000,0
workspaceModel.cachedValueWithParameters.total.get.ms,1789049113190000000,1789049173189000000,0
workspaceModel.workspaceFileIndexData.getPackageName.ms,1789049113190000000,1789049173189000000,0
workspaceModel.to.snapshot.ms,1789049113190000000,1789049173189000000,0
cacheStateStorage.get.duration,1789049113190000000,1789049173189000000,9
cacheStateStorage.get.counter,1789049113190000000,1789049173189000000,1
cacheStateStorage.set.duration,1789049113190000000,1789049173189000000,0
cacheStateStorage.set.counter,1789049113190000000,1789049173189000000,0
NonBlockingReadAction.finalizedExecutionsCount,1789049113190000000,1789049173189000000,5
AWTEventQueue.dispatchTime90PNs,1789049113190000000,1789049173189000000,200703
FlushQueue.queueSizeAvg,1789049113190000000,1789049173189000000,1.415679124886053
FlushQueue.waitingTime90PNs,1789049113190000000,1789049173189000000,581631
AWTEventQueue.dispatchTimeTotalNS,1789049113190000000,1789049173189000000,2323511940
AWTEventQueue.dispatchTimeAvgNs,1789049113190000000,1789049173189000000,524343.6873729387
AWTEventQueue.dispatchTimeMaxNs,1789049113190000000,1789049173189000000,1098907647
FlushQueue.executionTime90PNs,1789049113190000000,1789049173189000000,119295
ReadAction.executionsCount,1789049113190000000,1789049173189000000,5428
NonBlockingReadAction.finalizedExecutionTimeUs,1789049113190000000,1789049173189000000,478
FlushQueue.executionTimeAvgNs,1789049113190000000,1789049173189000000,81983.18505013673
FlushQueue.queueSizeMax,1789049113190000000,1789049173189000000,13
NonBlockingReadAction.failedExecutionTimeUs,1789049113190000000,1789049173189000000,0
NonBlockingReadAction.failedExecutionsCount,1789049113190000000,1789049173189000000,0
AWTEventQueue.eventsDispatched,1789049113190000000,1789049173189000000,4427
FlushQueue.executionTimeMaxNs,1789049113190000000,1789049173189000000,5406719
FlushQueue.queueSize90P,1789049113190000000,1789049173189000000,4
FlushQueue.waitingTimeMaxNs,1789049113190000000,1789049173189000000,1048575999
FlushQueue.tasksExecuted,1789049113190000000,1789049173189000000,1097
WriteAction.executionsCount,1789049113190000000,1789049173189000000,0
FlushQueue.waitingTimeAvgNs,1789049113190000000,1789049173189000000,4848456.353691887
JVM.GC.collections,1789049113190000000,1789049173189000000,2
JVM.totalDirectByteBuffersBytes,1789049113190000000,1789049173189000000,214430617
JVM.threadCount,1789049113190000000,1789049173189000000,60
JVM.totalCpuTimeMs,1789049113190000000,1789049173189000000,6717
OS.loadAverage,1789049113190000000,1789049173189000000,2.0048828125
JVM.usedNativeBytes,1789049113190000000,1789049173189000000,350444840
JVM.maxThreadCount,1789049113190000000,1789049173189000000,134
JVM.usedHeapBytes,1789049113190000000,1789049173189000000,205311664
JVM.maxHeapBytes,1789049113190000000,1789049173189000000,2147483648
JVM.GC.collectionTimesMs,1789049113190000000,1789049173189000000,15
JVM.totalBytesAllocated,1789049113190000000,1789049173189000000,80649440
JVM.newThreadsCount,1789049113190000000,1789049173189000000,8
jps.library.entities.serializer.save.entities.ms,1789049113190000000,1789049173189000000,0
workspaceModel.moduleBridgeLoader.loading.modules.ms,1789049113190000000,1789049173189000000,0
workspaceModel.mutableEntityStorage.put.entity.ms,1789049113190000000,1789049173189000000,0
jps.library.entities.serializer.load.entities.ms,1789049113190000000,1789049173189000000,0
jps.app.storage.content.reader.load.component.ms,1789049113190000000,1789049173189000000,0
jps.storage.jps.conf.reader.load.component.ms,1789049113190000000,1789049173189000000,0
jps.module.iml.entities.serializer.load.entities.ms,1789049113190000000,1789049173189000000,0
workspaceModel.orphan.listener.update.ms,1789049113190000000,1789049173189000000,0
workspaceModel.mutableEntityStorage.instances.count,1789049113190000000,1789049173189000000,0
jps.artifact.entities.serializer.load.entities.ms,1789049113190000000,1789049173189000000,0
workspaceModel.mutableEntityStorage.has.same.entities.ms,1789049113190000000,1789049173189000000,0
workspaceModel.mutableEntityStorage.resolve.ms,1789049113190000000,1789049173189000000,0
workspaceModel.moduleManagerBridge.newModule.ms,1789049113190000000,1789049173189000000,0
jps.global.initialize.library.bridges.ms,1789049113190000000,1789049173189000000,0
workspaceModel.mutableEntityStorage.remove.entity.ms,1789049113190000000,1789049173189000000,0
jps.facet.change.listener.before.change.events.ms,1789049113190000000,1789049173189000000,0
workspaceModel.mutableEntityStorage.add.entity.ms,1789049113190000000,1789049173189000000,0
workspaceModel.moduleManagerBridge.set.unloadedModules.ms,1789049113190000000,1789049173189000000,0
workspaceModel.moduleManagerBridge.load.all.modules.ms,1789049113190000000,1789049173189000000,0
workspaceModel.mutableEntityStorage.collect.changes.ms,1789049113190000000,1789049173189000000,0
workspaceModel.moduleBridge.update.option.ms,1789049113190000000,1789049173189000000,0
workspaceModel.global.apply.state.to.project.builder.ms,1789049113190000000,1789049173189000000,0
workspaceModel.global.updates.ms,1789049113190000000,1789049173189000000,0
workspaceModel.delayed.project.synchronizer.sync.ms,1789049113190000000,1789049173189000000,0
workspaceModel.mutableEntityStorage.entities.by.source.ms,1789049113190000000,1789049173189000000,0
jps.apply.loaded.storage.ms,1789049113190000000,1789049173189000000,0
jps.global.get.library.by.name.ms,1789049113190000000,1789049173189000000,0
jps.load.initial.state.ms,1789049113190000000,1789049173189000000,0
workspaceModel.moduleManagerBridge.load.module.ms,1789049113190000000,1789049173189000000,0
workspaceModel.mutableEntityStorage.to.snapshot.ms,1789049113190000000,1789049173189000000,0
jps.facet.change.listener.init.bridge.ms,1789049113190000000,1789049173189000000,0
workspaceModel.moduleManagerBridge.build.module.graph.ms,1789049113190000000,1789049173189000000,0
workspaceModel.load.cache.metadata.from.file.ms,1789049113190000000,1789049173189000000,0
jps.load.project.to.empty.storage.ms,1789049113190000000,1789049173189000000,0
workspaceModel.mutableEntityStorage.mutable.vfurl.index.ms,1789049113190000000,1789049173189000000,0
workspaceModel.moduleBridge.facet.initialization.ms,1789049113190000000,1789049173189000000,0
jps.facet.change.listener.process.change.events.ms,1789049113190000000,1789049173189000000,0
workspaceModel.moduleManagerBridge.get.modules.ms,1789049113190000000,1789049173189000000,0
jps.reload.project.entities.ms,1789049113190000000,1789049173189000000,0
workspaceModel.moduleBridge.before.changed.ms,1789049113190000000,1789049173189000000,0
workspaceModel.mutableEntityStorage.mutable.ext.mapping.ms,1789049113190000000,1789049173189000000,0
jps.global.handle.changed.events.ms,1789049113190000000,1789049173189000000,0
workspaceModel.mutableEntityStorage.referrers.ms,1789049113190000000,1789049173189000000,0
workspaceModel.mutableEntityStorage.modify.entity.ms,1789049113190000000,1789049173189000000,0
jps.artifact.entities.serializer.save.entities.ms,1789049113190000000,1789049173189000000,0
jps.global.get.library.ms,1789049113190000000,1789049173189000000,0
workspaceModel.load.cache.from.file.ms,1789049113190000000,1789049173189000000,0
workspaceModel.moduleManagerBridge.new.nonPersistent.module.ms,1789049113190000000,1789049173189000000,0
workspaceModel.global.updates.count,1789049113190000000,1789049173189000000,0
workspaceModel.mutableEntityStorage.replace.by.source.ms,1789049113190000000,1789049173189000000,0
workspaceModel.save.cache.to.file.ms,1789049113190000000,1789049173189000000,0
workspaceModel.do.save.caches.ms,1789049113190000000,1789049173189000000,0
workspaceModel.mutableEntityStorage.entities.ms,1789049113190000000,1789049173189000000,0
jps.project.serializers.load.ms,1789049113190000000,1789049173189000000,0
jps.app.storage.content.writer.save.component.ms,1789049113190000000,1789049173189000000,0
workspaceModel.mutableEntityStorage.apply.changes.from.ms,1789049113190000000,1789049173189000000,0
jps.global.handle.before.change.events.ms,1789049113190000000,1789049173189000000,0
jps.global.initialize.library.bridges.after.loading.ms,1789049113190000000,1789049173189000000,0
jps.project.serializers.save.ms,1789049113190000000,1789049173189000000,0
workspaceModel.sync.entities.ms,1789049113190000000,1789049173189000000,0
workspaceModel.moduleManagerBridge.create.module.instance.ms,1789049113190000000,1789049173189000000,0
workspaceModel.global.apply.state.to.project.ms,1789049113190000000,1789049173189000000,0
jps.global.get.libraries.ms,1789049113190000000,1789049173189000000,0
jps.save.global.entities.ms,1789049113190000000,1789049173189000000,2
jps.save.changed.project.entities.ms,1789049113190000000,1789049173189000000,0
jps.module.iml.entities.serializer.save.entities.ms,1789049113190000000,1789049173189000000,0
VFS.fileByIdCache.misses,1789049113190000000,1789049173189000000,0
VFS.invertedFileNameIndex.requests,1789049113190000000,1789049173189000000,0
VFS.fileByIdCache.hits,1789049113190000000,1789049173189000000,0
FileNameCache.totalMisses,1789049113190000000,1789049173189000000,0
VFS.fileChildByName,1789049113190000000,1789049173189000000,975
FileNameCache.queries,1789049113190000000,1789049173189000000,0
writeAction.count,1789049173189000000,1789049233214000000,0
writeAction.wait.ms,1789049173189000000,1789049233214000000,0
writeAction.median.wait.ms,1789049173189000000,1789049233214000000,0
writeAction.max.wait.ms,1789049173189000000,1789049233214000000,2
Indexes.allKeys.lookups,1789049173189000000,1789049233214000000,0.0
Indexes.stubs.lookupDurationMaxMs,1789049173189000000,1789049233214000000,0.0
IndexesFlusher.totalFlushesRetried,1789049173189000000,1789049233214000000,0
Indexes.entries.lookups,1789049173189000000,1789049233214000000,0.0
Indexes.allKeys.lookupDuration90PMs,1789049173189000000,1789049233214000000,0.0
Indexes.stubs.lookupDurationAvgMs,1789049173189000000,1789049233214000000,0.0
Indexes.stubs.lookups,1789049173189000000,1789049233214000000,0.0
Indexes.entries.lookupDuration90PMs,1789049173189000000,1789049233214000000,0.0
IndexesFlusher.totalContentionQuotaSpent,1789049173189000000,1789049233214000000,0
IndexesFlusher.totalFlushes,1789049173189000000,1789049233214000000,59
Indexes.entries.lookupDurationMaxMs,1789049173189000000,1789049233214000000,0.0
IndexesFlusher.totalFlushingTimeUs,1789049173189000000,1789049233214000000,242465
Indexes.allKeys.lookupDurationMaxMs,1789049173189000000,1789049233214000000,0.0
Indexes.entries.lookupDurationAvgMs,1789049173189000000,1789049233214000000,0.0
Indexes.stubs.lookupDuration90PMs,1789049173189000000,1789049233214000000,0.0
Indexes.allKeys.lookupDurationAvgMs,1789049173189000000,1789049233214000000,0.0
FilePageCacheLockFree.totalPageAllocationsWaited,1789049173189000000,1789049233214000000,0
FilePageCacheLockFree.totalNativeBytesAllocated,1789049173189000000,1789049233214000000,0
FilePageCacheLockFree.totalPagesWriteMs,1789049173189000000,1789049233214000000,0
FilePageCacheLockFree.totalBytesRequested,1789049173189000000,1789049233214000000,0
FilePageCache.pageLoadsAboveSizeThreshold,1789049173189000000,1789049233214000000,0
StorageLockContext.competingThreads.max,1789049173189000000,1789049233214000000,0
StorageLockContext.competingThreads.90P,1789049173189000000,1789049233214000000,0
FilePageCache.maxCacheSizeInBytes,1789049173189000000,1789049233214000000,212877312
DirectByteBufferAllocator.totalSizeOfBuffersCachedInBytes,1789049173189000000,1789049233214000000,0
StorageLockContext.competingThreads.avg,1789049173189000000,1789049233214000000,0.0
DirectByteBufferAllocator.reclaimed,1789049173189000000,1789049233214000000,0
FilePageCacheLockFree.totalClosedStoragesReclaimed,1789049173189000000,1789049233214000000,0
FilePageCache.pageFastCacheHits,1789049173189000000,1789049233214000000,0
StreamlinedBlobStorage.recordsDeleted,1789049173189000000,1789049233214000000,0
FilePageCacheLockFree.totalPagesAllocated,1789049173189000000,1789049233214000000,0
DirectByteBufferAllocator.totalSizeOfBuffersAllocatedInBytes,1789049173189000000,1789049233214000000,212877312
FilePageCacheLockFree.totalPagesReclaimed,1789049173189000000,1789049233214000000,0
FilePageCache.totalPageLoadsUs,1789049173189000000,1789049233214000000,0
StreamlinedBlobStorage.recordsAllocated,1789049173189000000,1789049233214000000,0
StreamlinedBlobStorage.totalLiveRecordsCapacityBytes,1789049173189000000,1789049233214000000,0
FilePageCacheLockFree.housekeeperTurnsSkipped,1789049173189000000,1789049233214000000,0
StreamlinedBlobStorage.totalLiveRecordsPayloadBytes,1789049173189000000,1789049233214000000,0
FilePageCacheLockFree.housekeeperTimeSpentMs,1789049173189000000,1789049233214000000,0
FilePageCacheLockFree.totalPagesHandedOver,1789049173189000000,1789049233214000000,0
MappedFileStorage.storages,1789049173189000000,1789049233214000000,10
FilePageCacheLockFree.totalPagesReadMs,1789049173189000000,1789049233214000000,0
FilePageCacheLockFree.totalBytesRead,1789049173189000000,1789049233214000000,0
FilePageCacheLockFree.nativeBytesInUse,1789049173189000000,1789049233214000000,0
FilePageCache.maxRegisteredFiles,1789049173189000000,1789049233214000000,555
DirectByteBufferAllocator.misses,1789049173189000000,1789049233214000000,0
MappedFileStorage.totalPagesMapped,1789049173189000000,1789049233214000000,10
MappedFileStorage.totalTimeSpentOnMappingUs,1789049173189000000,1789049233214000000,6814
FilePageCacheLockFree.totalNativeBytesReclaimed,1789049173189000000,1789049233214000000,0
FilePageCache.capacityInBytes,1789049173189000000,1789049233214000000,503316478
FilePageCache.pageLoads,1789049173189000000,1789049233214000000,0
FilePageCacheLockFree.heapBytesInUse,1789049173189000000,1789049233214000000,0
FilePageCacheLockFree.totalPagesRequestsMs,1789049173189000000,1789049233214000000,0
StreamlinedBlobStorage.recordsRelocated,1789049173189000000,1789049233214000000,0
DirectByteBufferAllocator.hits,1789049173189000000,1789049233214000000,0
FileChannelInterruptsRetryer.totalRetriedAttempts,1789049173189000000,1789049233214000000,0
DirectByteBufferAllocator.disposed,1789049173189000000,1789049233214000000,0
FilePageCache.totalPageDisposalsUs,1789049173189000000,1789049233214000000,0
FilePageCacheLockFree.totalPagesRequested,1789049173189000000,1789049233214000000,0
FilePageCacheLockFree.totalBytesWritten,1789049173189000000,1789049233214000000,0
MappedFileStorage.totalBytesMapped,1789049173189000000,1789049233214000000,177471488
FilePageCache.uncachedFileAccess,1789049173189000000,1789049233214000000,0
FilePageCacheLockFree.housekeeperTurnsDone,1789049173189000000,1789049233214000000,0
FilePageCacheLockFree.totalHeapBytesReclaimed,1789049173189000000,1789049233214000000,0
FilePageCache.pageHits,1789049173189000000,1789049233214000000,0
FilePageCacheLockFree.totalPagesWritten,1789049173189000000,1789049233214000000,0
FilePageCacheLockFree.totalHeapBytesAllocated,1789049173189000000,1789049233214000000,0
FilePageCache.disposedBuffers,1789049173189000000,1789049233214000000,0
compiler.ArtifactManagerBridge.addArtifact.ms,1789049173189000000,1789049233214000000,0
compiler.ArtifactManagerBridge.initBridges.ms,1789049173189000000,1789049233214000000,0
compiler.ArtifactManagerBridge.findArtifact.ms,1789049173189000000,1789049233214000000,0
compiler.ArtifactManagerBridge.getArtifactsByType.ms,1789049173189000000,1789049233214000000,0
compiler.ArtifactManagerBridge.dropMappings.ms,1789049173189000000,1789049233214000000,0
compiler.ArtifactVirtualFileListener.propertyChanged.ms,1789049173189000000,1789049233214000000,0
compiler.ArtifactVirtualFileListener.filePathChanged.ms,1789049173189000000,1789049233214000000,0
compiler.ArtifactManagerBridge.commit.ms,1789049173189000000,1789049233214000000,0
compiler.ArtifactManagerBridge.getArtifacts.ms,1789049173189000000,1789049233214000000,0
workspaceModel.workspaceFileIndexData.getFileInfo.ms,1789049173189000000,1789049233214000000,0
workspaceModel.init.bridges.ms,1789049173189000000,1789049233214000000,0
workspaceModel.workspaceFileIndexData.init.ms,1789049173189000000,1789049233214000000,0
workspaceModel.updates.count,1789049173189000000,1789049233214000000,0
workspaceModel.collect.changes.ms,1789049173189000000,1789049233214000000,0
workspaceModel.workspaceFileIndexData.instances.count,1789049173189000000,1789049233214000000,0
workspaceModel.loading.from.cache.ms,1789049173189000000,1789049233214000000,0
workspaceModel.workspaceFileIndexData.processFileSets.ms,1789049173189000000,1789049233214000000,0
workspaceModel.workspaceFileIndexData.onEntitiesChanged.ms,1789049173189000000,1789049233214000000,0
workspaceModel.cachedValue.clear.ms,1789049173189000000,1789049233214000000,0
workspaceModel.cachedValueWithParameters.calculated.ms,1789049173189000000,1789049233214000000,0
workspaceModel.check.recursive.update.ms,1789049173189000000,1789049233214000000,0
workspaceModel.cachedValue.calculated.ms,1789049173189000000,1789049233214000000,0
workspaceModel.workspaceFileIndexData.getDirectoriesByPackageName.ms,1789049173189000000,1789049233214000000,0
workspaceModel.cachedValue.from.cache.ms,1789049173189000000,1789049233214000000,0
workspaceModel.cachedValue.total.get.ms,1789049173189000000,1789049233214000000,0
workspaceModel.full.replace.project.model.ms,1789049173189000000,1789049233214000000,0
workspaceModel.workspaceFileIndexData.markDirty.ms,1789049173189000000,1789049233214000000,0
workspaceModel.workspaceFileIndexContributor.registerFileSets.ms,1789049173189000000,1789049233214000000,0
workspaceModel.update.unloaded.entities.ms,1789049173189000000,1789049233214000000,0
workspaceModel.entityStorageSnapshotImpl.instances.count,1789049173189000000,1789049233214000000,0
workspaceModel.cachedValueWithParameters.from.cache.ms,1789049173189000000,1789049233214000000,0
workspaceModel.updates.precise.ms,1789049173189000000,1789049233214000000,0
workspaceModel.pre.handlers.ms,1789049173189000000,1789049233214000000,0
workspaceModel.workspaceFileIndexData.updateDirtyEntities.ms,1789049173189000000,1789049233214000000,0
workspaceModel.cachedValueWithParameters.clear.ms,1789049173189000000,1789049233214000000,0
workspaceModel.updates.ms,1789049173189000000,1789049233214000000,0
workspaceModel.initializing.ms,1789049173189000000,1789049233214000000,0
workspaceModel.replace.project.model.ms,1789049173189000000,1789049233214000000,0
workspaceModel.workspaceFileIndexData.visitFileSets.ms,1789049173189000000,1789049233214000000,0
workspaceModel.loading.total.ms,1789049173189000000,1789049233214000000,0
workspaceModel.cachedValueWithParameters.total.get.ms,1789049173189000000,1789049233214000000,0
workspaceModel.workspaceFileIndexData.getPackageName.ms,1789049173189000000,1789049233214000000,0
workspaceModel.to.snapshot.ms,1789049173189000000,1789049233214000000,0
cacheStateStorage.get.duration,1789049173189000000,1789049233214000000,0
cacheStateStorage.get.counter,1789049173189000000,1789049233214000000,0
cacheStateStorage.set.duration,1789049173189000000,1789049233214000000,0
cacheStateStorage.set.counter,1789049173189000000,1789049233214000000,0
NonBlockingReadAction.finalizedExecutionsCount,1789049173189000000,1789049233214000000,0
AWTEventQueue.dispatchTime90PNs,1789049173189000000,1789049233214000000,190463
FlushQueue.queueSizeAvg,1789049173189000000,1789049233214000000,0.0
FlushQueue.waitingTime90PNs,1789049173189000000,1789049233214000000,232447
AWTEventQueue.dispatchTimeTotalNS,1789049173189000000,1789049233214000000,368107800
AWTEventQueue.dispatchTimeAvgNs,1789049173189000000,1789049233214000000,102281.49597110308
AWTEventQueue.dispatchTimeMaxNs,1789049173189000000,1789049233214000000,5308415
FlushQueue.executionTime90PNs,1789049173189000000,1789049233214000000,56319
ReadAction.executionsCount,1789049173189000000,1789049233214000000,0
NonBlockingReadAction.finalizedExecutionTimeUs,1789049173189000000,1789049233214000000,0
FlushQueue.executionTimeAvgNs,1789049173189000000,1789049233214000000,28903.402489626555
FlushQueue.queueSizeMax,1789049173189000000,1789049233214000000,0
NonBlockingReadAction.failedExecutionTimeUs,1789049173189000000,1789049233214000000,0
NonBlockingReadAction.failedExecutionsCount,1789049173189000000,1789049233214000000,0
AWTEventQueue.eventsDispatched,1789049173189000000,1789049233214000000,3599
FlushQueue.executionTimeMaxNs,1789049173189000000,1789049233214000000,491519
FlushQueue.queueSize90P,1789049173189000000,1789049233214000000,0
FlushQueue.waitingTimeMaxNs,1789049173189000000,1789049233214000000,704511
FlushQueue.tasksExecuted,1789049173189000000,1789049233214000000,241
WriteAction.executionsCount,1789049173189000000,1789049233214000000,0
FlushQueue.waitingTimeAvgNs,1789049173189000000,1789049233214000000,162796.34854771785
JVM.GC.collections,1789049173189000000,1789049233214000000,0
JVM.totalDirectByteBuffersBytes,1789049173189000000,1789049233214000000,214422425
JVM.threadCount,1789049173189000000,1789049233214000000,58
JVM.totalCpuTimeMs,1789049173189000000,1789049233214000000,2929
OS.loadAverage,1789049173189000000,1789049233214000000,3.162109375
JVM.usedNativeBytes,1789049173189000000,1789049233214000000,350621408
JVM.maxThreadCount,1789049173189000000,1789049233214000000,134
JVM.usedHeapBytes,1789049173189000000,1789049233214000000,244108976
JVM.maxHeapBytes,1789049173189000000,1789049233214000000,2147483648
JVM.GC.collectionTimesMs,1789049173189000000,1789049233214000000,0
JVM.totalBytesAllocated,1789049173189000000,1789049233214000000,36948280
JVM.newThreadsCount,1789049173189000000,1789049233214000000,0
jps.library.entities.serializer.save.entities.ms,1789049173189000000,1789049233214000000,0
workspaceModel.moduleBridgeLoader.loading.modules.ms,1789049173189000000,1789049233214000000,0
workspaceModel.mutableEntityStorage.put.entity.ms,1789049173189000000,1789049233214000000,0
jps.library.entities.serializer.load.entities.ms,1789049173189000000,1789049233214000000,0
jps.app.storage.content.reader.load.component.ms,1789049173189000000,1789049233214000000,0
jps.storage.jps.conf.reader.load.component.ms,1789049173189000000,1789049233214000000,0
jps.module.iml.entities.serializer.load.entities.ms,1789049173189000000,1789049233214000000,0
workspaceModel.orphan.listener.update.ms,1789049173189000000,1789049233214000000,0
workspaceModel.mutableEntityStorage.instances.count,1789049173189000000,1789049233214000000,0
jps.artifact.entities.serializer.load.entities.ms,1789049173189000000,1789049233214000000,0
workspaceModel.mutableEntityStorage.has.same.entities.ms,1789049173189000000,1789049233214000000,0
workspaceModel.mutableEntityStorage.resolve.ms,1789049173189000000,1789049233214000000,0
workspaceModel.moduleManagerBridge.newModule.ms,1789049173189000000,1789049233214000000,0
jps.global.initialize.library.bridges.ms,1789049173189000000,1789049233214000000,0
workspaceModel.mutableEntityStorage.remove.entity.ms,1789049173189000000,1789049233214000000,0
jps.facet.change.listener.before.change.events.ms,1789049173189000000,1789049233214000000,0
workspaceModel.mutableEntityStorage.add.entity.ms,1789049173189000000,1789049233214000000,0
workspaceModel.moduleManagerBridge.set.unloadedModules.ms,1789049173189000000,1789049233214000000,0
workspaceModel.moduleManagerBridge.load.all.modules.ms,1789049173189000000,1789049233214000000,0
workspaceModel.mutableEntityStorage.collect.changes.ms,1789049173189000000,1789049233214000000,0
workspaceModel.moduleBridge.update.option.ms,1789049173189000000,1789049233214000000,0
workspaceModel.global.apply.state.to.project.builder.ms,1789049173189000000,1789049233214000000,0
workspaceModel.global.updates.ms,1789049173189000000,1789049233214000000,0
workspaceModel.delayed.project.synchronizer.sync.ms,1789049173189000000,1789049233214000000,0
workspaceModel.mutableEntityStorage.entities.by.source.ms,1789049173189000000,1789049233214000000,0
jps.apply.loaded.storage.ms,1789049173189000000,1789049233214000000,0
jps.global.get.library.by.name.ms,1789049173189000000,1789049233214000000,0
jps.load.initial.state.ms,1789049173189000000,1789049233214000000,0
workspaceModel.moduleManagerBridge.load.module.ms,1789049173189000000,1789049233214000000,0
workspaceModel.mutableEntityStorage.to.snapshot.ms,1789049173189000000,1789049233214000000,0
jps.facet.change.listener.init.bridge.ms,1789049173189000000,1789049233214000000,0
workspaceModel.moduleManagerBridge.build.module.graph.ms,1789049173189000000,1789049233214000000,0
workspaceModel.load.cache.metadata.from.file.ms,1789049173189000000,1789049233214000000,0
jps.load.project.to.empty.storage.ms,1789049173189000000,1789049233214000000,0
workspaceModel.mutableEntityStorage.mutable.vfurl.index.ms,1789049173189000000,1789049233214000000,0
workspaceModel.moduleBridge.facet.initialization.ms,1789049173189000000,1789049233214000000,0
jps.facet.change.listener.process.change.events.ms,1789049173189000000,1789049233214000000,0
workspaceModel.moduleManagerBridge.get.modules.ms,1789049173189000000,1789049233214000000,0
jps.reload.project.entities.ms,1789049173189000000,1789049233214000000,0
workspaceModel.moduleBridge.before.changed.ms,1789049173189000000,1789049233214000000,0
workspaceModel.mutableEntityStorage.mutable.ext.mapping.ms,1789049173189000000,1789049233214000000,0
jps.global.handle.changed.events.ms,1789049173189000000,1789049233214000000,0
workspaceModel.mutableEntityStorage.referrers.ms,1789049173189000000,1789049233214000000,0
workspaceModel.mutableEntityStorage.modify.entity.ms,1789049173189000000,1789049233214000000,0
jps.artifact.entities.serializer.save.entities.ms,1789049173189000000,1789049233214000000,0
jps.global.get.library.ms,1789049173189000000,1789049233214000000,0
workspaceModel.load.cache.from.file.ms,1789049173189000000,1789049233214000000,0
workspaceModel.moduleManagerBridge.new.nonPersistent.module.ms,1789049173189000000,1789049233214000000,0
workspaceModel.global.updates.count,1789049173189000000,1789049233214000000,0
workspaceModel.mutableEntityStorage.replace.by.source.ms,1789049173189000000,1789049233214000000,0
workspaceModel.save.cache.to.file.ms,1789049173189000000,1789049233214000000,0
workspaceModel.do.save.caches.ms,1789049173189000000,1789049233214000000,0
workspaceModel.mutableEntityStorage.entities.ms,1789049173189000000,1789049233214000000,0
jps.project.serializers.load.ms,1789049173189000000,1789049233214000000,0
jps.app.storage.content.writer.save.component.ms,1789049173189000000,1789049233214000000,0
workspaceModel.mutableEntityStorage.apply.changes.from.ms,1789049173189000000,1789049233214000000,0
jps.global.handle.before.change.events.ms,1789049173189000000,1789049233214000000,0
jps.global.initialize.library.bridges.after.loading.ms,1789049173189000000,1789049233214000000,0
jps.project.serializers.save.ms,1789049173189000000,1789049233214000000,0
workspaceModel.sync.entities.ms,1789049173189000000,1789049233214000000,0
workspaceModel.moduleManagerBridge.create.module.instance.ms,1789049173189000000,1789049233214000000,0
workspaceModel.global.apply.state.to.project.ms,1789049173189000000,1789049233214000000,0
jps.global.get.libraries.ms,1789049173189000000,1789049233214000000,0
jps.save.global.entities.ms,1789049173189000000,1789049233214000000,0
jps.save.changed.project.entities.ms,1789049173189000000,1789049233214000000,0
jps.module.iml.entities.serializer.save.entities.ms,1789049173189000000,1789049233214000000,0
VFS.fileByIdCache.misses,1789049173189000000,1789049233214000000,0
VFS.invertedFileNameIndex.requests,1789049173189000000,1789049233214000000,0
VFS.fileByIdCache.hits,1789049173189000000,1789049233214000000,0
FileNameCache.totalMisses,1789049173189000000,1789049233214000000,0
VFS.fileChildByName,1789049173189000000,1789049233214000000,0
FileNameCache.queries,1789049173189000000,1789049233214000000,0
writeAction.count,1789049233214000000,1789049293214000000,0
writeAction.wait.ms,1789049233214000000,1789049293214000000,0
writeAction.median.wait.ms,1789049233214000000,1789049293214000000,0
writeAction.max.wait.ms,1789049233214000000,1789049293214000000,2
Indexes.allKeys.lookups,1789049233214000000,1789049293214000000,0.0
Indexes.stubs.lookupDurationMaxMs,1789049233214000000,1789049293214000000,0.0
IndexesFlusher.totalFlushesRetried,1789049233214000000,1789049293214000000,0
Indexes.entries.lookups,1789049233214000000,1789049293214000000,0.0
Indexes.allKeys.lookupDuration90PMs,1789049233214000000,1789049293214000000,0.0
Indexes.stubs.lookupDurationAvgMs,1789049233214000000,1789049293214000000,0.0
Indexes.stubs.lookups,1789049233214000000,1789049293214000000,0.0
Indexes.entries.lookupDuration90PMs,1789049233214000000,1789049293214000000,0.0
IndexesFlusher.totalContentionQuotaSpent,1789049233214000000,1789049293214000000,0
IndexesFlusher.totalFlushes,1789049233214000000,1789049293214000000,59
Indexes.entries.lookupDurationMaxMs,1789049233214000000,1789049293214000000,0.0
IndexesFlusher.totalFlushingTimeUs,1789049233214000000,1789049293214000000,219463
Indexes.allKeys.lookupDurationMaxMs,1789049233214000000,1789049293214000000,0.0
Indexes.entries.lookupDurationAvgMs,1789049233214000000,1789049293214000000,0.0
Indexes.stubs.lookupDuration90PMs,1789049233214000000,1789049293214000000,0.0
Indexes.allKeys.lookupDurationAvgMs,1789049233214000000,1789049293214000000,0.0
FilePageCacheLockFree.totalPageAllocationsWaited,1789049233214000000,1789049293214000000,0
FilePageCacheLockFree.totalNativeBytesAllocated,1789049233214000000,1789049293214000000,0
FilePageCacheLockFree.totalPagesWriteMs,1789049233214000000,1789049293214000000,0
FilePageCacheLockFree.totalBytesRequested,1789049233214000000,1789049293214000000,0
FilePageCache.pageLoadsAboveSizeThreshold,1789049233214000000,1789049293214000000,0
StorageLockContext.competingThreads.max,1789049233214000000,1789049293214000000,0
StorageLockContext.competingThreads.90P,1789049233214000000,1789049293214000000,0
FilePageCache.maxCacheSizeInBytes,1789049233214000000,1789049293214000000,212877312
DirectByteBufferAllocator.totalSizeOfBuffersCachedInBytes,1789049233214000000,1789049293214000000,0
StorageLockContext.competingThreads.avg,1789049233214000000,1789049293214000000,0.0
DirectByteBufferAllocator.reclaimed,1789049233214000000,1789049293214000000,0
FilePageCacheLockFree.totalClosedStoragesReclaimed,1789049233214000000,1789049293214000000,0
FilePageCache.pageFastCacheHits,1789049233214000000,1789049293214000000,0
StreamlinedBlobStorage.recordsDeleted,1789049233214000000,1789049293214000000,0
FilePageCacheLockFree.totalPagesAllocated,1789049233214000000,1789049293214000000,0
DirectByteBufferAllocator.totalSizeOfBuffersAllocatedInBytes,1789049233214000000,1789049293214000000,212877312
FilePageCacheLockFree.totalPagesReclaimed,1789049233214000000,1789049293214000000,0
FilePageCache.totalPageLoadsUs,1789049233214000000,1789049293214000000,0
StreamlinedBlobStorage.recordsAllocated,1789049233214000000,1789049293214000000,0
StreamlinedBlobStorage.totalLiveRecordsCapacityBytes,1789049233214000000,1789049293214000000,0
FilePageCacheLockFree.housekeeperTurnsSkipped,1789049233214000000,1789049293214000000,0
StreamlinedBlobStorage.totalLiveRecordsPayloadBytes,1789049233214000000,1789049293214000000,0
FilePageCacheLockFree.housekeeperTimeSpentMs,1789049233214000000,1789049293214000000,0
FilePageCacheLockFree.totalPagesHandedOver,1789049233214000000,1789049293214000000,0
MappedFileStorage.storages,1789049233214000000,1789049293214000000,10
FilePageCacheLockFree.totalPagesReadMs,1789049233214000000,1789049293214000000,0
FilePageCacheLockFree.totalBytesRead,1789049233214000000,1789049293214000000,0
FilePageCacheLockFree.nativeBytesInUse,1789049233214000000,1789049293214000000,0
FilePageCache.maxRegisteredFiles,1789049233214000000,1789049293214000000,555
DirectByteBufferAllocator.misses,1789049233214000000,1789049293214000000,0
MappedFileStorage.totalPagesMapped,1789049233214000000,1789049293214000000,10
MappedFileStorage.totalTimeSpentOnMappingUs,1789049233214000000,1789049293214000000,6814
FilePageCacheLockFree.totalNativeBytesReclaimed,1789049233214000000,1789049293214000000,0
FilePageCache.capacityInBytes,1789049233214000000,1789049293214000000,503316478
FilePageCache.pageLoads,1789049233214000000,1789049293214000000,0
FilePageCacheLockFree.heapBytesInUse,1789049233214000000,1789049293214000000,0
FilePageCacheLockFree.totalPagesRequestsMs,1789049233214000000,1789049293214000000,0
StreamlinedBlobStorage.recordsRelocated,1789049233214000000,1789049293214000000,0
DirectByteBufferAllocator.hits,1789049233214000000,1789049293214000000,0
FileChannelInterruptsRetryer.totalRetriedAttempts,1789049233214000000,1789049293214000000,0
DirectByteBufferAllocator.disposed,1789049233214000000,1789049293214000000,0
FilePageCache.totalPageDisposalsUs,1789049233214000000,1789049293214000000,0
FilePageCacheLockFree.totalPagesRequested,1789049233214000000,1789049293214000000,0
FilePageCacheLockFree.totalBytesWritten,1789049233214000000,1789049293214000000,0
MappedFileStorage.totalBytesMapped,1789049233214000000,1789049293214000000,177471488
FilePageCache.uncachedFileAccess,1789049233214000000,1789049293214000000,0
FilePageCacheLockFree.housekeeperTurnsDone,1789049233214000000,1789049293214000000,0
FilePageCacheLockFree.totalHeapBytesReclaimed,1789049233214000000,1789049293214000000,0
FilePageCache.pageHits,1789049233214000000,1789049293214000000,0
FilePageCacheLockFree.totalPagesWritten,1789049233214000000,1789049293214000000,0
FilePageCacheLockFree.totalHeapBytesAllocated,1789049233214000000,1789049293214000000,0
FilePageCache.disposedBuffers,1789049233214000000,1789049293214000000,0
compiler.ArtifactManagerBridge.addArtifact.ms,1789049233214000000,1789049293214000000,0
compiler.ArtifactManagerBridge.initBridges.ms,1789049233214000000,1789049293214000000,0
compiler.ArtifactManagerBridge.findArtifact.ms,1789049233214000000,1789049293214000000,0
compiler.ArtifactManagerBridge.getArtifactsByType.ms,1789049233214000000,1789049293214000000,0
compiler.ArtifactManagerBridge.dropMappings.ms,1789049233214000000,1789049293214000000,0
compiler.ArtifactVirtualFileListener.propertyChanged.ms,1789049233214000000,1789049293214000000,0
compiler.ArtifactVirtualFileListener.filePathChanged.ms,1789049233214000000,1789049293214000000,0
compiler.ArtifactManagerBridge.commit.ms,1789049233214000000,1789049293214000000,0
compiler.ArtifactManagerBridge.getArtifacts.ms,1789049233214000000,1789049293214000000,0
workspaceModel.workspaceFileIndexData.getFileInfo.ms,1789049233214000000,1789049293214000000,0
workspaceModel.init.bridges.ms,1789049233214000000,1789049293214000000,0
workspaceModel.workspaceFileIndexData.init.ms,1789049233214000000,1789049293214000000,0
workspaceModel.updates.count,1789049233214000000,1789049293214000000,0
workspaceModel.collect.changes.ms,1789049233214000000,1789049293214000000,0
workspaceModel.workspaceFileIndexData.instances.count,1789049233214000000,1789049293214000000,0
workspaceModel.loading.from.cache.ms,1789049233214000000,1789049293214000000,0
workspaceModel.workspaceFileIndexData.processFileSets.ms,1789049233214000000,1789049293214000000,0
workspaceModel.workspaceFileIndexData.onEntitiesChanged.ms,1789049233214000000,1789049293214000000,0
workspaceModel.cachedValue.clear.ms,1789049233214000000,1789049293214000000,0
workspaceModel.cachedValueWithParameters.calculated.ms,1789049233214000000,1789049293214000000,0
workspaceModel.check.recursive.update.ms,1789049233214000000,1789049293214000000,0
workspaceModel.cachedValue.calculated.ms,1789049233214000000,1789049293214000000,0
workspaceModel.workspaceFileIndexData.getDirectoriesByPackageName.ms,1789049233214000000,1789049293214000000,0
workspaceModel.cachedValue.from.cache.ms,1789049233214000000,1789049293214000000,0
workspaceModel.cachedValue.total.get.ms,1789049233214000000,1789049293214000000,0
workspaceModel.full.replace.project.model.ms,1789049233214000000,1789049293214000000,0
workspaceModel.workspaceFileIndexData.markDirty.ms,1789049233214000000,1789049293214000000,0
workspaceModel.workspaceFileIndexContributor.registerFileSets.ms,1789049233214000000,1789049293214000000,0
workspaceModel.update.unloaded.entities.ms,1789049233214000000,1789049293214000000,0
workspaceModel.entityStorageSnapshotImpl.instances.count,1789049233214000000,1789049293214000000,0
workspaceModel.cachedValueWithParameters.from.cache.ms,1789049233214000000,1789049293214000000,0
workspaceModel.updates.precise.ms,1789049233214000000,1789049293214000000,0
workspaceModel.pre.handlers.ms,1789049233214000000,1789049293214000000,0
workspaceModel.workspaceFileIndexData.updateDirtyEntities.ms,1789049233214000000,1789049293214000000,0
workspaceModel.cachedValueWithParameters.clear.ms,1789049233214000000,1789049293214000000,0
workspaceModel.updates.ms,1789049233214000000,1789049293214000000,0
workspaceModel.initializing.ms,1789049233214000000,1789049293214000000,0
workspaceModel.replace.project.model.ms,1789049233214000000,1789049293214000000,0
workspaceModel.workspaceFileIndexData.visitFileSets.ms,1789049233214000000,1789049293214000000,0
workspaceModel.loading.total.ms,1789049233214000000,1789049293214000000,0
workspaceModel.cachedValueWithParameters.total.get.ms,1789049233214000000,1789049293214000000,0
workspaceModel.workspaceFileIndexData.getPackageName.ms,1789049233214000000,1789049293214000000,0
workspaceModel.to.snapshot.ms,1789049233214000000,1789049293214000000,0
cacheStateStorage.get.duration,1789049233214000000,1789049293214000000,0
cacheStateStorage.get.counter,1789049233214000000,1789049293214000000,0
cacheStateStorage.set.duration,1789049233214000000,1789049293214000000,0
cacheStateStorage.set.counter,1789049233214000000,1789049293214000000,0
NonBlockingReadAction.finalizedExecutionsCount,1789049233214000000,1789049293214000000,0
AWTEventQueue.dispatchTime90PNs,1789049233214000000,1789049293214000000,192511
FlushQueue.queueSizeAvg,1789049233214000000,1789049293214000000,0.0
FlushQueue.waitingTime90PNs,1789049233214000000,1789049293214000000,246783
AWTEventQueue.dispatchTimeTotalNS,1789049233214000000,1789049293214000000,376150139
AWTEventQueue.dispatchTimeAvgNs,1789049233214000000,1789049293214000000,104997.43008651967
AWTEventQueue.dispatchTimeMaxNs,1789049233214000000,1789049293214000000,9175039
FlushQueue.executionTime90PNs,1789049233214000000,1789049293214000000,54527
ReadAction.executionsCount,1789049233214000000,1789049293214000000,0
NonBlockingReadAction.finalizedExecutionTimeUs,1789049233214000000,1789049293214000000,0
FlushQueue.executionTimeAvgNs,1789049233214000000,1789049293214000000,27282.166666666668
FlushQueue.queueSizeMax,1789049233214000000,1789049293214000000,0
NonBlockingReadAction.failedExecutionTimeUs,1789049233214000000,1789049293214000000,0
NonBlockingReadAction.failedExecutionsCount,1789049233214000000,1789049293214000000,0
AWTEventQueue.eventsDispatched,1789049233214000000,1789049293214000000,3583
FlushQueue.executionTimeMaxNs,1789049233214000000,1789049293214000000,651263
FlushQueue.queueSize90P,1789049233214000000,1789049293214000000,0
FlushQueue.waitingTimeMaxNs,1789049233214000000,1789049293214000000,4227071
FlushQueue.tasksExecuted,1789049233214000000,1789049293214000000,240
WriteAction.executionsCount,1789049233214000000,1789049293214000000,0
FlushQueue.waitingTimeAvgNs,1789049233214000000,1789049293214000000,180019.2
JVM.GC.collections,1789049233214000000,1789049293214000000,0
JVM.totalDirectByteBuffersBytes,1789049233214000000,1789049293214000000,214414233
JVM.threadCount,1789049233214000000,1789049293214000000,57
JVM.totalCpuTimeMs,1789049233214000000,1789049293214000000,2647
OS.loadAverage,1789049233214000000,1789049293214000000,2.7001953125
JVM.usedNativeBytes,1789049233214000000,1789049293214000000,350755240
JVM.maxThreadCount,1789049233214000000,1789049293214000000,134
JVM.usedHeapBytes,1789049233214000000,1789049293214000000,280809136
JVM.maxHeapBytes,1789049233214000000,1789049293214000000,2147483648
JVM.GC.collectionTimesMs,1789049233214000000,1789049293214000000,0
JVM.totalBytesAllocated,1789049233214000000,1789049293214000000,36864968
JVM.newThreadsCount,1789049233214000000,1789049293214000000,0
jps.library.entities.serializer.save.entities.ms,1789049233214000000,1789049293214000000,0
workspaceModel.moduleBridgeLoader.loading.modules.ms,1789049233214000000,1789049293214000000,0
workspaceModel.mutableEntityStorage.put.entity.ms,1789049233214000000,1789049293214000000,0
jps.library.entities.serializer.load.entities.ms,1789049233214000000,1789049293214000000,0
jps.app.storage.content.reader.load.component.ms,1789049233214000000,1789049293214000000,0
jps.storage.jps.conf.reader.load.component.ms,1789049233214000000,1789049293214000000,0
jps.module.iml.entities.serializer.load.entities.ms,1789049233214000000,1789049293214000000,0
workspaceModel.orphan.listener.update.ms,1789049233214000000,1789049293214000000,0
workspaceModel.mutableEntityStorage.instances.count,1789049233214000000,1789049293214000000,0
jps.artifact.entities.serializer.load.entities.ms,1789049233214000000,1789049293214000000,0
workspaceModel.mutableEntityStorage.has.same.entities.ms,1789049233214000000,1789049293214000000,0
workspaceModel.mutableEntityStorage.resolve.ms,1789049233214000000,1789049293214000000,0
workspaceModel.moduleManagerBridge.newModule.ms,1789049233214000000,1789049293214000000,0
jps.global.initialize.library.bridges.ms,1789049233214000000,1789049293214000000,0
workspaceModel.mutableEntityStorage.remove.entity.ms,1789049233214000000,1789049293214000000,0
jps.facet.change.listener.before.change.events.ms,1789049233214000000,1789049293214000000,0
workspaceModel.mutableEntityStorage.add.entity.ms,1789049233214000000,1789049293214000000,0
workspaceModel.moduleManagerBridge.set.unloadedModules.ms,1789049233214000000,1789049293214000000,0
workspaceModel.moduleManagerBridge.load.all.modules.ms,1789049233214000000,1789049293214000000,0
workspaceModel.mutableEntityStorage.collect.changes.ms,1789049233214000000,1789049293214000000,0
workspaceModel.moduleBridge.update.option.ms,1789049233214000000,1789049293214000000,0
workspaceModel.global.apply.state.to.project.builder.ms,1789049233214000000,1789049293214000000,0
workspaceModel.global.updates.ms,1789049233214000000,1789049293214000000,0
workspaceModel.delayed.project.synchronizer.sync.ms,1789049233214000000,1789049293214000000,0
workspaceModel.mutableEntityStorage.entities.by.source.ms,1789049233214000000,1789049293214000000,0
jps.apply.loaded.storage.ms,1789049233214000000,1789049293214000000,0
jps.global.get.library.by.name.ms,1789049233214000000,1789049293214000000,0
jps.load.initial.state.ms,1789049233214000000,1789049293214000000,0
workspaceModel.moduleManagerBridge.load.module.ms,1789049233214000000,1789049293214000000,0
workspaceModel.mutableEntityStorage.to.snapshot.ms,1789049233214000000,1789049293214000000,0
jps.facet.change.listener.init.bridge.ms,1789049233214000000,1789049293214000000,0
workspaceModel.moduleManagerBridge.build.module.graph.ms,1789049233214000000,1789049293214000000,0
workspaceModel.load.cache.metadata.from.file.ms,1789049233214000000,1789049293214000000,0
jps.load.project.to.empty.storage.ms,1789049233214000000,1789049293214000000,0
workspaceModel.mutableEntityStorage.mutable.vfurl.index.ms,1789049233214000000,1789049293214000000,0
workspaceModel.moduleBridge.facet.initialization.ms,1789049233214000000,1789049293214000000,0
jps.facet.change.listener.process.change.events.ms,1789049233214000000,1789049293214000000,0
workspaceModel.moduleManagerBridge.get.modules.ms,1789049233214000000,1789049293214000000,0
jps.reload.project.entities.ms,1789049233214000000,1789049293214000000,0
workspaceModel.moduleBridge.before.changed.ms,1789049233214000000,1789049293214000000,0
workspaceModel.mutableEntityStorage.mutable.ext.mapping.ms,1789049233214000000,1789049293214000000,0
jps.global.handle.changed.events.ms,1789049233214000000,1789049293214000000,0
workspaceModel.mutableEntityStorage.referrers.ms,1789049233214000000,1789049293214000000,0
workspaceModel.mutableEntityStorage.modify.entity.ms,1789049233214000000,1789049293214000000,0
jps.artifact.entities.serializer.save.entities.ms,1789049233214000000,1789049293214000000,0
jps.global.get.library.ms,1789049233214000000,1789049293214000000,0
workspaceModel.load.cache.from.file.ms,1789049233214000000,1789049293214000000,0
workspaceModel.moduleManagerBridge.new.nonPersistent.module.ms,1789049233214000000,1789049293214000000,0
workspaceModel.global.updates.count,1789049233214000000,1789049293214000000,0
workspaceModel.mutableEntityStorage.replace.by.source.ms,1789049233214000000,1789049293214000000,0
workspaceModel.save.cache.to.file.ms,1789049233214000000,1789049293214000000,0
workspaceModel.do.save.caches.ms,1789049233214000000,1789049293214000000,0
workspaceModel.mutableEntityStorage.entities.ms,1789049233214000000,1789049293214000000,0
jps.project.serializers.load.ms,1789049233214000000,1789049293214000000,0
jps.app.storage.content.writer.save.component.ms,1789049233214000000,1789049293214000000,0
workspaceModel.mutableEntityStorage.apply.changes.from.ms,1789049233214000000,1789049293214000000,0
jps.global.handle.before.change.events.ms,1789049233214000000,1789049293214000000,0
jps.global.initialize.library.bridges.after.loading.ms,1789049233214000000,1789049293214000000,0
jps.project.serializers.save.ms,1789049233214000000,1789049293214000000,0
workspaceModel.sync.entities.ms,1789049233214000000,1789049293214000000,0
workspaceModel.moduleManagerBridge.create.module.instance.ms,1789049233214000000,1789049293214000000,0
workspaceModel.global.apply.state.to.project.ms,1789049233214000000,1789049293214000000,0
jps.global.get.libraries.ms,1789049233214000000,1789049293214000000,0
jps.save.global.entities.ms,1789049233214000000,1789049293214000000,0
jps.save.changed.project.entities.ms,1789049233214000000,1789049293214000000,0
jps.module.iml.entities.serializer.save.entities.ms,1789049233214000000,1789049293214000000,0
VFS.fileByIdCache.misses,1789049233214000000,1789049293214000000,0
VFS.invertedFileNameIndex.requests,1789049233214000000,1789049293214000000,0
VFS.fileByIdCache.hits,1789049233214000000,1789049293214000000,0
FileNameCache.totalMisses,1789049233214000000,1789049293214000000,0
VFS.fileChildByName,1789049233214000000,1789049293214000000,0
FileNameCache.queries,1789049233214000000,1789049293214000000,0
