# OpenTelemetry Metrics report: .csv, 4 fields: 
# <metric name>, <period start, nanoseconds>, <period end, nanoseconds>, <metric value>
# See CsvMetricsExporter for details.
# 
# NAME, PERIOD_START_NANOS, PERIOD_END_NANOS, VALUE
AWTEventQueue.dispatchTimeTotalNS,1788965993110000000,1788966053152000000,4230655354
AWTEventQueue.dispatchTimeAvgNs,1788965993110000000,1788966053152000000,0.0
FlushQueue.waitingTimeMaxNs,1788965993110000000,1788966053152000000,0
NonBlockingReadAction.finalizedExecutionTimeUs,1788965993110000000,1788966053152000000,695154
FlushQueue.queueSizeAvg,1788965993110000000,1788966053152000000,0.0
NonBlockingReadAction.failedExecutionsCount,1788965993110000000,1788966053152000000,0
ReadAction.executionsCount,1788965993110000000,1788966053152000000,7399
FlushQueue.executionTimeMaxNs,1788965993110000000,1788966053152000000,0
FlushQueue.executionTimeAvgNs,1788965993110000000,1788966053152000000,0.0
FlushQueue.queueSizeMax,1788965993110000000,1788966053152000000,0
WriteAction.executionsCount,1788965993110000000,1788966053152000000,10
FlushQueue.tasksExecuted,1788965993110000000,1788966053152000000,0
FlushQueue.waitingTimeAvgNs,1788965993110000000,1788966053152000000,0.0
AWTEventQueue.dispatchTimeMaxNs,1788965993110000000,1788966053152000000,0
FlushQueue.executionTime90PNs,1788965993110000000,1788966053152000000,0
NonBlockingReadAction.failedExecutionTimeUs,1788965993110000000,1788966053152000000,0
AWTEventQueue.dispatchTime90PNs,1788965993110000000,1788966053152000000,0
FlushQueue.queueSize90P,1788965993110000000,1788966053152000000,0
FlushQueue.waitingTime90PNs,1788965993110000000,1788966053152000000,0
NonBlockingReadAction.finalizedExecutionsCount,1788965993110000000,1788966053152000000,29
AWTEventQueue.eventsDispatched,1788965993110000000,1788966053152000000,0
writeAction.wait.ms,1788965993110000000,1788966053152000000,18
writeAction.median.wait.ms,1788965993110000000,1788966053152000000,0
writeAction.max.wait.ms,1788965993110000000,1788966053152000000,11
writeAction.count,1788965993110000000,1788966053152000000,10
JVM.newThreadsCount,1788965993110000000,1788966053152000000,200
JVM.maxThreadCount,1788965993110000000,1788966053152000000,186
JVM.totalCpuTimeMs,1788965993110000000,1788966053152000000,36439
OS.loadAverage,1788965993110000000,1788966053152000000,3.21142578125
JVM.GC.collectionTimesMs,1788965993110000000,1788966053152000000,129
JVM.maxHeapBytes,1788965993110000000,1788966053152000000,2147483648
JVM.GC.collections,1788965993110000000,1788966053152000000,20
JVM.threadCount,1788965993110000000,1788966053152000000,184
JVM.totalBytesAllocated,1788965993110000000,1788966053152000000,974612296
JVM.totalDirectByteBuffersBytes,1788965993110000000,1788966053152000000,237202520
JVM.usedHeapBytes,1788965993110000000,1788966053152000000,246564864
JVM.usedNativeBytes,1788965993110000000,1788966053152000000,265933952
cacheStateStorage.set.counter,1788965993110000000,1788966053152000000,3
cacheStateStorage.set.duration,1788965993110000000,1788966053152000000,10
cacheStateStorage.get.counter,1788965993110000000,1788966053152000000,24
cacheStateStorage.get.duration,1788965993110000000,1788966053152000000,225
VFS.fileByIdCache.misses,1788965993110000000,1788966053152000000,22
FileNameCache.queries,1788965993110000000,1788966053152000000,14528
VFS.fileChildByName,1788965993110000000,1788966053152000000,870
FileNameCache.totalMisses,1788965993110000000,1788966053152000000,1152
VFS.invertedFileNameIndex.requests,1788965993110000000,1788966053152000000,0
VFS.fileByIdCache.hits,1788965993110000000,1788966053152000000,0
workspaceModel.loading.from.cache.ms,1788965993110000000,1788966053152000000,163
workspaceModel.check.recursive.update.ms,1788965993110000000,1788966053152000000,0
workspaceModel.cachedValue.from.cache.ms,1788965993110000000,1788966053152000000,0
workspaceModel.cachedValue.clear.ms,1788965993110000000,1788966053152000000,0
workspaceModel.workspaceFileIndexData.getPackageName.ms,1788965993110000000,1788966053152000000,0
workspaceModel.replace.project.model.ms,1788965993110000000,1788966053152000000,0
workspaceModel.initializing.ms,1788965993110000000,1788966053152000000,1
workspaceModel.updates.count,1788965993110000000,1788966053152000000,2
workspaceModel.cachedValueWithParameters.clear.ms,1788965993110000000,1788966053152000000,0
workspaceModel.cachedValueWithParameters.calculated.ms,1788965993110000000,1788966053152000000,0
workspaceModel.workspaceFileIndexData.init.ms,1788965993110000000,1788966053152000000,41
workspaceModel.workspaceFileIndexData.instances.count,1788965993110000000,1788966053152000000,1
workspaceModel.pre.handlers.ms,1788965993110000000,1788966053152000000,0
workspaceModel.collect.changes.ms,1788965993110000000,1788966053152000000,0
workspaceModel.cachedValue.total.get.ms,1788965993110000000,1788966053152000000,14
workspaceModel.entityStorageSnapshotImpl.instances.count,1788965993110000000,1788966053152000000,14
workspaceModel.init.bridges.ms,1788965993110000000,1788966053152000000,1
workspaceModel.workspaceFileIndexData.processFileSets.ms,1788965993110000000,1788966053152000000,0
workspaceModel.workspaceFileIndexData.visitFileSets.ms,1788965993110000000,1788966053152000000,0
workspaceModel.workspaceFileIndexData.markDirty.ms,1788965993110000000,1788966053152000000,0
workspaceModel.to.snapshot.ms,1788965993110000000,1788966053152000000,1
workspaceModel.workspaceFileIndexData.getDirectoriesByPackageName.ms,1788965993110000000,1788966053152000000,3
workspaceModel.updates.ms,1788965993110000000,1788966053152000000,44
workspaceModel.loading.total.ms,1788965993110000000,1788966053152000000,173
workspaceModel.cachedValue.calculated.ms,1788965993110000000,1788966053152000000,14
workspaceModel.cachedValueWithParameters.from.cache.ms,1788965993110000000,1788966053152000000,0
workspaceModel.workspaceFileIndexData.updateDirtyEntities.ms,1788965993110000000,1788966053152000000,0
workspaceModel.cachedValueWithParameters.total.get.ms,1788965993110000000,1788966053152000000,0
workspaceModel.workspaceFileIndexData.onEntitiesChanged.ms,1788965993110000000,1788966053152000000,0
workspaceModel.full.replace.project.model.ms,1788965993110000000,1788966053152000000,4
workspaceModel.workspaceFileIndexContributor.registerFileSets.ms,1788965993110000000,1788966053152000000,78
workspaceModel.workspaceFileIndexData.getFileInfo.ms,1788965993110000000,1788966053152000000,30
workspaceModel.update.unloaded.entities.ms,1788965993110000000,1788966053152000000,0
workspaceModel.updates.precise.ms,1788965993110000000,1788966053152000000,9
Indexes.allKeys.lookupDurationAvgMs,1788965993110000000,1788966053152000000,0.0
Indexes.stubs.lookupDurationAvgMs,1788965993110000000,1788966053152000000,0.0
Indexes.entries.lookupDurationMaxMs,1788965993110000000,1788966053152000000,0.0
IndexesFlusher.totalFlushesRetried,1788965993110000000,1788966053152000000,0
IndexesFlusher.totalFlushes,1788965993110000000,1788966053152000000,58
Indexes.allKeys.lookups,1788965993110000000,1788966053152000000,0.0
Indexes.entries.lookupDurationAvgMs,1788965993110000000,1788966053152000000,0.0
Indexes.allKeys.lookupDurationMaxMs,1788965993110000000,1788966053152000000,0.0
Indexes.allKeys.lookupDuration90PMs,1788965993110000000,1788966053152000000,0.0
Indexes.entries.lookups,1788965993110000000,1788966053152000000,0.0
Indexes.stubs.lookupDurationMaxMs,1788965993110000000,1788966053152000000,0.0
Indexes.entries.lookupDuration90PMs,1788965993110000000,1788966053152000000,0.0
Indexes.stubs.lookupDuration90PMs,1788965993110000000,1788966053152000000,0.0
IndexesFlusher.totalFlushingTimeUs,1788965993110000000,1788966053152000000,363990
IndexesFlusher.totalContentionQuotaSpent,1788965993110000000,1788966053152000000,0
Indexes.stubs.lookups,1788965993110000000,1788966053152000000,0.0
jps.apply.loaded.storage.ms,1788965993110000000,1788966053152000000,15
jps.module.iml.entities.serializer.save.entities.ms,1788965993110000000,1788966053152000000,0
workspaceModel.mutableEntityStorage.replace.by.source.ms,1788965993110000000,1788966053152000000,8
workspaceModel.moduleBridgeLoader.loading.modules.ms,1788965993110000000,1788966053152000000,442
workspaceModel.mutableEntityStorage.referrers.ms,1788965993110000000,1788966053152000000,0
jps.global.handle.before.change.events.ms,1788965993110000000,1788966053152000000,0
workspaceModel.load.cache.from.file.ms,1788965993110000000,1788966053152000000,155
jps.library.entities.serializer.load.entities.ms,1788965993110000000,1788966053152000000,0
workspaceModel.global.apply.state.to.project.builder.ms,1788965993110000000,1788966053152000000,0
jps.global.get.library.by.name.ms,1788965993110000000,1788966053152000000,0
workspaceModel.mutableEntityStorage.modify.entity.ms,1788965993110000000,1788966053152000000,1
workspaceModel.mutableEntityStorage.resolve.ms,1788965993110000000,1788966053152000000,0
workspaceModel.moduleManagerBridge.newModule.ms,1788965993110000000,1788966053152000000,0
workspaceModel.global.updates.ms,1788965993110000000,1788966053152000000,0
workspaceModel.save.cache.to.file.ms,1788965993110000000,1788966053152000000,36
workspaceModel.mutableEntityStorage.apply.changes.from.ms,1788965993110000000,1788966053152000000,6
jps.project.serializers.save.ms,1788965993110000000,1788966053152000000,0
workspaceModel.mutableEntityStorage.entities.by.source.ms,1788965993110000000,1788966053152000000,0
workspaceModel.mutableEntityStorage.instances.count,1788965993110000000,1788966053152000000,21
jps.artifact.entities.serializer.save.entities.ms,1788965993110000000,1788966053152000000,0
jps.global.get.libraries.ms,1788965993110000000,1788966053152000000,0
jps.library.entities.serializer.save.entities.ms,1788965993110000000,1788966053152000000,0
workspaceModel.do.save.caches.ms,1788965993110000000,1788966053152000000,43
jps.facet.change.listener.before.change.events.ms,1788965993110000000,1788966053152000000,0
jps.global.handle.changed.events.ms,1788965993110000000,1788966053152000000,0
workspaceModel.mutableEntityStorage.has.same.entities.ms,1788965993110000000,1788966053152000000,0
jps.project.serializers.load.ms,1788965993110000000,1788966053152000000,29
workspaceModel.mutableEntityStorage.to.snapshot.ms,1788965993110000000,1788966053152000000,3
jps.storage.jps.conf.reader.load.component.ms,1788965993110000000,1788966053152000000,6
workspaceModel.moduleManagerBridge.new.nonPersistent.module.ms,1788965993110000000,1788966053152000000,0
workspaceModel.moduleManagerBridge.build.module.graph.ms,1788965993110000000,1788966053152000000,5
workspaceModel.mutableEntityStorage.entities.ms,1788965993110000000,1788966053152000000,0
workspaceModel.moduleBridge.before.changed.ms,1788965993110000000,1788966053152000000,0
jps.module.iml.entities.serializer.load.entities.ms,1788965993110000000,1788966053152000000,13
jps.load.initial.state.ms,1788965993110000000,1788966053152000000,17
workspaceModel.moduleManagerBridge.create.module.instance.ms,1788965993110000000,1788966053152000000,0
workspaceModel.orphan.listener.update.ms,1788965993110000000,1788966053152000000,2
jps.global.initialize.library.bridges.ms,1788965993110000000,1788966053152000000,0
jps.load.project.to.empty.storage.ms,1788965993110000000,1788966053152000000,58
workspaceModel.moduleBridge.update.option.ms,1788965993110000000,1788966053152000000,0
workspaceModel.moduleBridge.facet.initialization.ms,1788965993110000000,1788966053152000000,0
jps.save.changed.project.entities.ms,1788965993110000000,1788966053152000000,0
workspaceModel.global.apply.state.to.project.ms,1788965993110000000,1788966053152000000,37
jps.artifact.entities.serializer.load.entities.ms,1788965993110000000,1788966053152000000,0
workspaceModel.moduleManagerBridge.load.all.modules.ms,1788965993110000000,1788966053152000000,141
workspaceModel.mutableEntityStorage.mutable.vfurl.index.ms,1788965993110000000,1788966053152000000,0
jps.reload.project.entities.ms,1788965993110000000,1788966053152000000,0
workspaceModel.global.updates.count,1788965993110000000,1788966053152000000,0
workspaceModel.mutableEntityStorage.mutable.ext.mapping.ms,1788965993110000000,1788966053152000000,2
jps.global.get.library.ms,1788965993110000000,1788966053152000000,0
jps.facet.change.listener.init.bridge.ms,1788965993110000000,1788966053152000000,0
jps.app.storage.content.reader.load.component.ms,1788965993110000000,1788966053152000000,0
workspaceModel.mutableEntityStorage.put.entity.ms,1788965993110000000,1788966053152000000,3
jps.global.initialize.library.bridges.after.loading.ms,1788965993110000000,1788966053152000000,1
workspaceModel.mutableEntityStorage.collect.changes.ms,1788965993110000000,1788966053152000000,0
workspaceModel.mutableEntityStorage.add.entity.ms,1788965993110000000,1788966053152000000,15
workspaceModel.delayed.project.synchronizer.sync.ms,1788965993110000000,1788966053152000000,74
jps.save.global.entities.ms,1788965993110000000,1788966053152000000,0
workspaceModel.moduleManagerBridge.get.modules.ms,1788965993110000000,1788966053152000000,1
workspaceModel.moduleManagerBridge.set.unloadedModules.ms,1788965993110000000,1788966053152000000,0
workspaceModel.load.cache.metadata.from.file.ms,1788965993110000000,1788966053152000000,14
workspaceModel.mutableEntityStorage.remove.entity.ms,1788965993110000000,1788966053152000000,0
jps.facet.change.listener.process.change.events.ms,1788965993110000000,1788966053152000000,0
workspaceModel.sync.entities.ms,1788965993110000000,1788966053152000000,0
workspaceModel.moduleManagerBridge.load.module.ms,1788965993110000000,1788966053152000000,0
MappedFileStorage.totalPagesMapped,1788965993110000000,1788966053152000000,15
FilePageCache.totalPageDisposalsUs,1788965993110000000,1788966053152000000,1858
FilePageCache.pageFastCacheHits,1788965993110000000,1788966053152000000,4406
FilePageCacheLockFree.totalPagesHandedOver,1788965993110000000,1788966053152000000,0
StreamlinedBlobStorage.recordsRelocated,1788965993110000000,1788966053152000000,0
StreamlinedBlobStorage.totalLiveRecordsPayloadBytes,1788965993110000000,1788966053152000000,69851
DirectByteBufferAllocator.disposed,1788965993110000000,1788966053152000000,0
MappedFileStorage.storages,1788965993110000000,1788966053152000000,15
DirectByteBufferAllocator.totalSizeOfBuffersCachedInBytes,1788965993110000000,1788966053152000000,0
FilePageCacheLockFree.totalNativeBytesReclaimed,1788965993110000000,1788966053152000000,0
FilePageCacheLockFree.nativeBytesInUse,1788965993110000000,1788966053152000000,0
FilePageCacheLockFree.totalPageAllocationsWaited,1788965993110000000,1788966053152000000,0
FilePageCache.maxCacheSizeInBytes,1788965993110000000,1788966053152000000,233848832
FilePageCache.capacityInBytes,1788965993110000000,1788966053152000000,503316478
FilePageCacheLockFree.totalBytesRead,1788965993110000000,1788966053152000000,0
FilePageCache.maxRegisteredFiles,1788965993110000000,1788966053152000000,555
FilePageCacheLockFree.totalHeapBytesReclaimed,1788965993110000000,1788966053152000000,0
FilePageCacheLockFree.totalBytesRequested,1788965993110000000,1788966053152000000,0
FilePageCacheLockFree.totalPagesRequested,1788965993110000000,1788966053152000000,0
FilePageCache.totalPageLoadsUs,1788965993110000000,1788966053152000000,252776
FilePageCache.uncachedFileAccess,1788965993110000000,1788966053152000000,122
StorageLockContext.competingThreads.avg,1788965993110000000,1788966053152000000,0.0
FilePageCacheLockFree.housekeeperTurnsSkipped,1788965993110000000,1788966053152000000,0
MappedFileStorage.totalBytesMapped,1788965993110000000,1788966053152000000,198443008
DirectByteBufferAllocator.hits,1788965993110000000,1788966053152000000,3
StreamlinedBlobStorage.recordsAllocated,1788965993110000000,1788966053152000000,2665
StreamlinedBlobStorage.totalLiveRecordsCapacityBytes,1788965993110000000,1788966053152000000,213058
FilePageCache.pageLoadsAboveSizeThreshold,1788965993110000000,1788966053152000000,0
FilePageCacheLockFree.totalPagesWriteMs,1788965993110000000,1788966053152000000,0
FilePageCache.pageLoads,1788965993110000000,1788966053152000000,228
FileChannelInterruptsRetryer.totalRetriedAttempts,1788965993110000000,1788966053152000000,0
FilePageCacheLockFree.totalClosedStoragesReclaimed,1788965993110000000,1788966053152000000,0
FilePageCacheLockFree.totalPagesReclaimed,1788965993110000000,1788966053152000000,0
FilePageCacheLockFree.totalBytesWritten,1788965993110000000,1788966053152000000,0
FilePageCacheLockFree.totalNativeBytesAllocated,1788965993110000000,1788966053152000000,0
FilePageCache.disposedBuffers,1788965993110000000,1788966053152000000,3
FilePageCacheLockFree.heapBytesInUse,1788965993110000000,1788966053152000000,0
FilePageCacheLockFree.housekeeperTimeSpentMs,1788965993110000000,1788966053152000000,0
FilePageCacheLockFree.totalPagesAllocated,1788965993110000000,1788966053152000000,0
FilePageCacheLockFree.totalHeapBytesAllocated,1788965993110000000,1788966053152000000,0
FilePageCacheLockFree.totalPagesRequestsMs,1788965993110000000,1788966053152000000,0
DirectByteBufferAllocator.reclaimed,1788965993110000000,1788966053152000000,3
FilePageCacheLockFree.totalPagesReadMs,1788965993110000000,1788966053152000000,0
FilePageCache.pageHits,1788965993110000000,1788966053152000000,0
FilePageCacheLockFree.totalPagesWritten,1788965993110000000,1788966053152000000,0
StorageLockContext.competingThreads.90P,1788965993110000000,1788966053152000000,0
FilePageCacheLockFree.housekeeperTurnsDone,1788965993110000000,1788966053152000000,0
StorageLockContext.competingThreads.max,1788965993110000000,1788966053152000000,0
StreamlinedBlobStorage.recordsDeleted,1788965993110000000,1788966053152000000,19
MappedFileStorage.totalTimeSpentOnMappingUs,1788965993110000000,1788966053152000000,9644
DirectByteBufferAllocator.totalSizeOfBuffersAllocatedInBytes,1788965993110000000,1788966053152000000,233848832
DirectByteBufferAllocator.misses,1788965993110000000,1788966053152000000,225
compiler.ArtifactVirtualFileListener.filePathChanged.ms,1788965993110000000,1788966053152000000,0
compiler.ArtifactManagerBridge.commit.ms,1788965993110000000,1788966053152000000,0
compiler.ArtifactManagerBridge.findArtifact.ms,1788965993110000000,1788966053152000000,0
compiler.ArtifactManagerBridge.getArtifacts.ms,1788965993110000000,1788966053152000000,0
compiler.ArtifactManagerBridge.dropMappings.ms,1788965993110000000,1788966053152000000,0
compiler.ArtifactManagerBridge.initBridges.ms,1788965993110000000,1788966053152000000,1
compiler.ArtifactManagerBridge.addArtifact.ms,1788965993110000000,1788966053152000000,0
compiler.ArtifactVirtualFileListener.propertyChanged.ms,1788965993110000000,1788966053152000000,0
compiler.ArtifactManagerBridge.getArtifactsByType.ms,1788965993110000000,1788966053152000000,2
AWTEventQueue.dispatchTimeTotalNS,1788966053152000000,1788966113125000000,61154972
AWTEventQueue.dispatchTimeAvgNs,1788966053152000000,1788966113125000000,0.0
FlushQueue.waitingTimeMaxNs,1788966053152000000,1788966113125000000,0
NonBlockingReadAction.finalizedExecutionTimeUs,1788966053152000000,1788966113125000000,0
FlushQueue.queueSizeAvg,1788966053152000000,1788966113125000000,0.0
NonBlockingReadAction.failedExecutionsCount,1788966053152000000,1788966113125000000,0
ReadAction.executionsCount,1788966053152000000,1788966113125000000,0
FlushQueue.executionTimeMaxNs,1788966053152000000,1788966113125000000,0
FlushQueue.executionTimeAvgNs,1788966053152000000,1788966113125000000,0.0
FlushQueue.queueSizeMax,1788966053152000000,1788966113125000000,0
WriteAction.executionsCount,1788966053152000000,1788966113125000000,0
FlushQueue.tasksExecuted,1788966053152000000,1788966113125000000,0
FlushQueue.waitingTimeAvgNs,1788966053152000000,1788966113125000000,0.0
AWTEventQueue.dispatchTimeMaxNs,1788966053152000000,1788966113125000000,0
FlushQueue.executionTime90PNs,1788966053152000000,1788966113125000000,0
NonBlockingReadAction.failedExecutionTimeUs,1788966053152000000,1788966113125000000,0
AWTEventQueue.dispatchTime90PNs,1788966053152000000,1788966113125000000,0
FlushQueue.queueSize90P,1788966053152000000,1788966113125000000,0
FlushQueue.waitingTime90PNs,1788966053152000000,1788966113125000000,0
NonBlockingReadAction.finalizedExecutionsCount,1788966053152000000,1788966113125000000,0
AWTEventQueue.eventsDispatched,1788966053152000000,1788966113125000000,0
writeAction.wait.ms,1788966053152000000,1788966113125000000,0
writeAction.median.wait.ms,1788966053152000000,1788966113125000000,0
writeAction.max.wait.ms,1788966053152000000,1788966113125000000,11
writeAction.count,1788966053152000000,1788966113125000000,0
JVM.newThreadsCount,1788966053152000000,1788966113125000000,0
JVM.maxThreadCount,1788966053152000000,1788966113125000000,186
JVM.totalCpuTimeMs,1788966053152000000,1788966113125000000,2078
OS.loadAverage,1788966053152000000,1788966113125000000,2.21142578125
JVM.GC.collectionTimesMs,1788966053152000000,1788966113125000000,0
JVM.maxHeapBytes,1788966053152000000,1788966113125000000,2147483648
JVM.GC.collections,1788966053152000000,1788966113125000000,0
JVM.threadCount,1788966053152000000,1788966113125000000,59
JVM.totalBytesAllocated,1788966053152000000,1788966113125000000,19555880
JVM.totalDirectByteBuffersBytes,1788966053152000000,1788966113125000000,235246263
JVM.usedHeapBytes,1788966053152000000,1788966113125000000,272779264
JVM.usedNativeBytes,1788966053152000000,1788966113125000000,268587152
cacheStateStorage.set.counter,1788966053152000000,1788966113125000000,0
cacheStateStorage.set.duration,1788966053152000000,1788966113125000000,0
cacheStateStorage.get.counter,1788966053152000000,1788966113125000000,0
cacheStateStorage.get.duration,1788966053152000000,1788966113125000000,0
VFS.fileByIdCache.misses,1788966053152000000,1788966113125000000,0
FileNameCache.queries,1788966053152000000,1788966113125000000,0
VFS.fileChildByName,1788966053152000000,1788966113125000000,0
FileNameCache.totalMisses,1788966053152000000,1788966113125000000,0
VFS.invertedFileNameIndex.requests,1788966053152000000,1788966113125000000,0
VFS.fileByIdCache.hits,1788966053152000000,1788966113125000000,0
workspaceModel.loading.from.cache.ms,1788966053152000000,1788966113125000000,0
workspaceModel.check.recursive.update.ms,1788966053152000000,1788966113125000000,0
workspaceModel.cachedValue.from.cache.ms,1788966053152000000,1788966113125000000,0
workspaceModel.cachedValue.clear.ms,1788966053152000000,1788966113125000000,0
workspaceModel.workspaceFileIndexData.getPackageName.ms,1788966053152000000,1788966113125000000,0
workspaceModel.replace.project.model.ms,1788966053152000000,1788966113125000000,0
workspaceModel.initializing.ms,1788966053152000000,1788966113125000000,0
workspaceModel.updates.count,1788966053152000000,1788966113125000000,0
workspaceModel.cachedValueWithParameters.clear.ms,1788966053152000000,1788966113125000000,0
workspaceModel.cachedValueWithParameters.calculated.ms,1788966053152000000,1788966113125000000,0
workspaceModel.workspaceFileIndexData.init.ms,1788966053152000000,1788966113125000000,0
workspaceModel.workspaceFileIndexData.instances.count,1788966053152000000,1788966113125000000,0
workspaceModel.pre.handlers.ms,1788966053152000000,1788966113125000000,0
workspaceModel.collect.changes.ms,1788966053152000000,1788966113125000000,0
workspaceModel.cachedValue.total.get.ms,1788966053152000000,1788966113125000000,0
workspaceModel.entityStorageSnapshotImpl.instances.count,1788966053152000000,1788966113125000000,0
workspaceModel.init.bridges.ms,1788966053152000000,1788966113125000000,0
workspaceModel.workspaceFileIndexData.processFileSets.ms,1788966053152000000,1788966113125000000,0
workspaceModel.workspaceFileIndexData.visitFileSets.ms,1788966053152000000,1788966113125000000,0
workspaceModel.workspaceFileIndexData.markDirty.ms,1788966053152000000,1788966113125000000,0
workspaceModel.to.snapshot.ms,1788966053152000000,1788966113125000000,0
workspaceModel.workspaceFileIndexData.getDirectoriesByPackageName.ms,1788966053152000000,1788966113125000000,0
workspaceModel.updates.ms,1788966053152000000,1788966113125000000,0
workspaceModel.loading.total.ms,1788966053152000000,1788966113125000000,0
workspaceModel.cachedValue.calculated.ms,1788966053152000000,1788966113125000000,0
workspaceModel.cachedValueWithParameters.from.cache.ms,1788966053152000000,1788966113125000000,0
workspaceModel.workspaceFileIndexData.updateDirtyEntities.ms,1788966053152000000,1788966113125000000,0
workspaceModel.cachedValueWithParameters.total.get.ms,1788966053152000000,1788966113125000000,0
workspaceModel.workspaceFileIndexData.onEntitiesChanged.ms,1788966053152000000,1788966113125000000,0
workspaceModel.full.replace.project.model.ms,1788966053152000000,1788966113125000000,0
workspaceModel.workspaceFileIndexContributor.registerFileSets.ms,1788966053152000000,1788966113125000000,0
workspaceModel.workspaceFileIndexData.getFileInfo.ms,1788966053152000000,1788966113125000000,0
workspaceModel.update.unloaded.entities.ms,1788966053152000000,1788966113125000000,0
workspaceModel.updates.precise.ms,1788966053152000000,1788966113125000000,0
Indexes.allKeys.lookupDurationAvgMs,1788966053152000000,1788966113125000000,0.0
Indexes.stubs.lookupDurationAvgMs,1788966053152000000,1788966113125000000,0.0
Indexes.entries.lookupDurationMaxMs,1788966053152000000,1788966113125000000,0.0
IndexesFlusher.totalFlushesRetried,1788966053152000000,1788966113125000000,0
IndexesFlusher.totalFlushes,1788966053152000000,1788966113125000000,59
Indexes.allKeys.lookups,1788966053152000000,1788966113125000000,0.0
Indexes.entries.lookupDurationAvgMs,1788966053152000000,1788966113125000000,0.0
Indexes.allKeys.lookupDurationMaxMs,1788966053152000000,1788966113125000000,0.0
Indexes.allKeys.lookupDuration90PMs,1788966053152000000,1788966113125000000,0.0
Indexes.entries.lookups,1788966053152000000,1788966113125000000,0.0
Indexes.stubs.lookupDurationMaxMs,1788966053152000000,1788966113125000000,0.0
Indexes.entries.lookupDuration90PMs,1788966053152000000,1788966113125000000,0.0
Indexes.stubs.lookupDuration90PMs,1788966053152000000,1788966113125000000,0.0
IndexesFlusher.totalFlushingTimeUs,1788966053152000000,1788966113125000000,279467
IndexesFlusher.totalContentionQuotaSpent,1788966053152000000,1788966113125000000,0
Indexes.stubs.lookups,1788966053152000000,1788966113125000000,0.0
jps.apply.loaded.storage.ms,1788966053152000000,1788966113125000000,0
jps.module.iml.entities.serializer.save.entities.ms,1788966053152000000,1788966113125000000,0
workspaceModel.mutableEntityStorage.replace.by.source.ms,1788966053152000000,1788966113125000000,0
workspaceModel.moduleBridgeLoader.loading.modules.ms,1788966053152000000,1788966113125000000,0
workspaceModel.mutableEntityStorage.referrers.ms,1788966053152000000,1788966113125000000,0
jps.global.handle.before.change.events.ms,1788966053152000000,1788966113125000000,0
workspaceModel.load.cache.from.file.ms,1788966053152000000,1788966113125000000,0
jps.library.entities.serializer.load.entities.ms,1788966053152000000,1788966113125000000,0
workspaceModel.global.apply.state.to.project.builder.ms,1788966053152000000,1788966113125000000,0
jps.global.get.library.by.name.ms,1788966053152000000,1788966113125000000,0
workspaceModel.mutableEntityStorage.modify.entity.ms,1788966053152000000,1788966113125000000,0
workspaceModel.mutableEntityStorage.resolve.ms,1788966053152000000,1788966113125000000,0
workspaceModel.moduleManagerBridge.newModule.ms,1788966053152000000,1788966113125000000,0
workspaceModel.global.updates.ms,1788966053152000000,1788966113125000000,0
workspaceModel.save.cache.to.file.ms,1788966053152000000,1788966113125000000,0
workspaceModel.mutableEntityStorage.apply.changes.from.ms,1788966053152000000,1788966113125000000,0
jps.project.serializers.save.ms,1788966053152000000,1788966113125000000,0
workspaceModel.mutableEntityStorage.entities.by.source.ms,1788966053152000000,1788966113125000000,0
workspaceModel.mutableEntityStorage.instances.count,1788966053152000000,1788966113125000000,0
jps.artifact.entities.serializer.save.entities.ms,1788966053152000000,1788966113125000000,0
jps.global.get.libraries.ms,1788966053152000000,1788966113125000000,0
jps.library.entities.serializer.save.entities.ms,1788966053152000000,1788966113125000000,0
workspaceModel.do.save.caches.ms,1788966053152000000,1788966113125000000,0
jps.facet.change.listener.before.change.events.ms,1788966053152000000,1788966113125000000,0
jps.global.handle.changed.events.ms,1788966053152000000,1788966113125000000,0
workspaceModel.mutableEntityStorage.has.same.entities.ms,1788966053152000000,1788966113125000000,0
jps.project.serializers.load.ms,1788966053152000000,1788966113125000000,0
workspaceModel.mutableEntityStorage.to.snapshot.ms,1788966053152000000,1788966113125000000,0
jps.storage.jps.conf.reader.load.component.ms,1788966053152000000,1788966113125000000,0
workspaceModel.moduleManagerBridge.new.nonPersistent.module.ms,1788966053152000000,1788966113125000000,0
workspaceModel.moduleManagerBridge.build.module.graph.ms,1788966053152000000,1788966113125000000,0
workspaceModel.mutableEntityStorage.entities.ms,1788966053152000000,1788966113125000000,0
workspaceModel.moduleBridge.before.changed.ms,1788966053152000000,1788966113125000000,0
jps.module.iml.entities.serializer.load.entities.ms,1788966053152000000,1788966113125000000,0
jps.load.initial.state.ms,1788966053152000000,1788966113125000000,0
workspaceModel.moduleManagerBridge.create.module.instance.ms,1788966053152000000,1788966113125000000,0
workspaceModel.orphan.listener.update.ms,1788966053152000000,1788966113125000000,0
jps.global.initialize.library.bridges.ms,1788966053152000000,1788966113125000000,0
jps.load.project.to.empty.storage.ms,1788966053152000000,1788966113125000000,0
workspaceModel.moduleBridge.update.option.ms,1788966053152000000,1788966113125000000,0
workspaceModel.moduleBridge.facet.initialization.ms,1788966053152000000,1788966113125000000,0
jps.save.changed.project.entities.ms,1788966053152000000,1788966113125000000,0
workspaceModel.global.apply.state.to.project.ms,1788966053152000000,1788966113125000000,0
jps.artifact.entities.serializer.load.entities.ms,1788966053152000000,1788966113125000000,0
workspaceModel.moduleManagerBridge.load.all.modules.ms,1788966053152000000,1788966113125000000,0
workspaceModel.mutableEntityStorage.mutable.vfurl.index.ms,1788966053152000000,1788966113125000000,0
jps.reload.project.entities.ms,1788966053152000000,1788966113125000000,0
workspaceModel.global.updates.count,1788966053152000000,1788966113125000000,0
workspaceModel.mutableEntityStorage.mutable.ext.mapping.ms,1788966053152000000,1788966113125000000,0
jps.global.get.library.ms,1788966053152000000,1788966113125000000,0
jps.facet.change.listener.init.bridge.ms,1788966053152000000,1788966113125000000,0
jps.app.storage.content.reader.load.component.ms,1788966053152000000,1788966113125000000,0
workspaceModel.mutableEntityStorage.put.entity.ms,1788966053152000000,1788966113125000000,0
jps.global.initialize.library.bridges.after.loading.ms,1788966053152000000,1788966113125000000,0
workspaceModel.mutableEntityStorage.collect.changes.ms,1788966053152000000,1788966113125000000,0
workspaceModel.mutableEntityStorage.add.entity.ms,1788966053152000000,1788966113125000000,0
workspaceModel.delayed.project.synchronizer.sync.ms,1788966053152000000,1788966113125000000,0
jps.save.global.entities.ms,1788966053152000000,1788966113125000000,0
workspaceModel.moduleManagerBridge.get.modules.ms,1788966053152000000,1788966113125000000,0
workspaceModel.moduleManagerBridge.set.unloadedModules.ms,1788966053152000000,1788966113125000000,0
workspaceModel.load.cache.metadata.from.file.ms,1788966053152000000,1788966113125000000,0
workspaceModel.mutableEntityStorage.remove.entity.ms,1788966053152000000,1788966113125000000,0
jps.facet.change.listener.process.change.events.ms,1788966053152000000,1788966113125000000,0
workspaceModel.sync.entities.ms,1788966053152000000,1788966113125000000,0
workspaceModel.moduleManagerBridge.load.module.ms,1788966053152000000,1788966113125000000,0
MappedFileStorage.totalPagesMapped,1788966053152000000,1788966113125000000,15
FilePageCache.totalPageDisposalsUs,1788966053152000000,1788966113125000000,0
FilePageCache.pageFastCacheHits,1788966053152000000,1788966113125000000,0
FilePageCacheLockFree.totalPagesHandedOver,1788966053152000000,1788966113125000000,0
StreamlinedBlobStorage.recordsRelocated,1788966053152000000,1788966113125000000,0
StreamlinedBlobStorage.totalLiveRecordsPayloadBytes,1788966053152000000,1788966113125000000,0
DirectByteBufferAllocator.disposed,1788966053152000000,1788966113125000000,0
MappedFileStorage.storages,1788966053152000000,1788966113125000000,15
DirectByteBufferAllocator.totalSizeOfBuffersCachedInBytes,1788966053152000000,1788966113125000000,0
FilePageCacheLockFree.totalNativeBytesReclaimed,1788966053152000000,1788966113125000000,0
FilePageCacheLockFree.nativeBytesInUse,1788966053152000000,1788966113125000000,0
FilePageCacheLockFree.totalPageAllocationsWaited,1788966053152000000,1788966113125000000,0
FilePageCache.maxCacheSizeInBytes,1788966053152000000,1788966113125000000,233848832
FilePageCache.capacityInBytes,1788966053152000000,1788966113125000000,503316478
FilePageCacheLockFree.totalBytesRead,1788966053152000000,1788966113125000000,0
FilePageCache.maxRegisteredFiles,1788966053152000000,1788966113125000000,555
FilePageCacheLockFree.totalHeapBytesReclaimed,1788966053152000000,1788966113125000000,0
FilePageCacheLockFree.totalBytesRequested,1788966053152000000,1788966113125000000,0
FilePageCacheLockFree.totalPagesRequested,1788966053152000000,1788966113125000000,0
FilePageCache.totalPageLoadsUs,1788966053152000000,1788966113125000000,0
FilePageCache.uncachedFileAccess,1788966053152000000,1788966113125000000,0
StorageLockContext.competingThreads.avg,1788966053152000000,1788966113125000000,0.0
FilePageCacheLockFree.housekeeperTurnsSkipped,1788966053152000000,1788966113125000000,0
MappedFileStorage.totalBytesMapped,1788966053152000000,1788966113125000000,198443008
DirectByteBufferAllocator.hits,1788966053152000000,1788966113125000000,0
StreamlinedBlobStorage.recordsAllocated,1788966053152000000,1788966113125000000,0
StreamlinedBlobStorage.totalLiveRecordsCapacityBytes,1788966053152000000,1788966113125000000,0
FilePageCache.pageLoadsAboveSizeThreshold,1788966053152000000,1788966113125000000,0
FilePageCacheLockFree.totalPagesWriteMs,1788966053152000000,1788966113125000000,0
FilePageCache.pageLoads,1788966053152000000,1788966113125000000,0
FileChannelInterruptsRetryer.totalRetriedAttempts,1788966053152000000,1788966113125000000,0
FilePageCacheLockFree.totalClosedStoragesReclaimed,1788966053152000000,1788966113125000000,0
FilePageCacheLockFree.totalPagesReclaimed,1788966053152000000,1788966113125000000,0
FilePageCacheLockFree.totalBytesWritten,1788966053152000000,1788966113125000000,0
FilePageCacheLockFree.totalNativeBytesAllocated,1788966053152000000,1788966113125000000,0
FilePageCache.disposedBuffers,1788966053152000000,1788966113125000000,0
FilePageCacheLockFree.heapBytesInUse,1788966053152000000,1788966113125000000,0
FilePageCacheLockFree.housekeeperTimeSpentMs,1788966053152000000,1788966113125000000,0
FilePageCacheLockFree.totalPagesAllocated,1788966053152000000,1788966113125000000,0
FilePageCacheLockFree.totalHeapBytesAllocated,1788966053152000000,1788966113125000000,0
FilePageCacheLockFree.totalPagesRequestsMs,1788966053152000000,1788966113125000000,0
DirectByteBufferAllocator.reclaimed,1788966053152000000,1788966113125000000,0
FilePageCacheLockFree.totalPagesReadMs,1788966053152000000,1788966113125000000,0
FilePageCache.pageHits,1788966053152000000,1788966113125000000,0
FilePageCacheLockFree.totalPagesWritten,1788966053152000000,1788966113125000000,0
StorageLockContext.competingThreads.90P,1788966053152000000,1788966113125000000,0
FilePageCacheLockFree.housekeeperTurnsDone,1788966053152000000,1788966113125000000,0
StorageLockContext.competingThreads.max,1788966053152000000,1788966113125000000,0
StreamlinedBlobStorage.recordsDeleted,1788966053152000000,1788966113125000000,0
MappedFileStorage.totalTimeSpentOnMappingUs,1788966053152000000,1788966113125000000,9644
DirectByteBufferAllocator.totalSizeOfBuffersAllocatedInBytes,1788966053152000000,1788966113125000000,233848832
DirectByteBufferAllocator.misses,1788966053152000000,1788966113125000000,0
compiler.ArtifactVirtualFileListener.filePathChanged.ms,1788966053152000000,1788966113125000000,0
compiler.ArtifactManagerBridge.commit.ms,1788966053152000000,1788966113125000000,0
compiler.ArtifactManagerBridge.findArtifact.ms,1788966053152000000,1788966113125000000,0
compiler.ArtifactManagerBridge.getArtifacts.ms,1788966053152000000,1788966113125000000,0
compiler.ArtifactManagerBridge.dropMappings.ms,1788966053152000000,1788966113125000000,0
compiler.ArtifactManagerBridge.initBridges.ms,1788966053152000000,1788966113125000000,0
compiler.ArtifactManagerBridge.addArtifact.ms,1788966053152000000,1788966113125000000,0
compiler.ArtifactVirtualFileListener.propertyChanged.ms,1788966053152000000,1788966113125000000,0
compiler.ArtifactManagerBridge.getArtifactsByType.ms,1788966053152000000,1788966113125000000,0
AWTEventQueue.dispatchTimeTotalNS,1788966113125000000,1788966173121000000,55430224
AWTEventQueue.dispatchTimeAvgNs,1788966113125000000,1788966173121000000,0.0
FlushQueue.waitingTimeMaxNs,1788966113125000000,1788966173121000000,0
NonBlockingReadAction.finalizedExecutionTimeUs,1788966113125000000,1788966173121000000,0
FlushQueue.queueSizeAvg,1788966113125000000,1788966173121000000,0.0
NonBlockingReadAction.failedExecutionsCount,1788966113125000000,1788966173121000000,0
ReadAction.executionsCount,1788966113125000000,1788966173121000000,0
FlushQueue.executionTimeMaxNs,1788966113125000000,1788966173121000000,0
FlushQueue.executionTimeAvgNs,1788966113125000000,1788966173121000000,0.0
FlushQueue.queueSizeMax,1788966113125000000,1788966173121000000,0
WriteAction.executionsCount,1788966113125000000,1788966173121000000,0
FlushQueue.tasksExecuted,1788966113125000000,1788966173121000000,0
FlushQueue.waitingTimeAvgNs,1788966113125000000,1788966173121000000,0.0
AWTEventQueue.dispatchTimeMaxNs,1788966113125000000,1788966173121000000,0
FlushQueue.executionTime90PNs,1788966113125000000,1788966173121000000,0
NonBlockingReadAction.failedExecutionTimeUs,1788966113125000000,1788966173121000000,0
AWTEventQueue.dispatchTime90PNs,1788966113125000000,1788966173121000000,0
FlushQueue.queueSize90P,1788966113125000000,1788966173121000000,0
FlushQueue.waitingTime90PNs,1788966113125000000,1788966173121000000,0
NonBlockingReadAction.finalizedExecutionsCount,1788966113125000000,1788966173121000000,0
AWTEventQueue.eventsDispatched,1788966113125000000,1788966173121000000,0
writeAction.wait.ms,1788966113125000000,1788966173121000000,0
writeAction.median.wait.ms,1788966113125000000,1788966173121000000,0
writeAction.max.wait.ms,1788966113125000000,1788966173121000000,11
writeAction.count,1788966113125000000,1788966173121000000,0
JVM.newThreadsCount,1788966113125000000,1788966173121000000,0
JVM.maxThreadCount,1788966113125000000,1788966173121000000,186
JVM.totalCpuTimeMs,1788966113125000000,1788966173121000000,1526
OS.loadAverage,1788966113125000000,1788966173121000000,2.57666015625
JVM.GC.collectionTimesMs,1788966113125000000,1788966173121000000,7
JVM.maxHeapBytes,1788966113125000000,1788966173121000000,2147483648
JVM.GC.collections,1788966113125000000,1788966173121000000,1
JVM.threadCount,1788966113125000000,1788966173121000000,58
JVM.totalBytesAllocated,1788966113125000000,1788966173121000000,10436408
JVM.totalDirectByteBuffersBytes,1788966113125000000,1788966173121000000,234721975
JVM.usedHeapBytes,1788966113125000000,1788966173121000000,182483600
JVM.usedNativeBytes,1788966113125000000,1788966173121000000,269494680
cacheStateStorage.set.counter,1788966113125000000,1788966173121000000,0
cacheStateStorage.set.duration,1788966113125000000,1788966173121000000,0
cacheStateStorage.get.counter,1788966113125000000,1788966173121000000,0
cacheStateStorage.get.duration,1788966113125000000,1788966173121000000,0
VFS.fileByIdCache.misses,1788966113125000000,1788966173121000000,0
FileNameCache.queries,1788966113125000000,1788966173121000000,0
VFS.fileChildByName,1788966113125000000,1788966173121000000,0
FileNameCache.totalMisses,1788966113125000000,1788966173121000000,0
VFS.invertedFileNameIndex.requests,1788966113125000000,1788966173121000000,0
VFS.fileByIdCache.hits,1788966113125000000,1788966173121000000,0
workspaceModel.loading.from.cache.ms,1788966113125000000,1788966173121000000,0
workspaceModel.check.recursive.update.ms,1788966113125000000,1788966173121000000,0
workspaceModel.cachedValue.from.cache.ms,1788966113125000000,1788966173121000000,0
workspaceModel.cachedValue.clear.ms,1788966113125000000,1788966173121000000,0
workspaceModel.workspaceFileIndexData.getPackageName.ms,1788966113125000000,1788966173121000000,0
workspaceModel.replace.project.model.ms,1788966113125000000,1788966173121000000,0
workspaceModel.initializing.ms,1788966113125000000,1788966173121000000,0
workspaceModel.updates.count,1788966113125000000,1788966173121000000,0
workspaceModel.cachedValueWithParameters.clear.ms,1788966113125000000,1788966173121000000,0
workspaceModel.cachedValueWithParameters.calculated.ms,1788966113125000000,1788966173121000000,0
workspaceModel.workspaceFileIndexData.init.ms,1788966113125000000,1788966173121000000,0
workspaceModel.workspaceFileIndexData.instances.count,1788966113125000000,1788966173121000000,0
workspaceModel.pre.handlers.ms,1788966113125000000,1788966173121000000,0
workspaceModel.collect.changes.ms,1788966113125000000,1788966173121000000,0
workspaceModel.cachedValue.total.get.ms,1788966113125000000,1788966173121000000,0
workspaceModel.entityStorageSnapshotImpl.instances.count,1788966113125000000,1788966173121000000,0
workspaceModel.init.bridges.ms,1788966113125000000,1788966173121000000,0
workspaceModel.workspaceFileIndexData.processFileSets.ms,1788966113125000000,1788966173121000000,0
workspaceModel.workspaceFileIndexData.visitFileSets.ms,1788966113125000000,1788966173121000000,0
workspaceModel.workspaceFileIndexData.markDirty.ms,1788966113125000000,1788966173121000000,0
workspaceModel.to.snapshot.ms,1788966113125000000,1788966173121000000,0
workspaceModel.workspaceFileIndexData.getDirectoriesByPackageName.ms,1788966113125000000,1788966173121000000,0
workspaceModel.updates.ms,1788966113125000000,1788966173121000000,0
workspaceModel.loading.total.ms,1788966113125000000,1788966173121000000,0
workspaceModel.cachedValue.calculated.ms,1788966113125000000,1788966173121000000,0
workspaceModel.cachedValueWithParameters.from.cache.ms,1788966113125000000,1788966173121000000,0
workspaceModel.workspaceFileIndexData.updateDirtyEntities.ms,1788966113125000000,1788966173121000000,0
workspaceModel.cachedValueWithParameters.total.get.ms,1788966113125000000,1788966173121000000,0
workspaceModel.workspaceFileIndexData.onEntitiesChanged.ms,1788966113125000000,1788966173121000000,0
workspaceModel.full.replace.project.model.ms,1788966113125000000,1788966173121000000,0
workspaceModel.workspaceFileIndexContributor.registerFileSets.ms,1788966113125000000,1788966173121000000,0
workspaceModel.workspaceFileIndexData.getFileInfo.ms,1788966113125000000,1788966173121000000,0
workspaceModel.update.unloaded.entities.ms,1788966113125000000,1788966173121000000,0
workspaceModel.updates.precise.ms,1788966113125000000,1788966173121000000,0
Indexes.allKeys.lookupDurationAvgMs,1788966113125000000,1788966173121000000,0.0
Indexes.stubs.lookupDurationAvgMs,1788966113125000000,1788966173121000000,0.0
Indexes.entries.lookupDurationMaxMs,1788966113125000000,1788966173121000000,0.0
IndexesFlusher.totalFlushesRetried,1788966113125000000,1788966173121000000,0
IndexesFlusher.totalFlushes,1788966113125000000,1788966173121000000,59
Indexes.allKeys.lookups,1788966113125000000,1788966173121000000,0.0
Indexes.entries.lookupDurationAvgMs,1788966113125000000,1788966173121000000,0.0
Indexes.allKeys.lookupDurationMaxMs,1788966113125000000,1788966173121000000,0.0
Indexes.allKeys.lookupDuration90PMs,1788966113125000000,1788966173121000000,0.0
Indexes.entries.lookups,1788966113125000000,1788966173121000000,0.0
Indexes.stubs.lookupDurationMaxMs,1788966113125000000,1788966173121000000,0.0
Indexes.entries.lookupDuration90PMs,1788966113125000000,1788966173121000000,0.0
Indexes.stubs.lookupDuration90PMs,1788966113125000000,1788966173121000000,0.0
IndexesFlusher.totalFlushingTimeUs,1788966113125000000,1788966173121000000,274893
IndexesFlusher.totalContentionQuotaSpent,1788966113125000000,1788966173121000000,0
Indexes.stubs.lookups,1788966113125000000,1788966173121000000,0.0
jps.apply.loaded.storage.ms,1788966113125000000,1788966173121000000,0
jps.module.iml.entities.serializer.save.entities.ms,1788966113125000000,1788966173121000000,0
workspaceModel.mutableEntityStorage.replace.by.source.ms,1788966113125000000,1788966173121000000,0
workspaceModel.moduleBridgeLoader.loading.modules.ms,1788966113125000000,1788966173121000000,0
workspaceModel.mutableEntityStorage.referrers.ms,1788966113125000000,1788966173121000000,0
jps.global.handle.before.change.events.ms,1788966113125000000,1788966173121000000,0
workspaceModel.load.cache.from.file.ms,1788966113125000000,1788966173121000000,0
jps.library.entities.serializer.load.entities.ms,1788966113125000000,1788966173121000000,0
workspaceModel.global.apply.state.to.project.builder.ms,1788966113125000000,1788966173121000000,0
jps.global.get.library.by.name.ms,1788966113125000000,1788966173121000000,0
workspaceModel.mutableEntityStorage.modify.entity.ms,1788966113125000000,1788966173121000000,0
workspaceModel.mutableEntityStorage.resolve.ms,1788966113125000000,1788966173121000000,0
workspaceModel.moduleManagerBridge.newModule.ms,1788966113125000000,1788966173121000000,0
workspaceModel.global.updates.ms,1788966113125000000,1788966173121000000,0
workspaceModel.save.cache.to.file.ms,1788966113125000000,1788966173121000000,0
workspaceModel.mutableEntityStorage.apply.changes.from.ms,1788966113125000000,1788966173121000000,0
jps.project.serializers.save.ms,1788966113125000000,1788966173121000000,0
workspaceModel.mutableEntityStorage.entities.by.source.ms,1788966113125000000,1788966173121000000,0
workspaceModel.mutableEntityStorage.instances.count,1788966113125000000,1788966173121000000,0
jps.artifact.entities.serializer.save.entities.ms,1788966113125000000,1788966173121000000,0
jps.global.get.libraries.ms,1788966113125000000,1788966173121000000,0
jps.library.entities.serializer.save.entities.ms,1788966113125000000,1788966173121000000,0
workspaceModel.do.save.caches.ms,1788966113125000000,1788966173121000000,0
jps.facet.change.listener.before.change.events.ms,1788966113125000000,1788966173121000000,0
jps.global.handle.changed.events.ms,1788966113125000000,1788966173121000000,0
workspaceModel.mutableEntityStorage.has.same.entities.ms,1788966113125000000,1788966173121000000,0
jps.project.serializers.load.ms,1788966113125000000,1788966173121000000,0
workspaceModel.mutableEntityStorage.to.snapshot.ms,1788966113125000000,1788966173121000000,0
jps.storage.jps.conf.reader.load.component.ms,1788966113125000000,1788966173121000000,0
workspaceModel.moduleManagerBridge.new.nonPersistent.module.ms,1788966113125000000,1788966173121000000,0
workspaceModel.moduleManagerBridge.build.module.graph.ms,1788966113125000000,1788966173121000000,0
workspaceModel.mutableEntityStorage.entities.ms,1788966113125000000,1788966173121000000,0
workspaceModel.moduleBridge.before.changed.ms,1788966113125000000,1788966173121000000,0
jps.module.iml.entities.serializer.load.entities.ms,1788966113125000000,1788966173121000000,0
jps.load.initial.state.ms,1788966113125000000,1788966173121000000,0
workspaceModel.moduleManagerBridge.create.module.instance.ms,1788966113125000000,1788966173121000000,0
workspaceModel.orphan.listener.update.ms,1788966113125000000,1788966173121000000,0
jps.global.initialize.library.bridges.ms,1788966113125000000,1788966173121000000,0
jps.load.project.to.empty.storage.ms,1788966113125000000,1788966173121000000,0
workspaceModel.moduleBridge.update.option.ms,1788966113125000000,1788966173121000000,0
workspaceModel.moduleBridge.facet.initialization.ms,1788966113125000000,1788966173121000000,0
jps.save.changed.project.entities.ms,1788966113125000000,1788966173121000000,0
workspaceModel.global.apply.state.to.project.ms,1788966113125000000,1788966173121000000,0
jps.artifact.entities.serializer.load.entities.ms,1788966113125000000,1788966173121000000,0
workspaceModel.moduleManagerBridge.load.all.modules.ms,1788966113125000000,1788966173121000000,0
workspaceModel.mutableEntityStorage.mutable.vfurl.index.ms,1788966113125000000,1788966173121000000,0
jps.reload.project.entities.ms,1788966113125000000,1788966173121000000,0
workspaceModel.global.updates.count,1788966113125000000,1788966173121000000,0
workspaceModel.mutableEntityStorage.mutable.ext.mapping.ms,1788966113125000000,1788966173121000000,0
jps.global.get.library.ms,1788966113125000000,1788966173121000000,0
jps.facet.change.listener.init.bridge.ms,1788966113125000000,1788966173121000000,0
jps.app.storage.content.reader.load.component.ms,1788966113125000000,1788966173121000000,0
workspaceModel.mutableEntityStorage.put.entity.ms,1788966113125000000,1788966173121000000,0
jps.global.initialize.library.bridges.after.loading.ms,1788966113125000000,1788966173121000000,0
workspaceModel.mutableEntityStorage.collect.changes.ms,1788966113125000000,1788966173121000000,0
workspaceModel.mutableEntityStorage.add.entity.ms,1788966113125000000,1788966173121000000,0
workspaceModel.delayed.project.synchronizer.sync.ms,1788966113125000000,1788966173121000000,0
jps.save.global.entities.ms,1788966113125000000,1788966173121000000,0
workspaceModel.moduleManagerBridge.get.modules.ms,1788966113125000000,1788966173121000000,0
workspaceModel.moduleManagerBridge.set.unloadedModules.ms,1788966113125000000,1788966173121000000,0
workspaceModel.load.cache.metadata.from.file.ms,1788966113125000000,1788966173121000000,0
workspaceModel.mutableEntityStorage.remove.entity.ms,1788966113125000000,1788966173121000000,0
jps.facet.change.listener.process.change.events.ms,1788966113125000000,1788966173121000000,0
workspaceModel.sync.entities.ms,1788966113125000000,1788966173121000000,0
workspaceModel.moduleManagerBridge.load.module.ms,1788966113125000000,1788966173121000000,0
MappedFileStorage.totalPagesMapped,1788966113125000000,1788966173121000000,15
FilePageCache.totalPageDisposalsUs,1788966113125000000,1788966173121000000,0
FilePageCache.pageFastCacheHits,1788966113125000000,1788966173121000000,0
FilePageCacheLockFree.totalPagesHandedOver,1788966113125000000,1788966173121000000,0
StreamlinedBlobStorage.recordsRelocated,1788966113125000000,1788966173121000000,0
StreamlinedBlobStorage.totalLiveRecordsPayloadBytes,1788966113125000000,1788966173121000000,0
DirectByteBufferAllocator.disposed,1788966113125000000,1788966173121000000,0
MappedFileStorage.storages,1788966113125000000,1788966173121000000,15
DirectByteBufferAllocator.totalSizeOfBuffersCachedInBytes,1788966113125000000,1788966173121000000,0
FilePageCacheLockFree.totalNativeBytesReclaimed,1788966113125000000,1788966173121000000,0
FilePageCacheLockFree.nativeBytesInUse,1788966113125000000,1788966173121000000,0
FilePageCacheLockFree.totalPageAllocationsWaited,1788966113125000000,1788966173121000000,0
FilePageCache.maxCacheSizeInBytes,1788966113125000000,1788966173121000000,233848832
FilePageCache.capacityInBytes,1788966113125000000,1788966173121000000,503316478
FilePageCacheLockFree.totalBytesRead,1788966113125000000,1788966173121000000,0
FilePageCache.maxRegisteredFiles,1788966113125000000,1788966173121000000,555
FilePageCacheLockFree.totalHeapBytesReclaimed,1788966113125000000,1788966173121000000,0
FilePageCacheLockFree.totalBytesRequested,1788966113125000000,1788966173121000000,0
FilePageCacheLockFree.totalPagesRequested,1788966113125000000,1788966173121000000,0
FilePageCache.totalPageLoadsUs,1788966113125000000,1788966173121000000,0
FilePageCache.uncachedFileAccess,1788966113125000000,1788966173121000000,0
StorageLockContext.competingThreads.avg,1788966113125000000,1788966173121000000,0.0
FilePageCacheLockFree.housekeeperTurnsSkipped,1788966113125000000,1788966173121000000,0
MappedFileStorage.totalBytesMapped,1788966113125000000,1788966173121000000,198443008
DirectByteBufferAllocator.hits,1788966113125000000,1788966173121000000,0
StreamlinedBlobStorage.recordsAllocated,1788966113125000000,1788966173121000000,0
StreamlinedBlobStorage.totalLiveRecordsCapacityBytes,1788966113125000000,1788966173121000000,0
FilePageCache.pageLoadsAboveSizeThreshold,1788966113125000000,1788966173121000000,0
FilePageCacheLockFree.totalPagesWriteMs,1788966113125000000,1788966173121000000,0
FilePageCache.pageLoads,1788966113125000000,1788966173121000000,0
FileChannelInterruptsRetryer.totalRetriedAttempts,1788966113125000000,1788966173121000000,0
FilePageCacheLockFree.totalClosedStoragesReclaimed,1788966113125000000,1788966173121000000,0
FilePageCacheLockFree.totalPagesReclaimed,1788966113125000000,1788966173121000000,0
FilePageCacheLockFree.totalBytesWritten,1788966113125000000,1788966173121000000,0
FilePageCacheLockFree.totalNativeBytesAllocated,1788966113125000000,1788966173121000000,0
FilePageCache.disposedBuffers,1788966113125000000,1788966173121000000,0
FilePageCacheLockFree.heapBytesInUse,1788966113125000000,1788966173121000000,0
FilePageCacheLockFree.housekeeperTimeSpentMs,1788966113125000000,1788966173121000000,0
FilePageCacheLockFree.totalPagesAllocated,1788966113125000000,1788966173121000000,0
FilePageCacheLockFree.totalHeapBytesAllocated,1788966113125000000,1788966173121000000,0
FilePageCacheLockFree.totalPagesRequestsMs,1788966113125000000,1788966173121000000,0
DirectByteBufferAllocator.reclaimed,1788966113125000000,1788966173121000000,0
FilePageCacheLockFree.totalPagesReadMs,1788966113125000000,1788966173121000000,0
FilePageCache.pageHits,1788966113125000000,1788966173121000000,0
FilePageCacheLockFree.totalPagesWritten,1788966113125000000,1788966173121000000,0
StorageLockContext.competingThreads.90P,1788966113125000000,1788966173121000000,0
FilePageCacheLockFree.housekeeperTurnsDone,1788966113125000000,1788966173121000000,0
StorageLockContext.competingThreads.max,1788966113125000000,1788966173121000000,0
StreamlinedBlobStorage.recordsDeleted,1788966113125000000,1788966173121000000,0
MappedFileStorage.totalTimeSpentOnMappingUs,1788966113125000000,1788966173121000000,9644
DirectByteBufferAllocator.totalSizeOfBuffersAllocatedInBytes,1788966113125000000,1788966173121000000,233848832
DirectByteBufferAllocator.misses,1788966113125000000,1788966173121000000,0
compiler.ArtifactVirtualFileListener.filePathChanged.ms,1788966113125000000,1788966173121000000,0
compiler.ArtifactManagerBridge.commit.ms,1788966113125000000,1788966173121000000,0
compiler.ArtifactManagerBridge.findArtifact.ms,1788966113125000000,1788966173121000000,0
compiler.ArtifactManagerBridge.getArtifacts.ms,1788966113125000000,1788966173121000000,0
compiler.ArtifactManagerBridge.dropMappings.ms,1788966113125000000,1788966173121000000,0
compiler.ArtifactManagerBridge.initBridges.ms,1788966113125000000,1788966173121000000,0
compiler.ArtifactManagerBridge.addArtifact.ms,1788966113125000000,1788966173121000000,0
compiler.ArtifactVirtualFileListener.propertyChanged.ms,1788966113125000000,1788966173121000000,0
compiler.ArtifactManagerBridge.getArtifactsByType.ms,1788966113125000000,1788966173121000000,0
AWTEventQueue.dispatchTimeTotalNS,1788966173121000000,1788966233116000000,50525700
AWTEventQueue.dispatchTimeAvgNs,1788966173121000000,1788966233116000000,0.0
FlushQueue.waitingTimeMaxNs,1788966173121000000,1788966233116000000,0
NonBlockingReadAction.finalizedExecutionTimeUs,1788966173121000000,1788966233116000000,0
FlushQueue.queueSizeAvg,1788966173121000000,1788966233116000000,0.0
NonBlockingReadAction.failedExecutionsCount,1788966173121000000,1788966233116000000,0
ReadAction.executionsCount,1788966173121000000,1788966233116000000,0
FlushQueue.executionTimeMaxNs,1788966173121000000,1788966233116000000,0
FlushQueue.executionTimeAvgNs,1788966173121000000,1788966233116000000,0.0
FlushQueue.queueSizeMax,1788966173121000000,1788966233116000000,0
WriteAction.executionsCount,1788966173121000000,1788966233116000000,0
FlushQueue.tasksExecuted,1788966173121000000,1788966233116000000,0
FlushQueue.waitingTimeAvgNs,1788966173121000000,1788966233116000000,0.0
AWTEventQueue.dispatchTimeMaxNs,1788966173121000000,1788966233116000000,0
FlushQueue.executionTime90PNs,1788966173121000000,1788966233116000000,0
NonBlockingReadAction.failedExecutionTimeUs,1788966173121000000,1788966233116000000,0
AWTEventQueue.dispatchTime90PNs,1788966173121000000,1788966233116000000,0
FlushQueue.queueSize90P,1788966173121000000,1788966233116000000,0
FlushQueue.waitingTime90PNs,1788966173121000000,1788966233116000000,0
NonBlockingReadAction.finalizedExecutionsCount,1788966173121000000,1788966233116000000,0
AWTEventQueue.eventsDispatched,1788966173121000000,1788966233116000000,0
writeAction.wait.ms,1788966173121000000,1788966233116000000,0
writeAction.median.wait.ms,1788966173121000000,1788966233116000000,0
writeAction.max.wait.ms,1788966173121000000,1788966233116000000,11
writeAction.count,1788966173121000000,1788966233116000000,0
JVM.newThreadsCount,1788966173121000000,1788966233116000000,0
JVM.maxThreadCount,1788966173121000000,1788966233116000000,186
JVM.totalCpuTimeMs,1788966173121000000,1788966233116000000,1455
OS.loadAverage,1788966173121000000,1788966233116000000,1.97607421875
JVM.GC.collectionTimesMs,1788966173121000000,1788966233116000000,0
JVM.maxHeapBytes,1788966173121000000,1788966233116000000,2147483648
JVM.GC.collections,1788966173121000000,1788966233116000000,0
JVM.threadCount,1788966173121000000,1788966233116000000,57
JVM.totalBytesAllocated,1788966173121000000,1788966233116000000,10608944
JVM.totalDirectByteBuffersBytes,1788966173121000000,1788966233116000000,234721975
JVM.usedHeapBytes,1788966173121000000,1788966233116000000,192969360
JVM.usedNativeBytes,1788966173121000000,1788966233116000000,270129400
cacheStateStorage.set.counter,1788966173121000000,1788966233116000000,0
cacheStateStorage.set.duration,1788966173121000000,1788966233116000000,0
cacheStateStorage.get.counter,1788966173121000000,1788966233116000000,0
cacheStateStorage.get.duration,1788966173121000000,1788966233116000000,0
VFS.fileByIdCache.misses,1788966173121000000,1788966233116000000,0
FileNameCache.queries,1788966173121000000,1788966233116000000,0
VFS.fileChildByName,1788966173121000000,1788966233116000000,0
FileNameCache.totalMisses,1788966173121000000,1788966233116000000,0
VFS.invertedFileNameIndex.requests,1788966173121000000,1788966233116000000,0
VFS.fileByIdCache.hits,1788966173121000000,1788966233116000000,0
workspaceModel.loading.from.cache.ms,1788966173121000000,1788966233116000000,0
workspaceModel.check.recursive.update.ms,1788966173121000000,1788966233116000000,0
workspaceModel.cachedValue.from.cache.ms,1788966173121000000,1788966233116000000,0
workspaceModel.cachedValue.clear.ms,1788966173121000000,1788966233116000000,0
workspaceModel.workspaceFileIndexData.getPackageName.ms,1788966173121000000,1788966233116000000,0
workspaceModel.replace.project.model.ms,1788966173121000000,1788966233116000000,0
workspaceModel.initializing.ms,1788966173121000000,1788966233116000000,0
workspaceModel.updates.count,1788966173121000000,1788966233116000000,0
workspaceModel.cachedValueWithParameters.clear.ms,1788966173121000000,1788966233116000000,0
workspaceModel.cachedValueWithParameters.calculated.ms,1788966173121000000,1788966233116000000,0
workspaceModel.workspaceFileIndexData.init.ms,1788966173121000000,1788966233116000000,0
workspaceModel.workspaceFileIndexData.instances.count,1788966173121000000,1788966233116000000,0
workspaceModel.pre.handlers.ms,1788966173121000000,1788966233116000000,0
workspaceModel.collect.changes.ms,1788966173121000000,1788966233116000000,0
workspaceModel.cachedValue.total.get.ms,1788966173121000000,1788966233116000000,0
workspaceModel.entityStorageSnapshotImpl.instances.count,1788966173121000000,1788966233116000000,0
workspaceModel.init.bridges.ms,1788966173121000000,1788966233116000000,0
workspaceModel.workspaceFileIndexData.processFileSets.ms,1788966173121000000,1788966233116000000,0
workspaceModel.workspaceFileIndexData.visitFileSets.ms,1788966173121000000,1788966233116000000,0
workspaceModel.workspaceFileIndexData.markDirty.ms,1788966173121000000,1788966233116000000,0
workspaceModel.to.snapshot.ms,1788966173121000000,1788966233116000000,0
workspaceModel.workspaceFileIndexData.getDirectoriesByPackageName.ms,1788966173121000000,1788966233116000000,0
workspaceModel.updates.ms,1788966173121000000,1788966233116000000,0
workspaceModel.loading.total.ms,1788966173121000000,1788966233116000000,0
workspaceModel.cachedValue.calculated.ms,1788966173121000000,1788966233116000000,0
workspaceModel.cachedValueWithParameters.from.cache.ms,1788966173121000000,1788966233116000000,0
workspaceModel.workspaceFileIndexData.updateDirtyEntities.ms,1788966173121000000,1788966233116000000,0
workspaceModel.cachedValueWithParameters.total.get.ms,1788966173121000000,1788966233116000000,0
workspaceModel.workspaceFileIndexData.onEntitiesChanged.ms,1788966173121000000,1788966233116000000,0
workspaceModel.full.replace.project.model.ms,1788966173121000000,1788966233116000000,0
workspaceModel.workspaceFileIndexContributor.registerFileSets.ms,1788966173121000000,1788966233116000000,0
workspaceModel.workspaceFileIndexData.getFileInfo.ms,1788966173121000000,1788966233116000000,0
workspaceModel.update.unloaded.entities.ms,1788966173121000000,1788966233116000000,0
workspaceModel.updates.precise.ms,1788966173121000000,1788966233116000000,0
Indexes.allKeys.lookupDurationAvgMs,1788966173121000000,1788966233116000000,0.0
Indexes.stubs.lookupDurationAvgMs,1788966173121000000,1788966233116000000,0.0
Indexes.entries.lookupDurationMaxMs,1788966173121000000,1788966233116000000,0.0
IndexesFlusher.totalFlushesRetried,1788966173121000000,1788966233116000000,0
IndexesFlusher.totalFlushes,1788966173121000000,1788966233116000000,59
Indexes.allKeys.lookups,1788966173121000000,1788966233116000000,0.0
Indexes.entries.lookupDurationAvgMs,1788966173121000000,1788966233116000000,0.0
Indexes.allKeys.lookupDurationMaxMs,1788966173121000000,1788966233116000000,0.0
Indexes.allKeys.lookupDuration90PMs,1788966173121000000,1788966233116000000,0.0
Indexes.entries.lookups,1788966173121000000,1788966233116000000,0.0
Indexes.stubs.lookupDurationMaxMs,1788966173121000000,1788966233116000000,0.0
Indexes.entries.lookupDuration90PMs,1788966173121000000,1788966233116000000,0.0
Indexes.stubs.lookupDuration90PMs,1788966173121000000,1788966233116000000,0.0
IndexesFlusher.totalFlushingTimeUs,1788966173121000000,1788966233116000000,249023
IndexesFlusher.totalContentionQuotaSpent,1788966173121000000,1788966233116000000,0
Indexes.stubs.lookups,1788966173121000000,1788966233116000000,0.0
jps.apply.loaded.storage.ms,1788966173121000000,1788966233116000000,0
jps.module.iml.entities.serializer.save.entities.ms,1788966173121000000,1788966233116000000,0
workspaceModel.mutableEntityStorage.replace.by.source.ms,1788966173121000000,1788966233116000000,0
workspaceModel.moduleBridgeLoader.loading.modules.ms,1788966173121000000,1788966233116000000,0
workspaceModel.mutableEntityStorage.referrers.ms,1788966173121000000,1788966233116000000,0
jps.global.handle.before.change.events.ms,1788966173121000000,1788966233116000000,0
workspaceModel.load.cache.from.file.ms,1788966173121000000,1788966233116000000,0
jps.library.entities.serializer.load.entities.ms,1788966173121000000,1788966233116000000,0
workspaceModel.global.apply.state.to.project.builder.ms,1788966173121000000,1788966233116000000,0
jps.global.get.library.by.name.ms,1788966173121000000,1788966233116000000,0
workspaceModel.mutableEntityStorage.modify.entity.ms,1788966173121000000,1788966233116000000,0
workspaceModel.mutableEntityStorage.resolve.ms,1788966173121000000,1788966233116000000,0
workspaceModel.moduleManagerBridge.newModule.ms,1788966173121000000,1788966233116000000,0
workspaceModel.global.updates.ms,1788966173121000000,1788966233116000000,0
workspaceModel.save.cache.to.file.ms,1788966173121000000,1788966233116000000,0
workspaceModel.mutableEntityStorage.apply.changes.from.ms,1788966173121000000,1788966233116000000,0
jps.project.serializers.save.ms,1788966173121000000,1788966233116000000,0
workspaceModel.mutableEntityStorage.entities.by.source.ms,1788966173121000000,1788966233116000000,0
workspaceModel.mutableEntityStorage.instances.count,1788966173121000000,1788966233116000000,0
jps.artifact.entities.serializer.save.entities.ms,1788966173121000000,1788966233116000000,0
jps.global.get.libraries.ms,1788966173121000000,1788966233116000000,0
jps.library.entities.serializer.save.entities.ms,1788966173121000000,1788966233116000000,0
workspaceModel.do.save.caches.ms,1788966173121000000,1788966233116000000,0
jps.facet.change.listener.before.change.events.ms,1788966173121000000,1788966233116000000,0
jps.global.handle.changed.events.ms,1788966173121000000,1788966233116000000,0
workspaceModel.mutableEntityStorage.has.same.entities.ms,1788966173121000000,1788966233116000000,0
jps.project.serializers.load.ms,1788966173121000000,1788966233116000000,0
workspaceModel.mutableEntityStorage.to.snapshot.ms,1788966173121000000,1788966233116000000,0
jps.storage.jps.conf.reader.load.component.ms,1788966173121000000,1788966233116000000,0
workspaceModel.moduleManagerBridge.new.nonPersistent.module.ms,1788966173121000000,1788966233116000000,0
workspaceModel.moduleManagerBridge.build.module.graph.ms,1788966173121000000,1788966233116000000,0
workspaceModel.mutableEntityStorage.entities.ms,1788966173121000000,1788966233116000000,0
workspaceModel.moduleBridge.before.changed.ms,1788966173121000000,1788966233116000000,0
jps.module.iml.entities.serializer.load.entities.ms,1788966173121000000,1788966233116000000,0
jps.load.initial.state.ms,1788966173121000000,1788966233116000000,0
workspaceModel.moduleManagerBridge.create.module.instance.ms,1788966173121000000,1788966233116000000,0
workspaceModel.orphan.listener.update.ms,1788966173121000000,1788966233116000000,0
jps.global.initialize.library.bridges.ms,1788966173121000000,1788966233116000000,0
jps.load.project.to.empty.storage.ms,1788966173121000000,1788966233116000000,0
workspaceModel.moduleBridge.update.option.ms,1788966173121000000,1788966233116000000,0
workspaceModel.moduleBridge.facet.initialization.ms,1788966173121000000,1788966233116000000,0
jps.save.changed.project.entities.ms,1788966173121000000,1788966233116000000,0
workspaceModel.global.apply.state.to.project.ms,1788966173121000000,1788966233116000000,0
jps.artifact.entities.serializer.load.entities.ms,1788966173121000000,1788966233116000000,0
workspaceModel.moduleManagerBridge.load.all.modules.ms,1788966173121000000,1788966233116000000,0
workspaceModel.mutableEntityStorage.mutable.vfurl.index.ms,1788966173121000000,1788966233116000000,0
jps.reload.project.entities.ms,1788966173121000000,1788966233116000000,0
workspaceModel.global.updates.count,1788966173121000000,1788966233116000000,0
workspaceModel.mutableEntityStorage.mutable.ext.mapping.ms,1788966173121000000,1788966233116000000,0
jps.global.get.library.ms,1788966173121000000,1788966233116000000,0
jps.facet.change.listener.init.bridge.ms,1788966173121000000,1788966233116000000,0
jps.app.storage.content.reader.load.component.ms,1788966173121000000,1788966233116000000,0
workspaceModel.mutableEntityStorage.put.entity.ms,1788966173121000000,1788966233116000000,0
jps.global.initialize.library.bridges.after.loading.ms,1788966173121000000,1788966233116000000,0
workspaceModel.mutableEntityStorage.collect.changes.ms,1788966173121000000,1788966233116000000,0
workspaceModel.mutableEntityStorage.add.entity.ms,1788966173121000000,1788966233116000000,0
workspaceModel.delayed.project.synchronizer.sync.ms,1788966173121000000,1788966233116000000,0
jps.save.global.entities.ms,1788966173121000000,1788966233116000000,0
workspaceModel.moduleManagerBridge.get.modules.ms,1788966173121000000,1788966233116000000,0
workspaceModel.moduleManagerBridge.set.unloadedModules.ms,1788966173121000000,1788966233116000000,0
workspaceModel.load.cache.metadata.from.file.ms,1788966173121000000,1788966233116000000,0
workspaceModel.mutableEntityStorage.remove.entity.ms,1788966173121000000,1788966233116000000,0
jps.facet.change.listener.process.change.events.ms,1788966173121000000,1788966233116000000,0
workspaceModel.sync.entities.ms,1788966173121000000,1788966233116000000,0
workspaceModel.moduleManagerBridge.load.module.ms,1788966173121000000,1788966233116000000,0
MappedFileStorage.totalPagesMapped,1788966173121000000,1788966233116000000,15
FilePageCache.totalPageDisposalsUs,1788966173121000000,1788966233116000000,0
FilePageCache.pageFastCacheHits,1788966173121000000,1788966233116000000,0
FilePageCacheLockFree.totalPagesHandedOver,1788966173121000000,1788966233116000000,0
StreamlinedBlobStorage.recordsRelocated,1788966173121000000,1788966233116000000,0
StreamlinedBlobStorage.totalLiveRecordsPayloadBytes,1788966173121000000,1788966233116000000,0
DirectByteBufferAllocator.disposed,1788966173121000000,1788966233116000000,0
MappedFileStorage.storages,1788966173121000000,1788966233116000000,15
DirectByteBufferAllocator.totalSizeOfBuffersCachedInBytes,1788966173121000000,1788966233116000000,0
FilePageCacheLockFree.totalNativeBytesReclaimed,1788966173121000000,1788966233116000000,0
FilePageCacheLockFree.nativeBytesInUse,1788966173121000000,1788966233116000000,0
FilePageCacheLockFree.totalPageAllocationsWaited,1788966173121000000,1788966233116000000,0
FilePageCache.maxCacheSizeInBytes,1788966173121000000,1788966233116000000,233848832
FilePageCache.capacityInBytes,1788966173121000000,1788966233116000000,503316478
FilePageCacheLockFree.totalBytesRead,1788966173121000000,1788966233116000000,0
FilePageCache.maxRegisteredFiles,1788966173121000000,1788966233116000000,555
FilePageCacheLockFree.totalHeapBytesReclaimed,1788966173121000000,1788966233116000000,0
FilePageCacheLockFree.totalBytesRequested,1788966173121000000,1788966233116000000,0
FilePageCacheLockFree.totalPagesRequested,1788966173121000000,1788966233116000000,0
FilePageCache.totalPageLoadsUs,1788966173121000000,1788966233116000000,0
FilePageCache.uncachedFileAccess,1788966173121000000,1788966233116000000,0
StorageLockContext.competingThreads.avg,1788966173121000000,1788966233116000000,0.0
FilePageCacheLockFree.housekeeperTurnsSkipped,1788966173121000000,1788966233116000000,0
MappedFileStorage.totalBytesMapped,1788966173121000000,1788966233116000000,198443008
DirectByteBufferAllocator.hits,1788966173121000000,1788966233116000000,0
StreamlinedBlobStorage.recordsAllocated,1788966173121000000,1788966233116000000,0
StreamlinedBlobStorage.totalLiveRecordsCapacityBytes,1788966173121000000,1788966233116000000,0
FilePageCache.pageLoadsAboveSizeThreshold,1788966173121000000,1788966233116000000,0
FilePageCacheLockFree.totalPagesWriteMs,1788966173121000000,1788966233116000000,0
FilePageCache.pageLoads,1788966173121000000,1788966233116000000,0
FileChannelInterruptsRetryer.totalRetriedAttempts,1788966173121000000,1788966233116000000,0
FilePageCacheLockFree.totalClosedStoragesReclaimed,1788966173121000000,1788966233116000000,0
FilePageCacheLockFree.totalPagesReclaimed,1788966173121000000,1788966233116000000,0
FilePageCacheLockFree.totalBytesWritten,1788966173121000000,1788966233116000000,0
FilePageCacheLockFree.totalNativeBytesAllocated,1788966173121000000,1788966233116000000,0
FilePageCache.disposedBuffers,1788966173121000000,1788966233116000000,0
FilePageCacheLockFree.heapBytesInUse,1788966173121000000,1788966233116000000,0
FilePageCacheLockFree.housekeeperTimeSpentMs,1788966173121000000,1788966233116000000,0
FilePageCacheLockFree.totalPagesAllocated,1788966173121000000,1788966233116000000,0
FilePageCacheLockFree.totalHeapBytesAllocated,1788966173121000000,1788966233116000000,0
FilePageCacheLockFree.totalPagesRequestsMs,1788966173121000000,1788966233116000000,0
DirectByteBufferAllocator.reclaimed,1788966173121000000,1788966233116000000,0
FilePageCacheLockFree.totalPagesReadMs,1788966173121000000,1788966233116000000,0
FilePageCache.pageHits,1788966173121000000,1788966233116000000,0
FilePageCacheLockFree.totalPagesWritten,1788966173121000000,1788966233116000000,0
StorageLockContext.competingThreads.90P,1788966173121000000,1788966233116000000,0
FilePageCacheLockFree.housekeeperTurnsDone,1788966173121000000,1788966233116000000,0
StorageLockContext.competingThreads.max,1788966173121000000,1788966233116000000,0
StreamlinedBlobStorage.recordsDeleted,1788966173121000000,1788966233116000000,0
MappedFileStorage.totalTimeSpentOnMappingUs,1788966173121000000,1788966233116000000,9644
DirectByteBufferAllocator.totalSizeOfBuffersAllocatedInBytes,1788966173121000000,1788966233116000000,233848832
DirectByteBufferAllocator.misses,1788966173121000000,1788966233116000000,0
compiler.ArtifactVirtualFileListener.filePathChanged.ms,1788966173121000000,1788966233116000000,0
compiler.ArtifactManagerBridge.commit.ms,1788966173121000000,1788966233116000000,0
compiler.ArtifactManagerBridge.findArtifact.ms,1788966173121000000,1788966233116000000,0
compiler.ArtifactManagerBridge.getArtifacts.ms,1788966173121000000,1788966233116000000,0
compiler.ArtifactManagerBridge.dropMappings.ms,1788966173121000000,1788966233116000000,0
compiler.ArtifactManagerBridge.initBridges.ms,1788966173121000000,1788966233116000000,0
compiler.ArtifactManagerBridge.addArtifact.ms,1788966173121000000,1788966233116000000,0
compiler.ArtifactVirtualFileListener.propertyChanged.ms,1788966173121000000,1788966233116000000,0
compiler.ArtifactManagerBridge.getArtifactsByType.ms,1788966173121000000,1788966233116000000,0
AWTEventQueue.dispatchTimeTotalNS,1788966233116000000,1788966293116000000,50325571
AWTEventQueue.dispatchTimeAvgNs,1788966233116000000,1788966293116000000,0.0
FlushQueue.waitingTimeMaxNs,1788966233116000000,1788966293116000000,0
NonBlockingReadAction.finalizedExecutionTimeUs,1788966233116000000,1788966293116000000,0
FlushQueue.queueSizeAvg,1788966233116000000,1788966293116000000,0.0
NonBlockingReadAction.failedExecutionsCount,1788966233116000000,1788966293116000000,0
ReadAction.executionsCount,1788966233116000000,1788966293116000000,0
FlushQueue.executionTimeMaxNs,1788966233116000000,1788966293116000000,0
FlushQueue.executionTimeAvgNs,1788966233116000000,1788966293116000000,0.0
FlushQueue.queueSizeMax,1788966233116000000,1788966293116000000,0
WriteAction.executionsCount,1788966233116000000,1788966293116000000,0
FlushQueue.tasksExecuted,1788966233116000000,1788966293116000000,0
FlushQueue.waitingTimeAvgNs,1788966233116000000,1788966293116000000,0.0
AWTEventQueue.dispatchTimeMaxNs,1788966233116000000,1788966293116000000,0
FlushQueue.executionTime90PNs,1788966233116000000,1788966293116000000,0
NonBlockingReadAction.failedExecutionTimeUs,1788966233116000000,1788966293116000000,0
AWTEventQueue.dispatchTime90PNs,1788966233116000000,1788966293116000000,0
FlushQueue.queueSize90P,1788966233116000000,1788966293116000000,0
FlushQueue.waitingTime90PNs,1788966233116000000,1788966293116000000,0
NonBlockingReadAction.finalizedExecutionsCount,1788966233116000000,1788966293116000000,0
AWTEventQueue.eventsDispatched,1788966233116000000,1788966293116000000,0
writeAction.wait.ms,1788966233116000000,1788966293116000000,0
writeAction.median.wait.ms,1788966233116000000,1788966293116000000,0
writeAction.max.wait.ms,1788966233116000000,1788966293116000000,11
writeAction.count,1788966233116000000,1788966293116000000,0
JVM.newThreadsCount,1788966233116000000,1788966293116000000,1
JVM.maxThreadCount,1788966233116000000,1788966293116000000,186
JVM.totalCpuTimeMs,1788966233116000000,1788966293116000000,1075
OS.loadAverage,1788966233116000000,1788966293116000000,2.1572265625
JVM.GC.collectionTimesMs,1788966233116000000,1788966293116000000,0
JVM.maxHeapBytes,1788966233116000000,1788966293116000000,2147483648
JVM.GC.collections,1788966233116000000,1788966293116000000,0
JVM.threadCount,1788966233116000000,1788966293116000000,57
JVM.totalBytesAllocated,1788966233116000000,1788966293116000000,10242176
JVM.totalDirectByteBuffersBytes,1788966233116000000,1788966293116000000,234713783
JVM.usedHeapBytes,1788966233116000000,1788966293116000000,203455120
JVM.usedNativeBytes,1788966233116000000,1788966293116000000,269003624
cacheStateStorage.set.counter,1788966233116000000,1788966293116000000,0
cacheStateStorage.set.duration,1788966233116000000,1788966293116000000,0
cacheStateStorage.get.counter,1788966233116000000,1788966293116000000,0
cacheStateStorage.get.duration,1788966233116000000,1788966293116000000,0
VFS.fileByIdCache.misses,1788966233116000000,1788966293116000000,0
FileNameCache.queries,1788966233116000000,1788966293116000000,0
VFS.fileChildByName,1788966233116000000,1788966293116000000,0
FileNameCache.totalMisses,1788966233116000000,1788966293116000000,0
VFS.invertedFileNameIndex.requests,1788966233116000000,1788966293116000000,0
VFS.fileByIdCache.hits,1788966233116000000,1788966293116000000,0
workspaceModel.loading.from.cache.ms,1788966233116000000,1788966293116000000,0
workspaceModel.check.recursive.update.ms,1788966233116000000,1788966293116000000,0
workspaceModel.cachedValue.from.cache.ms,1788966233116000000,1788966293116000000,0
workspaceModel.cachedValue.clear.ms,1788966233116000000,1788966293116000000,0
workspaceModel.workspaceFileIndexData.getPackageName.ms,1788966233116000000,1788966293116000000,0
workspaceModel.replace.project.model.ms,1788966233116000000,1788966293116000000,0
workspaceModel.initializing.ms,1788966233116000000,1788966293116000000,0
workspaceModel.updates.count,1788966233116000000,1788966293116000000,0
workspaceModel.cachedValueWithParameters.clear.ms,1788966233116000000,1788966293116000000,0
workspaceModel.cachedValueWithParameters.calculated.ms,1788966233116000000,1788966293116000000,0
workspaceModel.workspaceFileIndexData.init.ms,1788966233116000000,1788966293116000000,0
workspaceModel.workspaceFileIndexData.instances.count,1788966233116000000,1788966293116000000,0
workspaceModel.pre.handlers.ms,1788966233116000000,1788966293116000000,0
workspaceModel.collect.changes.ms,1788966233116000000,1788966293116000000,0
workspaceModel.cachedValue.total.get.ms,1788966233116000000,1788966293116000000,0
workspaceModel.entityStorageSnapshotImpl.instances.count,1788966233116000000,1788966293116000000,0
workspaceModel.init.bridges.ms,1788966233116000000,1788966293116000000,0
workspaceModel.workspaceFileIndexData.processFileSets.ms,1788966233116000000,1788966293116000000,0
workspaceModel.workspaceFileIndexData.visitFileSets.ms,1788966233116000000,1788966293116000000,0
workspaceModel.workspaceFileIndexData.markDirty.ms,1788966233116000000,1788966293116000000,0
workspaceModel.to.snapshot.ms,1788966233116000000,1788966293116000000,0
workspaceModel.workspaceFileIndexData.getDirectoriesByPackageName.ms,1788966233116000000,1788966293116000000,0
workspaceModel.updates.ms,1788966233116000000,1788966293116000000,0
workspaceModel.loading.total.ms,1788966233116000000,1788966293116000000,0
workspaceModel.cachedValue.calculated.ms,1788966233116000000,1788966293116000000,0
workspaceModel.cachedValueWithParameters.from.cache.ms,1788966233116000000,1788966293116000000,0
workspaceModel.workspaceFileIndexData.updateDirtyEntities.ms,1788966233116000000,1788966293116000000,0
workspaceModel.cachedValueWithParameters.total.get.ms,1788966233116000000,1788966293116000000,0
workspaceModel.workspaceFileIndexData.onEntitiesChanged.ms,1788966233116000000,1788966293116000000,0
workspaceModel.full.replace.project.model.ms,1788966233116000000,1788966293116000000,0
workspaceModel.workspaceFileIndexContributor.registerFileSets.ms,1788966233116000000,1788966293116000000,0
workspaceModel.workspaceFileIndexData.getFileInfo.ms,1788966233116000000,1788966293116000000,0
workspaceModel.update.unloaded.entities.ms,1788966233116000000,1788966293116000000,0
workspaceModel.updates.precise.ms,1788966233116000000,1788966293116000000,0
Indexes.allKeys.lookupDurationAvgMs,1788966233116000000,1788966293116000000,0.0
Indexes.stubs.lookupDurationAvgMs,1788966233116000000,1788966293116000000,0.0
Indexes.entries.lookupDurationMaxMs,1788966233116000000,1788966293116000000,0.0
IndexesFlusher.totalFlushesRetried,1788966233116000000,1788966293116000000,0
IndexesFlusher.totalFlushes,1788966233116000000,1788966293116000000,58
Indexes.allKeys.lookups,1788966233116000000,1788966293116000000,0.0
Indexes.entries.lookupDurationAvgMs,1788966233116000000,1788966293116000000,0.0
Indexes.allKeys.lookupDurationMaxMs,1788966233116000000,1788966293116000000,0.0
Indexes.allKeys.lookupDuration90PMs,1788966233116000000,1788966293116000000,0.0
Indexes.entries.lookups,1788966233116000000,1788966293116000000,0.0
Indexes.stubs.lookupDurationMaxMs,1788966233116000000,1788966293116000000,0.0
Indexes.entries.lookupDuration90PMs,1788966233116000000,1788966293116000000,0.0
Indexes.stubs.lookupDuration90PMs,1788966233116000000,1788966293116000000,0.0
IndexesFlusher.totalFlushingTimeUs,1788966233116000000,1788966293116000000,270335
IndexesFlusher.totalContentionQuotaSpent,1788966233116000000,1788966293116000000,0
Indexes.stubs.lookups,1788966233116000000,1788966293116000000,0.0
jps.apply.loaded.storage.ms,1788966233116000000,1788966293116000000,0
jps.module.iml.entities.serializer.save.entities.ms,1788966233116000000,1788966293116000000,0
workspaceModel.mutableEntityStorage.replace.by.source.ms,1788966233116000000,1788966293116000000,0
workspaceModel.moduleBridgeLoader.loading.modules.ms,1788966233116000000,1788966293116000000,0
workspaceModel.mutableEntityStorage.referrers.ms,1788966233116000000,1788966293116000000,0
jps.global.handle.before.change.events.ms,1788966233116000000,1788966293116000000,0
workspaceModel.load.cache.from.file.ms,1788966233116000000,1788966293116000000,0
jps.library.entities.serializer.load.entities.ms,1788966233116000000,1788966293116000000,0
workspaceModel.global.apply.state.to.project.builder.ms,1788966233116000000,1788966293116000000,0
jps.global.get.library.by.name.ms,1788966233116000000,1788966293116000000,0
workspaceModel.mutableEntityStorage.modify.entity.ms,1788966233116000000,1788966293116000000,0
workspaceModel.mutableEntityStorage.resolve.ms,1788966233116000000,1788966293116000000,0
workspaceModel.moduleManagerBridge.newModule.ms,1788966233116000000,1788966293116000000,0
workspaceModel.global.updates.ms,1788966233116000000,1788966293116000000,0
workspaceModel.save.cache.to.file.ms,1788966233116000000,1788966293116000000,0
workspaceModel.mutableEntityStorage.apply.changes.from.ms,1788966233116000000,1788966293116000000,0
jps.project.serializers.save.ms,1788966233116000000,1788966293116000000,0
workspaceModel.mutableEntityStorage.entities.by.source.ms,1788966233116000000,1788966293116000000,0
workspaceModel.mutableEntityStorage.instances.count,1788966233116000000,1788966293116000000,0
jps.artifact.entities.serializer.save.entities.ms,1788966233116000000,1788966293116000000,0
jps.global.get.libraries.ms,1788966233116000000,1788966293116000000,0
jps.library.entities.serializer.save.entities.ms,1788966233116000000,1788966293116000000,0
workspaceModel.do.save.caches.ms,1788966233116000000,1788966293116000000,0
jps.facet.change.listener.before.change.events.ms,1788966233116000000,1788966293116000000,0
jps.global.handle.changed.events.ms,1788966233116000000,1788966293116000000,0
workspaceModel.mutableEntityStorage.has.same.entities.ms,1788966233116000000,1788966293116000000,0
jps.project.serializers.load.ms,1788966233116000000,1788966293116000000,0
workspaceModel.mutableEntityStorage.to.snapshot.ms,1788966233116000000,1788966293116000000,0
jps.storage.jps.conf.reader.load.component.ms,1788966233116000000,1788966293116000000,0
workspaceModel.moduleManagerBridge.new.nonPersistent.module.ms,1788966233116000000,1788966293116000000,0
workspaceModel.moduleManagerBridge.build.module.graph.ms,1788966233116000000,1788966293116000000,0
workspaceModel.mutableEntityStorage.entities.ms,1788966233116000000,1788966293116000000,0
workspaceModel.moduleBridge.before.changed.ms,1788966233116000000,1788966293116000000,0
jps.module.iml.entities.serializer.load.entities.ms,1788966233116000000,1788966293116000000,0
jps.load.initial.state.ms,1788966233116000000,1788966293116000000,0
workspaceModel.moduleManagerBridge.create.module.instance.ms,1788966233116000000,1788966293116000000,0
workspaceModel.orphan.listener.update.ms,1788966233116000000,1788966293116000000,0
jps.global.initialize.library.bridges.ms,1788966233116000000,1788966293116000000,0
jps.load.project.to.empty.storage.ms,1788966233116000000,1788966293116000000,0
workspaceModel.moduleBridge.update.option.ms,1788966233116000000,1788966293116000000,0
workspaceModel.moduleBridge.facet.initialization.ms,1788966233116000000,1788966293116000000,0
jps.save.changed.project.entities.ms,1788966233116000000,1788966293116000000,0
workspaceModel.global.apply.state.to.project.ms,1788966233116000000,1788966293116000000,0
jps.artifact.entities.serializer.load.entities.ms,1788966233116000000,1788966293116000000,0
workspaceModel.moduleManagerBridge.load.all.modules.ms,1788966233116000000,1788966293116000000,0
workspaceModel.mutableEntityStorage.mutable.vfurl.index.ms,1788966233116000000,1788966293116000000,0
jps.reload.project.entities.ms,1788966233116000000,1788966293116000000,0
workspaceModel.global.updates.count,1788966233116000000,1788966293116000000,0
workspaceModel.mutableEntityStorage.mutable.ext.mapping.ms,1788966233116000000,1788966293116000000,0
jps.global.get.library.ms,1788966233116000000,1788966293116000000,0
jps.facet.change.listener.init.bridge.ms,1788966233116000000,1788966293116000000,0
jps.app.storage.content.reader.load.component.ms,1788966233116000000,1788966293116000000,0
workspaceModel.mutableEntityStorage.put.entity.ms,1788966233116000000,1788966293116000000,0
jps.global.initialize.library.bridges.after.loading.ms,1788966233116000000,1788966293116000000,0
workspaceModel.mutableEntityStorage.collect.changes.ms,1788966233116000000,1788966293116000000,0
workspaceModel.mutableEntityStorage.add.entity.ms,1788966233116000000,1788966293116000000,0
workspaceModel.delayed.project.synchronizer.sync.ms,1788966233116000000,1788966293116000000,0
jps.save.global.entities.ms,1788966233116000000,1788966293116000000,0
workspaceModel.moduleManagerBridge.get.modules.ms,1788966233116000000,1788966293116000000,0
workspaceModel.moduleManagerBridge.set.unloadedModules.ms,1788966233116000000,1788966293116000000,0
workspaceModel.load.cache.metadata.from.file.ms,1788966233116000000,1788966293116000000,0
workspaceModel.mutableEntityStorage.remove.entity.ms,1788966233116000000,1788966293116000000,0
jps.facet.change.listener.process.change.events.ms,1788966233116000000,1788966293116000000,0
workspaceModel.sync.entities.ms,1788966233116000000,1788966293116000000,0
workspaceModel.moduleManagerBridge.load.module.ms,1788966233116000000,1788966293116000000,0
MappedFileStorage.totalPagesMapped,1788966233116000000,1788966293116000000,15
FilePageCache.totalPageDisposalsUs,1788966233116000000,1788966293116000000,0
FilePageCache.pageFastCacheHits,1788966233116000000,1788966293116000000,0
FilePageCacheLockFree.totalPagesHandedOver,1788966233116000000,1788966293116000000,0
StreamlinedBlobStorage.recordsRelocated,1788966233116000000,1788966293116000000,0
StreamlinedBlobStorage.totalLiveRecordsPayloadBytes,1788966233116000000,1788966293116000000,0
DirectByteBufferAllocator.disposed,1788966233116000000,1788966293116000000,0
MappedFileStorage.storages,1788966233116000000,1788966293116000000,15
DirectByteBufferAllocator.totalSizeOfBuffersCachedInBytes,1788966233116000000,1788966293116000000,0
FilePageCacheLockFree.totalNativeBytesReclaimed,1788966233116000000,1788966293116000000,0
FilePageCacheLockFree.nativeBytesInUse,1788966233116000000,1788966293116000000,0
FilePageCacheLockFree.totalPageAllocationsWaited,1788966233116000000,1788966293116000000,0
FilePageCache.maxCacheSizeInBytes,1788966233116000000,1788966293116000000,233848832
FilePageCache.capacityInBytes,1788966233116000000,1788966293116000000,503316478
FilePageCacheLockFree.totalBytesRead,1788966233116000000,1788966293116000000,0
FilePageCache.maxRegisteredFiles,1788966233116000000,1788966293116000000,555
FilePageCacheLockFree.totalHeapBytesReclaimed,1788966233116000000,1788966293116000000,0
FilePageCacheLockFree.totalBytesRequested,1788966233116000000,1788966293116000000,0
FilePageCacheLockFree.totalPagesRequested,1788966233116000000,1788966293116000000,0
FilePageCache.totalPageLoadsUs,1788966233116000000,1788966293116000000,0
FilePageCache.uncachedFileAccess,1788966233116000000,1788966293116000000,0
StorageLockContext.competingThreads.avg,1788966233116000000,1788966293116000000,0.0
FilePageCacheLockFree.housekeeperTurnsSkipped,1788966233116000000,1788966293116000000,0
MappedFileStorage.totalBytesMapped,1788966233116000000,1788966293116000000,198443008
DirectByteBufferAllocator.hits,1788966233116000000,1788966293116000000,0
StreamlinedBlobStorage.recordsAllocated,1788966233116000000,1788966293116000000,0
StreamlinedBlobStorage.totalLiveRecordsCapacityBytes,1788966233116000000,1788966293116000000,0
FilePageCache.pageLoadsAboveSizeThreshold,1788966233116000000,1788966293116000000,0
FilePageCacheLockFree.totalPagesWriteMs,1788966233116000000,1788966293116000000,0
FilePageCache.pageLoads,1788966233116000000,1788966293116000000,0
FileChannelInterruptsRetryer.totalRetriedAttempts,1788966233116000000,1788966293116000000,0
FilePageCacheLockFree.totalClosedStoragesReclaimed,1788966233116000000,1788966293116000000,0
FilePageCacheLockFree.totalPagesReclaimed,1788966233116000000,1788966293116000000,0
FilePageCacheLockFree.totalBytesWritten,1788966233116000000,1788966293116000000,0
FilePageCacheLockFree.totalNativeBytesAllocated,1788966233116000000,1788966293116000000,0
FilePageCache.disposedBuffers,1788966233116000000,1788966293116000000,0
FilePageCacheLockFree.heapBytesInUse,1788966233116000000,1788966293116000000,0
FilePageCacheLockFree.housekeeperTimeSpentMs,1788966233116000000,1788966293116000000,0
FilePageCacheLockFree.totalPagesAllocated,1788966233116000000,1788966293116000000,0
FilePageCacheLockFree.totalHeapBytesAllocated,1788966233116000000,1788966293116000000,0
FilePageCacheLockFree.totalPagesRequestsMs,1788966233116000000,1788966293116000000,0
DirectByteBufferAllocator.reclaimed,1788966233116000000,1788966293116000000,0
FilePageCacheLockFree.totalPagesReadMs,1788966233116000000,1788966293116000000,0
FilePageCache.pageHits,1788966233116000000,1788966293116000000,0
FilePageCacheLockFree.totalPagesWritten,1788966233116000000,1788966293116000000,0
StorageLockContext.competingThreads.90P,1788966233116000000,1788966293116000000,0
FilePageCacheLockFree.housekeeperTurnsDone,1788966233116000000,1788966293116000000,0
StorageLockContext.competingThreads.max,1788966233116000000,1788966293116000000,0
StreamlinedBlobStorage.recordsDeleted,1788966233116000000,1788966293116000000,0
MappedFileStorage.totalTimeSpentOnMappingUs,1788966233116000000,1788966293116000000,9644
DirectByteBufferAllocator.totalSizeOfBuffersAllocatedInBytes,1788966233116000000,1788966293116000000,233848832
DirectByteBufferAllocator.misses,1788966233116000000,1788966293116000000,0
compiler.ArtifactVirtualFileListener.filePathChanged.ms,1788966233116000000,1788966293116000000,0
compiler.ArtifactManagerBridge.commit.ms,1788966233116000000,1788966293116000000,0
compiler.ArtifactManagerBridge.findArtifact.ms,1788966233116000000,1788966293116000000,0
compiler.ArtifactManagerBridge.getArtifacts.ms,1788966233116000000,1788966293116000000,0
compiler.ArtifactManagerBridge.dropMappings.ms,1788966233116000000,1788966293116000000,0
compiler.ArtifactManagerBridge.initBridges.ms,1788966233116000000,1788966293116000000,0
compiler.ArtifactManagerBridge.addArtifact.ms,1788966233116000000,1788966293116000000,0
compiler.ArtifactVirtualFileListener.propertyChanged.ms,1788966233116000000,1788966293116000000,0
compiler.ArtifactManagerBridge.getArtifactsByType.ms,1788966233116000000,1788966293116000000,0
AWTEventQueue.dispatchTimeTotalNS,1788966293116000000,1788966353117000000,2374469633
AWTEventQueue.dispatchTimeAvgNs,1788966293116000000,1788966353117000000,0.0
FlushQueue.waitingTimeMaxNs,1788966293116000000,1788966353117000000,0
NonBlockingReadAction.finalizedExecutionTimeUs,1788966293116000000,1788966353117000000,16100
FlushQueue.queueSizeAvg,1788966293116000000,1788966353117000000,0.0
NonBlockingReadAction.failedExecutionsCount,1788966293116000000,1788966353117000000,0
ReadAction.executionsCount,1788966293116000000,1788966353117000000,22207
FlushQueue.executionTimeMaxNs,1788966293116000000,1788966353117000000,0
FlushQueue.executionTimeAvgNs,1788966293116000000,1788966353117000000,0.0
FlushQueue.queueSizeMax,1788966293116000000,1788966353117000000,0
WriteAction.executionsCount,1788966293116000000,1788966353117000000,0
FlushQueue.tasksExecuted,1788966293116000000,1788966353117000000,0
FlushQueue.waitingTimeAvgNs,1788966293116000000,1788966353117000000,0.0
AWTEventQueue.dispatchTimeMaxNs,1788966293116000000,1788966353117000000,0
FlushQueue.executionTime90PNs,1788966293116000000,1788966353117000000,0
NonBlockingReadAction.failedExecutionTimeUs,1788966293116000000,1788966353117000000,0
AWTEventQueue.dispatchTime90PNs,1788966293116000000,1788966353117000000,0
FlushQueue.queueSize90P,1788966293116000000,1788966353117000000,0
FlushQueue.waitingTime90PNs,1788966293116000000,1788966353117000000,0
NonBlockingReadAction.finalizedExecutionsCount,1788966293116000000,1788966353117000000,35
AWTEventQueue.eventsDispatched,1788966293116000000,1788966353117000000,0
writeAction.wait.ms,1788966293116000000,1788966353117000000,0
writeAction.median.wait.ms,1788966293116000000,1788966353117000000,0
writeAction.max.wait.ms,1788966293116000000,1788966353117000000,11
writeAction.count,1788966293116000000,1788966353117000000,0
JVM.newThreadsCount,1788966293116000000,1788966353117000000,12
JVM.maxThreadCount,1788966293116000000,1788966353117000000,186
JVM.totalCpuTimeMs,1788966293116000000,1788966353117000000,15713
OS.loadAverage,1788966293116000000,1788966353117000000,2.48291015625
JVM.GC.collectionTimesMs,1788966293116000000,1788966353117000000,6
JVM.maxHeapBytes,1788966293116000000,1788966353117000000,2147483648
JVM.GC.collections,1788966293116000000,1788966353117000000,1
JVM.threadCount,1788966293116000000,1788966353117000000,64
JVM.totalBytesAllocated,1788966293116000000,1788966353117000000,173400096
JVM.totalDirectByteBuffersBytes,1788966293116000000,1788966353117000000,234741601
JVM.usedHeapBytes,1788966293116000000,1788966353117000000,278588928
JVM.usedNativeBytes,1788966293116000000,1788966353117000000,299122976
cacheStateStorage.set.counter,1788966293116000000,1788966353117000000,0
cacheStateStorage.set.duration,1788966293116000000,1788966353117000000,0
cacheStateStorage.get.counter,1788966293116000000,1788966353117000000,0
cacheStateStorage.get.duration,1788966293116000000,1788966353117000000,0
VFS.fileByIdCache.misses,1788966293116000000,1788966353117000000,0
FileNameCache.queries,1788966293116000000,1788966353117000000,4544
VFS.fileChildByName,1788966293116000000,1788966353117000000,199
FileNameCache.totalMisses,1788966293116000000,1788966353117000000,0
VFS.invertedFileNameIndex.requests,1788966293116000000,1788966353117000000,1
VFS.fileByIdCache.hits,1788966293116000000,1788966353117000000,0
workspaceModel.loading.from.cache.ms,1788966293116000000,1788966353117000000,0
workspaceModel.check.recursive.update.ms,1788966293116000000,1788966353117000000,0
workspaceModel.cachedValue.from.cache.ms,1788966293116000000,1788966353117000000,0
workspaceModel.cachedValue.clear.ms,1788966293116000000,1788966353117000000,0
workspaceModel.workspaceFileIndexData.getPackageName.ms,1788966293116000000,1788966353117000000,0
workspaceModel.replace.project.model.ms,1788966293116000000,1788966353117000000,0
workspaceModel.initializing.ms,1788966293116000000,1788966353117000000,0
workspaceModel.updates.count,1788966293116000000,1788966353117000000,0
workspaceModel.cachedValueWithParameters.clear.ms,1788966293116000000,1788966353117000000,0
workspaceModel.cachedValueWithParameters.calculated.ms,1788966293116000000,1788966353117000000,0
workspaceModel.workspaceFileIndexData.init.ms,1788966293116000000,1788966353117000000,0
workspaceModel.workspaceFileIndexData.instances.count,1788966293116000000,1788966353117000000,0
workspaceModel.pre.handlers.ms,1788966293116000000,1788966353117000000,0
workspaceModel.collect.changes.ms,1788966293116000000,1788966353117000000,0
workspaceModel.cachedValue.total.get.ms,1788966293116000000,1788966353117000000,0
workspaceModel.entityStorageSnapshotImpl.instances.count,1788966293116000000,1788966353117000000,0
workspaceModel.init.bridges.ms,1788966293116000000,1788966353117000000,0
workspaceModel.workspaceFileIndexData.processFileSets.ms,1788966293116000000,1788966353117000000,0
workspaceModel.workspaceFileIndexData.visitFileSets.ms,1788966293116000000,1788966353117000000,8
workspaceModel.workspaceFileIndexData.markDirty.ms,1788966293116000000,1788966353117000000,0
workspaceModel.to.snapshot.ms,1788966293116000000,1788966353117000000,0
workspaceModel.workspaceFileIndexData.getDirectoriesByPackageName.ms,1788966293116000000,1788966353117000000,0
workspaceModel.updates.ms,1788966293116000000,1788966353117000000,0
workspaceModel.loading.total.ms,1788966293116000000,1788966353117000000,0
workspaceModel.cachedValue.calculated.ms,1788966293116000000,1788966353117000000,0
workspaceModel.cachedValueWithParameters.from.cache.ms,1788966293116000000,1788966353117000000,0
workspaceModel.workspaceFileIndexData.updateDirtyEntities.ms,1788966293116000000,1788966353117000000,0
workspaceModel.cachedValueWithParameters.total.get.ms,1788966293116000000,1788966353117000000,0
workspaceModel.workspaceFileIndexData.onEntitiesChanged.ms,1788966293116000000,1788966353117000000,0
workspaceModel.full.replace.project.model.ms,1788966293116000000,1788966353117000000,0
workspaceModel.workspaceFileIndexContributor.registerFileSets.ms,1788966293116000000,1788966353117000000,0
workspaceModel.workspaceFileIndexData.getFileInfo.ms,1788966293116000000,1788966353117000000,23
workspaceModel.update.unloaded.entities.ms,1788966293116000000,1788966353117000000,0
workspaceModel.updates.precise.ms,1788966293116000000,1788966353117000000,0
Indexes.allKeys.lookupDurationAvgMs,1788966293116000000,1788966353117000000,0.0
Indexes.stubs.lookupDurationAvgMs,1788966293116000000,1788966353117000000,0.0
Indexes.entries.lookupDurationMaxMs,1788966293116000000,1788966353117000000,0.0
IndexesFlusher.totalFlushesRetried,1788966293116000000,1788966353117000000,0
IndexesFlusher.totalFlushes,1788966293116000000,1788966353117000000,59
Indexes.allKeys.lookups,1788966293116000000,1788966353117000000,0.0
Indexes.entries.lookupDurationAvgMs,1788966293116000000,1788966353117000000,0.0
Indexes.allKeys.lookupDurationMaxMs,1788966293116000000,1788966353117000000,0.0
Indexes.allKeys.lookupDuration90PMs,1788966293116000000,1788966353117000000,0.0
Indexes.entries.lookups,1788966293116000000,1788966353117000000,0.0
Indexes.stubs.lookupDurationMaxMs,1788966293116000000,1788966353117000000,0.0
Indexes.entries.lookupDuration90PMs,1788966293116000000,1788966353117000000,0.0
Indexes.stubs.lookupDuration90PMs,1788966293116000000,1788966353117000000,0.0
IndexesFlusher.totalFlushingTimeUs,1788966293116000000,1788966353117000000,249394
IndexesFlusher.totalContentionQuotaSpent,1788966293116000000,1788966353117000000,0
Indexes.stubs.lookups,1788966293116000000,1788966353117000000,0.0
jps.apply.loaded.storage.ms,1788966293116000000,1788966353117000000,0
jps.module.iml.entities.serializer.save.entities.ms,1788966293116000000,1788966353117000000,0
workspaceModel.mutableEntityStorage.replace.by.source.ms,1788966293116000000,1788966353117000000,0
workspaceModel.moduleBridgeLoader.loading.modules.ms,1788966293116000000,1788966353117000000,0
workspaceModel.mutableEntityStorage.referrers.ms,1788966293116000000,1788966353117000000,0
jps.global.handle.before.change.events.ms,1788966293116000000,1788966353117000000,0
workspaceModel.load.cache.from.file.ms,1788966293116000000,1788966353117000000,0
jps.library.entities.serializer.load.entities.ms,1788966293116000000,1788966353117000000,0
workspaceModel.global.apply.state.to.project.builder.ms,1788966293116000000,1788966353117000000,0
jps.global.get.library.by.name.ms,1788966293116000000,1788966353117000000,0
workspaceModel.mutableEntityStorage.modify.entity.ms,1788966293116000000,1788966353117000000,0
workspaceModel.mutableEntityStorage.resolve.ms,1788966293116000000,1788966353117000000,0
workspaceModel.moduleManagerBridge.newModule.ms,1788966293116000000,1788966353117000000,0
workspaceModel.global.updates.ms,1788966293116000000,1788966353117000000,0
workspaceModel.save.cache.to.file.ms,1788966293116000000,1788966353117000000,0
workspaceModel.mutableEntityStorage.apply.changes.from.ms,1788966293116000000,1788966353117000000,0
jps.project.serializers.save.ms,1788966293116000000,1788966353117000000,0
workspaceModel.mutableEntityStorage.entities.by.source.ms,1788966293116000000,1788966353117000000,0
workspaceModel.mutableEntityStorage.instances.count,1788966293116000000,1788966353117000000,0
jps.artifact.entities.serializer.save.entities.ms,1788966293116000000,1788966353117000000,0
jps.global.get.libraries.ms,1788966293116000000,1788966353117000000,0
jps.library.entities.serializer.save.entities.ms,1788966293116000000,1788966353117000000,0
workspaceModel.do.save.caches.ms,1788966293116000000,1788966353117000000,0
jps.facet.change.listener.before.change.events.ms,1788966293116000000,1788966353117000000,0
jps.global.handle.changed.events.ms,1788966293116000000,1788966353117000000,0
workspaceModel.mutableEntityStorage.has.same.entities.ms,1788966293116000000,1788966353117000000,0
jps.project.serializers.load.ms,1788966293116000000,1788966353117000000,0
workspaceModel.mutableEntityStorage.to.snapshot.ms,1788966293116000000,1788966353117000000,0
jps.storage.jps.conf.reader.load.component.ms,1788966293116000000,1788966353117000000,0
workspaceModel.moduleManagerBridge.new.nonPersistent.module.ms,1788966293116000000,1788966353117000000,0
workspaceModel.moduleManagerBridge.build.module.graph.ms,1788966293116000000,1788966353117000000,1
workspaceModel.mutableEntityStorage.entities.ms,1788966293116000000,1788966353117000000,0
workspaceModel.moduleBridge.before.changed.ms,1788966293116000000,1788966353117000000,0
jps.module.iml.entities.serializer.load.entities.ms,1788966293116000000,1788966353117000000,0
jps.load.initial.state.ms,1788966293116000000,1788966353117000000,0
workspaceModel.moduleManagerBridge.create.module.instance.ms,1788966293116000000,1788966353117000000,0
workspaceModel.orphan.listener.update.ms,1788966293116000000,1788966353117000000,0
jps.global.initialize.library.bridges.ms,1788966293116000000,1788966353117000000,0
jps.load.project.to.empty.storage.ms,1788966293116000000,1788966353117000000,0
workspaceModel.moduleBridge.update.option.ms,1788966293116000000,1788966353117000000,0
workspaceModel.moduleBridge.facet.initialization.ms,1788966293116000000,1788966353117000000,0
jps.save.changed.project.entities.ms,1788966293116000000,1788966353117000000,0
workspaceModel.global.apply.state.to.project.ms,1788966293116000000,1788966353117000000,0
jps.artifact.entities.serializer.load.entities.ms,1788966293116000000,1788966353117000000,0
workspaceModel.moduleManagerBridge.load.all.modules.ms,1788966293116000000,1788966353117000000,0
workspaceModel.mutableEntityStorage.mutable.vfurl.index.ms,1788966293116000000,1788966353117000000,0
jps.reload.project.entities.ms,1788966293116000000,1788966353117000000,0
workspaceModel.global.updates.count,1788966293116000000,1788966353117000000,0
workspaceModel.mutableEntityStorage.mutable.ext.mapping.ms,1788966293116000000,1788966353117000000,0
jps.global.get.library.ms,1788966293116000000,1788966353117000000,0
jps.facet.change.listener.init.bridge.ms,1788966293116000000,1788966353117000000,0
jps.app.storage.content.reader.load.component.ms,1788966293116000000,1788966353117000000,0
workspaceModel.mutableEntityStorage.put.entity.ms,1788966293116000000,1788966353117000000,0
jps.global.initialize.library.bridges.after.loading.ms,1788966293116000000,1788966353117000000,0
workspaceModel.mutableEntityStorage.collect.changes.ms,1788966293116000000,1788966353117000000,0
workspaceModel.mutableEntityStorage.add.entity.ms,1788966293116000000,1788966353117000000,0
workspaceModel.delayed.project.synchronizer.sync.ms,1788966293116000000,1788966353117000000,0
jps.save.global.entities.ms,1788966293116000000,1788966353117000000,0
workspaceModel.moduleManagerBridge.get.modules.ms,1788966293116000000,1788966353117000000,0
workspaceModel.moduleManagerBridge.set.unloadedModules.ms,1788966293116000000,1788966353117000000,0
workspaceModel.load.cache.metadata.from.file.ms,1788966293116000000,1788966353117000000,0
workspaceModel.mutableEntityStorage.remove.entity.ms,1788966293116000000,1788966353117000000,0
jps.facet.change.listener.process.change.events.ms,1788966293116000000,1788966353117000000,0
workspaceModel.sync.entities.ms,1788966293116000000,1788966353117000000,0
workspaceModel.moduleManagerBridge.load.module.ms,1788966293116000000,1788966353117000000,0
MappedFileStorage.totalPagesMapped,1788966293116000000,1788966353117000000,15
FilePageCache.totalPageDisposalsUs,1788966293116000000,1788966353117000000,0
FilePageCache.pageFastCacheHits,1788966293116000000,1788966353117000000,33
FilePageCacheLockFree.totalPagesHandedOver,1788966293116000000,1788966353117000000,0
StreamlinedBlobStorage.recordsRelocated,1788966293116000000,1788966353117000000,0
StreamlinedBlobStorage.totalLiveRecordsPayloadBytes,1788966293116000000,1788966353117000000,0
DirectByteBufferAllocator.disposed,1788966293116000000,1788966353117000000,0
MappedFileStorage.storages,1788966293116000000,1788966353117000000,15
DirectByteBufferAllocator.totalSizeOfBuffersCachedInBytes,1788966293116000000,1788966353117000000,0
FilePageCacheLockFree.totalNativeBytesReclaimed,1788966293116000000,1788966353117000000,0
FilePageCacheLockFree.nativeBytesInUse,1788966293116000000,1788966353117000000,0
FilePageCacheLockFree.totalPageAllocationsWaited,1788966293116000000,1788966353117000000,0
FilePageCache.maxCacheSizeInBytes,1788966293116000000,1788966353117000000,233848832
FilePageCache.capacityInBytes,1788966293116000000,1788966353117000000,503316478
FilePageCacheLockFree.totalBytesRead,1788966293116000000,1788966353117000000,0
FilePageCache.maxRegisteredFiles,1788966293116000000,1788966353117000000,555
FilePageCacheLockFree.totalHeapBytesReclaimed,1788966293116000000,1788966353117000000,0
FilePageCacheLockFree.totalBytesRequested,1788966293116000000,1788966353117000000,0
FilePageCacheLockFree.totalPagesRequested,1788966293116000000,1788966353117000000,0
FilePageCache.totalPageLoadsUs,1788966293116000000,1788966353117000000,0
FilePageCache.uncachedFileAccess,1788966293116000000,1788966353117000000,0
StorageLockContext.competingThreads.avg,1788966293116000000,1788966353117000000,0.0
FilePageCacheLockFree.housekeeperTurnsSkipped,1788966293116000000,1788966353117000000,0
MappedFileStorage.totalBytesMapped,1788966293116000000,1788966353117000000,198443008
DirectByteBufferAllocator.hits,1788966293116000000,1788966353117000000,0
StreamlinedBlobStorage.recordsAllocated,1788966293116000000,1788966353117000000,0
StreamlinedBlobStorage.totalLiveRecordsCapacityBytes,1788966293116000000,1788966353117000000,0
FilePageCache.pageLoadsAboveSizeThreshold,1788966293116000000,1788966353117000000,0
FilePageCacheLockFree.totalPagesWriteMs,1788966293116000000,1788966353117000000,0
FilePageCache.pageLoads,1788966293116000000,1788966353117000000,0
FileChannelInterruptsRetryer.totalRetriedAttempts,1788966293116000000,1788966353117000000,0
FilePageCacheLockFree.totalClosedStoragesReclaimed,1788966293116000000,1788966353117000000,0
FilePageCacheLockFree.totalPagesReclaimed,1788966293116000000,1788966353117000000,0
FilePageCacheLockFree.totalBytesWritten,1788966293116000000,1788966353117000000,0
FilePageCacheLockFree.totalNativeBytesAllocated,1788966293116000000,1788966353117000000,0
FilePageCache.disposedBuffers,1788966293116000000,1788966353117000000,0
FilePageCacheLockFree.heapBytesInUse,1788966293116000000,1788966353117000000,0
FilePageCacheLockFree.housekeeperTimeSpentMs,1788966293116000000,1788966353117000000,0
FilePageCacheLockFree.totalPagesAllocated,1788966293116000000,1788966353117000000,0
FilePageCacheLockFree.totalHeapBytesAllocated,1788966293116000000,1788966353117000000,0
FilePageCacheLockFree.totalPagesRequestsMs,1788966293116000000,1788966353117000000,0
DirectByteBufferAllocator.reclaimed,1788966293116000000,1788966353117000000,0
FilePageCacheLockFree.totalPagesReadMs,1788966293116000000,1788966353117000000,0
FilePageCache.pageHits,1788966293116000000,1788966353117000000,0
FilePageCacheLockFree.totalPagesWritten,1788966293116000000,1788966353117000000,0
StorageLockContext.competingThreads.90P,1788966293116000000,1788966353117000000,0
FilePageCacheLockFree.housekeeperTurnsDone,1788966293116000000,1788966353117000000,0
StorageLockContext.competingThreads.max,1788966293116000000,1788966353117000000,0
StreamlinedBlobStorage.recordsDeleted,1788966293116000000,1788966353117000000,0
MappedFileStorage.totalTimeSpentOnMappingUs,1788966293116000000,1788966353117000000,9644
DirectByteBufferAllocator.totalSizeOfBuffersAllocatedInBytes,1788966293116000000,1788966353117000000,233848832
DirectByteBufferAllocator.misses,1788966293116000000,1788966353117000000,0
compiler.ArtifactVirtualFileListener.filePathChanged.ms,1788966293116000000,1788966353117000000,0
compiler.ArtifactManagerBridge.commit.ms,1788966293116000000,1788966353117000000,0
compiler.ArtifactManagerBridge.findArtifact.ms,1788966293116000000,1788966353117000000,0
compiler.ArtifactManagerBridge.getArtifacts.ms,1788966293116000000,1788966353117000000,0
compiler.ArtifactManagerBridge.dropMappings.ms,1788966293116000000,1788966353117000000,0
compiler.ArtifactManagerBridge.initBridges.ms,1788966293116000000,1788966353117000000,0
compiler.ArtifactManagerBridge.addArtifact.ms,1788966293116000000,1788966353117000000,0
compiler.ArtifactVirtualFileListener.propertyChanged.ms,1788966293116000000,1788966353117000000,0
compiler.ArtifactManagerBridge.getArtifactsByType.ms,1788966293116000000,1788966353117000000,0
AWTEventQueue.dispatchTimeTotalNS,1788966353117000000,1788966413112000000,19139942378
AWTEventQueue.dispatchTimeAvgNs,1788966353117000000,1788966413112000000,0.0
FlushQueue.waitingTimeMaxNs,1788966353117000000,1788966413112000000,0
NonBlockingReadAction.finalizedExecutionTimeUs,1788966353117000000,1788966413112000000,113250
FlushQueue.queueSizeAvg,1788966353117000000,1788966413112000000,0.0
NonBlockingReadAction.failedExecutionsCount,1788966353117000000,1788966413112000000,0
ReadAction.executionsCount,1788966353117000000,1788966413112000000,51877
FlushQueue.executionTimeMaxNs,1788966353117000000,1788966413112000000,0
FlushQueue.executionTimeAvgNs,1788966353117000000,1788966413112000000,0.0
FlushQueue.queueSizeMax,1788966353117000000,1788966413112000000,0
WriteAction.executionsCount,1788966353117000000,1788966413112000000,4
FlushQueue.tasksExecuted,1788966353117000000,1788966413112000000,0
FlushQueue.waitingTimeAvgNs,1788966353117000000,1788966413112000000,0.0
AWTEventQueue.dispatchTimeMaxNs,1788966353117000000,1788966413112000000,0
FlushQueue.executionTime90PNs,1788966353117000000,1788966413112000000,0
NonBlockingReadAction.failedExecutionTimeUs,1788966353117000000,1788966413112000000,0
AWTEventQueue.dispatchTime90PNs,1788966353117000000,1788966413112000000,0
FlushQueue.queueSize90P,1788966353117000000,1788966413112000000,0
FlushQueue.waitingTime90PNs,1788966353117000000,1788966413112000000,0
NonBlockingReadAction.finalizedExecutionsCount,1788966353117000000,1788966413112000000,188
AWTEventQueue.eventsDispatched,1788966353117000000,1788966413112000000,0
writeAction.wait.ms,1788966353117000000,1788966413112000000,0
writeAction.median.wait.ms,1788966353117000000,1788966413112000000,0
writeAction.max.wait.ms,1788966353117000000,1788966413112000000,11
writeAction.count,1788966353117000000,1788966413112000000,4
JVM.newThreadsCount,1788966353117000000,1788966413112000000,6
JVM.maxThreadCount,1788966353117000000,1788966413112000000,186
JVM.totalCpuTimeMs,1788966353117000000,1788966413112000000,38330
OS.loadAverage,1788966353117000000,1788966413112000000,2.0283203125
JVM.GC.collectionTimesMs,1788966353117000000,1788966413112000000,121
JVM.maxHeapBytes,1788966353117000000,1788966413112000000,2147483648
JVM.GC.collections,1788966353117000000,1788966413112000000,43
JVM.threadCount,1788966353117000000,1788966413112000000,64
JVM.totalBytesAllocated,1788966353117000000,1788966413112000000,7896952760
JVM.totalDirectByteBuffersBytes,1788966353117000000,1788966413112000000,234750657
JVM.usedHeapBytes,1788966353117000000,1788966413112000000,297950904
JVM.usedNativeBytes,1788966353117000000,1788966413112000000,326140344
cacheStateStorage.set.counter,1788966353117000000,1788966413112000000,1
cacheStateStorage.set.duration,1788966353117000000,1788966413112000000,2
cacheStateStorage.get.counter,1788966353117000000,1788966413112000000,2
cacheStateStorage.get.duration,1788966353117000000,1788966413112000000,50
VFS.fileByIdCache.misses,1788966353117000000,1788966413112000000,0
FileNameCache.queries,1788966353117000000,1788966413112000000,320
VFS.fileChildByName,1788966353117000000,1788966413112000000,459
FileNameCache.totalMisses,1788966353117000000,1788966413112000000,0
VFS.invertedFileNameIndex.requests,1788966353117000000,1788966413112000000,0
VFS.fileByIdCache.hits,1788966353117000000,1788966413112000000,0
workspaceModel.loading.from.cache.ms,1788966353117000000,1788966413112000000,0
workspaceModel.check.recursive.update.ms,1788966353117000000,1788966413112000000,0
workspaceModel.cachedValue.from.cache.ms,1788966353117000000,1788966413112000000,0
workspaceModel.cachedValue.clear.ms,1788966353117000000,1788966413112000000,0
workspaceModel.workspaceFileIndexData.getPackageName.ms,1788966353117000000,1788966413112000000,0
workspaceModel.replace.project.model.ms,1788966353117000000,1788966413112000000,0
workspaceModel.initializing.ms,1788966353117000000,1788966413112000000,0
workspaceModel.updates.count,1788966353117000000,1788966413112000000,0
workspaceModel.cachedValueWithParameters.clear.ms,1788966353117000000,1788966413112000000,0
workspaceModel.cachedValueWithParameters.calculated.ms,1788966353117000000,1788966413112000000,0
workspaceModel.workspaceFileIndexData.init.ms,1788966353117000000,1788966413112000000,0
workspaceModel.workspaceFileIndexData.instances.count,1788966353117000000,1788966413112000000,0
workspaceModel.pre.handlers.ms,1788966353117000000,1788966413112000000,0
workspaceModel.collect.changes.ms,1788966353117000000,1788966413112000000,0
workspaceModel.cachedValue.total.get.ms,1788966353117000000,1788966413112000000,0
workspaceModel.entityStorageSnapshotImpl.instances.count,1788966353117000000,1788966413112000000,0
workspaceModel.init.bridges.ms,1788966353117000000,1788966413112000000,0
workspaceModel.workspaceFileIndexData.processFileSets.ms,1788966353117000000,1788966413112000000,0
workspaceModel.workspaceFileIndexData.visitFileSets.ms,1788966353117000000,1788966413112000000,0
workspaceModel.workspaceFileIndexData.markDirty.ms,1788966353117000000,1788966413112000000,0
workspaceModel.to.snapshot.ms,1788966353117000000,1788966413112000000,0
workspaceModel.workspaceFileIndexData.getDirectoriesByPackageName.ms,1788966353117000000,1788966413112000000,0
workspaceModel.updates.ms,1788966353117000000,1788966413112000000,0
workspaceModel.loading.total.ms,1788966353117000000,1788966413112000000,0
workspaceModel.cachedValue.calculated.ms,1788966353117000000,1788966413112000000,0
workspaceModel.cachedValueWithParameters.from.cache.ms,1788966353117000000,1788966413112000000,0
workspaceModel.workspaceFileIndexData.updateDirtyEntities.ms,1788966353117000000,1788966413112000000,0
workspaceModel.cachedValueWithParameters.total.get.ms,1788966353117000000,1788966413112000000,0
workspaceModel.workspaceFileIndexData.onEntitiesChanged.ms,1788966353117000000,1788966413112000000,0
workspaceModel.full.replace.project.model.ms,1788966353117000000,1788966413112000000,0
workspaceModel.workspaceFileIndexContributor.registerFileSets.ms,1788966353117000000,1788966413112000000,0
workspaceModel.workspaceFileIndexData.getFileInfo.ms,1788966353117000000,1788966413112000000,1
workspaceModel.update.unloaded.entities.ms,1788966353117000000,1788966413112000000,0
workspaceModel.updates.precise.ms,1788966353117000000,1788966413112000000,0
Indexes.allKeys.lookupDurationAvgMs,1788966353117000000,1788966413112000000,0.0
Indexes.stubs.lookupDurationAvgMs,1788966353117000000,1788966413112000000,0.0
Indexes.entries.lookupDurationMaxMs,1788966353117000000,1788966413112000000,0.0
IndexesFlusher.totalFlushesRetried,1788966353117000000,1788966413112000000,0
IndexesFlusher.totalFlushes,1788966353117000000,1788966413112000000,59
Indexes.allKeys.lookups,1788966353117000000,1788966413112000000,0.0
Indexes.entries.lookupDurationAvgMs,1788966353117000000,1788966413112000000,0.0
Indexes.allKeys.lookupDurationMaxMs,1788966353117000000,1788966413112000000,0.0
Indexes.allKeys.lookupDuration90PMs,1788966353117000000,1788966413112000000,0.0
Indexes.entries.lookups,1788966353117000000,1788966413112000000,0.0
Indexes.stubs.lookupDurationMaxMs,1788966353117000000,1788966413112000000,0.0
Indexes.entries.lookupDuration90PMs,1788966353117000000,1788966413112000000,0.0
Indexes.stubs.lookupDuration90PMs,1788966353117000000,1788966413112000000,0.0
IndexesFlusher.totalFlushingTimeUs,1788966353117000000,1788966413112000000,219364
IndexesFlusher.totalContentionQuotaSpent,1788966353117000000,1788966413112000000,0
Indexes.stubs.lookups,1788966353117000000,1788966413112000000,0.0
jps.apply.loaded.storage.ms,1788966353117000000,1788966413112000000,0
jps.module.iml.entities.serializer.save.entities.ms,1788966353117000000,1788966413112000000,0
workspaceModel.mutableEntityStorage.replace.by.source.ms,1788966353117000000,1788966413112000000,0
workspaceModel.moduleBridgeLoader.loading.modules.ms,1788966353117000000,1788966413112000000,0
workspaceModel.mutableEntityStorage.referrers.ms,1788966353117000000,1788966413112000000,0
jps.global.handle.before.change.events.ms,1788966353117000000,1788966413112000000,0
workspaceModel.load.cache.from.file.ms,1788966353117000000,1788966413112000000,0
jps.library.entities.serializer.load.entities.ms,1788966353117000000,1788966413112000000,0
workspaceModel.global.apply.state.to.project.builder.ms,1788966353117000000,1788966413112000000,0
jps.global.get.library.by.name.ms,1788966353117000000,1788966413112000000,0
workspaceModel.mutableEntityStorage.modify.entity.ms,1788966353117000000,1788966413112000000,0
workspaceModel.mutableEntityStorage.resolve.ms,1788966353117000000,1788966413112000000,0
workspaceModel.moduleManagerBridge.newModule.ms,1788966353117000000,1788966413112000000,0
workspaceModel.global.updates.ms,1788966353117000000,1788966413112000000,0
workspaceModel.save.cache.to.file.ms,1788966353117000000,1788966413112000000,0
workspaceModel.mutableEntityStorage.apply.changes.from.ms,1788966353117000000,1788966413112000000,0
jps.project.serializers.save.ms,1788966353117000000,1788966413112000000,1
workspaceModel.mutableEntityStorage.entities.by.source.ms,1788966353117000000,1788966413112000000,0
workspaceModel.mutableEntityStorage.instances.count,1788966353117000000,1788966413112000000,0
jps.artifact.entities.serializer.save.entities.ms,1788966353117000000,1788966413112000000,0
jps.global.get.libraries.ms,1788966353117000000,1788966413112000000,0
jps.library.entities.serializer.save.entities.ms,1788966353117000000,1788966413112000000,0
workspaceModel.do.save.caches.ms,1788966353117000000,1788966413112000000,0
jps.facet.change.listener.before.change.events.ms,1788966353117000000,1788966413112000000,0
jps.global.handle.changed.events.ms,1788966353117000000,1788966413112000000,0
workspaceModel.mutableEntityStorage.has.same.entities.ms,1788966353117000000,1788966413112000000,0
jps.project.serializers.load.ms,1788966353117000000,1788966413112000000,0
workspaceModel.mutableEntityStorage.to.snapshot.ms,1788966353117000000,1788966413112000000,0
jps.storage.jps.conf.reader.load.component.ms,1788966353117000000,1788966413112000000,0
workspaceModel.moduleManagerBridge.new.nonPersistent.module.ms,1788966353117000000,1788966413112000000,0
workspaceModel.moduleManagerBridge.build.module.graph.ms,1788966353117000000,1788966413112000000,0
workspaceModel.mutableEntityStorage.entities.ms,1788966353117000000,1788966413112000000,0
workspaceModel.moduleBridge.before.changed.ms,1788966353117000000,1788966413112000000,0
jps.module.iml.entities.serializer.load.entities.ms,1788966353117000000,1788966413112000000,0
jps.load.initial.state.ms,1788966353117000000,1788966413112000000,0
workspaceModel.moduleManagerBridge.create.module.instance.ms,1788966353117000000,1788966413112000000,0
workspaceModel.orphan.listener.update.ms,1788966353117000000,1788966413112000000,0
jps.global.initialize.library.bridges.ms,1788966353117000000,1788966413112000000,0
jps.load.project.to.empty.storage.ms,1788966353117000000,1788966413112000000,0
workspaceModel.moduleBridge.update.option.ms,1788966353117000000,1788966413112000000,0
workspaceModel.moduleBridge.facet.initialization.ms,1788966353117000000,1788966413112000000,0
jps.save.changed.project.entities.ms,1788966353117000000,1788966413112000000,1
workspaceModel.global.apply.state.to.project.ms,1788966353117000000,1788966413112000000,0
jps.artifact.entities.serializer.load.entities.ms,1788966353117000000,1788966413112000000,0
workspaceModel.moduleManagerBridge.load.all.modules.ms,1788966353117000000,1788966413112000000,0
workspaceModel.mutableEntityStorage.mutable.vfurl.index.ms,1788966353117000000,1788966413112000000,0
jps.reload.project.entities.ms,1788966353117000000,1788966413112000000,0
workspaceModel.global.updates.count,1788966353117000000,1788966413112000000,0
workspaceModel.mutableEntityStorage.mutable.ext.mapping.ms,1788966353117000000,1788966413112000000,0
jps.global.get.library.ms,1788966353117000000,1788966413112000000,0
jps.app.storage.content.writer.save.component.ms,1788966353117000000,1788966413112000000,1
jps.facet.change.listener.init.bridge.ms,1788966353117000000,1788966413112000000,0
jps.app.storage.content.reader.load.component.ms,1788966353117000000,1788966413112000000,0
workspaceModel.mutableEntityStorage.put.entity.ms,1788966353117000000,1788966413112000000,0
jps.global.initialize.library.bridges.after.loading.ms,1788966353117000000,1788966413112000000,0
workspaceModel.mutableEntityStorage.collect.changes.ms,1788966353117000000,1788966413112000000,0
workspaceModel.mutableEntityStorage.add.entity.ms,1788966353117000000,1788966413112000000,0
workspaceModel.delayed.project.synchronizer.sync.ms,1788966353117000000,1788966413112000000,0
jps.save.global.entities.ms,1788966353117000000,1788966413112000000,4
workspaceModel.moduleManagerBridge.get.modules.ms,1788966353117000000,1788966413112000000,0
workspaceModel.moduleManagerBridge.set.unloadedModules.ms,1788966353117000000,1788966413112000000,0
workspaceModel.load.cache.metadata.from.file.ms,1788966353117000000,1788966413112000000,0
workspaceModel.mutableEntityStorage.remove.entity.ms,1788966353117000000,1788966413112000000,0
jps.facet.change.listener.process.change.events.ms,1788966353117000000,1788966413112000000,0
workspaceModel.sync.entities.ms,1788966353117000000,1788966413112000000,0
workspaceModel.moduleManagerBridge.load.module.ms,1788966353117000000,1788966413112000000,0
MappedFileStorage.totalPagesMapped,1788966353117000000,1788966413112000000,15
FilePageCache.totalPageDisposalsUs,1788966353117000000,1788966413112000000,0
FilePageCache.pageFastCacheHits,1788966353117000000,1788966413112000000,85
FilePageCacheLockFree.totalPagesHandedOver,1788966353117000000,1788966413112000000,0
StreamlinedBlobStorage.recordsRelocated,1788966353117000000,1788966413112000000,0
StreamlinedBlobStorage.totalLiveRecordsPayloadBytes,1788966353117000000,1788966413112000000,0
DirectByteBufferAllocator.disposed,1788966353117000000,1788966413112000000,0
MappedFileStorage.storages,1788966353117000000,1788966413112000000,15
DirectByteBufferAllocator.totalSizeOfBuffersCachedInBytes,1788966353117000000,1788966413112000000,0
FilePageCacheLockFree.totalNativeBytesReclaimed,1788966353117000000,1788966413112000000,0
FilePageCacheLockFree.nativeBytesInUse,1788966353117000000,1788966413112000000,0
FilePageCacheLockFree.totalPageAllocationsWaited,1788966353117000000,1788966413112000000,0
FilePageCache.maxCacheSizeInBytes,1788966353117000000,1788966413112000000,233848832
FilePageCache.capacityInBytes,1788966353117000000,1788966413112000000,503316478
FilePageCacheLockFree.totalBytesRead,1788966353117000000,1788966413112000000,0
FilePageCache.maxRegisteredFiles,1788966353117000000,1788966413112000000,555
FilePageCacheLockFree.totalHeapBytesReclaimed,1788966353117000000,1788966413112000000,0
FilePageCacheLockFree.totalBytesRequested,1788966353117000000,1788966413112000000,0
FilePageCacheLockFree.totalPagesRequested,1788966353117000000,1788966413112000000,0
FilePageCache.totalPageLoadsUs,1788966353117000000,1788966413112000000,0
FilePageCache.uncachedFileAccess,1788966353117000000,1788966413112000000,4
StorageLockContext.competingThreads.avg,1788966353117000000,1788966413112000000,0.0
FilePageCacheLockFree.housekeeperTurnsSkipped,1788966353117000000,1788966413112000000,0
MappedFileStorage.totalBytesMapped,1788966353117000000,1788966413112000000,198443008
DirectByteBufferAllocator.hits,1788966353117000000,1788966413112000000,0
StreamlinedBlobStorage.recordsAllocated,1788966353117000000,1788966413112000000,0
StreamlinedBlobStorage.totalLiveRecordsCapacityBytes,1788966353117000000,1788966413112000000,0
FilePageCache.pageLoadsAboveSizeThreshold,1788966353117000000,1788966413112000000,0
FilePageCacheLockFree.totalPagesWriteMs,1788966353117000000,1788966413112000000,0
FilePageCache.pageLoads,1788966353117000000,1788966413112000000,0
FileChannelInterruptsRetryer.totalRetriedAttempts,1788966353117000000,1788966413112000000,0
FilePageCacheLockFree.totalClosedStoragesReclaimed,1788966353117000000,1788966413112000000,0
FilePageCacheLockFree.totalPagesReclaimed,1788966353117000000,1788966413112000000,0
FilePageCacheLockFree.totalBytesWritten,1788966353117000000,1788966413112000000,0
FilePageCacheLockFree.totalNativeBytesAllocated,1788966353117000000,1788966413112000000,0
FilePageCache.disposedBuffers,1788966353117000000,1788966413112000000,0
FilePageCacheLockFree.heapBytesInUse,1788966353117000000,1788966413112000000,0
FilePageCacheLockFree.housekeeperTimeSpentMs,1788966353117000000,1788966413112000000,0
FilePageCacheLockFree.totalPagesAllocated,1788966353117000000,1788966413112000000,0
FilePageCacheLockFree.totalHeapBytesAllocated,1788966353117000000,1788966413112000000,0
FilePageCacheLockFree.totalPagesRequestsMs,1788966353117000000,1788966413112000000,0
DirectByteBufferAllocator.reclaimed,1788966353117000000,1788966413112000000,0
FilePageCacheLockFree.totalPagesReadMs,1788966353117000000,1788966413112000000,0
FilePageCache.pageHits,1788966353117000000,1788966413112000000,0
FilePageCacheLockFree.totalPagesWritten,1788966353117000000,1788966413112000000,0
StorageLockContext.competingThreads.90P,1788966353117000000,1788966413112000000,0
FilePageCacheLockFree.housekeeperTurnsDone,1788966353117000000,1788966413112000000,0
StorageLockContext.competingThreads.max,1788966353117000000,1788966413112000000,0
StreamlinedBlobStorage.recordsDeleted,1788966353117000000,1788966413112000000,0
MappedFileStorage.totalTimeSpentOnMappingUs,1788966353117000000,1788966413112000000,9644
DirectByteBufferAllocator.totalSizeOfBuffersAllocatedInBytes,1788966353117000000,1788966413112000000,233848832
DirectByteBufferAllocator.misses,1788966353117000000,1788966413112000000,0
compiler.ArtifactVirtualFileListener.filePathChanged.ms,1788966353117000000,1788966413112000000,0
compiler.ArtifactManagerBridge.commit.ms,1788966353117000000,1788966413112000000,0
compiler.ArtifactManagerBridge.findArtifact.ms,1788966353117000000,1788966413112000000,0
compiler.ArtifactManagerBridge.getArtifacts.ms,1788966353117000000,1788966413112000000,0
compiler.ArtifactManagerBridge.dropMappings.ms,1788966353117000000,1788966413112000000,0
compiler.ArtifactManagerBridge.initBridges.ms,1788966353117000000,1788966413112000000,0
compiler.ArtifactManagerBridge.addArtifact.ms,1788966353117000000,1788966413112000000,0
compiler.ArtifactVirtualFileListener.propertyChanged.ms,1788966353117000000,1788966413112000000,0
compiler.ArtifactManagerBridge.getArtifactsByType.ms,1788966353117000000,1788966413112000000,0
AWTEventQueue.dispatchTimeTotalNS,1788966413112000000,1788966473108000000,51188480
AWTEventQueue.dispatchTimeAvgNs,1788966413112000000,1788966473108000000,0.0
FlushQueue.waitingTimeMaxNs,1788966413112000000,1788966473108000000,0
NonBlockingReadAction.finalizedExecutionTimeUs,1788966413112000000,1788966473108000000,0
FlushQueue.queueSizeAvg,1788966413112000000,1788966473108000000,0.0
NonBlockingReadAction.failedExecutionsCount,1788966413112000000,1788966473108000000,0
ReadAction.executionsCount,1788966413112000000,1788966473108000000,192
FlushQueue.executionTimeMaxNs,1788966413112000000,1788966473108000000,0
FlushQueue.executionTimeAvgNs,1788966413112000000,1788966473108000000,0.0
FlushQueue.queueSizeMax,1788966413112000000,1788966473108000000,0
WriteAction.executionsCount,1788966413112000000,1788966473108000000,0
FlushQueue.tasksExecuted,1788966413112000000,1788966473108000000,0
FlushQueue.waitingTimeAvgNs,1788966413112000000,1788966473108000000,0.0
AWTEventQueue.dispatchTimeMaxNs,1788966413112000000,1788966473108000000,0
FlushQueue.executionTime90PNs,1788966413112000000,1788966473108000000,0
NonBlockingReadAction.failedExecutionTimeUs,1788966413112000000,1788966473108000000,0
AWTEventQueue.dispatchTime90PNs,1788966413112000000,1788966473108000000,0
FlushQueue.queueSize90P,1788966413112000000,1788966473108000000,0
FlushQueue.waitingTime90PNs,1788966413112000000,1788966473108000000,0
NonBlockingReadAction.finalizedExecutionsCount,1788966413112000000,1788966473108000000,0
AWTEventQueue.eventsDispatched,1788966413112000000,1788966473108000000,0
writeAction.wait.ms,1788966413112000000,1788966473108000000,0
writeAction.median.wait.ms,1788966413112000000,1788966473108000000,0
writeAction.max.wait.ms,1788966413112000000,1788966473108000000,11
writeAction.count,1788966413112000000,1788966473108000000,0
JVM.newThreadsCount,1788966413112000000,1788966473108000000,2
JVM.maxThreadCount,1788966413112000000,1788966473108000000,186
JVM.totalCpuTimeMs,1788966413112000000,1788966473108000000,1243
OS.loadAverage,1788966413112000000,1788966473108000000,2.9208984375
JVM.GC.collectionTimesMs,1788966413112000000,1788966473108000000,0
JVM.maxHeapBytes,1788966413112000000,1788966473108000000,2147483648
JVM.GC.collections,1788966413112000000,1788966473108000000,0
JVM.threadCount,1788966413112000000,1788966473108000000,63
JVM.totalBytesAllocated,1788966413112000000,1788966473108000000,11576640
JVM.totalDirectByteBuffersBytes,1788966413112000000,1788966473108000000,234747526
JVM.usedHeapBytes,1788966413112000000,1788966473108000000,310533816
JVM.usedNativeBytes,1788966413112000000,1788966473108000000,326549976
cacheStateStorage.set.counter,1788966413112000000,1788966473108000000,0
cacheStateStorage.set.duration,1788966413112000000,1788966473108000000,0
cacheStateStorage.get.counter,1788966413112000000,1788966473108000000,0
cacheStateStorage.get.duration,1788966413112000000,1788966473108000000,0
VFS.fileByIdCache.misses,1788966413112000000,1788966473108000000,0
FileNameCache.queries,1788966413112000000,1788966473108000000,832
VFS.fileChildByName,1788966413112000000,1788966473108000000,9
FileNameCache.totalMisses,1788966413112000000,1788966473108000000,0
VFS.invertedFileNameIndex.requests,1788966413112000000,1788966473108000000,0
VFS.fileByIdCache.hits,1788966413112000000,1788966473108000000,0
workspaceModel.loading.from.cache.ms,1788966413112000000,1788966473108000000,0
workspaceModel.check.recursive.update.ms,1788966413112000000,1788966473108000000,0
workspaceModel.cachedValue.from.cache.ms,1788966413112000000,1788966473108000000,0
workspaceModel.cachedValue.clear.ms,1788966413112000000,1788966473108000000,0
workspaceModel.workspaceFileIndexData.getPackageName.ms,1788966413112000000,1788966473108000000,0
workspaceModel.replace.project.model.ms,1788966413112000000,1788966473108000000,0
workspaceModel.initializing.ms,1788966413112000000,1788966473108000000,0
workspaceModel.updates.count,1788966413112000000,1788966473108000000,0
workspaceModel.cachedValueWithParameters.clear.ms,1788966413112000000,1788966473108000000,0
workspaceModel.cachedValueWithParameters.calculated.ms,1788966413112000000,1788966473108000000,0
workspaceModel.workspaceFileIndexData.init.ms,1788966413112000000,1788966473108000000,0
workspaceModel.workspaceFileIndexData.instances.count,1788966413112000000,1788966473108000000,0
workspaceModel.pre.handlers.ms,1788966413112000000,1788966473108000000,0
workspaceModel.collect.changes.ms,1788966413112000000,1788966473108000000,0
workspaceModel.cachedValue.total.get.ms,1788966413112000000,1788966473108000000,0
workspaceModel.entityStorageSnapshotImpl.instances.count,1788966413112000000,1788966473108000000,0
workspaceModel.init.bridges.ms,1788966413112000000,1788966473108000000,0
workspaceModel.workspaceFileIndexData.processFileSets.ms,1788966413112000000,1788966473108000000,0
workspaceModel.workspaceFileIndexData.visitFileSets.ms,1788966413112000000,1788966473108000000,0
workspaceModel.workspaceFileIndexData.markDirty.ms,1788966413112000000,1788966473108000000,0
workspaceModel.to.snapshot.ms,1788966413112000000,1788966473108000000,0
workspaceModel.workspaceFileIndexData.getDirectoriesByPackageName.ms,1788966413112000000,1788966473108000000,0
workspaceModel.updates.ms,1788966413112000000,1788966473108000000,0
workspaceModel.loading.total.ms,1788966413112000000,1788966473108000000,0
workspaceModel.cachedValue.calculated.ms,1788966413112000000,1788966473108000000,0
workspaceModel.cachedValueWithParameters.from.cache.ms,1788966413112000000,1788966473108000000,0
workspaceModel.workspaceFileIndexData.updateDirtyEntities.ms,1788966413112000000,1788966473108000000,0
workspaceModel.cachedValueWithParameters.total.get.ms,1788966413112000000,1788966473108000000,0
workspaceModel.workspaceFileIndexData.onEntitiesChanged.ms,1788966413112000000,1788966473108000000,0
workspaceModel.full.replace.project.model.ms,1788966413112000000,1788966473108000000,0
workspaceModel.workspaceFileIndexContributor.registerFileSets.ms,1788966413112000000,1788966473108000000,0
workspaceModel.workspaceFileIndexData.getFileInfo.ms,1788966413112000000,1788966473108000000,0
workspaceModel.update.unloaded.entities.ms,1788966413112000000,1788966473108000000,0
workspaceModel.updates.precise.ms,1788966413112000000,1788966473108000000,0
Indexes.allKeys.lookupDurationAvgMs,1788966413112000000,1788966473108000000,0.0
Indexes.stubs.lookupDurationAvgMs,1788966413112000000,1788966473108000000,0.0
Indexes.entries.lookupDurationMaxMs,1788966413112000000,1788966473108000000,0.0
IndexesFlusher.totalFlushesRetried,1788966413112000000,1788966473108000000,0
IndexesFlusher.totalFlushes,1788966413112000000,1788966473108000000,59
Indexes.allKeys.lookups,1788966413112000000,1788966473108000000,0.0
Indexes.entries.lookupDurationAvgMs,1788966413112000000,1788966473108000000,0.0
Indexes.allKeys.lookupDurationMaxMs,1788966413112000000,1788966473108000000,0.0
Indexes.allKeys.lookupDuration90PMs,1788966413112000000,1788966473108000000,0.0
Indexes.entries.lookups,1788966413112000000,1788966473108000000,0.0
Indexes.stubs.lookupDurationMaxMs,1788966413112000000,1788966473108000000,0.0
Indexes.entries.lookupDuration90PMs,1788966413112000000,1788966473108000000,0.0
Indexes.stubs.lookupDuration90PMs,1788966413112000000,1788966473108000000,0.0
IndexesFlusher.totalFlushingTimeUs,1788966413112000000,1788966473108000000,264068
IndexesFlusher.totalContentionQuotaSpent,1788966413112000000,1788966473108000000,0
Indexes.stubs.lookups,1788966413112000000,1788966473108000000,0.0
jps.apply.loaded.storage.ms,1788966413112000000,1788966473108000000,0
jps.module.iml.entities.serializer.save.entities.ms,1788966413112000000,1788966473108000000,0
workspaceModel.mutableEntityStorage.replace.by.source.ms,1788966413112000000,1788966473108000000,0
workspaceModel.moduleBridgeLoader.loading.modules.ms,1788966413112000000,1788966473108000000,0
workspaceModel.mutableEntityStorage.referrers.ms,1788966413112000000,1788966473108000000,0
jps.global.handle.before.change.events.ms,1788966413112000000,1788966473108000000,0
workspaceModel.load.cache.from.file.ms,1788966413112000000,1788966473108000000,0
jps.library.entities.serializer.load.entities.ms,1788966413112000000,1788966473108000000,0
workspaceModel.global.apply.state.to.project.builder.ms,1788966413112000000,1788966473108000000,0
jps.global.get.library.by.name.ms,1788966413112000000,1788966473108000000,0
workspaceModel.mutableEntityStorage.modify.entity.ms,1788966413112000000,1788966473108000000,0
workspaceModel.mutableEntityStorage.resolve.ms,1788966413112000000,1788966473108000000,0
workspaceModel.moduleManagerBridge.newModule.ms,1788966413112000000,1788966473108000000,0
workspaceModel.global.updates.ms,1788966413112000000,1788966473108000000,0
workspaceModel.save.cache.to.file.ms,1788966413112000000,1788966473108000000,0
workspaceModel.mutableEntityStorage.apply.changes.from.ms,1788966413112000000,1788966473108000000,0
jps.project.serializers.save.ms,1788966413112000000,1788966473108000000,0
workspaceModel.mutableEntityStorage.entities.by.source.ms,1788966413112000000,1788966473108000000,0
workspaceModel.mutableEntityStorage.instances.count,1788966413112000000,1788966473108000000,0
jps.artifact.entities.serializer.save.entities.ms,1788966413112000000,1788966473108000000,0
jps.global.get.libraries.ms,1788966413112000000,1788966473108000000,0
jps.library.entities.serializer.save.entities.ms,1788966413112000000,1788966473108000000,0
workspaceModel.do.save.caches.ms,1788966413112000000,1788966473108000000,0
jps.facet.change.listener.before.change.events.ms,1788966413112000000,1788966473108000000,0
jps.global.handle.changed.events.ms,1788966413112000000,1788966473108000000,0
workspaceModel.mutableEntityStorage.has.same.entities.ms,1788966413112000000,1788966473108000000,0
jps.project.serializers.load.ms,1788966413112000000,1788966473108000000,0
workspaceModel.mutableEntityStorage.to.snapshot.ms,1788966413112000000,1788966473108000000,0
jps.storage.jps.conf.reader.load.component.ms,1788966413112000000,1788966473108000000,0
workspaceModel.moduleManagerBridge.new.nonPersistent.module.ms,1788966413112000000,1788966473108000000,0
workspaceModel.moduleManagerBridge.build.module.graph.ms,1788966413112000000,1788966473108000000,0
workspaceModel.mutableEntityStorage.entities.ms,1788966413112000000,1788966473108000000,0
workspaceModel.moduleBridge.before.changed.ms,1788966413112000000,1788966473108000000,0
jps.module.iml.entities.serializer.load.entities.ms,1788966413112000000,1788966473108000000,0
jps.load.initial.state.ms,1788966413112000000,1788966473108000000,0
workspaceModel.moduleManagerBridge.create.module.instance.ms,1788966413112000000,1788966473108000000,0
workspaceModel.orphan.listener.update.ms,1788966413112000000,1788966473108000000,0
jps.global.initialize.library.bridges.ms,1788966413112000000,1788966473108000000,0
jps.load.project.to.empty.storage.ms,1788966413112000000,1788966473108000000,0
workspaceModel.moduleBridge.update.option.ms,1788966413112000000,1788966473108000000,0
workspaceModel.moduleBridge.facet.initialization.ms,1788966413112000000,1788966473108000000,0
jps.save.changed.project.entities.ms,1788966413112000000,1788966473108000000,0
workspaceModel.global.apply.state.to.project.ms,1788966413112000000,1788966473108000000,0
jps.artifact.entities.serializer.load.entities.ms,1788966413112000000,1788966473108000000,0
workspaceModel.moduleManagerBridge.load.all.modules.ms,1788966413112000000,1788966473108000000,0
workspaceModel.mutableEntityStorage.mutable.vfurl.index.ms,1788966413112000000,1788966473108000000,0
jps.reload.project.entities.ms,1788966413112000000,1788966473108000000,0
workspaceModel.global.updates.count,1788966413112000000,1788966473108000000,0
workspaceModel.mutableEntityStorage.mutable.ext.mapping.ms,1788966413112000000,1788966473108000000,0
jps.global.get.library.ms,1788966413112000000,1788966473108000000,0
jps.app.storage.content.writer.save.component.ms,1788966413112000000,1788966473108000000,0
jps.facet.change.listener.init.bridge.ms,1788966413112000000,1788966473108000000,0
jps.app.storage.content.reader.load.component.ms,1788966413112000000,1788966473108000000,0
workspaceModel.mutableEntityStorage.put.entity.ms,1788966413112000000,1788966473108000000,0
jps.global.initialize.library.bridges.after.loading.ms,1788966413112000000,1788966473108000000,0
workspaceModel.mutableEntityStorage.collect.changes.ms,1788966413112000000,1788966473108000000,0
workspaceModel.mutableEntityStorage.add.entity.ms,1788966413112000000,1788966473108000000,0
workspaceModel.delayed.project.synchronizer.sync.ms,1788966413112000000,1788966473108000000,0
jps.save.global.entities.ms,1788966413112000000,1788966473108000000,0
workspaceModel.moduleManagerBridge.get.modules.ms,1788966413112000000,1788966473108000000,0
workspaceModel.moduleManagerBridge.set.unloadedModules.ms,1788966413112000000,1788966473108000000,0
workspaceModel.load.cache.metadata.from.file.ms,1788966413112000000,1788966473108000000,0
workspaceModel.mutableEntityStorage.remove.entity.ms,1788966413112000000,1788966473108000000,0
jps.facet.change.listener.process.change.events.ms,1788966413112000000,1788966473108000000,0
workspaceModel.sync.entities.ms,1788966413112000000,1788966473108000000,0
workspaceModel.moduleManagerBridge.load.module.ms,1788966413112000000,1788966473108000000,0
MappedFileStorage.totalPagesMapped,1788966413112000000,1788966473108000000,15
FilePageCache.totalPageDisposalsUs,1788966413112000000,1788966473108000000,0
FilePageCache.pageFastCacheHits,1788966413112000000,1788966473108000000,0
FilePageCacheLockFree.totalPagesHandedOver,1788966413112000000,1788966473108000000,0
StreamlinedBlobStorage.recordsRelocated,1788966413112000000,1788966473108000000,0
StreamlinedBlobStorage.totalLiveRecordsPayloadBytes,1788966413112000000,1788966473108000000,0
DirectByteBufferAllocator.disposed,1788966413112000000,1788966473108000000,0
MappedFileStorage.storages,1788966413112000000,1788966473108000000,15
DirectByteBufferAllocator.totalSizeOfBuffersCachedInBytes,1788966413112000000,1788966473108000000,0
FilePageCacheLockFree.totalNativeBytesReclaimed,1788966413112000000,1788966473108000000,0
FilePageCacheLockFree.nativeBytesInUse,1788966413112000000,1788966473108000000,0
FilePageCacheLockFree.totalPageAllocationsWaited,1788966413112000000,1788966473108000000,0
FilePageCache.maxCacheSizeInBytes,1788966413112000000,1788966473108000000,233848832
FilePageCache.capacityInBytes,1788966413112000000,1788966473108000000,503316478
FilePageCacheLockFree.totalBytesRead,1788966413112000000,1788966473108000000,0
FilePageCache.maxRegisteredFiles,1788966413112000000,1788966473108000000,555
FilePageCacheLockFree.totalHeapBytesReclaimed,1788966413112000000,1788966473108000000,0
FilePageCacheLockFree.totalBytesRequested,1788966413112000000,1788966473108000000,0
FilePageCacheLockFree.totalPagesRequested,1788966413112000000,1788966473108000000,0
FilePageCache.totalPageLoadsUs,1788966413112000000,1788966473108000000,0
FilePageCache.uncachedFileAccess,1788966413112000000,1788966473108000000,0
StorageLockContext.competingThreads.avg,1788966413112000000,1788966473108000000,0.0
FilePageCacheLockFree.housekeeperTurnsSkipped,1788966413112000000,1788966473108000000,0
MappedFileStorage.totalBytesMapped,1788966413112000000,1788966473108000000,198443008
DirectByteBufferAllocator.hits,1788966413112000000,1788966473108000000,0
StreamlinedBlobStorage.recordsAllocated,1788966413112000000,1788966473108000000,0
StreamlinedBlobStorage.totalLiveRecordsCapacityBytes,1788966413112000000,1788966473108000000,0
FilePageCache.pageLoadsAboveSizeThreshold,1788966413112000000,1788966473108000000,0
FilePageCacheLockFree.totalPagesWriteMs,1788966413112000000,1788966473108000000,0
FilePageCache.pageLoads,1788966413112000000,1788966473108000000,0
FileChannelInterruptsRetryer.totalRetriedAttempts,1788966413112000000,1788966473108000000,0
FilePageCacheLockFree.totalClosedStoragesReclaimed,1788966413112000000,1788966473108000000,0
FilePageCacheLockFree.totalPagesReclaimed,1788966413112000000,1788966473108000000,0
FilePageCacheLockFree.totalBytesWritten,1788966413112000000,1788966473108000000,0
FilePageCacheLockFree.totalNativeBytesAllocated,1788966413112000000,1788966473108000000,0
FilePageCache.disposedBuffers,1788966413112000000,1788966473108000000,0
FilePageCacheLockFree.heapBytesInUse,1788966413112000000,1788966473108000000,0
FilePageCacheLockFree.housekeeperTimeSpentMs,1788966413112000000,1788966473108000000,0
FilePageCacheLockFree.totalPagesAllocated,1788966413112000000,1788966473108000000,0
FilePageCacheLockFree.totalHeapBytesAllocated,1788966413112000000,1788966473108000000,0
FilePageCacheLockFree.totalPagesRequestsMs,1788966413112000000,1788966473108000000,0
DirectByteBufferAllocator.reclaimed,1788966413112000000,1788966473108000000,0
FilePageCacheLockFree.totalPagesReadMs,1788966413112000000,1788966473108000000,0
FilePageCache.pageHits,1788966413112000000,1788966473108000000,0
FilePageCacheLockFree.totalPagesWritten,1788966413112000000,1788966473108000000,0
StorageLockContext.competingThreads.90P,1788966413112000000,1788966473108000000,0
FilePageCacheLockFree.housekeeperTurnsDone,1788966413112000000,1788966473108000000,0
StorageLockContext.competingThreads.max,1788966413112000000,1788966473108000000,0
StreamlinedBlobStorage.recordsDeleted,1788966413112000000,1788966473108000000,0
MappedFileStorage.totalTimeSpentOnMappingUs,1788966413112000000,1788966473108000000,9644
DirectByteBufferAllocator.totalSizeOfBuffersAllocatedInBytes,1788966413112000000,1788966473108000000,233848832
DirectByteBufferAllocator.misses,1788966413112000000,1788966473108000000,0
compiler.ArtifactVirtualFileListener.filePathChanged.ms,1788966413112000000,1788966473108000000,0
compiler.ArtifactManagerBridge.commit.ms,1788966413112000000,1788966473108000000,0
compiler.ArtifactManagerBridge.findArtifact.ms,1788966413112000000,1788966473108000000,0
compiler.ArtifactManagerBridge.getArtifacts.ms,1788966413112000000,1788966473108000000,0
compiler.ArtifactManagerBridge.dropMappings.ms,1788966413112000000,1788966473108000000,0
compiler.ArtifactManagerBridge.initBridges.ms,1788966413112000000,1788966473108000000,0
compiler.ArtifactManagerBridge.addArtifact.ms,1788966413112000000,1788966473108000000,0
compiler.ArtifactVirtualFileListener.propertyChanged.ms,1788966413112000000,1788966473108000000,0
compiler.ArtifactManagerBridge.getArtifactsByType.ms,1788966413112000000,1788966473108000000,0
AWTEventQueue.dispatchTimeTotalNS,1788966473108000000,1788966533106000000,30275147
AWTEventQueue.dispatchTimeAvgNs,1788966473108000000,1788966533106000000,0.0
FlushQueue.waitingTimeMaxNs,1788966473108000000,1788966533106000000,0
NonBlockingReadAction.finalizedExecutionTimeUs,1788966473108000000,1788966533106000000,0
FlushQueue.queueSizeAvg,1788966473108000000,1788966533106000000,0.0
NonBlockingReadAction.failedExecutionsCount,1788966473108000000,1788966533106000000,0
ReadAction.executionsCount,1788966473108000000,1788966533106000000,0
FlushQueue.executionTimeMaxNs,1788966473108000000,1788966533106000000,0
FlushQueue.executionTimeAvgNs,1788966473108000000,1788966533106000000,0.0
FlushQueue.queueSizeMax,1788966473108000000,1788966533106000000,0
WriteAction.executionsCount,1788966473108000000,1788966533106000000,0
FlushQueue.tasksExecuted,1788966473108000000,1788966533106000000,0
FlushQueue.waitingTimeAvgNs,1788966473108000000,1788966533106000000,0.0
AWTEventQueue.dispatchTimeMaxNs,1788966473108000000,1788966533106000000,0
FlushQueue.executionTime90PNs,1788966473108000000,1788966533106000000,0
NonBlockingReadAction.failedExecutionTimeUs,1788966473108000000,1788966533106000000,0
AWTEventQueue.dispatchTime90PNs,1788966473108000000,1788966533106000000,0
FlushQueue.queueSize90P,1788966473108000000,1788966533106000000,0
FlushQueue.waitingTime90PNs,1788966473108000000,1788966533106000000,0
NonBlockingReadAction.finalizedExecutionsCount,1788966473108000000,1788966533106000000,0
AWTEventQueue.eventsDispatched,1788966473108000000,1788966533106000000,0
writeAction.wait.ms,1788966473108000000,1788966533106000000,0
writeAction.median.wait.ms,1788966473108000000,1788966533106000000,0
writeAction.max.wait.ms,1788966473108000000,1788966533106000000,11
writeAction.count,1788966473108000000,1788966533106000000,0
JVM.newThreadsCount,1788966473108000000,1788966533106000000,0
JVM.maxThreadCount,1788966473108000000,1788966533106000000,186
JVM.totalCpuTimeMs,1788966473108000000,1788966533106000000,964
OS.loadAverage,1788966473108000000,1788966533106000000,2.41748046875
JVM.GC.collectionTimesMs,1788966473108000000,1788966533106000000,0
JVM.maxHeapBytes,1788966473108000000,1788966533106000000,2147483648
JVM.GC.collections,1788966473108000000,1788966533106000000,0
JVM.threadCount,1788966473108000000,1788966533106000000,60
JVM.totalBytesAllocated,1788966473108000000,1788966533106000000,9593104
JVM.totalDirectByteBuffersBytes,1788966473108000000,1788966533106000000,234722933
JVM.usedHeapBytes,1788966473108000000,1788966533106000000,321019576
JVM.usedNativeBytes,1788966473108000000,1788966533106000000,326693808
cacheStateStorage.set.counter,1788966473108000000,1788966533106000000,0
cacheStateStorage.set.duration,1788966473108000000,1788966533106000000,0
cacheStateStorage.get.counter,1788966473108000000,1788966533106000000,0
cacheStateStorage.get.duration,1788966473108000000,1788966533106000000,0
VFS.fileByIdCache.misses,1788966473108000000,1788966533106000000,0
FileNameCache.queries,1788966473108000000,1788966533106000000,0
VFS.fileChildByName,1788966473108000000,1788966533106000000,0
FileNameCache.totalMisses,1788966473108000000,1788966533106000000,0
VFS.invertedFileNameIndex.requests,1788966473108000000,1788966533106000000,0
VFS.fileByIdCache.hits,1788966473108000000,1788966533106000000,0
workspaceModel.loading.from.cache.ms,1788966473108000000,1788966533106000000,0
workspaceModel.check.recursive.update.ms,1788966473108000000,1788966533106000000,0
workspaceModel.cachedValue.from.cache.ms,1788966473108000000,1788966533106000000,0
workspaceModel.cachedValue.clear.ms,1788966473108000000,1788966533106000000,0
workspaceModel.workspaceFileIndexData.getPackageName.ms,1788966473108000000,1788966533106000000,0
workspaceModel.replace.project.model.ms,1788966473108000000,1788966533106000000,0
workspaceModel.initializing.ms,1788966473108000000,1788966533106000000,0
workspaceModel.updates.count,1788966473108000000,1788966533106000000,0
workspaceModel.cachedValueWithParameters.clear.ms,1788966473108000000,1788966533106000000,0
workspaceModel.cachedValueWithParameters.calculated.ms,1788966473108000000,1788966533106000000,0
workspaceModel.workspaceFileIndexData.init.ms,1788966473108000000,1788966533106000000,0
workspaceModel.workspaceFileIndexData.instances.count,1788966473108000000,1788966533106000000,0
workspaceModel.pre.handlers.ms,1788966473108000000,1788966533106000000,0
workspaceModel.collect.changes.ms,1788966473108000000,1788966533106000000,0
workspaceModel.cachedValue.total.get.ms,1788966473108000000,1788966533106000000,0
workspaceModel.entityStorageSnapshotImpl.instances.count,1788966473108000000,1788966533106000000,0
workspaceModel.init.bridges.ms,1788966473108000000,1788966533106000000,0
workspaceModel.workspaceFileIndexData.processFileSets.ms,1788966473108000000,1788966533106000000,0
workspaceModel.workspaceFileIndexData.visitFileSets.ms,1788966473108000000,1788966533106000000,0
workspaceModel.workspaceFileIndexData.markDirty.ms,1788966473108000000,1788966533106000000,0
workspaceModel.to.snapshot.ms,1788966473108000000,1788966533106000000,0
workspaceModel.workspaceFileIndexData.getDirectoriesByPackageName.ms,1788966473108000000,1788966533106000000,0
workspaceModel.updates.ms,1788966473108000000,1788966533106000000,0
workspaceModel.loading.total.ms,1788966473108000000,1788966533106000000,0
workspaceModel.cachedValue.calculated.ms,1788966473108000000,1788966533106000000,0
workspaceModel.cachedValueWithParameters.from.cache.ms,1788966473108000000,1788966533106000000,0
workspaceModel.workspaceFileIndexData.updateDirtyEntities.ms,1788966473108000000,1788966533106000000,0
workspaceModel.cachedValueWithParameters.total.get.ms,1788966473108000000,1788966533106000000,0
workspaceModel.workspaceFileIndexData.onEntitiesChanged.ms,1788966473108000000,1788966533106000000,0
workspaceModel.full.replace.project.model.ms,1788966473108000000,1788966533106000000,0
workspaceModel.workspaceFileIndexContributor.registerFileSets.ms,1788966473108000000,1788966533106000000,0
workspaceModel.workspaceFileIndexData.getFileInfo.ms,1788966473108000000,1788966533106000000,0
workspaceModel.update.unloaded.entities.ms,1788966473108000000,1788966533106000000,0
workspaceModel.updates.precise.ms,1788966473108000000,1788966533106000000,0
Indexes.allKeys.lookupDurationAvgMs,1788966473108000000,1788966533106000000,0.0
Indexes.stubs.lookupDurationAvgMs,1788966473108000000,1788966533106000000,0.0
Indexes.entries.lookupDurationMaxMs,1788966473108000000,1788966533106000000,0.0
IndexesFlusher.totalFlushesRetried,1788966473108000000,1788966533106000000,0
IndexesFlusher.totalFlushes,1788966473108000000,1788966533106000000,59
Indexes.allKeys.lookups,1788966473108000000,1788966533106000000,0.0
Indexes.entries.lookupDurationAvgMs,1788966473108000000,1788966533106000000,0.0
Indexes.allKeys.lookupDurationMaxMs,1788966473108000000,1788966533106000000,0.0
Indexes.allKeys.lookupDuration90PMs,1788966473108000000,1788966533106000000,0.0
Indexes.entries.lookups,1788966473108000000,1788966533106000000,0.0
Indexes.stubs.lookupDurationMaxMs,1788966473108000000,1788966533106000000,0.0
Indexes.entries.lookupDuration90PMs,1788966473108000000,1788966533106000000,0.0
Indexes.stubs.lookupDuration90PMs,1788966473108000000,1788966533106000000,0.0
IndexesFlusher.totalFlushingTimeUs,1788966473108000000,1788966533106000000,266038
IndexesFlusher.totalContentionQuotaSpent,1788966473108000000,1788966533106000000,0
Indexes.stubs.lookups,1788966473108000000,1788966533106000000,0.0
jps.apply.loaded.storage.ms,1788966473108000000,1788966533106000000,0
jps.module.iml.entities.serializer.save.entities.ms,1788966473108000000,1788966533106000000,0
workspaceModel.mutableEntityStorage.replace.by.source.ms,1788966473108000000,1788966533106000000,0
workspaceModel.moduleBridgeLoader.loading.modules.ms,1788966473108000000,1788966533106000000,0
workspaceModel.mutableEntityStorage.referrers.ms,1788966473108000000,1788966533106000000,0
jps.global.handle.before.change.events.ms,1788966473108000000,1788966533106000000,0
workspaceModel.load.cache.from.file.ms,1788966473108000000,1788966533106000000,0
jps.library.entities.serializer.load.entities.ms,1788966473108000000,1788966533106000000,0
workspaceModel.global.apply.state.to.project.builder.ms,1788966473108000000,1788966533106000000,0
jps.global.get.library.by.name.ms,1788966473108000000,1788966533106000000,0
workspaceModel.mutableEntityStorage.modify.entity.ms,1788966473108000000,1788966533106000000,0
workspaceModel.mutableEntityStorage.resolve.ms,1788966473108000000,1788966533106000000,0
workspaceModel.moduleManagerBridge.newModule.ms,1788966473108000000,1788966533106000000,0
workspaceModel.global.updates.ms,1788966473108000000,1788966533106000000,0
workspaceModel.save.cache.to.file.ms,1788966473108000000,1788966533106000000,0
workspaceModel.mutableEntityStorage.apply.changes.from.ms,1788966473108000000,1788966533106000000,0
jps.project.serializers.save.ms,1788966473108000000,1788966533106000000,0
workspaceModel.mutableEntityStorage.entities.by.source.ms,1788966473108000000,1788966533106000000,0
workspaceModel.mutableEntityStorage.instances.count,1788966473108000000,1788966533106000000,0
jps.artifact.entities.serializer.save.entities.ms,1788966473108000000,1788966533106000000,0
jps.global.get.libraries.ms,1788966473108000000,1788966533106000000,0
jps.library.entities.serializer.save.entities.ms,1788966473108000000,1788966533106000000,0
workspaceModel.do.save.caches.ms,1788966473108000000,1788966533106000000,0
jps.facet.change.listener.before.change.events.ms,1788966473108000000,1788966533106000000,0
jps.global.handle.changed.events.ms,1788966473108000000,1788966533106000000,0
workspaceModel.mutableEntityStorage.has.same.entities.ms,1788966473108000000,1788966533106000000,0
jps.project.serializers.load.ms,1788966473108000000,1788966533106000000,0
workspaceModel.mutableEntityStorage.to.snapshot.ms,1788966473108000000,1788966533106000000,0
jps.storage.jps.conf.reader.load.component.ms,1788966473108000000,1788966533106000000,0
workspaceModel.moduleManagerBridge.new.nonPersistent.module.ms,1788966473108000000,1788966533106000000,0
workspaceModel.moduleManagerBridge.build.module.graph.ms,1788966473108000000,1788966533106000000,0
workspaceModel.mutableEntityStorage.entities.ms,1788966473108000000,1788966533106000000,0
workspaceModel.moduleBridge.before.changed.ms,1788966473108000000,1788966533106000000,0
jps.module.iml.entities.serializer.load.entities.ms,1788966473108000000,1788966533106000000,0
jps.load.initial.state.ms,1788966473108000000,1788966533106000000,0
workspaceModel.moduleManagerBridge.create.module.instance.ms,1788966473108000000,1788966533106000000,0
workspaceModel.orphan.listener.update.ms,1788966473108000000,1788966533106000000,0
jps.global.initialize.library.bridges.ms,1788966473108000000,1788966533106000000,0
jps.load.project.to.empty.storage.ms,1788966473108000000,1788966533106000000,0
workspaceModel.moduleBridge.update.option.ms,1788966473108000000,1788966533106000000,0
workspaceModel.moduleBridge.facet.initialization.ms,1788966473108000000,1788966533106000000,0
jps.save.changed.project.entities.ms,1788966473108000000,1788966533106000000,0
workspaceModel.global.apply.state.to.project.ms,1788966473108000000,1788966533106000000,0
jps.artifact.entities.serializer.load.entities.ms,1788966473108000000,1788966533106000000,0
workspaceModel.moduleManagerBridge.load.all.modules.ms,1788966473108000000,1788966533106000000,0
workspaceModel.mutableEntityStorage.mutable.vfurl.index.ms,1788966473108000000,1788966533106000000,0
jps.reload.project.entities.ms,1788966473108000000,1788966533106000000,0
workspaceModel.global.updates.count,1788966473108000000,1788966533106000000,0
workspaceModel.mutableEntityStorage.mutable.ext.mapping.ms,1788966473108000000,1788966533106000000,0
jps.global.get.library.ms,1788966473108000000,1788966533106000000,0
jps.app.storage.content.writer.save.component.ms,1788966473108000000,1788966533106000000,0
jps.facet.change.listener.init.bridge.ms,1788966473108000000,1788966533106000000,0
jps.app.storage.content.reader.load.component.ms,1788966473108000000,1788966533106000000,0
workspaceModel.mutableEntityStorage.put.entity.ms,1788966473108000000,1788966533106000000,0
jps.global.initialize.library.bridges.after.loading.ms,1788966473108000000,1788966533106000000,0
workspaceModel.mutableEntityStorage.collect.changes.ms,1788966473108000000,1788966533106000000,0
workspaceModel.mutableEntityStorage.add.entity.ms,1788966473108000000,1788966533106000000,0
workspaceModel.delayed.project.synchronizer.sync.ms,1788966473108000000,1788966533106000000,0
jps.save.global.entities.ms,1788966473108000000,1788966533106000000,0
workspaceModel.moduleManagerBridge.get.modules.ms,1788966473108000000,1788966533106000000,0
workspaceModel.moduleManagerBridge.set.unloadedModules.ms,1788966473108000000,1788966533106000000,0
workspaceModel.load.cache.metadata.from.file.ms,1788966473108000000,1788966533106000000,0
workspaceModel.mutableEntityStorage.remove.entity.ms,1788966473108000000,1788966533106000000,0
jps.facet.change.listener.process.change.events.ms,1788966473108000000,1788966533106000000,0
workspaceModel.sync.entities.ms,1788966473108000000,1788966533106000000,0
workspaceModel.moduleManagerBridge.load.module.ms,1788966473108000000,1788966533106000000,0
MappedFileStorage.totalPagesMapped,1788966473108000000,1788966533106000000,15
FilePageCache.totalPageDisposalsUs,1788966473108000000,1788966533106000000,0
FilePageCache.pageFastCacheHits,1788966473108000000,1788966533106000000,0
FilePageCacheLockFree.totalPagesHandedOver,1788966473108000000,1788966533106000000,0
StreamlinedBlobStorage.recordsRelocated,1788966473108000000,1788966533106000000,0
StreamlinedBlobStorage.totalLiveRecordsPayloadBytes,1788966473108000000,1788966533106000000,0
DirectByteBufferAllocator.disposed,1788966473108000000,1788966533106000000,0
MappedFileStorage.storages,1788966473108000000,1788966533106000000,15
DirectByteBufferAllocator.totalSizeOfBuffersCachedInBytes,1788966473108000000,1788966533106000000,0
FilePageCacheLockFree.totalNativeBytesReclaimed,1788966473108000000,1788966533106000000,0
FilePageCacheLockFree.nativeBytesInUse,1788966473108000000,1788966533106000000,0
FilePageCacheLockFree.totalPageAllocationsWaited,1788966473108000000,1788966533106000000,0
FilePageCache.maxCacheSizeInBytes,1788966473108000000,1788966533106000000,233848832
FilePageCache.capacityInBytes,1788966473108000000,1788966533106000000,503316478
FilePageCacheLockFree.totalBytesRead,1788966473108000000,1788966533106000000,0
FilePageCache.maxRegisteredFiles,1788966473108000000,1788966533106000000,555
FilePageCacheLockFree.totalHeapBytesReclaimed,1788966473108000000,1788966533106000000,0
FilePageCacheLockFree.totalBytesRequested,1788966473108000000,1788966533106000000,0
FilePageCacheLockFree.totalPagesRequested,1788966473108000000,1788966533106000000,0
FilePageCache.totalPageLoadsUs,1788966473108000000,1788966533106000000,0
FilePageCache.uncachedFileAccess,1788966473108000000,1788966533106000000,0
StorageLockContext.competingThreads.avg,1788966473108000000,1788966533106000000,0.0
FilePageCacheLockFree.housekeeperTurnsSkipped,1788966473108000000,1788966533106000000,0
MappedFileStorage.totalBytesMapped,1788966473108000000,1788966533106000000,198443008
DirectByteBufferAllocator.hits,1788966473108000000,1788966533106000000,0
StreamlinedBlobStorage.recordsAllocated,1788966473108000000,1788966533106000000,0
StreamlinedBlobStorage.totalLiveRecordsCapacityBytes,1788966473108000000,1788966533106000000,0
FilePageCache.pageLoadsAboveSizeThreshold,1788966473108000000,1788966533106000000,0
FilePageCacheLockFree.totalPagesWriteMs,1788966473108000000,1788966533106000000,0
FilePageCache.pageLoads,1788966473108000000,1788966533106000000,0
FileChannelInterruptsRetryer.totalRetriedAttempts,1788966473108000000,1788966533106000000,0
FilePageCacheLockFree.totalClosedStoragesReclaimed,1788966473108000000,1788966533106000000,0
FilePageCacheLockFree.totalPagesReclaimed,1788966473108000000,1788966533106000000,0
FilePageCacheLockFree.totalBytesWritten,1788966473108000000,1788966533106000000,0
FilePageCacheLockFree.totalNativeBytesAllocated,1788966473108000000,1788966533106000000,0
FilePageCache.disposedBuffers,1788966473108000000,1788966533106000000,0
FilePageCacheLockFree.heapBytesInUse,1788966473108000000,1788966533106000000,0
FilePageCacheLockFree.housekeeperTimeSpentMs,1788966473108000000,1788966533106000000,0
FilePageCacheLockFree.totalPagesAllocated,1788966473108000000,1788966533106000000,0
FilePageCacheLockFree.totalHeapBytesAllocated,1788966473108000000,1788966533106000000,0
FilePageCacheLockFree.totalPagesRequestsMs,1788966473108000000,1788966533106000000,0
DirectByteBufferAllocator.reclaimed,1788966473108000000,1788966533106000000,0
FilePageCacheLockFree.totalPagesReadMs,1788966473108000000,1788966533106000000,0
FilePageCache.pageHits,1788966473108000000,1788966533106000000,0
FilePageCacheLockFree.totalPagesWritten,1788966473108000000,1788966533106000000,0
StorageLockContext.competingThreads.90P,1788966473108000000,1788966533106000000,0
FilePageCacheLockFree.housekeeperTurnsDone,1788966473108000000,1788966533106000000,0
StorageLockContext.competingThreads.max,1788966473108000000,1788966533106000000,0
StreamlinedBlobStorage.recordsDeleted,1788966473108000000,1788966533106000000,0
MappedFileStorage.totalTimeSpentOnMappingUs,1788966473108000000,1788966533106000000,9644
DirectByteBufferAllocator.totalSizeOfBuffersAllocatedInBytes,1788966473108000000,1788966533106000000,233848832
DirectByteBufferAllocator.misses,1788966473108000000,1788966533106000000,0
compiler.ArtifactVirtualFileListener.filePathChanged.ms,1788966473108000000,1788966533106000000,0
compiler.ArtifactManagerBridge.commit.ms,1788966473108000000,1788966533106000000,0
compiler.ArtifactManagerBridge.findArtifact.ms,1788966473108000000,1788966533106000000,0
compiler.ArtifactManagerBridge.getArtifacts.ms,1788966473108000000,1788966533106000000,0
compiler.ArtifactManagerBridge.dropMappings.ms,1788966473108000000,1788966533106000000,0
compiler.ArtifactManagerBridge.initBridges.ms,1788966473108000000,1788966533106000000,0
compiler.ArtifactManagerBridge.addArtifact.ms,1788966473108000000,1788966533106000000,0
compiler.ArtifactVirtualFileListener.propertyChanged.ms,1788966473108000000,1788966533106000000,0
compiler.ArtifactManagerBridge.getArtifactsByType.ms,1788966473108000000,1788966533106000000,0
AWTEventQueue.dispatchTimeTotalNS,1788966533106000000,1788966593105000000,27937697
AWTEventQueue.dispatchTimeAvgNs,1788966533106000000,1788966593105000000,0.0
FlushQueue.waitingTimeMaxNs,1788966533106000000,1788966593105000000,0
NonBlockingReadAction.finalizedExecutionTimeUs,1788966533106000000,1788966593105000000,0
FlushQueue.queueSizeAvg,1788966533106000000,1788966593105000000,0.0
NonBlockingReadAction.failedExecutionsCount,1788966533106000000,1788966593105000000,0
ReadAction.executionsCount,1788966533106000000,1788966593105000000,0
FlushQueue.executionTimeMaxNs,1788966533106000000,1788966593105000000,0
FlushQueue.executionTimeAvgNs,1788966533106000000,1788966593105000000,0.0
FlushQueue.queueSizeMax,1788966533106000000,1788966593105000000,0
WriteAction.executionsCount,1788966533106000000,1788966593105000000,0
FlushQueue.tasksExecuted,1788966533106000000,1788966593105000000,0
FlushQueue.waitingTimeAvgNs,1788966533106000000,1788966593105000000,0.0
AWTEventQueue.dispatchTimeMaxNs,1788966533106000000,1788966593105000000,0
FlushQueue.executionTime90PNs,1788966533106000000,1788966593105000000,0
NonBlockingReadAction.failedExecutionTimeUs,1788966533106000000,1788966593105000000,0
AWTEventQueue.dispatchTime90PNs,1788966533106000000,1788966593105000000,0
FlushQueue.queueSize90P,1788966533106000000,1788966593105000000,0
FlushQueue.waitingTime90PNs,1788966533106000000,1788966593105000000,0
NonBlockingReadAction.finalizedExecutionsCount,1788966533106000000,1788966593105000000,0
AWTEventQueue.eventsDispatched,1788966533106000000,1788966593105000000,0
writeAction.wait.ms,1788966533106000000,1788966593105000000,0
writeAction.median.wait.ms,1788966533106000000,1788966593105000000,0
writeAction.max.wait.ms,1788966533106000000,1788966593105000000,11
writeAction.count,1788966533106000000,1788966593105000000,0
JVM.newThreadsCount,1788966533106000000,1788966593105000000,0
JVM.maxThreadCount,1788966533106000000,1788966593105000000,186
JVM.totalCpuTimeMs,1788966533106000000,1788966593105000000,662
OS.loadAverage,1788966533106000000,1788966593105000000,2.498046875
JVM.GC.collectionTimesMs,1788966533106000000,1788966593105000000,0
JVM.maxHeapBytes,1788966533106000000,1788966593105000000,2147483648
JVM.GC.collections,1788966533106000000,1788966593105000000,0
JVM.threadCount,1788966533106000000,1788966593105000000,59
JVM.totalBytesAllocated,1788966533106000000,1788966593105000000,9700968
JVM.totalDirectByteBuffersBytes,1788966533106000000,1788966593105000000,234731125
JVM.usedHeapBytes,1788966533106000000,1788966593105000000,331505336
JVM.usedNativeBytes,1788966533106000000,1788966593105000000,326772888
cacheStateStorage.set.counter,1788966533106000000,1788966593105000000,0
cacheStateStorage.set.duration,1788966533106000000,1788966593105000000,0
cacheStateStorage.get.counter,1788966533106000000,1788966593105000000,0
cacheStateStorage.get.duration,1788966533106000000,1788966593105000000,0
VFS.fileByIdCache.misses,1788966533106000000,1788966593105000000,0
FileNameCache.queries,1788966533106000000,1788966593105000000,0
VFS.fileChildByName,1788966533106000000,1788966593105000000,0
FileNameCache.totalMisses,1788966533106000000,1788966593105000000,0
VFS.invertedFileNameIndex.requests,1788966533106000000,1788966593105000000,0
VFS.fileByIdCache.hits,1788966533106000000,1788966593105000000,0
workspaceModel.loading.from.cache.ms,1788966533106000000,1788966593105000000,0
workspaceModel.check.recursive.update.ms,1788966533106000000,1788966593105000000,0
workspaceModel.cachedValue.from.cache.ms,1788966533106000000,1788966593105000000,0
workspaceModel.cachedValue.clear.ms,1788966533106000000,1788966593105000000,0
workspaceModel.workspaceFileIndexData.getPackageName.ms,1788966533106000000,1788966593105000000,0
workspaceModel.replace.project.model.ms,1788966533106000000,1788966593105000000,0
workspaceModel.initializing.ms,1788966533106000000,1788966593105000000,0
workspaceModel.updates.count,1788966533106000000,1788966593105000000,0
workspaceModel.cachedValueWithParameters.clear.ms,1788966533106000000,1788966593105000000,0
workspaceModel.cachedValueWithParameters.calculated.ms,1788966533106000000,1788966593105000000,0
workspaceModel.workspaceFileIndexData.init.ms,1788966533106000000,1788966593105000000,0
workspaceModel.workspaceFileIndexData.instances.count,1788966533106000000,1788966593105000000,0
workspaceModel.pre.handlers.ms,1788966533106000000,1788966593105000000,0
workspaceModel.collect.changes.ms,1788966533106000000,1788966593105000000,0
workspaceModel.cachedValue.total.get.ms,1788966533106000000,1788966593105000000,0
workspaceModel.entityStorageSnapshotImpl.instances.count,1788966533106000000,1788966593105000000,0
workspaceModel.init.bridges.ms,1788966533106000000,1788966593105000000,0
workspaceModel.workspaceFileIndexData.processFileSets.ms,1788966533106000000,1788966593105000000,0
workspaceModel.workspaceFileIndexData.visitFileSets.ms,1788966533106000000,1788966593105000000,0
workspaceModel.workspaceFileIndexData.markDirty.ms,1788966533106000000,1788966593105000000,0
workspaceModel.to.snapshot.ms,1788966533106000000,1788966593105000000,0
workspaceModel.workspaceFileIndexData.getDirectoriesByPackageName.ms,1788966533106000000,1788966593105000000,0
workspaceModel.updates.ms,1788966533106000000,1788966593105000000,0
workspaceModel.loading.total.ms,1788966533106000000,1788966593105000000,0
workspaceModel.cachedValue.calculated.ms,1788966533106000000,1788966593105000000,0
workspaceModel.cachedValueWithParameters.from.cache.ms,1788966533106000000,1788966593105000000,0
workspaceModel.workspaceFileIndexData.updateDirtyEntities.ms,1788966533106000000,1788966593105000000,0
workspaceModel.cachedValueWithParameters.total.get.ms,1788966533106000000,1788966593105000000,0
workspaceModel.workspaceFileIndexData.onEntitiesChanged.ms,1788966533106000000,1788966593105000000,0
workspaceModel.full.replace.project.model.ms,1788966533106000000,1788966593105000000,0
workspaceModel.workspaceFileIndexContributor.registerFileSets.ms,1788966533106000000,1788966593105000000,0
workspaceModel.workspaceFileIndexData.getFileInfo.ms,1788966533106000000,1788966593105000000,0
workspaceModel.update.unloaded.entities.ms,1788966533106000000,1788966593105000000,0
workspaceModel.updates.precise.ms,1788966533106000000,1788966593105000000,0
Indexes.allKeys.lookupDurationAvgMs,1788966533106000000,1788966593105000000,0.0
Indexes.stubs.lookupDurationAvgMs,1788966533106000000,1788966593105000000,0.0
Indexes.entries.lookupDurationMaxMs,1788966533106000000,1788966593105000000,0.0
IndexesFlusher.totalFlushesRetried,1788966533106000000,1788966593105000000,0
IndexesFlusher.totalFlushes,1788966533106000000,1788966593105000000,59
Indexes.allKeys.lookups,1788966533106000000,1788966593105000000,0.0
Indexes.entries.lookupDurationAvgMs,1788966533106000000,1788966593105000000,0.0
Indexes.allKeys.lookupDurationMaxMs,1788966533106000000,1788966593105000000,0.0
Indexes.allKeys.lookupDuration90PMs,1788966533106000000,1788966593105000000,0.0
Indexes.entries.lookups,1788966533106000000,1788966593105000000,0.0
Indexes.stubs.lookupDurationMaxMs,1788966533106000000,1788966593105000000,0.0
Indexes.entries.lookupDuration90PMs,1788966533106000000,1788966593105000000,0.0
Indexes.stubs.lookupDuration90PMs,1788966533106000000,1788966593105000000,0.0
IndexesFlusher.totalFlushingTimeUs,1788966533106000000,1788966593105000000,274908
IndexesFlusher.totalContentionQuotaSpent,1788966533106000000,1788966593105000000,0
Indexes.stubs.lookups,1788966533106000000,1788966593105000000,0.0
jps.apply.loaded.storage.ms,1788966533106000000,1788966593105000000,0
jps.module.iml.entities.serializer.save.entities.ms,1788966533106000000,1788966593105000000,0
workspaceModel.mutableEntityStorage.replace.by.source.ms,1788966533106000000,1788966593105000000,0
workspaceModel.moduleBridgeLoader.loading.modules.ms,1788966533106000000,1788966593105000000,0
workspaceModel.mutableEntityStorage.referrers.ms,1788966533106000000,1788966593105000000,0
jps.global.handle.before.change.events.ms,1788966533106000000,1788966593105000000,0
workspaceModel.load.cache.from.file.ms,1788966533106000000,1788966593105000000,0
jps.library.entities.serializer.load.entities.ms,1788966533106000000,1788966593105000000,0
workspaceModel.global.apply.state.to.project.builder.ms,1788966533106000000,1788966593105000000,0
jps.global.get.library.by.name.ms,1788966533106000000,1788966593105000000,0
workspaceModel.mutableEntityStorage.modify.entity.ms,1788966533106000000,1788966593105000000,0
workspaceModel.mutableEntityStorage.resolve.ms,1788966533106000000,1788966593105000000,0
workspaceModel.moduleManagerBridge.newModule.ms,1788966533106000000,1788966593105000000,0
workspaceModel.global.updates.ms,1788966533106000000,1788966593105000000,0
workspaceModel.save.cache.to.file.ms,1788966533106000000,1788966593105000000,0
workspaceModel.mutableEntityStorage.apply.changes.from.ms,1788966533106000000,1788966593105000000,0
jps.project.serializers.save.ms,1788966533106000000,1788966593105000000,0
workspaceModel.mutableEntityStorage.entities.by.source.ms,1788966533106000000,1788966593105000000,0
workspaceModel.mutableEntityStorage.instances.count,1788966533106000000,1788966593105000000,0
jps.artifact.entities.serializer.save.entities.ms,1788966533106000000,1788966593105000000,0
jps.global.get.libraries.ms,1788966533106000000,1788966593105000000,0
jps.library.entities.serializer.save.entities.ms,1788966533106000000,1788966593105000000,0
workspaceModel.do.save.caches.ms,1788966533106000000,1788966593105000000,0
jps.facet.change.listener.before.change.events.ms,1788966533106000000,1788966593105000000,0
jps.global.handle.changed.events.ms,1788966533106000000,1788966593105000000,0
workspaceModel.mutableEntityStorage.has.same.entities.ms,1788966533106000000,1788966593105000000,0
jps.project.serializers.load.ms,1788966533106000000,1788966593105000000,0
workspaceModel.mutableEntityStorage.to.snapshot.ms,1788966533106000000,1788966593105000000,0
jps.storage.jps.conf.reader.load.component.ms,1788966533106000000,1788966593105000000,0
workspaceModel.moduleManagerBridge.new.nonPersistent.module.ms,1788966533106000000,1788966593105000000,0
workspaceModel.moduleManagerBridge.build.module.graph.ms,1788966533106000000,1788966593105000000,0
workspaceModel.mutableEntityStorage.entities.ms,1788966533106000000,1788966593105000000,0
workspaceModel.moduleBridge.before.changed.ms,1788966533106000000,1788966593105000000,0
jps.module.iml.entities.serializer.load.entities.ms,1788966533106000000,1788966593105000000,0
jps.load.initial.state.ms,1788966533106000000,1788966593105000000,0
workspaceModel.moduleManagerBridge.create.module.instance.ms,1788966533106000000,1788966593105000000,0
workspaceModel.orphan.listener.update.ms,1788966533106000000,1788966593105000000,0
jps.global.initialize.library.bridges.ms,1788966533106000000,1788966593105000000,0
jps.load.project.to.empty.storage.ms,1788966533106000000,1788966593105000000,0
workspaceModel.moduleBridge.update.option.ms,1788966533106000000,1788966593105000000,0
workspaceModel.moduleBridge.facet.initialization.ms,1788966533106000000,1788966593105000000,0
jps.save.changed.project.entities.ms,1788966533106000000,1788966593105000000,0
workspaceModel.global.apply.state.to.project.ms,1788966533106000000,1788966593105000000,0
jps.artifact.entities.serializer.load.entities.ms,1788966533106000000,1788966593105000000,0
workspaceModel.moduleManagerBridge.load.all.modules.ms,1788966533106000000,1788966593105000000,0
workspaceModel.mutableEntityStorage.mutable.vfurl.index.ms,1788966533106000000,1788966593105000000,0
jps.reload.project.entities.ms,1788966533106000000,1788966593105000000,0
workspaceModel.global.updates.count,1788966533106000000,1788966593105000000,0
workspaceModel.mutableEntityStorage.mutable.ext.mapping.ms,1788966533106000000,1788966593105000000,0
jps.global.get.library.ms,1788966533106000000,1788966593105000000,0
jps.app.storage.content.writer.save.component.ms,1788966533106000000,1788966593105000000,0
jps.facet.change.listener.init.bridge.ms,1788966533106000000,1788966593105000000,0
jps.app.storage.content.reader.load.component.ms,1788966533106000000,1788966593105000000,0
workspaceModel.mutableEntityStorage.put.entity.ms,1788966533106000000,1788966593105000000,0
jps.global.initialize.library.bridges.after.loading.ms,1788966533106000000,1788966593105000000,0
workspaceModel.mutableEntityStorage.collect.changes.ms,1788966533106000000,1788966593105000000,0
workspaceModel.mutableEntityStorage.add.entity.ms,1788966533106000000,1788966593105000000,0
workspaceModel.delayed.project.synchronizer.sync.ms,1788966533106000000,1788966593105000000,0
jps.save.global.entities.ms,1788966533106000000,1788966593105000000,0
workspaceModel.moduleManagerBridge.get.modules.ms,1788966533106000000,1788966593105000000,0
workspaceModel.moduleManagerBridge.set.unloadedModules.ms,1788966533106000000,1788966593105000000,0
workspaceModel.load.cache.metadata.from.file.ms,1788966533106000000,1788966593105000000,0
workspaceModel.mutableEntityStorage.remove.entity.ms,1788966533106000000,1788966593105000000,0
jps.facet.change.listener.process.change.events.ms,1788966533106000000,1788966593105000000,0
workspaceModel.sync.entities.ms,1788966533106000000,1788966593105000000,0
workspaceModel.moduleManagerBridge.load.module.ms,1788966533106000000,1788966593105000000,0
MappedFileStorage.totalPagesMapped,1788966533106000000,1788966593105000000,15
FilePageCache.totalPageDisposalsUs,1788966533106000000,1788966593105000000,0
FilePageCache.pageFastCacheHits,1788966533106000000,1788966593105000000,0
FilePageCacheLockFree.totalPagesHandedOver,1788966533106000000,1788966593105000000,0
StreamlinedBlobStorage.recordsRelocated,1788966533106000000,1788966593105000000,0
StreamlinedBlobStorage.totalLiveRecordsPayloadBytes,1788966533106000000,1788966593105000000,0
DirectByteBufferAllocator.disposed,1788966533106000000,1788966593105000000,0
MappedFileStorage.storages,1788966533106000000,1788966593105000000,15
DirectByteBufferAllocator.totalSizeOfBuffersCachedInBytes,1788966533106000000,1788966593105000000,0
FilePageCacheLockFree.totalNativeBytesReclaimed,1788966533106000000,1788966593105000000,0
FilePageCacheLockFree.nativeBytesInUse,1788966533106000000,1788966593105000000,0
FilePageCacheLockFree.totalPageAllocationsWaited,1788966533106000000,1788966593105000000,0
FilePageCache.maxCacheSizeInBytes,1788966533106000000,1788966593105000000,233848832
FilePageCache.capacityInBytes,1788966533106000000,1788966593105000000,503316478
FilePageCacheLockFree.totalBytesRead,1788966533106000000,1788966593105000000,0
FilePageCache.maxRegisteredFiles,1788966533106000000,1788966593105000000,555
FilePageCacheLockFree.totalHeapBytesReclaimed,1788966533106000000,1788966593105000000,0
FilePageCacheLockFree.totalBytesRequested,1788966533106000000,1788966593105000000,0
FilePageCacheLockFree.totalPagesRequested,1788966533106000000,1788966593105000000,0
FilePageCache.totalPageLoadsUs,1788966533106000000,1788966593105000000,0
FilePageCache.uncachedFileAccess,1788966533106000000,1788966593105000000,0
StorageLockContext.competingThreads.avg,1788966533106000000,1788966593105000000,0.0
FilePageCacheLockFree.housekeeperTurnsSkipped,1788966533106000000,1788966593105000000,0
MappedFileStorage.totalBytesMapped,1788966533106000000,1788966593105000000,198443008
DirectByteBufferAllocator.hits,1788966533106000000,1788966593105000000,0
StreamlinedBlobStorage.recordsAllocated,1788966533106000000,1788966593105000000,0
StreamlinedBlobStorage.totalLiveRecordsCapacityBytes,1788966533106000000,1788966593105000000,0
FilePageCache.pageLoadsAboveSizeThreshold,1788966533106000000,1788966593105000000,0
FilePageCacheLockFree.totalPagesWriteMs,1788966533106000000,1788966593105000000,0
FilePageCache.pageLoads,1788966533106000000,1788966593105000000,0
FileChannelInterruptsRetryer.totalRetriedAttempts,1788966533106000000,1788966593105000000,0
FilePageCacheLockFree.totalClosedStoragesReclaimed,1788966533106000000,1788966593105000000,0
FilePageCacheLockFree.totalPagesReclaimed,1788966533106000000,1788966593105000000,0
FilePageCacheLockFree.totalBytesWritten,1788966533106000000,1788966593105000000,0
FilePageCacheLockFree.totalNativeBytesAllocated,1788966533106000000,1788966593105000000,0
FilePageCache.disposedBuffers,1788966533106000000,1788966593105000000,0
FilePageCacheLockFree.heapBytesInUse,1788966533106000000,1788966593105000000,0
FilePageCacheLockFree.housekeeperTimeSpentMs,1788966533106000000,1788966593105000000,0
FilePageCacheLockFree.totalPagesAllocated,1788966533106000000,1788966593105000000,0
FilePageCacheLockFree.totalHeapBytesAllocated,1788966533106000000,1788966593105000000,0
FilePageCacheLockFree.totalPagesRequestsMs,1788966533106000000,1788966593105000000,0
DirectByteBufferAllocator.reclaimed,1788966533106000000,1788966593105000000,0
FilePageCacheLockFree.totalPagesReadMs,1788966533106000000,1788966593105000000,0
FilePageCache.pageHits,1788966533106000000,1788966593105000000,0
FilePageCacheLockFree.totalPagesWritten,1788966533106000000,1788966593105000000,0
StorageLockContext.competingThreads.90P,1788966533106000000,1788966593105000000,0
FilePageCacheLockFree.housekeeperTurnsDone,1788966533106000000,1788966593105000000,0
StorageLockContext.competingThreads.max,1788966533106000000,1788966593105000000,0
StreamlinedBlobStorage.recordsDeleted,1788966533106000000,1788966593105000000,0
MappedFileStorage.totalTimeSpentOnMappingUs,1788966533106000000,1788966593105000000,9644
DirectByteBufferAllocator.totalSizeOfBuffersAllocatedInBytes,1788966533106000000,1788966593105000000,233848832
DirectByteBufferAllocator.misses,1788966533106000000,1788966593105000000,0
compiler.ArtifactVirtualFileListener.filePathChanged.ms,1788966533106000000,1788966593105000000,0
compiler.ArtifactManagerBridge.commit.ms,1788966533106000000,1788966593105000000,0
compiler.ArtifactManagerBridge.findArtifact.ms,1788966533106000000,1788966593105000000,0
compiler.ArtifactManagerBridge.getArtifacts.ms,1788966533106000000,1788966593105000000,0
compiler.ArtifactManagerBridge.dropMappings.ms,1788966533106000000,1788966593105000000,0
compiler.ArtifactManagerBridge.initBridges.ms,1788966533106000000,1788966593105000000,0
compiler.ArtifactManagerBridge.addArtifact.ms,1788966533106000000,1788966593105000000,0
compiler.ArtifactVirtualFileListener.propertyChanged.ms,1788966533106000000,1788966593105000000,0
compiler.ArtifactManagerBridge.getArtifactsByType.ms,1788966533106000000,1788966593105000000,0
AWTEventQueue.dispatchTimeTotalNS,1788966593105000000,1788966653115000000,28233649
AWTEventQueue.dispatchTimeAvgNs,1788966593105000000,1788966653115000000,0.0
FlushQueue.waitingTimeMaxNs,1788966593105000000,1788966653115000000,0
NonBlockingReadAction.finalizedExecutionTimeUs,1788966593105000000,1788966653115000000,145385
FlushQueue.queueSizeAvg,1788966593105000000,1788966653115000000,0.0
NonBlockingReadAction.failedExecutionsCount,1788966593105000000,1788966653115000000,0
ReadAction.executionsCount,1788966593105000000,1788966653115000000,26
FlushQueue.executionTimeMaxNs,1788966593105000000,1788966653115000000,0
FlushQueue.executionTimeAvgNs,1788966593105000000,1788966653115000000,0.0
FlushQueue.queueSizeMax,1788966593105000000,1788966653115000000,0
WriteAction.executionsCount,1788966593105000000,1788966653115000000,0
FlushQueue.tasksExecuted,1788966593105000000,1788966653115000000,0
FlushQueue.waitingTimeAvgNs,1788966593105000000,1788966653115000000,0.0
AWTEventQueue.dispatchTimeMaxNs,1788966593105000000,1788966653115000000,0
FlushQueue.executionTime90PNs,1788966593105000000,1788966653115000000,0
NonBlockingReadAction.failedExecutionTimeUs,1788966593105000000,1788966653115000000,0
AWTEventQueue.dispatchTime90PNs,1788966593105000000,1788966653115000000,0
FlushQueue.queueSize90P,1788966593105000000,1788966653115000000,0
FlushQueue.waitingTime90PNs,1788966593105000000,1788966653115000000,0
NonBlockingReadAction.finalizedExecutionsCount,1788966593105000000,1788966653115000000,3
AWTEventQueue.eventsDispatched,1788966593105000000,1788966653115000000,0
writeAction.wait.ms,1788966593105000000,1788966653115000000,0
writeAction.median.wait.ms,1788966593105000000,1788966653115000000,0
writeAction.max.wait.ms,1788966593105000000,1788966653115000000,11
writeAction.count,1788966593105000000,1788966653115000000,0
JVM.newThreadsCount,1788966593105000000,1788966653115000000,0
JVM.maxThreadCount,1788966593105000000,1788966653115000000,186
JVM.totalCpuTimeMs,1788966593105000000,1788966653115000000,1153
OS.loadAverage,1788966593105000000,1788966653115000000,2.58935546875
JVM.GC.collectionTimesMs,1788966593105000000,1788966653115000000,0
JVM.maxHeapBytes,1788966593105000000,1788966653115000000,2147483648
JVM.GC.collections,1788966593105000000,1788966653115000000,0
JVM.threadCount,1788966593105000000,1788966653115000000,58
JVM.totalBytesAllocated,1788966593105000000,1788966653115000000,10312032
JVM.totalDirectByteBuffersBytes,1788966593105000000,1788966653115000000,234731125
JVM.usedHeapBytes,1788966593105000000,1788966653115000000,341991096
JVM.usedNativeBytes,1788966593105000000,1788966653115000000,324125504
cacheStateStorage.set.counter,1788966593105000000,1788966653115000000,1
cacheStateStorage.set.duration,1788966593105000000,1788966653115000000,2
cacheStateStorage.get.counter,1788966593105000000,1788966653115000000,1
cacheStateStorage.get.duration,1788966593105000000,1788966653115000000,2
VFS.fileByIdCache.misses,1788966593105000000,1788966653115000000,0
FileNameCache.queries,1788966593105000000,1788966653115000000,256
VFS.fileChildByName,1788966593105000000,1788966653115000000,93
FileNameCache.totalMisses,1788966593105000000,1788966653115000000,0
VFS.invertedFileNameIndex.requests,1788966593105000000,1788966653115000000,0
VFS.fileByIdCache.hits,1788966593105000000,1788966653115000000,0
workspaceModel.loading.from.cache.ms,1788966593105000000,1788966653115000000,0
workspaceModel.check.recursive.update.ms,1788966593105000000,1788966653115000000,0
workspaceModel.cachedValue.from.cache.ms,1788966593105000000,1788966653115000000,0
workspaceModel.cachedValue.clear.ms,1788966593105000000,1788966653115000000,0
workspaceModel.workspaceFileIndexData.getPackageName.ms,1788966593105000000,1788966653115000000,0
workspaceModel.replace.project.model.ms,1788966593105000000,1788966653115000000,0
workspaceModel.initializing.ms,1788966593105000000,1788966653115000000,0
workspaceModel.updates.count,1788966593105000000,1788966653115000000,0
workspaceModel.cachedValueWithParameters.clear.ms,1788966593105000000,1788966653115000000,0
workspaceModel.cachedValueWithParameters.calculated.ms,1788966593105000000,1788966653115000000,0
workspaceModel.workspaceFileIndexData.init.ms,1788966593105000000,1788966653115000000,0
workspaceModel.workspaceFileIndexData.instances.count,1788966593105000000,1788966653115000000,0
workspaceModel.pre.handlers.ms,1788966593105000000,1788966653115000000,0
workspaceModel.collect.changes.ms,1788966593105000000,1788966653115000000,0
workspaceModel.cachedValue.total.get.ms,1788966593105000000,1788966653115000000,0
workspaceModel.entityStorageSnapshotImpl.instances.count,1788966593105000000,1788966653115000000,0
workspaceModel.init.bridges.ms,1788966593105000000,1788966653115000000,0
workspaceModel.workspaceFileIndexData.processFileSets.ms,1788966593105000000,1788966653115000000,0
workspaceModel.workspaceFileIndexData.visitFileSets.ms,1788966593105000000,1788966653115000000,0
workspaceModel.workspaceFileIndexData.markDirty.ms,1788966593105000000,1788966653115000000,0
workspaceModel.to.snapshot.ms,1788966593105000000,1788966653115000000,0
workspaceModel.workspaceFileIndexData.getDirectoriesByPackageName.ms,1788966593105000000,1788966653115000000,0
workspaceModel.updates.ms,1788966593105000000,1788966653115000000,0
workspaceModel.loading.total.ms,1788966593105000000,1788966653115000000,0
workspaceModel.cachedValue.calculated.ms,1788966593105000000,1788966653115000000,0
workspaceModel.cachedValueWithParameters.from.cache.ms,1788966593105000000,1788966653115000000,0
workspaceModel.workspaceFileIndexData.updateDirtyEntities.ms,1788966593105000000,1788966653115000000,0
workspaceModel.cachedValueWithParameters.total.get.ms,1788966593105000000,1788966653115000000,0
workspaceModel.workspaceFileIndexData.onEntitiesChanged.ms,1788966593105000000,1788966653115000000,0
workspaceModel.full.replace.project.model.ms,1788966593105000000,1788966653115000000,0
workspaceModel.workspaceFileIndexContributor.registerFileSets.ms,1788966593105000000,1788966653115000000,0
workspaceModel.workspaceFileIndexData.getFileInfo.ms,1788966593105000000,1788966653115000000,0
workspaceModel.update.unloaded.entities.ms,1788966593105000000,1788966653115000000,0
workspaceModel.updates.precise.ms,1788966593105000000,1788966653115000000,0
Indexes.allKeys.lookupDurationAvgMs,1788966593105000000,1788966653115000000,0.0
Indexes.stubs.lookupDurationAvgMs,1788966593105000000,1788966653115000000,0.0
Indexes.entries.lookupDurationMaxMs,1788966593105000000,1788966653115000000,0.0
IndexesFlusher.totalFlushesRetried,1788966593105000000,1788966653115000000,0
IndexesFlusher.totalFlushes,1788966593105000000,1788966653115000000,59
Indexes.allKeys.lookups,1788966593105000000,1788966653115000000,0.0
Indexes.entries.lookupDurationAvgMs,1788966593105000000,1788966653115000000,0.0
Indexes.allKeys.lookupDurationMaxMs,1788966593105000000,1788966653115000000,0.0
Indexes.allKeys.lookupDuration90PMs,1788966593105000000,1788966653115000000,0.0
Indexes.entries.lookups,1788966593105000000,1788966653115000000,0.0
Indexes.stubs.lookupDurationMaxMs,1788966593105000000,1788966653115000000,0.0
Indexes.entries.lookupDuration90PMs,1788966593105000000,1788966653115000000,0.0
Indexes.stubs.lookupDuration90PMs,1788966593105000000,1788966653115000000,0.0
IndexesFlusher.totalFlushingTimeUs,1788966593105000000,1788966653115000000,229976
IndexesFlusher.totalContentionQuotaSpent,1788966593105000000,1788966653115000000,0
Indexes.stubs.lookups,1788966593105000000,1788966653115000000,0.0
jps.apply.loaded.storage.ms,1788966593105000000,1788966653115000000,0
jps.module.iml.entities.serializer.save.entities.ms,1788966593105000000,1788966653115000000,0
workspaceModel.mutableEntityStorage.replace.by.source.ms,1788966593105000000,1788966653115000000,0
workspaceModel.moduleBridgeLoader.loading.modules.ms,1788966593105000000,1788966653115000000,0
workspaceModel.mutableEntityStorage.referrers.ms,1788966593105000000,1788966653115000000,0
jps.global.handle.before.change.events.ms,1788966593105000000,1788966653115000000,0
workspaceModel.load.cache.from.file.ms,1788966593105000000,1788966653115000000,0
jps.library.entities.serializer.load.entities.ms,1788966593105000000,1788966653115000000,0
workspaceModel.global.apply.state.to.project.builder.ms,1788966593105000000,1788966653115000000,0
jps.global.get.library.by.name.ms,1788966593105000000,1788966653115000000,0
workspaceModel.mutableEntityStorage.modify.entity.ms,1788966593105000000,1788966653115000000,0
workspaceModel.mutableEntityStorage.resolve.ms,1788966593105000000,1788966653115000000,0
workspaceModel.moduleManagerBridge.newModule.ms,1788966593105000000,1788966653115000000,0
workspaceModel.global.updates.ms,1788966593105000000,1788966653115000000,0
workspaceModel.save.cache.to.file.ms,1788966593105000000,1788966653115000000,0
workspaceModel.mutableEntityStorage.apply.changes.from.ms,1788966593105000000,1788966653115000000,0
jps.project.serializers.save.ms,1788966593105000000,1788966653115000000,0
workspaceModel.mutableEntityStorage.entities.by.source.ms,1788966593105000000,1788966653115000000,0
workspaceModel.mutableEntityStorage.instances.count,1788966593105000000,1788966653115000000,0
jps.artifact.entities.serializer.save.entities.ms,1788966593105000000,1788966653115000000,0
jps.global.get.libraries.ms,1788966593105000000,1788966653115000000,1
jps.library.entities.serializer.save.entities.ms,1788966593105000000,1788966653115000000,0
workspaceModel.do.save.caches.ms,1788966593105000000,1788966653115000000,0
jps.facet.change.listener.before.change.events.ms,1788966593105000000,1788966653115000000,0
jps.global.handle.changed.events.ms,1788966593105000000,1788966653115000000,0
workspaceModel.mutableEntityStorage.has.same.entities.ms,1788966593105000000,1788966653115000000,0
jps.project.serializers.load.ms,1788966593105000000,1788966653115000000,0
workspaceModel.mutableEntityStorage.to.snapshot.ms,1788966593105000000,1788966653115000000,0
jps.storage.jps.conf.reader.load.component.ms,1788966593105000000,1788966653115000000,0
workspaceModel.moduleManagerBridge.new.nonPersistent.module.ms,1788966593105000000,1788966653115000000,0
workspaceModel.moduleManagerBridge.build.module.graph.ms,1788966593105000000,1788966653115000000,0
workspaceModel.mutableEntityStorage.entities.ms,1788966593105000000,1788966653115000000,0
workspaceModel.moduleBridge.before.changed.ms,1788966593105000000,1788966653115000000,0
jps.module.iml.entities.serializer.load.entities.ms,1788966593105000000,1788966653115000000,0
jps.load.initial.state.ms,1788966593105000000,1788966653115000000,0
workspaceModel.moduleManagerBridge.create.module.instance.ms,1788966593105000000,1788966653115000000,0
workspaceModel.orphan.listener.update.ms,1788966593105000000,1788966653115000000,0
jps.global.initialize.library.bridges.ms,1788966593105000000,1788966653115000000,0
jps.load.project.to.empty.storage.ms,1788966593105000000,1788966653115000000,0
workspaceModel.moduleBridge.update.option.ms,1788966593105000000,1788966653115000000,0
workspaceModel.moduleBridge.facet.initialization.ms,1788966593105000000,1788966653115000000,0
jps.save.changed.project.entities.ms,1788966593105000000,1788966653115000000,0
workspaceModel.global.apply.state.to.project.ms,1788966593105000000,1788966653115000000,0
jps.artifact.entities.serializer.load.entities.ms,1788966593105000000,1788966653115000000,0
workspaceModel.moduleManagerBridge.load.all.modules.ms,1788966593105000000,1788966653115000000,0
workspaceModel.mutableEntityStorage.mutable.vfurl.index.ms,1788966593105000000,1788966653115000000,0
jps.reload.project.entities.ms,1788966593105000000,1788966653115000000,0
workspaceModel.global.updates.count,1788966593105000000,1788966653115000000,0
workspaceModel.mutableEntityStorage.mutable.ext.mapping.ms,1788966593105000000,1788966653115000000,0
jps.global.get.library.ms,1788966593105000000,1788966653115000000,0
jps.app.storage.content.writer.save.component.ms,1788966593105000000,1788966653115000000,0
jps.facet.change.listener.init.bridge.ms,1788966593105000000,1788966653115000000,0
jps.app.storage.content.reader.load.component.ms,1788966593105000000,1788966653115000000,0
workspaceModel.mutableEntityStorage.put.entity.ms,1788966593105000000,1788966653115000000,0
jps.global.initialize.library.bridges.after.loading.ms,1788966593105000000,1788966653115000000,0
workspaceModel.mutableEntityStorage.collect.changes.ms,1788966593105000000,1788966653115000000,0
workspaceModel.mutableEntityStorage.add.entity.ms,1788966593105000000,1788966653115000000,0
workspaceModel.delayed.project.synchronizer.sync.ms,1788966593105000000,1788966653115000000,0
jps.save.global.entities.ms,1788966593105000000,1788966653115000000,0
workspaceModel.moduleManagerBridge.get.modules.ms,1788966593105000000,1788966653115000000,0
workspaceModel.moduleManagerBridge.set.unloadedModules.ms,1788966593105000000,1788966653115000000,0
workspaceModel.load.cache.metadata.from.file.ms,1788966593105000000,1788966653115000000,0
workspaceModel.mutableEntityStorage.remove.entity.ms,1788966593105000000,1788966653115000000,0
jps.facet.change.listener.process.change.events.ms,1788966593105000000,1788966653115000000,0
workspaceModel.sync.entities.ms,1788966593105000000,1788966653115000000,0
workspaceModel.moduleManagerBridge.load.module.ms,1788966593105000000,1788966653115000000,0
MappedFileStorage.totalPagesMapped,1788966593105000000,1788966653115000000,15
FilePageCache.totalPageDisposalsUs,1788966593105000000,1788966653115000000,0
FilePageCache.pageFastCacheHits,1788966593105000000,1788966653115000000,28
FilePageCacheLockFree.totalPagesHandedOver,1788966593105000000,1788966653115000000,0
StreamlinedBlobStorage.recordsRelocated,1788966593105000000,1788966653115000000,0
StreamlinedBlobStorage.totalLiveRecordsPayloadBytes,1788966593105000000,1788966653115000000,0
DirectByteBufferAllocator.disposed,1788966593105000000,1788966653115000000,0
MappedFileStorage.storages,1788966593105000000,1788966653115000000,15
DirectByteBufferAllocator.totalSizeOfBuffersCachedInBytes,1788966593105000000,1788966653115000000,0
FilePageCacheLockFree.totalNativeBytesReclaimed,1788966593105000000,1788966653115000000,0
FilePageCacheLockFree.nativeBytesInUse,1788966593105000000,1788966653115000000,0
FilePageCacheLockFree.totalPageAllocationsWaited,1788966593105000000,1788966653115000000,0
FilePageCache.maxCacheSizeInBytes,1788966593105000000,1788966653115000000,233848832
FilePageCache.capacityInBytes,1788966593105000000,1788966653115000000,503316478
FilePageCacheLockFree.totalBytesRead,1788966593105000000,1788966653115000000,0
FilePageCache.maxRegisteredFiles,1788966593105000000,1788966653115000000,555
FilePageCacheLockFree.totalHeapBytesReclaimed,1788966593105000000,1788966653115000000,0
FilePageCacheLockFree.totalBytesRequested,1788966593105000000,1788966653115000000,0
FilePageCacheLockFree.totalPagesRequested,1788966593105000000,1788966653115000000,0
FilePageCache.totalPageLoadsUs,1788966593105000000,1788966653115000000,0
FilePageCache.uncachedFileAccess,1788966593105000000,1788966653115000000,0
StorageLockContext.competingThreads.avg,1788966593105000000,1788966653115000000,0.0
FilePageCacheLockFree.housekeeperTurnsSkipped,1788966593105000000,1788966653115000000,0
MappedFileStorage.totalBytesMapped,1788966593105000000,1788966653115000000,198443008
DirectByteBufferAllocator.hits,1788966593105000000,1788966653115000000,0
StreamlinedBlobStorage.recordsAllocated,1788966593105000000,1788966653115000000,0
StreamlinedBlobStorage.totalLiveRecordsCapacityBytes,1788966593105000000,1788966653115000000,0
FilePageCache.pageLoadsAboveSizeThreshold,1788966593105000000,1788966653115000000,0
FilePageCacheLockFree.totalPagesWriteMs,1788966593105000000,1788966653115000000,0
FilePageCache.pageLoads,1788966593105000000,1788966653115000000,0
FileChannelInterruptsRetryer.totalRetriedAttempts,1788966593105000000,1788966653115000000,0
FilePageCacheLockFree.totalClosedStoragesReclaimed,1788966593105000000,1788966653115000000,0
FilePageCacheLockFree.totalPagesReclaimed,1788966593105000000,1788966653115000000,0
FilePageCacheLockFree.totalBytesWritten,1788966593105000000,1788966653115000000,0
FilePageCacheLockFree.totalNativeBytesAllocated,1788966593105000000,1788966653115000000,0
FilePageCache.disposedBuffers,1788966593105000000,1788966653115000000,0
FilePageCacheLockFree.heapBytesInUse,1788966593105000000,1788966653115000000,0
FilePageCacheLockFree.housekeeperTimeSpentMs,1788966593105000000,1788966653115000000,0
FilePageCacheLockFree.totalPagesAllocated,1788966593105000000,1788966653115000000,0
FilePageCacheLockFree.totalHeapBytesAllocated,1788966593105000000,1788966653115000000,0
FilePageCacheLockFree.totalPagesRequestsMs,1788966593105000000,1788966653115000000,0
DirectByteBufferAllocator.reclaimed,1788966593105000000,1788966653115000000,0
FilePageCacheLockFree.totalPagesReadMs,1788966593105000000,1788966653115000000,0
FilePageCache.pageHits,1788966593105000000,1788966653115000000,0
FilePageCacheLockFree.totalPagesWritten,1788966593105000000,1788966653115000000,0
StorageLockContext.competingThreads.90P,1788966593105000000,1788966653115000000,0
FilePageCacheLockFree.housekeeperTurnsDone,1788966593105000000,1788966653115000000,0
StorageLockContext.competingThreads.max,1788966593105000000,1788966653115000000,0
StreamlinedBlobStorage.recordsDeleted,1788966593105000000,1788966653115000000,0
MappedFileStorage.totalTimeSpentOnMappingUs,1788966593105000000,1788966653115000000,9644
DirectByteBufferAllocator.totalSizeOfBuffersAllocatedInBytes,1788966593105000000,1788966653115000000,233848832
DirectByteBufferAllocator.misses,1788966593105000000,1788966653115000000,0
compiler.ArtifactVirtualFileListener.filePathChanged.ms,1788966593105000000,1788966653115000000,0
compiler.ArtifactManagerBridge.commit.ms,1788966593105000000,1788966653115000000,0
compiler.ArtifactManagerBridge.findArtifact.ms,1788966593105000000,1788966653115000000,0
compiler.ArtifactManagerBridge.getArtifacts.ms,1788966593105000000,1788966653115000000,0
compiler.ArtifactManagerBridge.dropMappings.ms,1788966593105000000,1788966653115000000,0
compiler.ArtifactManagerBridge.initBridges.ms,1788966593105000000,1788966653115000000,0
compiler.ArtifactManagerBridge.addArtifact.ms,1788966593105000000,1788966653115000000,0
compiler.ArtifactVirtualFileListener.propertyChanged.ms,1788966593105000000,1788966653115000000,0
compiler.ArtifactManagerBridge.getArtifactsByType.ms,1788966593105000000,1788966653115000000,0
AWTEventQueue.dispatchTimeTotalNS,1788966653115000000,1788966713118000000,58370813
AWTEventQueue.dispatchTimeAvgNs,1788966653115000000,1788966713118000000,0.0
FlushQueue.waitingTimeMaxNs,1788966653115000000,1788966713118000000,0
NonBlockingReadAction.finalizedExecutionTimeUs,1788966653115000000,1788966713118000000,0
FlushQueue.queueSizeAvg,1788966653115000000,1788966713118000000,0.0
NonBlockingReadAction.failedExecutionsCount,1788966653115000000,1788966713118000000,0
ReadAction.executionsCount,1788966653115000000,1788966713118000000,51360
FlushQueue.executionTimeMaxNs,1788966653115000000,1788966713118000000,0
FlushQueue.executionTimeAvgNs,1788966653115000000,1788966713118000000,0.0
FlushQueue.queueSizeMax,1788966653115000000,1788966713118000000,0
WriteAction.executionsCount,1788966653115000000,1788966713118000000,0
FlushQueue.tasksExecuted,1788966653115000000,1788966713118000000,0
FlushQueue.waitingTimeAvgNs,1788966653115000000,1788966713118000000,0.0
AWTEventQueue.dispatchTimeMaxNs,1788966653115000000,1788966713118000000,0
FlushQueue.executionTime90PNs,1788966653115000000,1788966713118000000,0
NonBlockingReadAction.failedExecutionTimeUs,1788966653115000000,1788966713118000000,0
AWTEventQueue.dispatchTime90PNs,1788966653115000000,1788966713118000000,0
FlushQueue.queueSize90P,1788966653115000000,1788966713118000000,0
FlushQueue.waitingTime90PNs,1788966653115000000,1788966713118000000,0
NonBlockingReadAction.finalizedExecutionsCount,1788966653115000000,1788966713118000000,0
AWTEventQueue.eventsDispatched,1788966653115000000,1788966713118000000,0
writeAction.wait.ms,1788966653115000000,1788966713118000000,0
writeAction.median.wait.ms,1788966653115000000,1788966713118000000,0
writeAction.max.wait.ms,1788966653115000000,1788966713118000000,11
writeAction.count,1788966653115000000,1788966713118000000,0
JVM.newThreadsCount,1788966653115000000,1788966713118000000,2
JVM.maxThreadCount,1788966653115000000,1788966713118000000,186
JVM.totalCpuTimeMs,1788966653115000000,1788966713118000000,5063
OS.loadAverage,1788966653115000000,1788966713118000000,1.85400390625
JVM.GC.collectionTimesMs,1788966653115000000,1788966713118000000,26
JVM.maxHeapBytes,1788966653115000000,1788966713118000000,2147483648
JVM.GC.collections,1788966653115000000,1788966713118000000,1
JVM.threadCount,1788966653115000000,1788966713118000000,59
JVM.totalBytesAllocated,1788966653115000000,1788966713118000000,150125200
JVM.totalDirectByteBuffersBytes,1788966653115000000,1788966713118000000,234731125
JVM.usedHeapBytes,1788966653115000000,1788966713118000000,313790832
JVM.usedNativeBytes,1788966653115000000,1788966713118000000,326044896
cacheStateStorage.set.counter,1788966653115000000,1788966713118000000,0
cacheStateStorage.set.duration,1788966653115000000,1788966713118000000,0
cacheStateStorage.get.counter,1788966653115000000,1788966713118000000,0
cacheStateStorage.get.duration,1788966653115000000,1788966713118000000,0
VFS.fileByIdCache.misses,1788966653115000000,1788966713118000000,0
FileNameCache.queries,1788966653115000000,1788966713118000000,1536
VFS.fileChildByName,1788966653115000000,1788966713118000000,0
FileNameCache.totalMisses,1788966653115000000,1788966713118000000,0
VFS.invertedFileNameIndex.requests,1788966653115000000,1788966713118000000,0
VFS.fileByIdCache.hits,1788966653115000000,1788966713118000000,0
workspaceModel.loading.from.cache.ms,1788966653115000000,1788966713118000000,0
workspaceModel.check.recursive.update.ms,1788966653115000000,1788966713118000000,0
workspaceModel.cachedValue.from.cache.ms,1788966653115000000,1788966713118000000,0
workspaceModel.cachedValue.clear.ms,1788966653115000000,1788966713118000000,0
workspaceModel.workspaceFileIndexData.getPackageName.ms,1788966653115000000,1788966713118000000,0
workspaceModel.replace.project.model.ms,1788966653115000000,1788966713118000000,0
workspaceModel.initializing.ms,1788966653115000000,1788966713118000000,0
workspaceModel.updates.count,1788966653115000000,1788966713118000000,0
workspaceModel.cachedValueWithParameters.clear.ms,1788966653115000000,1788966713118000000,0
workspaceModel.cachedValueWithParameters.calculated.ms,1788966653115000000,1788966713118000000,0
workspaceModel.workspaceFileIndexData.init.ms,1788966653115000000,1788966713118000000,0
workspaceModel.workspaceFileIndexData.instances.count,1788966653115000000,1788966713118000000,0
workspaceModel.pre.handlers.ms,1788966653115000000,1788966713118000000,0
workspaceModel.collect.changes.ms,1788966653115000000,1788966713118000000,0
workspaceModel.cachedValue.total.get.ms,1788966653115000000,1788966713118000000,0
workspaceModel.entityStorageSnapshotImpl.instances.count,1788966653115000000,1788966713118000000,0
workspaceModel.init.bridges.ms,1788966653115000000,1788966713118000000,0
workspaceModel.workspaceFileIndexData.processFileSets.ms,1788966653115000000,1788966713118000000,0
workspaceModel.workspaceFileIndexData.visitFileSets.ms,1788966653115000000,1788966713118000000,0
workspaceModel.workspaceFileIndexData.markDirty.ms,1788966653115000000,1788966713118000000,0
workspaceModel.to.snapshot.ms,1788966653115000000,1788966713118000000,0
workspaceModel.workspaceFileIndexData.getDirectoriesByPackageName.ms,1788966653115000000,1788966713118000000,0
workspaceModel.updates.ms,1788966653115000000,1788966713118000000,0
workspaceModel.loading.total.ms,1788966653115000000,1788966713118000000,0
workspaceModel.cachedValue.calculated.ms,1788966653115000000,1788966713118000000,0
workspaceModel.cachedValueWithParameters.from.cache.ms,1788966653115000000,1788966713118000000,0
workspaceModel.workspaceFileIndexData.updateDirtyEntities.ms,1788966653115000000,1788966713118000000,0
workspaceModel.cachedValueWithParameters.total.get.ms,1788966653115000000,1788966713118000000,0
workspaceModel.workspaceFileIndexData.onEntitiesChanged.ms,1788966653115000000,1788966713118000000,0
workspaceModel.full.replace.project.model.ms,1788966653115000000,1788966713118000000,0
workspaceModel.workspaceFileIndexContributor.registerFileSets.ms,1788966653115000000,1788966713118000000,0
workspaceModel.workspaceFileIndexData.getFileInfo.ms,1788966653115000000,1788966713118000000,0
workspaceModel.update.unloaded.entities.ms,1788966653115000000,1788966713118000000,0
workspaceModel.updates.precise.ms,1788966653115000000,1788966713118000000,0
Indexes.allKeys.lookupDurationAvgMs,1788966653115000000,1788966713118000000,0.0
Indexes.stubs.lookupDurationAvgMs,1788966653115000000,1788966713118000000,0.0
Indexes.entries.lookupDurationMaxMs,1788966653115000000,1788966713118000000,0.0
IndexesFlusher.totalFlushesRetried,1788966653115000000,1788966713118000000,0
IndexesFlusher.totalFlushes,1788966653115000000,1788966713118000000,59
Indexes.allKeys.lookups,1788966653115000000,1788966713118000000,0.0
Indexes.entries.lookupDurationAvgMs,1788966653115000000,1788966713118000000,0.0
Indexes.allKeys.lookupDurationMaxMs,1788966653115000000,1788966713118000000,0.0
Indexes.allKeys.lookupDuration90PMs,1788966653115000000,1788966713118000000,0.0
Indexes.entries.lookups,1788966653115000000,1788966713118000000,0.0
Indexes.stubs.lookupDurationMaxMs,1788966653115000000,1788966713118000000,0.0
Indexes.entries.lookupDuration90PMs,1788966653115000000,1788966713118000000,0.0
Indexes.stubs.lookupDuration90PMs,1788966653115000000,1788966713118000000,0.0
IndexesFlusher.totalFlushingTimeUs,1788966653115000000,1788966713118000000,245907
IndexesFlusher.totalContentionQuotaSpent,1788966653115000000,1788966713118000000,0
Indexes.stubs.lookups,1788966653115000000,1788966713118000000,0.0
jps.apply.loaded.storage.ms,1788966653115000000,1788966713118000000,0
jps.module.iml.entities.serializer.save.entities.ms,1788966653115000000,1788966713118000000,0
workspaceModel.mutableEntityStorage.replace.by.source.ms,1788966653115000000,1788966713118000000,0
workspaceModel.moduleBridgeLoader.loading.modules.ms,1788966653115000000,1788966713118000000,0
workspaceModel.mutableEntityStorage.referrers.ms,1788966653115000000,1788966713118000000,0
jps.global.handle.before.change.events.ms,1788966653115000000,1788966713118000000,0
workspaceModel.load.cache.from.file.ms,1788966653115000000,1788966713118000000,0
jps.library.entities.serializer.load.entities.ms,1788966653115000000,1788966713118000000,0
workspaceModel.global.apply.state.to.project.builder.ms,1788966653115000000,1788966713118000000,0
jps.global.get.library.by.name.ms,1788966653115000000,1788966713118000000,0
workspaceModel.mutableEntityStorage.modify.entity.ms,1788966653115000000,1788966713118000000,0
workspaceModel.mutableEntityStorage.resolve.ms,1788966653115000000,1788966713118000000,0
workspaceModel.moduleManagerBridge.newModule.ms,1788966653115000000,1788966713118000000,0
workspaceModel.global.updates.ms,1788966653115000000,1788966713118000000,0
workspaceModel.save.cache.to.file.ms,1788966653115000000,1788966713118000000,0
workspaceModel.mutableEntityStorage.apply.changes.from.ms,1788966653115000000,1788966713118000000,0
jps.project.serializers.save.ms,1788966653115000000,1788966713118000000,0
workspaceModel.mutableEntityStorage.entities.by.source.ms,1788966653115000000,1788966713118000000,0
workspaceModel.mutableEntityStorage.instances.count,1788966653115000000,1788966713118000000,0
jps.artifact.entities.serializer.save.entities.ms,1788966653115000000,1788966713118000000,0
jps.global.get.libraries.ms,1788966653115000000,1788966713118000000,0
jps.library.entities.serializer.save.entities.ms,1788966653115000000,1788966713118000000,0
workspaceModel.do.save.caches.ms,1788966653115000000,1788966713118000000,0
jps.facet.change.listener.before.change.events.ms,1788966653115000000,1788966713118000000,0
jps.global.handle.changed.events.ms,1788966653115000000,1788966713118000000,0
workspaceModel.mutableEntityStorage.has.same.entities.ms,1788966653115000000,1788966713118000000,0
jps.project.serializers.load.ms,1788966653115000000,1788966713118000000,0
workspaceModel.mutableEntityStorage.to.snapshot.ms,1788966653115000000,1788966713118000000,0
jps.storage.jps.conf.reader.load.component.ms,1788966653115000000,1788966713118000000,0
workspaceModel.moduleManagerBridge.new.nonPersistent.module.ms,1788966653115000000,1788966713118000000,0
workspaceModel.moduleManagerBridge.build.module.graph.ms,1788966653115000000,1788966713118000000,0
workspaceModel.mutableEntityStorage.entities.ms,1788966653115000000,1788966713118000000,0
workspaceModel.moduleBridge.before.changed.ms,1788966653115000000,1788966713118000000,0
jps.module.iml.entities.serializer.load.entities.ms,1788966653115000000,1788966713118000000,0
jps.load.initial.state.ms,1788966653115000000,1788966713118000000,0
workspaceModel.moduleManagerBridge.create.module.instance.ms,1788966653115000000,1788966713118000000,0
workspaceModel.orphan.listener.update.ms,1788966653115000000,1788966713118000000,0
jps.global.initialize.library.bridges.ms,1788966653115000000,1788966713118000000,0
jps.load.project.to.empty.storage.ms,1788966653115000000,1788966713118000000,0
workspaceModel.moduleBridge.update.option.ms,1788966653115000000,1788966713118000000,0
workspaceModel.moduleBridge.facet.initialization.ms,1788966653115000000,1788966713118000000,0
jps.save.changed.project.entities.ms,1788966653115000000,1788966713118000000,0
workspaceModel.global.apply.state.to.project.ms,1788966653115000000,1788966713118000000,0
jps.artifact.entities.serializer.load.entities.ms,1788966653115000000,1788966713118000000,0
workspaceModel.moduleManagerBridge.load.all.modules.ms,1788966653115000000,1788966713118000000,0
workspaceModel.mutableEntityStorage.mutable.vfurl.index.ms,1788966653115000000,1788966713118000000,0
jps.reload.project.entities.ms,1788966653115000000,1788966713118000000,0
workspaceModel.global.updates.count,1788966653115000000,1788966713118000000,0
workspaceModel.mutableEntityStorage.mutable.ext.mapping.ms,1788966653115000000,1788966713118000000,0
jps.global.get.library.ms,1788966653115000000,1788966713118000000,0
jps.app.storage.content.writer.save.component.ms,1788966653115000000,1788966713118000000,0
jps.facet.change.listener.init.bridge.ms,1788966653115000000,1788966713118000000,0
jps.app.storage.content.reader.load.component.ms,1788966653115000000,1788966713118000000,0
workspaceModel.mutableEntityStorage.put.entity.ms,1788966653115000000,1788966713118000000,0
jps.global.initialize.library.bridges.after.loading.ms,1788966653115000000,1788966713118000000,0
workspaceModel.mutableEntityStorage.collect.changes.ms,1788966653115000000,1788966713118000000,0
workspaceModel.mutableEntityStorage.add.entity.ms,1788966653115000000,1788966713118000000,0
workspaceModel.delayed.project.synchronizer.sync.ms,1788966653115000000,1788966713118000000,0
jps.save.global.entities.ms,1788966653115000000,1788966713118000000,0
workspaceModel.moduleManagerBridge.get.modules.ms,1788966653115000000,1788966713118000000,0
workspaceModel.moduleManagerBridge.set.unloadedModules.ms,1788966653115000000,1788966713118000000,0
workspaceModel.load.cache.metadata.from.file.ms,1788966653115000000,1788966713118000000,0
workspaceModel.mutableEntityStorage.remove.entity.ms,1788966653115000000,1788966713118000000,0
jps.facet.change.listener.process.change.events.ms,1788966653115000000,1788966713118000000,0
workspaceModel.sync.entities.ms,1788966653115000000,1788966713118000000,0
workspaceModel.moduleManagerBridge.load.module.ms,1788966653115000000,1788966713118000000,0
MappedFileStorage.totalPagesMapped,1788966653115000000,1788966713118000000,15
FilePageCache.totalPageDisposalsUs,1788966653115000000,1788966713118000000,0
FilePageCache.pageFastCacheHits,1788966653115000000,1788966713118000000,0
FilePageCacheLockFree.totalPagesHandedOver,1788966653115000000,1788966713118000000,0
StreamlinedBlobStorage.recordsRelocated,1788966653115000000,1788966713118000000,0
StreamlinedBlobStorage.totalLiveRecordsPayloadBytes,1788966653115000000,1788966713118000000,0
DirectByteBufferAllocator.disposed,1788966653115000000,1788966713118000000,0
MappedFileStorage.storages,1788966653115000000,1788966713118000000,15
DirectByteBufferAllocator.totalSizeOfBuffersCachedInBytes,1788966653115000000,1788966713118000000,0
FilePageCacheLockFree.totalNativeBytesReclaimed,1788966653115000000,1788966713118000000,0
FilePageCacheLockFree.nativeBytesInUse,1788966653115000000,1788966713118000000,0
FilePageCacheLockFree.totalPageAllocationsWaited,1788966653115000000,1788966713118000000,0
FilePageCache.maxCacheSizeInBytes,1788966653115000000,1788966713118000000,233848832
FilePageCache.capacityInBytes,1788966653115000000,1788966713118000000,503316478
FilePageCacheLockFree.totalBytesRead,1788966653115000000,1788966713118000000,0
FilePageCache.maxRegisteredFiles,1788966653115000000,1788966713118000000,555
FilePageCacheLockFree.totalHeapBytesReclaimed,1788966653115000000,1788966713118000000,0
FilePageCacheLockFree.totalBytesRequested,1788966653115000000,1788966713118000000,0
FilePageCacheLockFree.totalPagesRequested,1788966653115000000,1788966713118000000,0
FilePageCache.totalPageLoadsUs,1788966653115000000,1788966713118000000,0
FilePageCache.uncachedFileAccess,1788966653115000000,1788966713118000000,0
StorageLockContext.competingThreads.avg,1788966653115000000,1788966713118000000,0.0
FilePageCacheLockFree.housekeeperTurnsSkipped,1788966653115000000,1788966713118000000,0
MappedFileStorage.totalBytesMapped,1788966653115000000,1788966713118000000,198443008
DirectByteBufferAllocator.hits,1788966653115000000,1788966713118000000,0
StreamlinedBlobStorage.recordsAllocated,1788966653115000000,1788966713118000000,0
StreamlinedBlobStorage.totalLiveRecordsCapacityBytes,1788966653115000000,1788966713118000000,0
FilePageCache.pageLoadsAboveSizeThreshold,1788966653115000000,1788966713118000000,0
FilePageCacheLockFree.totalPagesWriteMs,1788966653115000000,1788966713118000000,0
FilePageCache.pageLoads,1788966653115000000,1788966713118000000,0
FileChannelInterruptsRetryer.totalRetriedAttempts,1788966653115000000,1788966713118000000,0
FilePageCacheLockFree.totalClosedStoragesReclaimed,1788966653115000000,1788966713118000000,0
FilePageCacheLockFree.totalPagesReclaimed,1788966653115000000,1788966713118000000,0
FilePageCacheLockFree.totalBytesWritten,1788966653115000000,1788966713118000000,0
FilePageCacheLockFree.totalNativeBytesAllocated,1788966653115000000,1788966713118000000,0
FilePageCache.disposedBuffers,1788966653115000000,1788966713118000000,0
FilePageCacheLockFree.heapBytesInUse,1788966653115000000,1788966713118000000,0
FilePageCacheLockFree.housekeeperTimeSpentMs,1788966653115000000,1788966713118000000,0
FilePageCacheLockFree.totalPagesAllocated,1788966653115000000,1788966713118000000,0
FilePageCacheLockFree.totalHeapBytesAllocated,1788966653115000000,1788966713118000000,0
FilePageCacheLockFree.totalPagesRequestsMs,1788966653115000000,1788966713118000000,0
DirectByteBufferAllocator.reclaimed,1788966653115000000,1788966713118000000,0
FilePageCacheLockFree.totalPagesReadMs,1788966653115000000,1788966713118000000,0
FilePageCache.pageHits,1788966653115000000,1788966713118000000,0
FilePageCacheLockFree.totalPagesWritten,1788966653115000000,1788966713118000000,0
StorageLockContext.competingThreads.90P,1788966653115000000,1788966713118000000,0
FilePageCacheLockFree.housekeeperTurnsDone,1788966653115000000,1788966713118000000,0
StorageLockContext.competingThreads.max,1788966653115000000,1788966713118000000,0
StreamlinedBlobStorage.recordsDeleted,1788966653115000000,1788966713118000000,0
MappedFileStorage.totalTimeSpentOnMappingUs,1788966653115000000,1788966713118000000,9644
DirectByteBufferAllocator.totalSizeOfBuffersAllocatedInBytes,1788966653115000000,1788966713118000000,233848832
DirectByteBufferAllocator.misses,1788966653115000000,1788966713118000000,0
compiler.ArtifactVirtualFileListener.filePathChanged.ms,1788966653115000000,1788966713118000000,0
compiler.ArtifactManagerBridge.commit.ms,1788966653115000000,1788966713118000000,0
compiler.ArtifactManagerBridge.findArtifact.ms,1788966653115000000,1788966713118000000,0
compiler.ArtifactManagerBridge.getArtifacts.ms,1788966653115000000,1788966713118000000,0
compiler.ArtifactManagerBridge.dropMappings.ms,1788966653115000000,1788966713118000000,0
compiler.ArtifactManagerBridge.initBridges.ms,1788966653115000000,1788966713118000000,0
compiler.ArtifactManagerBridge.addArtifact.ms,1788966653115000000,1788966713118000000,0
compiler.ArtifactVirtualFileListener.propertyChanged.ms,1788966653115000000,1788966713118000000,0
compiler.ArtifactManagerBridge.getArtifactsByType.ms,1788966653115000000,1788966713118000000,0
AWTEventQueue.dispatchTimeTotalNS,1788966713118000000,1788966773115000000,44145925
AWTEventQueue.dispatchTimeAvgNs,1788966713118000000,1788966773115000000,0.0
FlushQueue.waitingTimeMaxNs,1788966713118000000,1788966773115000000,0
NonBlockingReadAction.finalizedExecutionTimeUs,1788966713118000000,1788966773115000000,0
FlushQueue.queueSizeAvg,1788966713118000000,1788966773115000000,0.0
NonBlockingReadAction.failedExecutionsCount,1788966713118000000,1788966773115000000,0
ReadAction.executionsCount,1788966713118000000,1788966773115000000,132
FlushQueue.executionTimeMaxNs,1788966713118000000,1788966773115000000,0
FlushQueue.executionTimeAvgNs,1788966713118000000,1788966773115000000,0.0
FlushQueue.queueSizeMax,1788966713118000000,1788966773115000000,0
WriteAction.executionsCount,1788966713118000000,1788966773115000000,0
FlushQueue.tasksExecuted,1788966713118000000,1788966773115000000,0
FlushQueue.waitingTimeAvgNs,1788966713118000000,1788966773115000000,0.0
AWTEventQueue.dispatchTimeMaxNs,1788966713118000000,1788966773115000000,0
FlushQueue.executionTime90PNs,1788966713118000000,1788966773115000000,0
NonBlockingReadAction.failedExecutionTimeUs,1788966713118000000,1788966773115000000,0
AWTEventQueue.dispatchTime90PNs,1788966713118000000,1788966773115000000,0
FlushQueue.queueSize90P,1788966713118000000,1788966773115000000,0
FlushQueue.waitingTime90PNs,1788966713118000000,1788966773115000000,0
NonBlockingReadAction.finalizedExecutionsCount,1788966713118000000,1788966773115000000,0
AWTEventQueue.eventsDispatched,1788966713118000000,1788966773115000000,0
writeAction.wait.ms,1788966713118000000,1788966773115000000,0
writeAction.median.wait.ms,1788966713118000000,1788966773115000000,0
writeAction.max.wait.ms,1788966713118000000,1788966773115000000,11
writeAction.count,1788966713118000000,1788966773115000000,0
JVM.newThreadsCount,1788966713118000000,1788966773115000000,0
JVM.maxThreadCount,1788966713118000000,1788966773115000000,186
JVM.totalCpuTimeMs,1788966713118000000,1788966773115000000,944
OS.loadAverage,1788966713118000000,1788966773115000000,2.1953125
JVM.GC.collectionTimesMs,1788966713118000000,1788966773115000000,0
JVM.maxHeapBytes,1788966713118000000,1788966773115000000,2147483648
JVM.GC.collections,1788966713118000000,1788966773115000000,0
JVM.threadCount,1788966713118000000,1788966773115000000,58
JVM.totalBytesAllocated,1788966713118000000,1788966773115000000,10206752
JVM.totalDirectByteBuffersBytes,1788966713118000000,1788966773115000000,234731125
JVM.usedHeapBytes,1788966713118000000,1788966773115000000,324276592
JVM.usedNativeBytes,1788966713118000000,1788966773115000000,326302984
cacheStateStorage.set.counter,1788966713118000000,1788966773115000000,0
cacheStateStorage.set.duration,1788966713118000000,1788966773115000000,0
cacheStateStorage.get.counter,1788966713118000000,1788966773115000000,0
cacheStateStorage.get.duration,1788966713118000000,1788966773115000000,0
VFS.fileByIdCache.misses,1788966713118000000,1788966773115000000,0
FileNameCache.queries,1788966713118000000,1788966773115000000,768
VFS.fileChildByName,1788966713118000000,1788966773115000000,0
FileNameCache.totalMisses,1788966713118000000,1788966773115000000,0
VFS.invertedFileNameIndex.requests,1788966713118000000,1788966773115000000,0
VFS.fileByIdCache.hits,1788966713118000000,1788966773115000000,0
workspaceModel.loading.from.cache.ms,1788966713118000000,1788966773115000000,0
workspaceModel.check.recursive.update.ms,1788966713118000000,1788966773115000000,0
workspaceModel.cachedValue.from.cache.ms,1788966713118000000,1788966773115000000,0
workspaceModel.cachedValue.clear.ms,1788966713118000000,1788966773115000000,0
workspaceModel.workspaceFileIndexData.getPackageName.ms,1788966713118000000,1788966773115000000,0
workspaceModel.replace.project.model.ms,1788966713118000000,1788966773115000000,0
workspaceModel.initializing.ms,1788966713118000000,1788966773115000000,0
workspaceModel.updates.count,1788966713118000000,1788966773115000000,0
workspaceModel.cachedValueWithParameters.clear.ms,1788966713118000000,1788966773115000000,0
workspaceModel.cachedValueWithParameters.calculated.ms,1788966713118000000,1788966773115000000,0
workspaceModel.workspaceFileIndexData.init.ms,1788966713118000000,1788966773115000000,0
workspaceModel.workspaceFileIndexData.instances.count,1788966713118000000,1788966773115000000,0
workspaceModel.pre.handlers.ms,1788966713118000000,1788966773115000000,0
workspaceModel.collect.changes.ms,1788966713118000000,1788966773115000000,0
workspaceModel.cachedValue.total.get.ms,1788966713118000000,1788966773115000000,0
workspaceModel.entityStorageSnapshotImpl.instances.count,1788966713118000000,1788966773115000000,0
workspaceModel.init.bridges.ms,1788966713118000000,1788966773115000000,0
workspaceModel.workspaceFileIndexData.processFileSets.ms,1788966713118000000,1788966773115000000,0
workspaceModel.workspaceFileIndexData.visitFileSets.ms,1788966713118000000,1788966773115000000,0
workspaceModel.workspaceFileIndexData.markDirty.ms,1788966713118000000,1788966773115000000,0
workspaceModel.to.snapshot.ms,1788966713118000000,1788966773115000000,0
workspaceModel.workspaceFileIndexData.getDirectoriesByPackageName.ms,1788966713118000000,1788966773115000000,0
workspaceModel.updates.ms,1788966713118000000,1788966773115000000,0
workspaceModel.loading.total.ms,1788966713118000000,1788966773115000000,0
workspaceModel.cachedValue.calculated.ms,1788966713118000000,1788966773115000000,0
workspaceModel.cachedValueWithParameters.from.cache.ms,1788966713118000000,1788966773115000000,0
workspaceModel.workspaceFileIndexData.updateDirtyEntities.ms,1788966713118000000,1788966773115000000,0
workspaceModel.cachedValueWithParameters.total.get.ms,1788966713118000000,1788966773115000000,0
workspaceModel.workspaceFileIndexData.onEntitiesChanged.ms,1788966713118000000,1788966773115000000,0
workspaceModel.full.replace.project.model.ms,1788966713118000000,1788966773115000000,0
workspaceModel.workspaceFileIndexContributor.registerFileSets.ms,1788966713118000000,1788966773115000000,0
workspaceModel.workspaceFileIndexData.getFileInfo.ms,1788966713118000000,1788966773115000000,0
workspaceModel.update.unloaded.entities.ms,1788966713118000000,1788966773115000000,0
workspaceModel.updates.precise.ms,1788966713118000000,1788966773115000000,0
Indexes.allKeys.lookupDurationAvgMs,1788966713118000000,1788966773115000000,0.0
Indexes.stubs.lookupDurationAvgMs,1788966713118000000,1788966773115000000,0.0
Indexes.entries.lookupDurationMaxMs,1788966713118000000,1788966773115000000,0.0
IndexesFlusher.totalFlushesRetried,1788966713118000000,1788966773115000000,0
IndexesFlusher.totalFlushes,1788966713118000000,1788966773115000000,59
Indexes.allKeys.lookups,1788966713118000000,1788966773115000000,0.0
Indexes.entries.lookupDurationAvgMs,1788966713118000000,1788966773115000000,0.0
Indexes.allKeys.lookupDurationMaxMs,1788966713118000000,1788966773115000000,0.0
Indexes.allKeys.lookupDuration90PMs,1788966713118000000,1788966773115000000,0.0
Indexes.entries.lookups,1788966713118000000,1788966773115000000,0.0
Indexes.stubs.lookupDurationMaxMs,1788966713118000000,1788966773115000000,0.0
Indexes.entries.lookupDuration90PMs,1788966713118000000,1788966773115000000,0.0
Indexes.stubs.lookupDuration90PMs,1788966713118000000,1788966773115000000,0.0
IndexesFlusher.totalFlushingTimeUs,1788966713118000000,1788966773115000000,261044
IndexesFlusher.totalContentionQuotaSpent,1788966713118000000,1788966773115000000,0
Indexes.stubs.lookups,1788966713118000000,1788966773115000000,0.0
jps.apply.loaded.storage.ms,1788966713118000000,1788966773115000000,0
jps.module.iml.entities.serializer.save.entities.ms,1788966713118000000,1788966773115000000,0
workspaceModel.mutableEntityStorage.replace.by.source.ms,1788966713118000000,1788966773115000000,0
workspaceModel.moduleBridgeLoader.loading.modules.ms,1788966713118000000,1788966773115000000,0
workspaceModel.mutableEntityStorage.referrers.ms,1788966713118000000,1788966773115000000,0
jps.global.handle.before.change.events.ms,1788966713118000000,1788966773115000000,0
workspaceModel.load.cache.from.file.ms,1788966713118000000,1788966773115000000,0
jps.library.entities.serializer.load.entities.ms,1788966713118000000,1788966773115000000,0
workspaceModel.global.apply.state.to.project.builder.ms,1788966713118000000,1788966773115000000,0
jps.global.get.library.by.name.ms,1788966713118000000,1788966773115000000,0
workspaceModel.mutableEntityStorage.modify.entity.ms,1788966713118000000,1788966773115000000,0
workspaceModel.mutableEntityStorage.resolve.ms,1788966713118000000,1788966773115000000,0
workspaceModel.moduleManagerBridge.newModule.ms,1788966713118000000,1788966773115000000,0
workspaceModel.global.updates.ms,1788966713118000000,1788966773115000000,0
workspaceModel.save.cache.to.file.ms,1788966713118000000,1788966773115000000,0
workspaceModel.mutableEntityStorage.apply.changes.from.ms,1788966713118000000,1788966773115000000,0
jps.project.serializers.save.ms,1788966713118000000,1788966773115000000,0
workspaceModel.mutableEntityStorage.entities.by.source.ms,1788966713118000000,1788966773115000000,0
workspaceModel.mutableEntityStorage.instances.count,1788966713118000000,1788966773115000000,0
jps.artifact.entities.serializer.save.entities.ms,1788966713118000000,1788966773115000000,0
jps.global.get.libraries.ms,1788966713118000000,1788966773115000000,0
jps.library.entities.serializer.save.entities.ms,1788966713118000000,1788966773115000000,0
workspaceModel.do.save.caches.ms,1788966713118000000,1788966773115000000,0
jps.facet.change.listener.before.change.events.ms,1788966713118000000,1788966773115000000,0
jps.global.handle.changed.events.ms,1788966713118000000,1788966773115000000,0
workspaceModel.mutableEntityStorage.has.same.entities.ms,1788966713118000000,1788966773115000000,0
jps.project.serializers.load.ms,1788966713118000000,1788966773115000000,0
workspaceModel.mutableEntityStorage.to.snapshot.ms,1788966713118000000,1788966773115000000,0
jps.storage.jps.conf.reader.load.component.ms,1788966713118000000,1788966773115000000,0
workspaceModel.moduleManagerBridge.new.nonPersistent.module.ms,1788966713118000000,1788966773115000000,0
workspaceModel.moduleManagerBridge.build.module.graph.ms,1788966713118000000,1788966773115000000,0
workspaceModel.mutableEntityStorage.entities.ms,1788966713118000000,1788966773115000000,0
workspaceModel.moduleBridge.before.changed.ms,1788966713118000000,1788966773115000000,0
jps.module.iml.entities.serializer.load.entities.ms,1788966713118000000,1788966773115000000,0
jps.load.initial.state.ms,1788966713118000000,1788966773115000000,0
workspaceModel.moduleManagerBridge.create.module.instance.ms,1788966713118000000,1788966773115000000,0
workspaceModel.orphan.listener.update.ms,1788966713118000000,1788966773115000000,0
jps.global.initialize.library.bridges.ms,1788966713118000000,1788966773115000000,0
jps.load.project.to.empty.storage.ms,1788966713118000000,1788966773115000000,0
workspaceModel.moduleBridge.update.option.ms,1788966713118000000,1788966773115000000,0
workspaceModel.moduleBridge.facet.initialization.ms,1788966713118000000,1788966773115000000,0
jps.save.changed.project.entities.ms,1788966713118000000,1788966773115000000,0
workspaceModel.global.apply.state.to.project.ms,1788966713118000000,1788966773115000000,0
jps.artifact.entities.serializer.load.entities.ms,1788966713118000000,1788966773115000000,0
workspaceModel.moduleManagerBridge.load.all.modules.ms,1788966713118000000,1788966773115000000,0
workspaceModel.mutableEntityStorage.mutable.vfurl.index.ms,1788966713118000000,1788966773115000000,0
jps.reload.project.entities.ms,1788966713118000000,1788966773115000000,0
workspaceModel.global.updates.count,1788966713118000000,1788966773115000000,0
workspaceModel.mutableEntityStorage.mutable.ext.mapping.ms,1788966713118000000,1788966773115000000,0
jps.global.get.library.ms,1788966713118000000,1788966773115000000,0
jps.app.storage.content.writer.save.component.ms,1788966713118000000,1788966773115000000,0
jps.facet.change.listener.init.bridge.ms,1788966713118000000,1788966773115000000,0
jps.app.storage.content.reader.load.component.ms,1788966713118000000,1788966773115000000,0
workspaceModel.mutableEntityStorage.put.entity.ms,1788966713118000000,1788966773115000000,0
jps.global.initialize.library.bridges.after.loading.ms,1788966713118000000,1788966773115000000,0
workspaceModel.mutableEntityStorage.collect.changes.ms,1788966713118000000,1788966773115000000,0
workspaceModel.mutableEntityStorage.add.entity.ms,1788966713118000000,1788966773115000000,0
workspaceModel.delayed.project.synchronizer.sync.ms,1788966713118000000,1788966773115000000,0
jps.save.global.entities.ms,1788966713118000000,1788966773115000000,0
workspaceModel.moduleManagerBridge.get.modules.ms,1788966713118000000,1788966773115000000,0
workspaceModel.moduleManagerBridge.set.unloadedModules.ms,1788966713118000000,1788966773115000000,0
workspaceModel.load.cache.metadata.from.file.ms,1788966713118000000,1788966773115000000,0
workspaceModel.mutableEntityStorage.remove.entity.ms,1788966713118000000,1788966773115000000,0
jps.facet.change.listener.process.change.events.ms,1788966713118000000,1788966773115000000,0
workspaceModel.sync.entities.ms,1788966713118000000,1788966773115000000,0
workspaceModel.moduleManagerBridge.load.module.ms,1788966713118000000,1788966773115000000,0
MappedFileStorage.totalPagesMapped,1788966713118000000,1788966773115000000,15
FilePageCache.totalPageDisposalsUs,1788966713118000000,1788966773115000000,0
FilePageCache.pageFastCacheHits,1788966713118000000,1788966773115000000,0
FilePageCacheLockFree.totalPagesHandedOver,1788966713118000000,1788966773115000000,0
StreamlinedBlobStorage.recordsRelocated,1788966713118000000,1788966773115000000,0
StreamlinedBlobStorage.totalLiveRecordsPayloadBytes,1788966713118000000,1788966773115000000,0
DirectByteBufferAllocator.disposed,1788966713118000000,1788966773115000000,0
MappedFileStorage.storages,1788966713118000000,1788966773115000000,15
DirectByteBufferAllocator.totalSizeOfBuffersCachedInBytes,1788966713118000000,1788966773115000000,0
FilePageCacheLockFree.totalNativeBytesReclaimed,1788966713118000000,1788966773115000000,0
FilePageCacheLockFree.nativeBytesInUse,1788966713118000000,1788966773115000000,0
FilePageCacheLockFree.totalPageAllocationsWaited,1788966713118000000,1788966773115000000,0
FilePageCache.maxCacheSizeInBytes,1788966713118000000,1788966773115000000,233848832
FilePageCache.capacityInBytes,1788966713118000000,1788966773115000000,503316478
FilePageCacheLockFree.totalBytesRead,1788966713118000000,1788966773115000000,0
FilePageCache.maxRegisteredFiles,1788966713118000000,1788966773115000000,555
FilePageCacheLockFree.totalHeapBytesReclaimed,1788966713118000000,1788966773115000000,0
FilePageCacheLockFree.totalBytesRequested,1788966713118000000,1788966773115000000,0
FilePageCacheLockFree.totalPagesRequested,1788966713118000000,1788966773115000000,0
FilePageCache.totalPageLoadsUs,1788966713118000000,1788966773115000000,0
FilePageCache.uncachedFileAccess,1788966713118000000,1788966773115000000,0
StorageLockContext.competingThreads.avg,1788966713118000000,1788966773115000000,0.0
FilePageCacheLockFree.housekeeperTurnsSkipped,1788966713118000000,1788966773115000000,0
MappedFileStorage.totalBytesMapped,1788966713118000000,1788966773115000000,198443008
DirectByteBufferAllocator.hits,1788966713118000000,1788966773115000000,0
StreamlinedBlobStorage.recordsAllocated,1788966713118000000,1788966773115000000,0
StreamlinedBlobStorage.totalLiveRecordsCapacityBytes,1788966713118000000,1788966773115000000,0
FilePageCache.pageLoadsAboveSizeThreshold,1788966713118000000,1788966773115000000,0
FilePageCacheLockFree.totalPagesWriteMs,1788966713118000000,1788966773115000000,0
FilePageCache.pageLoads,1788966713118000000,1788966773115000000,0
FileChannelInterruptsRetryer.totalRetriedAttempts,1788966713118000000,1788966773115000000,0
FilePageCacheLockFree.totalClosedStoragesReclaimed,1788966713118000000,1788966773115000000,0
FilePageCacheLockFree.totalPagesReclaimed,1788966713118000000,1788966773115000000,0
FilePageCacheLockFree.totalBytesWritten,1788966713118000000,1788966773115000000,0
FilePageCacheLockFree.totalNativeBytesAllocated,1788966713118000000,1788966773115000000,0
FilePageCache.disposedBuffers,1788966713118000000,1788966773115000000,0
FilePageCacheLockFree.heapBytesInUse,1788966713118000000,1788966773115000000,0
FilePageCacheLockFree.housekeeperTimeSpentMs,1788966713118000000,1788966773115000000,0
FilePageCacheLockFree.totalPagesAllocated,1788966713118000000,1788966773115000000,0
FilePageCacheLockFree.totalHeapBytesAllocated,1788966713118000000,1788966773115000000,0
FilePageCacheLockFree.totalPagesRequestsMs,1788966713118000000,1788966773115000000,0
DirectByteBufferAllocator.reclaimed,1788966713118000000,1788966773115000000,0
FilePageCacheLockFree.totalPagesReadMs,1788966713118000000,1788966773115000000,0
FilePageCache.pageHits,1788966713118000000,1788966773115000000,0
FilePageCacheLockFree.totalPagesWritten,1788966713118000000,1788966773115000000,0
StorageLockContext.competingThreads.90P,1788966713118000000,1788966773115000000,0
FilePageCacheLockFree.housekeeperTurnsDone,1788966713118000000,1788966773115000000,0
StorageLockContext.competingThreads.max,1788966713118000000,1788966773115000000,0
StreamlinedBlobStorage.recordsDeleted,1788966713118000000,1788966773115000000,0
MappedFileStorage.totalTimeSpentOnMappingUs,1788966713118000000,1788966773115000000,9644
DirectByteBufferAllocator.totalSizeOfBuffersAllocatedInBytes,1788966713118000000,1788966773115000000,233848832
DirectByteBufferAllocator.misses,1788966713118000000,1788966773115000000,0
compiler.ArtifactVirtualFileListener.filePathChanged.ms,1788966713118000000,1788966773115000000,0
compiler.ArtifactManagerBridge.commit.ms,1788966713118000000,1788966773115000000,0
compiler.ArtifactManagerBridge.findArtifact.ms,1788966713118000000,1788966773115000000,0
compiler.ArtifactManagerBridge.getArtifacts.ms,1788966713118000000,1788966773115000000,0
compiler.ArtifactManagerBridge.dropMappings.ms,1788966713118000000,1788966773115000000,0
compiler.ArtifactManagerBridge.initBridges.ms,1788966713118000000,1788966773115000000,0
compiler.ArtifactManagerBridge.addArtifact.ms,1788966713118000000,1788966773115000000,0
compiler.ArtifactVirtualFileListener.propertyChanged.ms,1788966713118000000,1788966773115000000,0
compiler.ArtifactManagerBridge.getArtifactsByType.ms,1788966713118000000,1788966773115000000,0
AWTEventQueue.dispatchTimeTotalNS,1788966773115000000,1788966833117000000,31225067
AWTEventQueue.dispatchTimeAvgNs,1788966773115000000,1788966833117000000,0.0
FlushQueue.waitingTimeMaxNs,1788966773115000000,1788966833117000000,0
NonBlockingReadAction.finalizedExecutionTimeUs,1788966773115000000,1788966833117000000,0
FlushQueue.queueSizeAvg,1788966773115000000,1788966833117000000,0.0
NonBlockingReadAction.failedExecutionsCount,1788966773115000000,1788966833117000000,0
ReadAction.executionsCount,1788966773115000000,1788966833117000000,0
FlushQueue.executionTimeMaxNs,1788966773115000000,1788966833117000000,0
FlushQueue.executionTimeAvgNs,1788966773115000000,1788966833117000000,0.0
FlushQueue.queueSizeMax,1788966773115000000,1788966833117000000,0
WriteAction.executionsCount,1788966773115000000,1788966833117000000,0
FlushQueue.tasksExecuted,1788966773115000000,1788966833117000000,0
FlushQueue.waitingTimeAvgNs,1788966773115000000,1788966833117000000,0.0
AWTEventQueue.dispatchTimeMaxNs,1788966773115000000,1788966833117000000,0
FlushQueue.executionTime90PNs,1788966773115000000,1788966833117000000,0
NonBlockingReadAction.failedExecutionTimeUs,1788966773115000000,1788966833117000000,0
AWTEventQueue.dispatchTime90PNs,1788966773115000000,1788966833117000000,0
FlushQueue.queueSize90P,1788966773115000000,1788966833117000000,0
FlushQueue.waitingTime90PNs,1788966773115000000,1788966833117000000,0
NonBlockingReadAction.finalizedExecutionsCount,1788966773115000000,1788966833117000000,0
AWTEventQueue.eventsDispatched,1788966773115000000,1788966833117000000,0
writeAction.wait.ms,1788966773115000000,1788966833117000000,0
writeAction.median.wait.ms,1788966773115000000,1788966833117000000,0
writeAction.max.wait.ms,1788966773115000000,1788966833117000000,11
writeAction.count,1788966773115000000,1788966833117000000,0
JVM.newThreadsCount,1788966773115000000,1788966833117000000,0
JVM.maxThreadCount,1788966773115000000,1788966833117000000,186
JVM.totalCpuTimeMs,1788966773115000000,1788966833117000000,1048
OS.loadAverage,1788966773115000000,1788966833117000000,1.7216796875
JVM.GC.collectionTimesMs,1788966773115000000,1788966833117000000,0
JVM.maxHeapBytes,1788966773115000000,1788966833117000000,2147483648
JVM.GC.collections,1788966773115000000,1788966833117000000,0
JVM.threadCount,1788966773115000000,1788966833117000000,56
JVM.totalBytesAllocated,1788966773115000000,1788966833117000000,9318432
JVM.totalDirectByteBuffersBytes,1788966773115000000,1788966833117000000,234691123
JVM.usedHeapBytes,1788966773115000000,1788966833117000000,332665200
JVM.usedNativeBytes,1788966773115000000,1788966833117000000,326458648
cacheStateStorage.set.counter,1788966773115000000,1788966833117000000,0
cacheStateStorage.set.duration,1788966773115000000,1788966833117000000,0
cacheStateStorage.get.counter,1788966773115000000,1788966833117000000,0
cacheStateStorage.get.duration,1788966773115000000,1788966833117000000,0
VFS.fileByIdCache.misses,1788966773115000000,1788966833117000000,0
FileNameCache.queries,1788966773115000000,1788966833117000000,0
VFS.fileChildByName,1788966773115000000,1788966833117000000,0
FileNameCache.totalMisses,1788966773115000000,1788966833117000000,0
VFS.invertedFileNameIndex.requests,1788966773115000000,1788966833117000000,0
VFS.fileByIdCache.hits,1788966773115000000,1788966833117000000,0
workspaceModel.loading.from.cache.ms,1788966773115000000,1788966833117000000,0
workspaceModel.check.recursive.update.ms,1788966773115000000,1788966833117000000,0
workspaceModel.cachedValue.from.cache.ms,1788966773115000000,1788966833117000000,0
workspaceModel.cachedValue.clear.ms,1788966773115000000,1788966833117000000,0
workspaceModel.workspaceFileIndexData.getPackageName.ms,1788966773115000000,1788966833117000000,0
workspaceModel.replace.project.model.ms,1788966773115000000,1788966833117000000,0
workspaceModel.initializing.ms,1788966773115000000,1788966833117000000,0
workspaceModel.updates.count,1788966773115000000,1788966833117000000,0
workspaceModel.cachedValueWithParameters.clear.ms,1788966773115000000,1788966833117000000,0
workspaceModel.cachedValueWithParameters.calculated.ms,1788966773115000000,1788966833117000000,0
workspaceModel.workspaceFileIndexData.init.ms,1788966773115000000,1788966833117000000,0
workspaceModel.workspaceFileIndexData.instances.count,1788966773115000000,1788966833117000000,0
workspaceModel.pre.handlers.ms,1788966773115000000,1788966833117000000,0
workspaceModel.collect.changes.ms,1788966773115000000,1788966833117000000,0
workspaceModel.cachedValue.total.get.ms,1788966773115000000,1788966833117000000,0
workspaceModel.entityStorageSnapshotImpl.instances.count,1788966773115000000,1788966833117000000,0
workspaceModel.init.bridges.ms,1788966773115000000,1788966833117000000,0
workspaceModel.workspaceFileIndexData.processFileSets.ms,1788966773115000000,1788966833117000000,0
workspaceModel.workspaceFileIndexData.visitFileSets.ms,1788966773115000000,1788966833117000000,0
workspaceModel.workspaceFileIndexData.markDirty.ms,1788966773115000000,1788966833117000000,0
workspaceModel.to.snapshot.ms,1788966773115000000,1788966833117000000,0
workspaceModel.workspaceFileIndexData.getDirectoriesByPackageName.ms,1788966773115000000,1788966833117000000,0
workspaceModel.updates.ms,1788966773115000000,1788966833117000000,0
workspaceModel.loading.total.ms,1788966773115000000,1788966833117000000,0
workspaceModel.cachedValue.calculated.ms,1788966773115000000,1788966833117000000,0
workspaceModel.cachedValueWithParameters.from.cache.ms,1788966773115000000,1788966833117000000,0
workspaceModel.workspaceFileIndexData.updateDirtyEntities.ms,1788966773115000000,1788966833117000000,0
workspaceModel.cachedValueWithParameters.total.get.ms,1788966773115000000,1788966833117000000,0
workspaceModel.workspaceFileIndexData.onEntitiesChanged.ms,1788966773115000000,1788966833117000000,0
workspaceModel.full.replace.project.model.ms,1788966773115000000,1788966833117000000,0
workspaceModel.workspaceFileIndexContributor.registerFileSets.ms,1788966773115000000,1788966833117000000,0
workspaceModel.workspaceFileIndexData.getFileInfo.ms,1788966773115000000,1788966833117000000,0
workspaceModel.update.unloaded.entities.ms,1788966773115000000,1788966833117000000,0
workspaceModel.updates.precise.ms,1788966773115000000,1788966833117000000,0
Indexes.allKeys.lookupDurationAvgMs,1788966773115000000,1788966833117000000,0.0
Indexes.stubs.lookupDurationAvgMs,1788966773115000000,1788966833117000000,0.0
Indexes.entries.lookupDurationMaxMs,1788966773115000000,1788966833117000000,0.0
IndexesFlusher.totalFlushesRetried,1788966773115000000,1788966833117000000,0
IndexesFlusher.totalFlushes,1788966773115000000,1788966833117000000,59
Indexes.allKeys.lookups,1788966773115000000,1788966833117000000,0.0
Indexes.entries.lookupDurationAvgMs,1788966773115000000,1788966833117000000,0.0
Indexes.allKeys.lookupDurationMaxMs,1788966773115000000,1788966833117000000,0.0
Indexes.allKeys.lookupDuration90PMs,1788966773115000000,1788966833117000000,0.0
Indexes.entries.lookups,1788966773115000000,1788966833117000000,0.0
Indexes.stubs.lookupDurationMaxMs,1788966773115000000,1788966833117000000,0.0
Indexes.entries.lookupDuration90PMs,1788966773115000000,1788966833117000000,0.0
Indexes.stubs.lookupDuration90PMs,1788966773115000000,1788966833117000000,0.0
IndexesFlusher.totalFlushingTimeUs,1788966773115000000,1788966833117000000,283755
IndexesFlusher.totalContentionQuotaSpent,1788966773115000000,1788966833117000000,0
Indexes.stubs.lookups,1788966773115000000,1788966833117000000,0.0
jps.apply.loaded.storage.ms,1788966773115000000,1788966833117000000,0
jps.module.iml.entities.serializer.save.entities.ms,1788966773115000000,1788966833117000000,0
workspaceModel.mutableEntityStorage.replace.by.source.ms,1788966773115000000,1788966833117000000,0
workspaceModel.moduleBridgeLoader.loading.modules.ms,1788966773115000000,1788966833117000000,0
workspaceModel.mutableEntityStorage.referrers.ms,1788966773115000000,1788966833117000000,0
jps.global.handle.before.change.events.ms,1788966773115000000,1788966833117000000,0
workspaceModel.load.cache.from.file.ms,1788966773115000000,1788966833117000000,0
jps.library.entities.serializer.load.entities.ms,1788966773115000000,1788966833117000000,0
workspaceModel.global.apply.state.to.project.builder.ms,1788966773115000000,1788966833117000000,0
jps.global.get.library.by.name.ms,1788966773115000000,1788966833117000000,0
workspaceModel.mutableEntityStorage.modify.entity.ms,1788966773115000000,1788966833117000000,0
workspaceModel.mutableEntityStorage.resolve.ms,1788966773115000000,1788966833117000000,0
workspaceModel.moduleManagerBridge.newModule.ms,1788966773115000000,1788966833117000000,0
workspaceModel.global.updates.ms,1788966773115000000,1788966833117000000,0
workspaceModel.save.cache.to.file.ms,1788966773115000000,1788966833117000000,0
workspaceModel.mutableEntityStorage.apply.changes.from.ms,1788966773115000000,1788966833117000000,0
jps.project.serializers.save.ms,1788966773115000000,1788966833117000000,0
workspaceModel.mutableEntityStorage.entities.by.source.ms,1788966773115000000,1788966833117000000,0
workspaceModel.mutableEntityStorage.instances.count,1788966773115000000,1788966833117000000,0
jps.artifact.entities.serializer.save.entities.ms,1788966773115000000,1788966833117000000,0
jps.global.get.libraries.ms,1788966773115000000,1788966833117000000,0
jps.library.entities.serializer.save.entities.ms,1788966773115000000,1788966833117000000,0
workspaceModel.do.save.caches.ms,1788966773115000000,1788966833117000000,0
jps.facet.change.listener.before.change.events.ms,1788966773115000000,1788966833117000000,0
jps.global.handle.changed.events.ms,1788966773115000000,1788966833117000000,0
workspaceModel.mutableEntityStorage.has.same.entities.ms,1788966773115000000,1788966833117000000,0
jps.project.serializers.load.ms,1788966773115000000,1788966833117000000,0
workspaceModel.mutableEntityStorage.to.snapshot.ms,1788966773115000000,1788966833117000000,0
jps.storage.jps.conf.reader.load.component.ms,1788966773115000000,1788966833117000000,0
workspaceModel.moduleManagerBridge.new.nonPersistent.module.ms,1788966773115000000,1788966833117000000,0
workspaceModel.moduleManagerBridge.build.module.graph.ms,1788966773115000000,1788966833117000000,0
workspaceModel.mutableEntityStorage.entities.ms,1788966773115000000,1788966833117000000,0
workspaceModel.moduleBridge.before.changed.ms,1788966773115000000,1788966833117000000,0
jps.module.iml.entities.serializer.load.entities.ms,1788966773115000000,1788966833117000000,0
jps.load.initial.state.ms,1788966773115000000,1788966833117000000,0
workspaceModel.moduleManagerBridge.create.module.instance.ms,1788966773115000000,1788966833117000000,0
workspaceModel.orphan.listener.update.ms,1788966773115000000,1788966833117000000,0
jps.global.initialize.library.bridges.ms,1788966773115000000,1788966833117000000,0
jps.load.project.to.empty.storage.ms,1788966773115000000,1788966833117000000,0
workspaceModel.moduleBridge.update.option.ms,1788966773115000000,1788966833117000000,0
workspaceModel.moduleBridge.facet.initialization.ms,1788966773115000000,1788966833117000000,0
jps.save.changed.project.entities.ms,1788966773115000000,1788966833117000000,0
workspaceModel.global.apply.state.to.project.ms,1788966773115000000,1788966833117000000,0
jps.artifact.entities.serializer.load.entities.ms,1788966773115000000,1788966833117000000,0
workspaceModel.moduleManagerBridge.load.all.modules.ms,1788966773115000000,1788966833117000000,0
workspaceModel.mutableEntityStorage.mutable.vfurl.index.ms,1788966773115000000,1788966833117000000,0
jps.reload.project.entities.ms,1788966773115000000,1788966833117000000,0
workspaceModel.global.updates.count,1788966773115000000,1788966833117000000,0
workspaceModel.mutableEntityStorage.mutable.ext.mapping.ms,1788966773115000000,1788966833117000000,0
jps.global.get.library.ms,1788966773115000000,1788966833117000000,0
jps.app.storage.content.writer.save.component.ms,1788966773115000000,1788966833117000000,0
jps.facet.change.listener.init.bridge.ms,1788966773115000000,1788966833117000000,0
jps.app.storage.content.reader.load.component.ms,1788966773115000000,1788966833117000000,0
workspaceModel.mutableEntityStorage.put.entity.ms,1788966773115000000,1788966833117000000,0
jps.global.initialize.library.bridges.after.loading.ms,1788966773115000000,1788966833117000000,0
workspaceModel.mutableEntityStorage.collect.changes.ms,1788966773115000000,1788966833117000000,0
workspaceModel.mutableEntityStorage.add.entity.ms,1788966773115000000,1788966833117000000,0
workspaceModel.delayed.project.synchronizer.sync.ms,1788966773115000000,1788966833117000000,0
jps.save.global.entities.ms,1788966773115000000,1788966833117000000,0
workspaceModel.moduleManagerBridge.get.modules.ms,1788966773115000000,1788966833117000000,0
workspaceModel.moduleManagerBridge.set.unloadedModules.ms,1788966773115000000,1788966833117000000,0
workspaceModel.load.cache.metadata.from.file.ms,1788966773115000000,1788966833117000000,0
workspaceModel.mutableEntityStorage.remove.entity.ms,1788966773115000000,1788966833117000000,0
jps.facet.change.listener.process.change.events.ms,1788966773115000000,1788966833117000000,0
workspaceModel.sync.entities.ms,1788966773115000000,1788966833117000000,0
workspaceModel.moduleManagerBridge.load.module.ms,1788966773115000000,1788966833117000000,0
MappedFileStorage.totalPagesMapped,1788966773115000000,1788966833117000000,15
FilePageCache.totalPageDisposalsUs,1788966773115000000,1788966833117000000,0
FilePageCache.pageFastCacheHits,1788966773115000000,1788966833117000000,0
FilePageCacheLockFree.totalPagesHandedOver,1788966773115000000,1788966833117000000,0
StreamlinedBlobStorage.recordsRelocated,1788966773115000000,1788966833117000000,0
StreamlinedBlobStorage.totalLiveRecordsPayloadBytes,1788966773115000000,1788966833117000000,0
DirectByteBufferAllocator.disposed,1788966773115000000,1788966833117000000,0
MappedFileStorage.storages,1788966773115000000,1788966833117000000,15
DirectByteBufferAllocator.totalSizeOfBuffersCachedInBytes,1788966773115000000,1788966833117000000,0
FilePageCacheLockFree.totalNativeBytesReclaimed,1788966773115000000,1788966833117000000,0
FilePageCacheLockFree.nativeBytesInUse,1788966773115000000,1788966833117000000,0
FilePageCacheLockFree.totalPageAllocationsWaited,1788966773115000000,1788966833117000000,0
FilePageCache.maxCacheSizeInBytes,1788966773115000000,1788966833117000000,233848832
FilePageCache.capacityInBytes,1788966773115000000,1788966833117000000,503316478
FilePageCacheLockFree.totalBytesRead,1788966773115000000,1788966833117000000,0
FilePageCache.maxRegisteredFiles,1788966773115000000,1788966833117000000,555
FilePageCacheLockFree.totalHeapBytesReclaimed,1788966773115000000,1788966833117000000,0
FilePageCacheLockFree.totalBytesRequested,1788966773115000000,1788966833117000000,0
FilePageCacheLockFree.totalPagesRequested,1788966773115000000,1788966833117000000,0
FilePageCache.totalPageLoadsUs,1788966773115000000,1788966833117000000,0
FilePageCache.uncachedFileAccess,1788966773115000000,1788966833117000000,0
StorageLockContext.competingThreads.avg,1788966773115000000,1788966833117000000,0.0
FilePageCacheLockFree.housekeeperTurnsSkipped,1788966773115000000,1788966833117000000,0
MappedFileStorage.totalBytesMapped,1788966773115000000,1788966833117000000,198443008
DirectByteBufferAllocator.hits,1788966773115000000,1788966833117000000,0
StreamlinedBlobStorage.recordsAllocated,1788966773115000000,1788966833117000000,0
StreamlinedBlobStorage.totalLiveRecordsCapacityBytes,1788966773115000000,1788966833117000000,0
FilePageCache.pageLoadsAboveSizeThreshold,1788966773115000000,1788966833117000000,0
FilePageCacheLockFree.totalPagesWriteMs,1788966773115000000,1788966833117000000,0
FilePageCache.pageLoads,1788966773115000000,1788966833117000000,0
FileChannelInterruptsRetryer.totalRetriedAttempts,1788966773115000000,1788966833117000000,0
FilePageCacheLockFree.totalClosedStoragesReclaimed,1788966773115000000,1788966833117000000,0
FilePageCacheLockFree.totalPagesReclaimed,1788966773115000000,1788966833117000000,0
FilePageCacheLockFree.totalBytesWritten,1788966773115000000,1788966833117000000,0
FilePageCacheLockFree.totalNativeBytesAllocated,1788966773115000000,1788966833117000000,0
FilePageCache.disposedBuffers,1788966773115000000,1788966833117000000,0
FilePageCacheLockFree.heapBytesInUse,1788966773115000000,1788966833117000000,0
FilePageCacheLockFree.housekeeperTimeSpentMs,1788966773115000000,1788966833117000000,0
FilePageCacheLockFree.totalPagesAllocated,1788966773115000000,1788966833117000000,0
FilePageCacheLockFree.totalHeapBytesAllocated,1788966773115000000,1788966833117000000,0
FilePageCacheLockFree.totalPagesRequestsMs,1788966773115000000,1788966833117000000,0
DirectByteBufferAllocator.reclaimed,1788966773115000000,1788966833117000000,0
FilePageCacheLockFree.totalPagesReadMs,1788966773115000000,1788966833117000000,0
FilePageCache.pageHits,1788966773115000000,1788966833117000000,0
FilePageCacheLockFree.totalPagesWritten,1788966773115000000,1788966833117000000,0
StorageLockContext.competingThreads.90P,1788966773115000000,1788966833117000000,0
FilePageCacheLockFree.housekeeperTurnsDone,1788966773115000000,1788966833117000000,0
StorageLockContext.competingThreads.max,1788966773115000000,1788966833117000000,0
StreamlinedBlobStorage.recordsDeleted,1788966773115000000,1788966833117000000,0
MappedFileStorage.totalTimeSpentOnMappingUs,1788966773115000000,1788966833117000000,9644
DirectByteBufferAllocator.totalSizeOfBuffersAllocatedInBytes,1788966773115000000,1788966833117000000,233848832
DirectByteBufferAllocator.misses,1788966773115000000,1788966833117000000,0
compiler.ArtifactVirtualFileListener.filePathChanged.ms,1788966773115000000,1788966833117000000,0
compiler.ArtifactManagerBridge.commit.ms,1788966773115000000,1788966833117000000,0
compiler.ArtifactManagerBridge.findArtifact.ms,1788966773115000000,1788966833117000000,0
compiler.ArtifactManagerBridge.getArtifacts.ms,1788966773115000000,1788966833117000000,0
compiler.ArtifactManagerBridge.dropMappings.ms,1788966773115000000,1788966833117000000,0
compiler.ArtifactManagerBridge.initBridges.ms,1788966773115000000,1788966833117000000,0
compiler.ArtifactManagerBridge.addArtifact.ms,1788966773115000000,1788966833117000000,0
compiler.ArtifactVirtualFileListener.propertyChanged.ms,1788966773115000000,1788966833117000000,0
compiler.ArtifactManagerBridge.getArtifactsByType.ms,1788966773115000000,1788966833117000000,0
AWTEventQueue.dispatchTimeTotalNS,1788966833117000000,1788966893112000000,446985006
AWTEventQueue.dispatchTimeAvgNs,1788966833117000000,1788966893112000000,0.0
FlushQueue.waitingTimeMaxNs,1788966833117000000,1788966893112000000,0
NonBlockingReadAction.finalizedExecutionTimeUs,1788966833117000000,1788966893112000000,1668
FlushQueue.queueSizeAvg,1788966833117000000,1788966893112000000,0.0
NonBlockingReadAction.failedExecutionsCount,1788966833117000000,1788966893112000000,0
ReadAction.executionsCount,1788966833117000000,1788966893112000000,5779
FlushQueue.executionTimeMaxNs,1788966833117000000,1788966893112000000,0
FlushQueue.executionTimeAvgNs,1788966833117000000,1788966893112000000,0.0
FlushQueue.queueSizeMax,1788966833117000000,1788966893112000000,0
WriteAction.executionsCount,1788966833117000000,1788966893112000000,0
FlushQueue.tasksExecuted,1788966833117000000,1788966893112000000,0
FlushQueue.waitingTimeAvgNs,1788966833117000000,1788966893112000000,0.0
AWTEventQueue.dispatchTimeMaxNs,1788966833117000000,1788966893112000000,0
FlushQueue.executionTime90PNs,1788966833117000000,1788966893112000000,0
NonBlockingReadAction.failedExecutionTimeUs,1788966833117000000,1788966893112000000,0
AWTEventQueue.dispatchTime90PNs,1788966833117000000,1788966893112000000,0
FlushQueue.queueSize90P,1788966833117000000,1788966893112000000,0
FlushQueue.waitingTime90PNs,1788966833117000000,1788966893112000000,0
NonBlockingReadAction.finalizedExecutionsCount,1788966833117000000,1788966893112000000,29
AWTEventQueue.eventsDispatched,1788966833117000000,1788966893112000000,0
writeAction.wait.ms,1788966833117000000,1788966893112000000,0
writeAction.median.wait.ms,1788966833117000000,1788966893112000000,0
writeAction.max.wait.ms,1788966833117000000,1788966893112000000,11
writeAction.count,1788966833117000000,1788966893112000000,0
JVM.newThreadsCount,1788966833117000000,1788966893112000000,1
JVM.maxThreadCount,1788966833117000000,1788966893112000000,186
JVM.totalCpuTimeMs,1788966833117000000,1788966893112000000,2346
OS.loadAverage,1788966833117000000,1788966893112000000,2.79638671875
JVM.GC.collectionTimesMs,1788966833117000000,1788966893112000000,0
JVM.maxHeapBytes,1788966833117000000,1788966893112000000,2147483648
JVM.GC.collections,1788966833117000000,1788966893112000000,0
JVM.threadCount,1788966833117000000,1788966893112000000,57
JVM.totalBytesAllocated,1788966833117000000,1788966893112000000,19998320
JVM.totalDirectByteBuffersBytes,1788966833117000000,1788966893112000000,234691123
JVM.usedHeapBytes,1788966833117000000,1788966893112000000,353636720
JVM.usedNativeBytes,1788966833117000000,1788966893112000000,327442728
cacheStateStorage.set.counter,1788966833117000000,1788966893112000000,0
cacheStateStorage.set.duration,1788966833117000000,1788966893112000000,0
cacheStateStorage.get.counter,1788966833117000000,1788966893112000000,0
cacheStateStorage.get.duration,1788966833117000000,1788966893112000000,0
VFS.fileByIdCache.misses,1788966833117000000,1788966893112000000,0
FileNameCache.queries,1788966833117000000,1788966893112000000,1280
VFS.fileChildByName,1788966833117000000,1788966893112000000,125
FileNameCache.totalMisses,1788966833117000000,1788966893112000000,0
VFS.invertedFileNameIndex.requests,1788966833117000000,1788966893112000000,0
VFS.fileByIdCache.hits,1788966833117000000,1788966893112000000,0
workspaceModel.loading.from.cache.ms,1788966833117000000,1788966893112000000,0
workspaceModel.check.recursive.update.ms,1788966833117000000,1788966893112000000,0
workspaceModel.cachedValue.from.cache.ms,1788966833117000000,1788966893112000000,0
workspaceModel.cachedValue.clear.ms,1788966833117000000,1788966893112000000,0
workspaceModel.workspaceFileIndexData.getPackageName.ms,1788966833117000000,1788966893112000000,0
workspaceModel.replace.project.model.ms,1788966833117000000,1788966893112000000,0
workspaceModel.initializing.ms,1788966833117000000,1788966893112000000,0
workspaceModel.updates.count,1788966833117000000,1788966893112000000,0
workspaceModel.cachedValueWithParameters.clear.ms,1788966833117000000,1788966893112000000,0
workspaceModel.cachedValueWithParameters.calculated.ms,1788966833117000000,1788966893112000000,0
workspaceModel.workspaceFileIndexData.init.ms,1788966833117000000,1788966893112000000,0
workspaceModel.workspaceFileIndexData.instances.count,1788966833117000000,1788966893112000000,0
workspaceModel.pre.handlers.ms,1788966833117000000,1788966893112000000,0
workspaceModel.collect.changes.ms,1788966833117000000,1788966893112000000,0
workspaceModel.cachedValue.total.get.ms,1788966833117000000,1788966893112000000,0
workspaceModel.entityStorageSnapshotImpl.instances.count,1788966833117000000,1788966893112000000,0
workspaceModel.init.bridges.ms,1788966833117000000,1788966893112000000,0
workspaceModel.workspaceFileIndexData.processFileSets.ms,1788966833117000000,1788966893112000000,0
workspaceModel.workspaceFileIndexData.visitFileSets.ms,1788966833117000000,1788966893112000000,0
workspaceModel.workspaceFileIndexData.markDirty.ms,1788966833117000000,1788966893112000000,0
workspaceModel.to.snapshot.ms,1788966833117000000,1788966893112000000,0
workspaceModel.workspaceFileIndexData.getDirectoriesByPackageName.ms,1788966833117000000,1788966893112000000,0
workspaceModel.updates.ms,1788966833117000000,1788966893112000000,0
workspaceModel.loading.total.ms,1788966833117000000,1788966893112000000,0
workspaceModel.cachedValue.calculated.ms,1788966833117000000,1788966893112000000,0
workspaceModel.cachedValueWithParameters.from.cache.ms,1788966833117000000,1788966893112000000,0
workspaceModel.workspaceFileIndexData.updateDirtyEntities.ms,1788966833117000000,1788966893112000000,0
workspaceModel.cachedValueWithParameters.total.get.ms,1788966833117000000,1788966893112000000,0
workspaceModel.workspaceFileIndexData.onEntitiesChanged.ms,1788966833117000000,1788966893112000000,0
workspaceModel.full.replace.project.model.ms,1788966833117000000,1788966893112000000,0
workspaceModel.workspaceFileIndexContributor.registerFileSets.ms,1788966833117000000,1788966893112000000,0
workspaceModel.workspaceFileIndexData.getFileInfo.ms,1788966833117000000,1788966893112000000,0
workspaceModel.update.unloaded.entities.ms,1788966833117000000,1788966893112000000,0
workspaceModel.updates.precise.ms,1788966833117000000,1788966893112000000,0
Indexes.allKeys.lookupDurationAvgMs,1788966833117000000,1788966893112000000,0.0
Indexes.stubs.lookupDurationAvgMs,1788966833117000000,1788966893112000000,0.0
Indexes.entries.lookupDurationMaxMs,1788966833117000000,1788966893112000000,0.0
IndexesFlusher.totalFlushesRetried,1788966833117000000,1788966893112000000,0
IndexesFlusher.totalFlushes,1788966833117000000,1788966893112000000,59
Indexes.allKeys.lookups,1788966833117000000,1788966893112000000,0.0
Indexes.entries.lookupDurationAvgMs,1788966833117000000,1788966893112000000,0.0
Indexes.allKeys.lookupDurationMaxMs,1788966833117000000,1788966893112000000,0.0
Indexes.allKeys.lookupDuration90PMs,1788966833117000000,1788966893112000000,0.0
Indexes.entries.lookups,1788966833117000000,1788966893112000000,0.0
Indexes.stubs.lookupDurationMaxMs,1788966833117000000,1788966893112000000,0.0
Indexes.entries.lookupDuration90PMs,1788966833117000000,1788966893112000000,0.0
Indexes.stubs.lookupDuration90PMs,1788966833117000000,1788966893112000000,0.0
IndexesFlusher.totalFlushingTimeUs,1788966833117000000,1788966893112000000,262512
IndexesFlusher.totalContentionQuotaSpent,1788966833117000000,1788966893112000000,0
Indexes.stubs.lookups,1788966833117000000,1788966893112000000,0.0
jps.apply.loaded.storage.ms,1788966833117000000,1788966893112000000,0
jps.module.iml.entities.serializer.save.entities.ms,1788966833117000000,1788966893112000000,0
workspaceModel.mutableEntityStorage.replace.by.source.ms,1788966833117000000,1788966893112000000,0
workspaceModel.moduleBridgeLoader.loading.modules.ms,1788966833117000000,1788966893112000000,0
workspaceModel.mutableEntityStorage.referrers.ms,1788966833117000000,1788966893112000000,0
jps.global.handle.before.change.events.ms,1788966833117000000,1788966893112000000,0
workspaceModel.load.cache.from.file.ms,1788966833117000000,1788966893112000000,0
jps.library.entities.serializer.load.entities.ms,1788966833117000000,1788966893112000000,0
workspaceModel.global.apply.state.to.project.builder.ms,1788966833117000000,1788966893112000000,0
jps.global.get.library.by.name.ms,1788966833117000000,1788966893112000000,0
workspaceModel.mutableEntityStorage.modify.entity.ms,1788966833117000000,1788966893112000000,0
workspaceModel.mutableEntityStorage.resolve.ms,1788966833117000000,1788966893112000000,0
workspaceModel.moduleManagerBridge.newModule.ms,1788966833117000000,1788966893112000000,0
workspaceModel.global.updates.ms,1788966833117000000,1788966893112000000,0
workspaceModel.save.cache.to.file.ms,1788966833117000000,1788966893112000000,0
workspaceModel.mutableEntityStorage.apply.changes.from.ms,1788966833117000000,1788966893112000000,0
jps.project.serializers.save.ms,1788966833117000000,1788966893112000000,0
workspaceModel.mutableEntityStorage.entities.by.source.ms,1788966833117000000,1788966893112000000,0
workspaceModel.mutableEntityStorage.instances.count,1788966833117000000,1788966893112000000,0
jps.artifact.entities.serializer.save.entities.ms,1788966833117000000,1788966893112000000,0
jps.global.get.libraries.ms,1788966833117000000,1788966893112000000,0
jps.library.entities.serializer.save.entities.ms,1788966833117000000,1788966893112000000,0
workspaceModel.do.save.caches.ms,1788966833117000000,1788966893112000000,0
jps.facet.change.listener.before.change.events.ms,1788966833117000000,1788966893112000000,0
jps.global.handle.changed.events.ms,1788966833117000000,1788966893112000000,0
workspaceModel.mutableEntityStorage.has.same.entities.ms,1788966833117000000,1788966893112000000,0
jps.project.serializers.load.ms,1788966833117000000,1788966893112000000,0
workspaceModel.mutableEntityStorage.to.snapshot.ms,1788966833117000000,1788966893112000000,0
jps.storage.jps.conf.reader.load.component.ms,1788966833117000000,1788966893112000000,0
workspaceModel.moduleManagerBridge.new.nonPersistent.module.ms,1788966833117000000,1788966893112000000,0
workspaceModel.moduleManagerBridge.build.module.graph.ms,1788966833117000000,1788966893112000000,0
workspaceModel.mutableEntityStorage.entities.ms,1788966833117000000,1788966893112000000,0
workspaceModel.moduleBridge.before.changed.ms,1788966833117000000,1788966893112000000,0
jps.module.iml.entities.serializer.load.entities.ms,1788966833117000000,1788966893112000000,0
jps.load.initial.state.ms,1788966833117000000,1788966893112000000,0
workspaceModel.moduleManagerBridge.create.module.instance.ms,1788966833117000000,1788966893112000000,0
workspaceModel.orphan.listener.update.ms,1788966833117000000,1788966893112000000,0
jps.global.initialize.library.bridges.ms,1788966833117000000,1788966893112000000,0
jps.load.project.to.empty.storage.ms,1788966833117000000,1788966893112000000,0
workspaceModel.moduleBridge.update.option.ms,1788966833117000000,1788966893112000000,0
workspaceModel.moduleBridge.facet.initialization.ms,1788966833117000000,1788966893112000000,0
jps.save.changed.project.entities.ms,1788966833117000000,1788966893112000000,0
workspaceModel.global.apply.state.to.project.ms,1788966833117000000,1788966893112000000,0
jps.artifact.entities.serializer.load.entities.ms,1788966833117000000,1788966893112000000,0
workspaceModel.moduleManagerBridge.load.all.modules.ms,1788966833117000000,1788966893112000000,0
workspaceModel.mutableEntityStorage.mutable.vfurl.index.ms,1788966833117000000,1788966893112000000,0
jps.reload.project.entities.ms,1788966833117000000,1788966893112000000,0
workspaceModel.global.updates.count,1788966833117000000,1788966893112000000,0
workspaceModel.mutableEntityStorage.mutable.ext.mapping.ms,1788966833117000000,1788966893112000000,0
jps.global.get.library.ms,1788966833117000000,1788966893112000000,0
jps.app.storage.content.writer.save.component.ms,1788966833117000000,1788966893112000000,0
jps.facet.change.listener.init.bridge.ms,1788966833117000000,1788966893112000000,0
jps.app.storage.content.reader.load.component.ms,1788966833117000000,1788966893112000000,0
workspaceModel.mutableEntityStorage.put.entity.ms,1788966833117000000,1788966893112000000,0
jps.global.initialize.library.bridges.after.loading.ms,1788966833117000000,1788966893112000000,0
workspaceModel.mutableEntityStorage.collect.changes.ms,1788966833117000000,1788966893112000000,0
workspaceModel.mutableEntityStorage.add.entity.ms,1788966833117000000,1788966893112000000,0
workspaceModel.delayed.project.synchronizer.sync.ms,1788966833117000000,1788966893112000000,0
jps.save.global.entities.ms,1788966833117000000,1788966893112000000,0
workspaceModel.moduleManagerBridge.get.modules.ms,1788966833117000000,1788966893112000000,0
workspaceModel.moduleManagerBridge.set.unloadedModules.ms,1788966833117000000,1788966893112000000,0
workspaceModel.load.cache.metadata.from.file.ms,1788966833117000000,1788966893112000000,0
workspaceModel.mutableEntityStorage.remove.entity.ms,1788966833117000000,1788966893112000000,0
jps.facet.change.listener.process.change.events.ms,1788966833117000000,1788966893112000000,0
workspaceModel.sync.entities.ms,1788966833117000000,1788966893112000000,0
workspaceModel.moduleManagerBridge.load.module.ms,1788966833117000000,1788966893112000000,0
MappedFileStorage.totalPagesMapped,1788966833117000000,1788966893112000000,15
FilePageCache.totalPageDisposalsUs,1788966833117000000,1788966893112000000,0
FilePageCache.pageFastCacheHits,1788966833117000000,1788966893112000000,0
FilePageCacheLockFree.totalPagesHandedOver,1788966833117000000,1788966893112000000,0
StreamlinedBlobStorage.recordsRelocated,1788966833117000000,1788966893112000000,0
StreamlinedBlobStorage.totalLiveRecordsPayloadBytes,1788966833117000000,1788966893112000000,0
DirectByteBufferAllocator.disposed,1788966833117000000,1788966893112000000,0
MappedFileStorage.storages,1788966833117000000,1788966893112000000,15
DirectByteBufferAllocator.totalSizeOfBuffersCachedInBytes,1788966833117000000,1788966893112000000,0
FilePageCacheLockFree.totalNativeBytesReclaimed,1788966833117000000,1788966893112000000,0
FilePageCacheLockFree.nativeBytesInUse,1788966833117000000,1788966893112000000,0
FilePageCacheLockFree.totalPageAllocationsWaited,1788966833117000000,1788966893112000000,0
FilePageCache.maxCacheSizeInBytes,1788966833117000000,1788966893112000000,233848832
FilePageCache.capacityInBytes,1788966833117000000,1788966893112000000,503316478
FilePageCacheLockFree.totalBytesRead,1788966833117000000,1788966893112000000,0
FilePageCache.maxRegisteredFiles,1788966833117000000,1788966893112000000,555
FilePageCacheLockFree.totalHeapBytesReclaimed,1788966833117000000,1788966893112000000,0
FilePageCacheLockFree.totalBytesRequested,1788966833117000000,1788966893112000000,0
FilePageCacheLockFree.totalPagesRequested,1788966833117000000,1788966893112000000,0
FilePageCache.totalPageLoadsUs,1788966833117000000,1788966893112000000,0
FilePageCache.uncachedFileAccess,1788966833117000000,1788966893112000000,0
StorageLockContext.competingThreads.avg,1788966833117000000,1788966893112000000,0.0
FilePageCacheLockFree.housekeeperTurnsSkipped,1788966833117000000,1788966893112000000,0
MappedFileStorage.totalBytesMapped,1788966833117000000,1788966893112000000,198443008
DirectByteBufferAllocator.hits,1788966833117000000,1788966893112000000,0
StreamlinedBlobStorage.recordsAllocated,1788966833117000000,1788966893112000000,0
StreamlinedBlobStorage.totalLiveRecordsCapacityBytes,1788966833117000000,1788966893112000000,0
FilePageCache.pageLoadsAboveSizeThreshold,1788966833117000000,1788966893112000000,0
FilePageCacheLockFree.totalPagesWriteMs,1788966833117000000,1788966893112000000,0
FilePageCache.pageLoads,1788966833117000000,1788966893112000000,0
FileChannelInterruptsRetryer.totalRetriedAttempts,1788966833117000000,1788966893112000000,0
FilePageCacheLockFree.totalClosedStoragesReclaimed,1788966833117000000,1788966893112000000,0
FilePageCacheLockFree.totalPagesReclaimed,1788966833117000000,1788966893112000000,0
FilePageCacheLockFree.totalBytesWritten,1788966833117000000,1788966893112000000,0
FilePageCacheLockFree.totalNativeBytesAllocated,1788966833117000000,1788966893112000000,0
FilePageCache.disposedBuffers,1788966833117000000,1788966893112000000,0
FilePageCacheLockFree.heapBytesInUse,1788966833117000000,1788966893112000000,0
FilePageCacheLockFree.housekeeperTimeSpentMs,1788966833117000000,1788966893112000000,0
FilePageCacheLockFree.totalPagesAllocated,1788966833117000000,1788966893112000000,0
FilePageCacheLockFree.totalHeapBytesAllocated,1788966833117000000,1788966893112000000,0
FilePageCacheLockFree.totalPagesRequestsMs,1788966833117000000,1788966893112000000,0
DirectByteBufferAllocator.reclaimed,1788966833117000000,1788966893112000000,0
FilePageCacheLockFree.totalPagesReadMs,1788966833117000000,1788966893112000000,0
FilePageCache.pageHits,1788966833117000000,1788966893112000000,0
FilePageCacheLockFree.totalPagesWritten,1788966833117000000,1788966893112000000,0
StorageLockContext.competingThreads.90P,1788966833117000000,1788966893112000000,0
FilePageCacheLockFree.housekeeperTurnsDone,1788966833117000000,1788966893112000000,0
StorageLockContext.competingThreads.max,1788966833117000000,1788966893112000000,0
StreamlinedBlobStorage.recordsDeleted,1788966833117000000,1788966893112000000,0
MappedFileStorage.totalTimeSpentOnMappingUs,1788966833117000000,1788966893112000000,9644
DirectByteBufferAllocator.totalSizeOfBuffersAllocatedInBytes,1788966833117000000,1788966893112000000,233848832
DirectByteBufferAllocator.misses,1788966833117000000,1788966893112000000,0
compiler.ArtifactVirtualFileListener.filePathChanged.ms,1788966833117000000,1788966893112000000,0
compiler.ArtifactManagerBridge.commit.ms,1788966833117000000,1788966893112000000,0
compiler.ArtifactManagerBridge.findArtifact.ms,1788966833117000000,1788966893112000000,0
compiler.ArtifactManagerBridge.getArtifacts.ms,1788966833117000000,1788966893112000000,0
compiler.ArtifactManagerBridge.dropMappings.ms,1788966833117000000,1788966893112000000,0
compiler.ArtifactManagerBridge.initBridges.ms,1788966833117000000,1788966893112000000,0
compiler.ArtifactManagerBridge.addArtifact.ms,1788966833117000000,1788966893112000000,0
compiler.ArtifactVirtualFileListener.propertyChanged.ms,1788966833117000000,1788966893112000000,0
compiler.ArtifactManagerBridge.getArtifactsByType.ms,1788966833117000000,1788966893112000000,0
AWTEventQueue.dispatchTimeTotalNS,1788966893112000000,1788966953110000000,1151423844
AWTEventQueue.dispatchTimeAvgNs,1788966893112000000,1788966953110000000,0.0
FlushQueue.waitingTimeMaxNs,1788966893112000000,1788966953110000000,0
NonBlockingReadAction.finalizedExecutionTimeUs,1788966893112000000,1788966953110000000,6304
FlushQueue.queueSizeAvg,1788966893112000000,1788966953110000000,0.0
NonBlockingReadAction.failedExecutionsCount,1788966893112000000,1788966953110000000,0
ReadAction.executionsCount,1788966893112000000,1788966953110000000,1664
FlushQueue.executionTimeMaxNs,1788966893112000000,1788966953110000000,0
FlushQueue.executionTimeAvgNs,1788966893112000000,1788966953110000000,0.0
FlushQueue.queueSizeMax,1788966893112000000,1788966953110000000,0
WriteAction.executionsCount,1788966893112000000,1788966953110000000,0
FlushQueue.tasksExecuted,1788966893112000000,1788966953110000000,0
FlushQueue.waitingTimeAvgNs,1788966893112000000,1788966953110000000,0.0
AWTEventQueue.dispatchTimeMaxNs,1788966893112000000,1788966953110000000,0
FlushQueue.executionTime90PNs,1788966893112000000,1788966953110000000,0
NonBlockingReadAction.failedExecutionTimeUs,1788966893112000000,1788966953110000000,0
AWTEventQueue.dispatchTime90PNs,1788966893112000000,1788966953110000000,0
FlushQueue.queueSize90P,1788966893112000000,1788966953110000000,0
FlushQueue.waitingTime90PNs,1788966893112000000,1788966953110000000,0
NonBlockingReadAction.finalizedExecutionsCount,1788966893112000000,1788966953110000000,7
AWTEventQueue.eventsDispatched,1788966893112000000,1788966953110000000,0
writeAction.wait.ms,1788966893112000000,1788966953110000000,0
writeAction.median.wait.ms,1788966893112000000,1788966953110000000,0
writeAction.max.wait.ms,1788966893112000000,1788966953110000000,11
writeAction.count,1788966893112000000,1788966953110000000,0
JVM.newThreadsCount,1788966893112000000,1788966953110000000,0
JVM.maxThreadCount,1788966893112000000,1788966953110000000,186
JVM.totalCpuTimeMs,1788966893112000000,1788966953110000000,1515
OS.loadAverage,1788966893112000000,1788966953110000000,2.505859375
JVM.GC.collectionTimesMs,1788966893112000000,1788966953110000000,0
JVM.maxHeapBytes,1788966893112000000,1788966953110000000,2147483648
JVM.GC.collections,1788966893112000000,1788966953110000000,0
JVM.threadCount,1788966893112000000,1788966953110000000,55
JVM.totalBytesAllocated,1788966893112000000,1788966953110000000,16539448
JVM.totalDirectByteBuffersBytes,1788966893112000000,1788966953110000000,234691123
JVM.usedHeapBytes,1788966893112000000,1788966953110000000,369365360
JVM.usedNativeBytes,1788966893112000000,1788966953110000000,328410504
cacheStateStorage.set.counter,1788966893112000000,1788966953110000000,1
cacheStateStorage.set.duration,1788966893112000000,1788966953110000000,1
cacheStateStorage.get.counter,1788966893112000000,1788966953110000000,0
cacheStateStorage.get.duration,1788966893112000000,1788966953110000000,0
VFS.fileByIdCache.misses,1788966893112000000,1788966953110000000,0
FileNameCache.queries,1788966893112000000,1788966953110000000,128
VFS.fileChildByName,1788966893112000000,1788966953110000000,38
FileNameCache.totalMisses,1788966893112000000,1788966953110000000,0
VFS.invertedFileNameIndex.requests,1788966893112000000,1788966953110000000,0
VFS.fileByIdCache.hits,1788966893112000000,1788966953110000000,0
workspaceModel.loading.from.cache.ms,1788966893112000000,1788966953110000000,0
workspaceModel.check.recursive.update.ms,1788966893112000000,1788966953110000000,0
workspaceModel.cachedValue.from.cache.ms,1788966893112000000,1788966953110000000,0
workspaceModel.cachedValue.clear.ms,1788966893112000000,1788966953110000000,0
workspaceModel.workspaceFileIndexData.getPackageName.ms,1788966893112000000,1788966953110000000,0
workspaceModel.replace.project.model.ms,1788966893112000000,1788966953110000000,0
workspaceModel.initializing.ms,1788966893112000000,1788966953110000000,0
workspaceModel.updates.count,1788966893112000000,1788966953110000000,0
workspaceModel.cachedValueWithParameters.clear.ms,1788966893112000000,1788966953110000000,0
workspaceModel.cachedValueWithParameters.calculated.ms,1788966893112000000,1788966953110000000,0
workspaceModel.workspaceFileIndexData.init.ms,1788966893112000000,1788966953110000000,0
workspaceModel.workspaceFileIndexData.instances.count,1788966893112000000,1788966953110000000,0
workspaceModel.pre.handlers.ms,1788966893112000000,1788966953110000000,0
workspaceModel.collect.changes.ms,1788966893112000000,1788966953110000000,0
workspaceModel.cachedValue.total.get.ms,1788966893112000000,1788966953110000000,0
workspaceModel.entityStorageSnapshotImpl.instances.count,1788966893112000000,1788966953110000000,0
workspaceModel.init.bridges.ms,1788966893112000000,1788966953110000000,0
workspaceModel.workspaceFileIndexData.processFileSets.ms,1788966893112000000,1788966953110000000,0
workspaceModel.workspaceFileIndexData.visitFileSets.ms,1788966893112000000,1788966953110000000,0
workspaceModel.workspaceFileIndexData.markDirty.ms,1788966893112000000,1788966953110000000,0
workspaceModel.to.snapshot.ms,1788966893112000000,1788966953110000000,0
workspaceModel.workspaceFileIndexData.getDirectoriesByPackageName.ms,1788966893112000000,1788966953110000000,0
workspaceModel.updates.ms,1788966893112000000,1788966953110000000,0
workspaceModel.loading.total.ms,1788966893112000000,1788966953110000000,0
workspaceModel.cachedValue.calculated.ms,1788966893112000000,1788966953110000000,0
workspaceModel.cachedValueWithParameters.from.cache.ms,1788966893112000000,1788966953110000000,0
workspaceModel.workspaceFileIndexData.updateDirtyEntities.ms,1788966893112000000,1788966953110000000,0
workspaceModel.cachedValueWithParameters.total.get.ms,1788966893112000000,1788966953110000000,0
workspaceModel.workspaceFileIndexData.onEntitiesChanged.ms,1788966893112000000,1788966953110000000,0
workspaceModel.full.replace.project.model.ms,1788966893112000000,1788966953110000000,0
workspaceModel.workspaceFileIndexContributor.registerFileSets.ms,1788966893112000000,1788966953110000000,0
workspaceModel.workspaceFileIndexData.getFileInfo.ms,1788966893112000000,1788966953110000000,0
workspaceModel.update.unloaded.entities.ms,1788966893112000000,1788966953110000000,0
workspaceModel.updates.precise.ms,1788966893112000000,1788966953110000000,0
Indexes.allKeys.lookupDurationAvgMs,1788966893112000000,1788966953110000000,0.0
Indexes.stubs.lookupDurationAvgMs,1788966893112000000,1788966953110000000,0.0
Indexes.entries.lookupDurationMaxMs,1788966893112000000,1788966953110000000,0.0
IndexesFlusher.totalFlushesRetried,1788966893112000000,1788966953110000000,0
IndexesFlusher.totalFlushes,1788966893112000000,1788966953110000000,59
Indexes.allKeys.lookups,1788966893112000000,1788966953110000000,0.0
Indexes.entries.lookupDurationAvgMs,1788966893112000000,1788966953110000000,0.0
Indexes.allKeys.lookupDurationMaxMs,1788966893112000000,1788966953110000000,0.0
Indexes.allKeys.lookupDuration90PMs,1788966893112000000,1788966953110000000,0.0
Indexes.entries.lookups,1788966893112000000,1788966953110000000,0.0
Indexes.stubs.lookupDurationMaxMs,1788966893112000000,1788966953110000000,0.0
Indexes.entries.lookupDuration90PMs,1788966893112000000,1788966953110000000,0.0
Indexes.stubs.lookupDuration90PMs,1788966893112000000,1788966953110000000,0.0
IndexesFlusher.totalFlushingTimeUs,1788966893112000000,1788966953110000000,262820
IndexesFlusher.totalContentionQuotaSpent,1788966893112000000,1788966953110000000,0
Indexes.stubs.lookups,1788966893112000000,1788966953110000000,0.0
jps.apply.loaded.storage.ms,1788966893112000000,1788966953110000000,0
jps.module.iml.entities.serializer.save.entities.ms,1788966893112000000,1788966953110000000,0
workspaceModel.mutableEntityStorage.replace.by.source.ms,1788966893112000000,1788966953110000000,0
workspaceModel.moduleBridgeLoader.loading.modules.ms,1788966893112000000,1788966953110000000,0
workspaceModel.mutableEntityStorage.referrers.ms,1788966893112000000,1788966953110000000,0
jps.global.handle.before.change.events.ms,1788966893112000000,1788966953110000000,0
workspaceModel.load.cache.from.file.ms,1788966893112000000,1788966953110000000,0
jps.library.entities.serializer.load.entities.ms,1788966893112000000,1788966953110000000,0
workspaceModel.global.apply.state.to.project.builder.ms,1788966893112000000,1788966953110000000,0
jps.global.get.library.by.name.ms,1788966893112000000,1788966953110000000,0
workspaceModel.mutableEntityStorage.modify.entity.ms,1788966893112000000,1788966953110000000,0
workspaceModel.mutableEntityStorage.resolve.ms,1788966893112000000,1788966953110000000,0
workspaceModel.moduleManagerBridge.newModule.ms,1788966893112000000,1788966953110000000,0
workspaceModel.global.updates.ms,1788966893112000000,1788966953110000000,0
workspaceModel.save.cache.to.file.ms,1788966893112000000,1788966953110000000,0
workspaceModel.mutableEntityStorage.apply.changes.from.ms,1788966893112000000,1788966953110000000,0
jps.project.serializers.save.ms,1788966893112000000,1788966953110000000,0
workspaceModel.mutableEntityStorage.entities.by.source.ms,1788966893112000000,1788966953110000000,0
workspaceModel.mutableEntityStorage.instances.count,1788966893112000000,1788966953110000000,0
jps.artifact.entities.serializer.save.entities.ms,1788966893112000000,1788966953110000000,0
jps.global.get.libraries.ms,1788966893112000000,1788966953110000000,0
jps.library.entities.serializer.save.entities.ms,1788966893112000000,1788966953110000000,0
workspaceModel.do.save.caches.ms,1788966893112000000,1788966953110000000,0
jps.facet.change.listener.before.change.events.ms,1788966893112000000,1788966953110000000,0
jps.global.handle.changed.events.ms,1788966893112000000,1788966953110000000,0
workspaceModel.mutableEntityStorage.has.same.entities.ms,1788966893112000000,1788966953110000000,0
jps.project.serializers.load.ms,1788966893112000000,1788966953110000000,0
workspaceModel.mutableEntityStorage.to.snapshot.ms,1788966893112000000,1788966953110000000,0
jps.storage.jps.conf.reader.load.component.ms,1788966893112000000,1788966953110000000,0
workspaceModel.moduleManagerBridge.new.nonPersistent.module.ms,1788966893112000000,1788966953110000000,0
workspaceModel.moduleManagerBridge.build.module.graph.ms,1788966893112000000,1788966953110000000,0
workspaceModel.mutableEntityStorage.entities.ms,1788966893112000000,1788966953110000000,0
workspaceModel.moduleBridge.before.changed.ms,1788966893112000000,1788966953110000000,0
jps.module.iml.entities.serializer.load.entities.ms,1788966893112000000,1788966953110000000,0
jps.load.initial.state.ms,1788966893112000000,1788966953110000000,0
workspaceModel.moduleManagerBridge.create.module.instance.ms,1788966893112000000,1788966953110000000,0
workspaceModel.orphan.listener.update.ms,1788966893112000000,1788966953110000000,0
jps.global.initialize.library.bridges.ms,1788966893112000000,1788966953110000000,0
jps.load.project.to.empty.storage.ms,1788966893112000000,1788966953110000000,0
workspaceModel.moduleBridge.update.option.ms,1788966893112000000,1788966953110000000,0
workspaceModel.moduleBridge.facet.initialization.ms,1788966893112000000,1788966953110000000,0
jps.save.changed.project.entities.ms,1788966893112000000,1788966953110000000,0
workspaceModel.global.apply.state.to.project.ms,1788966893112000000,1788966953110000000,0
jps.artifact.entities.serializer.load.entities.ms,1788966893112000000,1788966953110000000,0
workspaceModel.moduleManagerBridge.load.all.modules.ms,1788966893112000000,1788966953110000000,0
workspaceModel.mutableEntityStorage.mutable.vfurl.index.ms,1788966893112000000,1788966953110000000,0
jps.reload.project.entities.ms,1788966893112000000,1788966953110000000,0
workspaceModel.global.updates.count,1788966893112000000,1788966953110000000,0
workspaceModel.mutableEntityStorage.mutable.ext.mapping.ms,1788966893112000000,1788966953110000000,0
jps.global.get.library.ms,1788966893112000000,1788966953110000000,0
jps.app.storage.content.writer.save.component.ms,1788966893112000000,1788966953110000000,0
jps.facet.change.listener.init.bridge.ms,1788966893112000000,1788966953110000000,0
jps.app.storage.content.reader.load.component.ms,1788966893112000000,1788966953110000000,0
workspaceModel.mutableEntityStorage.put.entity.ms,1788966893112000000,1788966953110000000,0
jps.global.initialize.library.bridges.after.loading.ms,1788966893112000000,1788966953110000000,0
workspaceModel.mutableEntityStorage.collect.changes.ms,1788966893112000000,1788966953110000000,0
workspaceModel.mutableEntityStorage.add.entity.ms,1788966893112000000,1788966953110000000,0
workspaceModel.delayed.project.synchronizer.sync.ms,1788966893112000000,1788966953110000000,0
jps.save.global.entities.ms,1788966893112000000,1788966953110000000,2
workspaceModel.moduleManagerBridge.get.modules.ms,1788966893112000000,1788966953110000000,0
workspaceModel.moduleManagerBridge.set.unloadedModules.ms,1788966893112000000,1788966953110000000,0
workspaceModel.load.cache.metadata.from.file.ms,1788966893112000000,1788966953110000000,0
workspaceModel.mutableEntityStorage.remove.entity.ms,1788966893112000000,1788966953110000000,0
jps.facet.change.listener.process.change.events.ms,1788966893112000000,1788966953110000000,0
workspaceModel.sync.entities.ms,1788966893112000000,1788966953110000000,0
workspaceModel.moduleManagerBridge.load.module.ms,1788966893112000000,1788966953110000000,0
MappedFileStorage.totalPagesMapped,1788966893112000000,1788966953110000000,15
FilePageCache.totalPageDisposalsUs,1788966893112000000,1788966953110000000,0
FilePageCache.pageFastCacheHits,1788966893112000000,1788966953110000000,0
FilePageCacheLockFree.totalPagesHandedOver,1788966893112000000,1788966953110000000,0
StreamlinedBlobStorage.recordsRelocated,1788966893112000000,1788966953110000000,0
StreamlinedBlobStorage.totalLiveRecordsPayloadBytes,1788966893112000000,1788966953110000000,0
DirectByteBufferAllocator.disposed,1788966893112000000,1788966953110000000,0
MappedFileStorage.storages,1788966893112000000,1788966953110000000,15
DirectByteBufferAllocator.totalSizeOfBuffersCachedInBytes,1788966893112000000,1788966953110000000,0
FilePageCacheLockFree.totalNativeBytesReclaimed,1788966893112000000,1788966953110000000,0
FilePageCacheLockFree.nativeBytesInUse,1788966893112000000,1788966953110000000,0
FilePageCacheLockFree.totalPageAllocationsWaited,1788966893112000000,1788966953110000000,0
FilePageCache.maxCacheSizeInBytes,1788966893112000000,1788966953110000000,233848832
FilePageCache.capacityInBytes,1788966893112000000,1788966953110000000,503316478
FilePageCacheLockFree.totalBytesRead,1788966893112000000,1788966953110000000,0
FilePageCache.maxRegisteredFiles,1788966893112000000,1788966953110000000,555
FilePageCacheLockFree.totalHeapBytesReclaimed,1788966893112000000,1788966953110000000,0
FilePageCacheLockFree.totalBytesRequested,1788966893112000000,1788966953110000000,0
FilePageCacheLockFree.totalPagesRequested,1788966893112000000,1788966953110000000,0
FilePageCache.totalPageLoadsUs,1788966893112000000,1788966953110000000,0
FilePageCache.uncachedFileAccess,1788966893112000000,1788966953110000000,0
StorageLockContext.competingThreads.avg,1788966893112000000,1788966953110000000,0.0
FilePageCacheLockFree.housekeeperTurnsSkipped,1788966893112000000,1788966953110000000,0
MappedFileStorage.totalBytesMapped,1788966893112000000,1788966953110000000,198443008
DirectByteBufferAllocator.hits,1788966893112000000,1788966953110000000,0
StreamlinedBlobStorage.recordsAllocated,1788966893112000000,1788966953110000000,0
StreamlinedBlobStorage.totalLiveRecordsCapacityBytes,1788966893112000000,1788966953110000000,0
FilePageCache.pageLoadsAboveSizeThreshold,1788966893112000000,1788966953110000000,0
FilePageCacheLockFree.totalPagesWriteMs,1788966893112000000,1788966953110000000,0
FilePageCache.pageLoads,1788966893112000000,1788966953110000000,0
FileChannelInterruptsRetryer.totalRetriedAttempts,1788966893112000000,1788966953110000000,0
FilePageCacheLockFree.totalClosedStoragesReclaimed,1788966893112000000,1788966953110000000,0
FilePageCacheLockFree.totalPagesReclaimed,1788966893112000000,1788966953110000000,0
FilePageCacheLockFree.totalBytesWritten,1788966893112000000,1788966953110000000,0
FilePageCacheLockFree.totalNativeBytesAllocated,1788966893112000000,1788966953110000000,0
FilePageCache.disposedBuffers,1788966893112000000,1788966953110000000,0
FilePageCacheLockFree.heapBytesInUse,1788966893112000000,1788966953110000000,0
FilePageCacheLockFree.housekeeperTimeSpentMs,1788966893112000000,1788966953110000000,0
FilePageCacheLockFree.totalPagesAllocated,1788966893112000000,1788966953110000000,0
FilePageCacheLockFree.totalHeapBytesAllocated,1788966893112000000,1788966953110000000,0
FilePageCacheLockFree.totalPagesRequestsMs,1788966893112000000,1788966953110000000,0
DirectByteBufferAllocator.reclaimed,1788966893112000000,1788966953110000000,0
FilePageCacheLockFree.totalPagesReadMs,1788966893112000000,1788966953110000000,0
FilePageCache.pageHits,1788966893112000000,1788966953110000000,0
FilePageCacheLockFree.totalPagesWritten,1788966893112000000,1788966953110000000,0
StorageLockContext.competingThreads.90P,1788966893112000000,1788966953110000000,0
FilePageCacheLockFree.housekeeperTurnsDone,1788966893112000000,1788966953110000000,0
StorageLockContext.competingThreads.max,1788966893112000000,1788966953110000000,0
StreamlinedBlobStorage.recordsDeleted,1788966893112000000,1788966953110000000,0
MappedFileStorage.totalTimeSpentOnMappingUs,1788966893112000000,1788966953110000000,9644
DirectByteBufferAllocator.totalSizeOfBuffersAllocatedInBytes,1788966893112000000,1788966953110000000,233848832
DirectByteBufferAllocator.misses,1788966893112000000,1788966953110000000,0
compiler.ArtifactVirtualFileListener.filePathChanged.ms,1788966893112000000,1788966953110000000,0
compiler.ArtifactManagerBridge.commit.ms,1788966893112000000,1788966953110000000,0
compiler.ArtifactManagerBridge.findArtifact.ms,1788966893112000000,1788966953110000000,0
compiler.ArtifactManagerBridge.getArtifacts.ms,1788966893112000000,1788966953110000000,0
compiler.ArtifactManagerBridge.dropMappings.ms,1788966893112000000,1788966953110000000,0
compiler.ArtifactManagerBridge.initBridges.ms,1788966893112000000,1788966953110000000,0
compiler.ArtifactManagerBridge.addArtifact.ms,1788966893112000000,1788966953110000000,0
compiler.ArtifactVirtualFileListener.propertyChanged.ms,1788966893112000000,1788966953110000000,0
compiler.ArtifactManagerBridge.getArtifactsByType.ms,1788966893112000000,1788966953110000000,0
AWTEventQueue.dispatchTimeTotalNS,1788966953110000000,1788967013110000000,27558716
AWTEventQueue.dispatchTimeAvgNs,1788966953110000000,1788967013110000000,0.0
FlushQueue.waitingTimeMaxNs,1788966953110000000,1788967013110000000,0
NonBlockingReadAction.finalizedExecutionTimeUs,1788966953110000000,1788967013110000000,0
FlushQueue.queueSizeAvg,1788966953110000000,1788967013110000000,0.0
NonBlockingReadAction.failedExecutionsCount,1788966953110000000,1788967013110000000,0
ReadAction.executionsCount,1788966953110000000,1788967013110000000,0
FlushQueue.executionTimeMaxNs,1788966953110000000,1788967013110000000,0
FlushQueue.executionTimeAvgNs,1788966953110000000,1788967013110000000,0.0
FlushQueue.queueSizeMax,1788966953110000000,1788967013110000000,0
WriteAction.executionsCount,1788966953110000000,1788967013110000000,0
FlushQueue.tasksExecuted,1788966953110000000,1788967013110000000,0
FlushQueue.waitingTimeAvgNs,1788966953110000000,1788967013110000000,0.0
AWTEventQueue.dispatchTimeMaxNs,1788966953110000000,1788967013110000000,0
FlushQueue.executionTime90PNs,1788966953110000000,1788967013110000000,0
NonBlockingReadAction.failedExecutionTimeUs,1788966953110000000,1788967013110000000,0
AWTEventQueue.dispatchTime90PNs,1788966953110000000,1788967013110000000,0
FlushQueue.queueSize90P,1788966953110000000,1788967013110000000,0
FlushQueue.waitingTime90PNs,1788966953110000000,1788967013110000000,0
NonBlockingReadAction.finalizedExecutionsCount,1788966953110000000,1788967013110000000,0
AWTEventQueue.eventsDispatched,1788966953110000000,1788967013110000000,0
writeAction.wait.ms,1788966953110000000,1788967013110000000,0
writeAction.median.wait.ms,1788966953110000000,1788967013110000000,0
writeAction.max.wait.ms,1788966953110000000,1788967013110000000,11
writeAction.count,1788966953110000000,1788967013110000000,0
JVM.newThreadsCount,1788966953110000000,1788967013110000000,0
JVM.maxThreadCount,1788966953110000000,1788967013110000000,186
JVM.totalCpuTimeMs,1788966953110000000,1788967013110000000,762
OS.loadAverage,1788966953110000000,1788967013110000000,1.72265625
JVM.GC.collectionTimesMs,1788966953110000000,1788967013110000000,5
JVM.maxHeapBytes,1788966953110000000,1788967013110000000,2147483648
JVM.GC.collections,1788966953110000000,1788967013110000000,1
JVM.threadCount,1788966953110000000,1788967013110000000,54
JVM.totalBytesAllocated,1788966953110000000,1788967013110000000,9655616
JVM.totalDirectByteBuffersBytes,1788966953110000000,1788967013110000000,234682931
JVM.usedHeapBytes,1788966953110000000,1788967013110000000,199510208
JVM.usedNativeBytes,1788966953110000000,1788967013110000000,328764872
cacheStateStorage.set.counter,1788966953110000000,1788967013110000000,0
cacheStateStorage.set.duration,1788966953110000000,1788967013110000000,0
cacheStateStorage.get.counter,1788966953110000000,1788967013110000000,0
cacheStateStorage.get.duration,1788966953110000000,1788967013110000000,0
VFS.fileByIdCache.misses,1788966953110000000,1788967013110000000,0
FileNameCache.queries,1788966953110000000,1788967013110000000,0
VFS.fileChildByName,1788966953110000000,1788967013110000000,0
FileNameCache.totalMisses,1788966953110000000,1788967013110000000,0
VFS.invertedFileNameIndex.requests,1788966953110000000,1788967013110000000,0
VFS.fileByIdCache.hits,1788966953110000000,1788967013110000000,0
workspaceModel.loading.from.cache.ms,1788966953110000000,1788967013110000000,0
workspaceModel.check.recursive.update.ms,1788966953110000000,1788967013110000000,0
workspaceModel.cachedValue.from.cache.ms,1788966953110000000,1788967013110000000,0
workspaceModel.cachedValue.clear.ms,1788966953110000000,1788967013110000000,0
workspaceModel.workspaceFileIndexData.getPackageName.ms,1788966953110000000,1788967013110000000,0
workspaceModel.replace.project.model.ms,1788966953110000000,1788967013110000000,0
workspaceModel.initializing.ms,1788966953110000000,1788967013110000000,0
workspaceModel.updates.count,1788966953110000000,1788967013110000000,0
workspaceModel.cachedValueWithParameters.clear.ms,1788966953110000000,1788967013110000000,0
workspaceModel.cachedValueWithParameters.calculated.ms,1788966953110000000,1788967013110000000,0
workspaceModel.workspaceFileIndexData.init.ms,1788966953110000000,1788967013110000000,0
workspaceModel.workspaceFileIndexData.instances.count,1788966953110000000,1788967013110000000,0
workspaceModel.pre.handlers.ms,1788966953110000000,1788967013110000000,0
workspaceModel.collect.changes.ms,1788966953110000000,1788967013110000000,0
workspaceModel.cachedValue.total.get.ms,1788966953110000000,1788967013110000000,0
workspaceModel.entityStorageSnapshotImpl.instances.count,1788966953110000000,1788967013110000000,0
workspaceModel.init.bridges.ms,1788966953110000000,1788967013110000000,0
workspaceModel.workspaceFileIndexData.processFileSets.ms,1788966953110000000,1788967013110000000,0
workspaceModel.workspaceFileIndexData.visitFileSets.ms,1788966953110000000,1788967013110000000,0
workspaceModel.workspaceFileIndexData.markDirty.ms,1788966953110000000,1788967013110000000,0
workspaceModel.to.snapshot.ms,1788966953110000000,1788967013110000000,0
workspaceModel.workspaceFileIndexData.getDirectoriesByPackageName.ms,1788966953110000000,1788967013110000000,0
workspaceModel.updates.ms,1788966953110000000,1788967013110000000,0
workspaceModel.loading.total.ms,1788966953110000000,1788967013110000000,0
workspaceModel.cachedValue.calculated.ms,1788966953110000000,1788967013110000000,0
workspaceModel.cachedValueWithParameters.from.cache.ms,1788966953110000000,1788967013110000000,0
workspaceModel.workspaceFileIndexData.updateDirtyEntities.ms,1788966953110000000,1788967013110000000,0
workspaceModel.cachedValueWithParameters.total.get.ms,1788966953110000000,1788967013110000000,0
workspaceModel.workspaceFileIndexData.onEntitiesChanged.ms,1788966953110000000,1788967013110000000,0
workspaceModel.full.replace.project.model.ms,1788966953110000000,1788967013110000000,0
workspaceModel.workspaceFileIndexContributor.registerFileSets.ms,1788966953110000000,1788967013110000000,0
workspaceModel.workspaceFileIndexData.getFileInfo.ms,1788966953110000000,1788967013110000000,0
workspaceModel.update.unloaded.entities.ms,1788966953110000000,1788967013110000000,0
workspaceModel.updates.precise.ms,1788966953110000000,1788967013110000000,0
Indexes.allKeys.lookupDurationAvgMs,1788966953110000000,1788967013110000000,0.0
Indexes.stubs.lookupDurationAvgMs,1788966953110000000,1788967013110000000,0.0
Indexes.entries.lookupDurationMaxMs,1788966953110000000,1788967013110000000,0.0
IndexesFlusher.totalFlushesRetried,1788966953110000000,1788967013110000000,0
IndexesFlusher.totalFlushes,1788966953110000000,1788967013110000000,59
Indexes.allKeys.lookups,1788966953110000000,1788967013110000000,0.0
Indexes.entries.lookupDurationAvgMs,1788966953110000000,1788967013110000000,0.0
Indexes.allKeys.lookupDurationMaxMs,1788966953110000000,1788967013110000000,0.0
Indexes.allKeys.lookupDuration90PMs,1788966953110000000,1788967013110000000,0.0
Indexes.entries.lookups,1788966953110000000,1788967013110000000,0.0
Indexes.stubs.lookupDurationMaxMs,1788966953110000000,1788967013110000000,0.0
Indexes.entries.lookupDuration90PMs,1788966953110000000,1788967013110000000,0.0
Indexes.stubs.lookupDuration90PMs,1788966953110000000,1788967013110000000,0.0
IndexesFlusher.totalFlushingTimeUs,1788966953110000000,1788967013110000000,223181
IndexesFlusher.totalContentionQuotaSpent,1788966953110000000,1788967013110000000,0
Indexes.stubs.lookups,1788966953110000000,1788967013110000000,0.0
jps.apply.loaded.storage.ms,1788966953110000000,1788967013110000000,0
jps.module.iml.entities.serializer.save.entities.ms,1788966953110000000,1788967013110000000,0
workspaceModel.mutableEntityStorage.replace.by.source.ms,1788966953110000000,1788967013110000000,0
workspaceModel.moduleBridgeLoader.loading.modules.ms,1788966953110000000,1788967013110000000,0
workspaceModel.mutableEntityStorage.referrers.ms,1788966953110000000,1788967013110000000,0
jps.global.handle.before.change.events.ms,1788966953110000000,1788967013110000000,0
workspaceModel.load.cache.from.file.ms,1788966953110000000,1788967013110000000,0
jps.library.entities.serializer.load.entities.ms,1788966953110000000,1788967013110000000,0
workspaceModel.global.apply.state.to.project.builder.ms,1788966953110000000,1788967013110000000,0
jps.global.get.library.by.name.ms,1788966953110000000,1788967013110000000,0
workspaceModel.mutableEntityStorage.modify.entity.ms,1788966953110000000,1788967013110000000,0
workspaceModel.mutableEntityStorage.resolve.ms,1788966953110000000,1788967013110000000,0
workspaceModel.moduleManagerBridge.newModule.ms,1788966953110000000,1788967013110000000,0
workspaceModel.global.updates.ms,1788966953110000000,1788967013110000000,0
workspaceModel.save.cache.to.file.ms,1788966953110000000,1788967013110000000,0
workspaceModel.mutableEntityStorage.apply.changes.from.ms,1788966953110000000,1788967013110000000,0
jps.project.serializers.save.ms,1788966953110000000,1788967013110000000,0
workspaceModel.mutableEntityStorage.entities.by.source.ms,1788966953110000000,1788967013110000000,0
workspaceModel.mutableEntityStorage.instances.count,1788966953110000000,1788967013110000000,0
jps.artifact.entities.serializer.save.entities.ms,1788966953110000000,1788967013110000000,0
jps.global.get.libraries.ms,1788966953110000000,1788967013110000000,0
jps.library.entities.serializer.save.entities.ms,1788966953110000000,1788967013110000000,0
workspaceModel.do.save.caches.ms,1788966953110000000,1788967013110000000,0
jps.facet.change.listener.before.change.events.ms,1788966953110000000,1788967013110000000,0
jps.global.handle.changed.events.ms,1788966953110000000,1788967013110000000,0
workspaceModel.mutableEntityStorage.has.same.entities.ms,1788966953110000000,1788967013110000000,0
jps.project.serializers.load.ms,1788966953110000000,1788967013110000000,0
workspaceModel.mutableEntityStorage.to.snapshot.ms,1788966953110000000,1788967013110000000,0
jps.storage.jps.conf.reader.load.component.ms,1788966953110000000,1788967013110000000,0
workspaceModel.moduleManagerBridge.new.nonPersistent.module.ms,1788966953110000000,1788967013110000000,0
workspaceModel.moduleManagerBridge.build.module.graph.ms,1788966953110000000,1788967013110000000,0
workspaceModel.mutableEntityStorage.entities.ms,1788966953110000000,1788967013110000000,0
workspaceModel.moduleBridge.before.changed.ms,1788966953110000000,1788967013110000000,0
jps.module.iml.entities.serializer.load.entities.ms,1788966953110000000,1788967013110000000,0
jps.load.initial.state.ms,1788966953110000000,1788967013110000000,0
workspaceModel.moduleManagerBridge.create.module.instance.ms,1788966953110000000,1788967013110000000,0
workspaceModel.orphan.listener.update.ms,1788966953110000000,1788967013110000000,0
jps.global.initialize.library.bridges.ms,1788966953110000000,1788967013110000000,0
jps.load.project.to.empty.storage.ms,1788966953110000000,1788967013110000000,0
workspaceModel.moduleBridge.update.option.ms,1788966953110000000,1788967013110000000,0
workspaceModel.moduleBridge.facet.initialization.ms,1788966953110000000,1788967013110000000,0
jps.save.changed.project.entities.ms,1788966953110000000,1788967013110000000,0
workspaceModel.global.apply.state.to.project.ms,1788966953110000000,1788967013110000000,0
jps.artifact.entities.serializer.load.entities.ms,1788966953110000000,1788967013110000000,0
workspaceModel.moduleManagerBridge.load.all.modules.ms,1788966953110000000,1788967013110000000,0
workspaceModel.mutableEntityStorage.mutable.vfurl.index.ms,1788966953110000000,1788967013110000000,0
jps.reload.project.entities.ms,1788966953110000000,1788967013110000000,0
workspaceModel.global.updates.count,1788966953110000000,1788967013110000000,0
workspaceModel.mutableEntityStorage.mutable.ext.mapping.ms,1788966953110000000,1788967013110000000,0
jps.global.get.library.ms,1788966953110000000,1788967013110000000,0
jps.app.storage.content.writer.save.component.ms,1788966953110000000,1788967013110000000,0
jps.facet.change.listener.init.bridge.ms,1788966953110000000,1788967013110000000,0
jps.app.storage.content.reader.load.component.ms,1788966953110000000,1788967013110000000,0
workspaceModel.mutableEntityStorage.put.entity.ms,1788966953110000000,1788967013110000000,0
jps.global.initialize.library.bridges.after.loading.ms,1788966953110000000,1788967013110000000,0
workspaceModel.mutableEntityStorage.collect.changes.ms,1788966953110000000,1788967013110000000,0
workspaceModel.mutableEntityStorage.add.entity.ms,1788966953110000000,1788967013110000000,0
workspaceModel.delayed.project.synchronizer.sync.ms,1788966953110000000,1788967013110000000,0
jps.save.global.entities.ms,1788966953110000000,1788967013110000000,0
workspaceModel.moduleManagerBridge.get.modules.ms,1788966953110000000,1788967013110000000,0
workspaceModel.moduleManagerBridge.set.unloadedModules.ms,1788966953110000000,1788967013110000000,0
workspaceModel.load.cache.metadata.from.file.ms,1788966953110000000,1788967013110000000,0
workspaceModel.mutableEntityStorage.remove.entity.ms,1788966953110000000,1788967013110000000,0
jps.facet.change.listener.process.change.events.ms,1788966953110000000,1788967013110000000,0
workspaceModel.sync.entities.ms,1788966953110000000,1788967013110000000,0
workspaceModel.moduleManagerBridge.load.module.ms,1788966953110000000,1788967013110000000,0
MappedFileStorage.totalPagesMapped,1788966953110000000,1788967013110000000,15
FilePageCache.totalPageDisposalsUs,1788966953110000000,1788967013110000000,0
FilePageCache.pageFastCacheHits,1788966953110000000,1788967013110000000,0
FilePageCacheLockFree.totalPagesHandedOver,1788966953110000000,1788967013110000000,0
StreamlinedBlobStorage.recordsRelocated,1788966953110000000,1788967013110000000,0
StreamlinedBlobStorage.totalLiveRecordsPayloadBytes,1788966953110000000,1788967013110000000,0
DirectByteBufferAllocator.disposed,1788966953110000000,1788967013110000000,0
MappedFileStorage.storages,1788966953110000000,1788967013110000000,15
DirectByteBufferAllocator.totalSizeOfBuffersCachedInBytes,1788966953110000000,1788967013110000000,0
FilePageCacheLockFree.totalNativeBytesReclaimed,1788966953110000000,1788967013110000000,0
FilePageCacheLockFree.nativeBytesInUse,1788966953110000000,1788967013110000000,0
FilePageCacheLockFree.totalPageAllocationsWaited,1788966953110000000,1788967013110000000,0
FilePageCache.maxCacheSizeInBytes,1788966953110000000,1788967013110000000,233848832
FilePageCache.capacityInBytes,1788966953110000000,1788967013110000000,503316478
FilePageCacheLockFree.totalBytesRead,1788966953110000000,1788967013110000000,0
FilePageCache.maxRegisteredFiles,1788966953110000000,1788967013110000000,555
FilePageCacheLockFree.totalHeapBytesReclaimed,1788966953110000000,1788967013110000000,0
FilePageCacheLockFree.totalBytesRequested,1788966953110000000,1788967013110000000,0
FilePageCacheLockFree.totalPagesRequested,1788966953110000000,1788967013110000000,0
FilePageCache.totalPageLoadsUs,1788966953110000000,1788967013110000000,0
FilePageCache.uncachedFileAccess,1788966953110000000,1788967013110000000,0
StorageLockContext.competingThreads.avg,1788966953110000000,1788967013110000000,0.0
FilePageCacheLockFree.housekeeperTurnsSkipped,1788966953110000000,1788967013110000000,0
MappedFileStorage.totalBytesMapped,1788966953110000000,1788967013110000000,198443008
DirectByteBufferAllocator.hits,1788966953110000000,1788967013110000000,0
StreamlinedBlobStorage.recordsAllocated,1788966953110000000,1788967013110000000,0
StreamlinedBlobStorage.totalLiveRecordsCapacityBytes,1788966953110000000,1788967013110000000,0
FilePageCache.pageLoadsAboveSizeThreshold,1788966953110000000,1788967013110000000,0
FilePageCacheLockFree.totalPagesWriteMs,1788966953110000000,1788967013110000000,0
FilePageCache.pageLoads,1788966953110000000,1788967013110000000,0
FileChannelInterruptsRetryer.totalRetriedAttempts,1788966953110000000,1788967013110000000,0
FilePageCacheLockFree.totalClosedStoragesReclaimed,1788966953110000000,1788967013110000000,0
FilePageCacheLockFree.totalPagesReclaimed,1788966953110000000,1788967013110000000,0
FilePageCacheLockFree.totalBytesWritten,1788966953110000000,1788967013110000000,0
FilePageCacheLockFree.totalNativeBytesAllocated,1788966953110000000,1788967013110000000,0
FilePageCache.disposedBuffers,1788966953110000000,1788967013110000000,0
FilePageCacheLockFree.heapBytesInUse,1788966953110000000,1788967013110000000,0
FilePageCacheLockFree.housekeeperTimeSpentMs,1788966953110000000,1788967013110000000,0
FilePageCacheLockFree.totalPagesAllocated,1788966953110000000,1788967013110000000,0
FilePageCacheLockFree.totalHeapBytesAllocated,1788966953110000000,1788967013110000000,0
FilePageCacheLockFree.totalPagesRequestsMs,1788966953110000000,1788967013110000000,0
DirectByteBufferAllocator.reclaimed,1788966953110000000,1788967013110000000,0
FilePageCacheLockFree.totalPagesReadMs,1788966953110000000,1788967013110000000,0
FilePageCache.pageHits,1788966953110000000,1788967013110000000,0
FilePageCacheLockFree.totalPagesWritten,1788966953110000000,1788967013110000000,0
StorageLockContext.competingThreads.90P,1788966953110000000,1788967013110000000,0
FilePageCacheLockFree.housekeeperTurnsDone,1788966953110000000,1788967013110000000,0
StorageLockContext.competingThreads.max,1788966953110000000,1788967013110000000,0
StreamlinedBlobStorage.recordsDeleted,1788966953110000000,1788967013110000000,0
MappedFileStorage.totalTimeSpentOnMappingUs,1788966953110000000,1788967013110000000,9644
DirectByteBufferAllocator.totalSizeOfBuffersAllocatedInBytes,1788966953110000000,1788967013110000000,233848832
DirectByteBufferAllocator.misses,1788966953110000000,1788967013110000000,0
compiler.ArtifactVirtualFileListener.filePathChanged.ms,1788966953110000000,1788967013110000000,0
compiler.ArtifactManagerBridge.commit.ms,1788966953110000000,1788967013110000000,0
compiler.ArtifactManagerBridge.findArtifact.ms,1788966953110000000,1788967013110000000,0
compiler.ArtifactManagerBridge.getArtifacts.ms,1788966953110000000,1788967013110000000,0
compiler.ArtifactManagerBridge.dropMappings.ms,1788966953110000000,1788967013110000000,0
compiler.ArtifactManagerBridge.initBridges.ms,1788966953110000000,1788967013110000000,0
compiler.ArtifactManagerBridge.addArtifact.ms,1788966953110000000,1788967013110000000,0
compiler.ArtifactVirtualFileListener.propertyChanged.ms,1788966953110000000,1788967013110000000,0
compiler.ArtifactManagerBridge.getArtifactsByType.ms,1788966953110000000,1788967013110000000,0
AWTEventQueue.dispatchTimeTotalNS,1788967013110000000,1788967073105000000,30007348
AWTEventQueue.dispatchTimeAvgNs,1788967013110000000,1788967073105000000,0.0
FlushQueue.waitingTimeMaxNs,1788967013110000000,1788967073105000000,0
NonBlockingReadAction.finalizedExecutionTimeUs,1788967013110000000,1788967073105000000,0
FlushQueue.queueSizeAvg,1788967013110000000,1788967073105000000,0.0
NonBlockingReadAction.failedExecutionsCount,1788967013110000000,1788967073105000000,0
ReadAction.executionsCount,1788967013110000000,1788967073105000000,0
FlushQueue.executionTimeMaxNs,1788967013110000000,1788967073105000000,0
FlushQueue.executionTimeAvgNs,1788967013110000000,1788967073105000000,0.0
FlushQueue.queueSizeMax,1788967013110000000,1788967073105000000,0
WriteAction.executionsCount,1788967013110000000,1788967073105000000,0
FlushQueue.tasksExecuted,1788967013110000000,1788967073105000000,0
FlushQueue.waitingTimeAvgNs,1788967013110000000,1788967073105000000,0.0
AWTEventQueue.dispatchTimeMaxNs,1788967013110000000,1788967073105000000,0
FlushQueue.executionTime90PNs,1788967013110000000,1788967073105000000,0
NonBlockingReadAction.failedExecutionTimeUs,1788967013110000000,1788967073105000000,0
AWTEventQueue.dispatchTime90PNs,1788967013110000000,1788967073105000000,0
FlushQueue.queueSize90P,1788967013110000000,1788967073105000000,0
FlushQueue.waitingTime90PNs,1788967013110000000,1788967073105000000,0
NonBlockingReadAction.finalizedExecutionsCount,1788967013110000000,1788967073105000000,0
AWTEventQueue.eventsDispatched,1788967013110000000,1788967073105000000,0
writeAction.wait.ms,1788967013110000000,1788967073105000000,0
writeAction.median.wait.ms,1788967013110000000,1788967073105000000,0
writeAction.max.wait.ms,1788967013110000000,1788967073105000000,11
writeAction.count,1788967013110000000,1788967073105000000,0
JVM.newThreadsCount,1788967013110000000,1788967073105000000,0
JVM.maxThreadCount,1788967013110000000,1788967073105000000,186
JVM.totalCpuTimeMs,1788967013110000000,1788967073105000000,831
OS.loadAverage,1788967013110000000,1788967073105000000,1.7900390625
JVM.GC.collectionTimesMs,1788967013110000000,1788967073105000000,0
JVM.maxHeapBytes,1788967013110000000,1788967073105000000,2147483648
JVM.GC.collections,1788967013110000000,1788967073105000000,0
JVM.threadCount,1788967013110000000,1788967073105000000,53
JVM.totalBytesAllocated,1788967013110000000,1788967073105000000,9257752
JVM.totalDirectByteBuffersBytes,1788967013110000000,1788967073105000000,234682931
JVM.usedHeapBytes,1788967013110000000,1788967073105000000,208947392
JVM.usedNativeBytes,1788967013110000000,1788967073105000000,328850296
cacheStateStorage.set.counter,1788967013110000000,1788967073105000000,0
cacheStateStorage.set.duration,1788967013110000000,1788967073105000000,0
cacheStateStorage.get.counter,1788967013110000000,1788967073105000000,0
cacheStateStorage.get.duration,1788967013110000000,1788967073105000000,0
VFS.fileByIdCache.misses,1788967013110000000,1788967073105000000,0
FileNameCache.queries,1788967013110000000,1788967073105000000,0
VFS.fileChildByName,1788967013110000000,1788967073105000000,0
FileNameCache.totalMisses,1788967013110000000,1788967073105000000,0
VFS.invertedFileNameIndex.requests,1788967013110000000,1788967073105000000,0
VFS.fileByIdCache.hits,1788967013110000000,1788967073105000000,0
workspaceModel.loading.from.cache.ms,1788967013110000000,1788967073105000000,0
workspaceModel.check.recursive.update.ms,1788967013110000000,1788967073105000000,0
workspaceModel.cachedValue.from.cache.ms,1788967013110000000,1788967073105000000,0
workspaceModel.cachedValue.clear.ms,1788967013110000000,1788967073105000000,0
workspaceModel.workspaceFileIndexData.getPackageName.ms,1788967013110000000,1788967073105000000,0
workspaceModel.replace.project.model.ms,1788967013110000000,1788967073105000000,0
workspaceModel.initializing.ms,1788967013110000000,1788967073105000000,0
workspaceModel.updates.count,1788967013110000000,1788967073105000000,0
workspaceModel.cachedValueWithParameters.clear.ms,1788967013110000000,1788967073105000000,0
workspaceModel.cachedValueWithParameters.calculated.ms,1788967013110000000,1788967073105000000,0
workspaceModel.workspaceFileIndexData.init.ms,1788967013110000000,1788967073105000000,0
workspaceModel.workspaceFileIndexData.instances.count,1788967013110000000,1788967073105000000,0
workspaceModel.pre.handlers.ms,1788967013110000000,1788967073105000000,0
workspaceModel.collect.changes.ms,1788967013110000000,1788967073105000000,0
workspaceModel.cachedValue.total.get.ms,1788967013110000000,1788967073105000000,0
workspaceModel.entityStorageSnapshotImpl.instances.count,1788967013110000000,1788967073105000000,0
workspaceModel.init.bridges.ms,1788967013110000000,1788967073105000000,0
workspaceModel.workspaceFileIndexData.processFileSets.ms,1788967013110000000,1788967073105000000,0
workspaceModel.workspaceFileIndexData.visitFileSets.ms,1788967013110000000,1788967073105000000,0
workspaceModel.workspaceFileIndexData.markDirty.ms,1788967013110000000,1788967073105000000,0
workspaceModel.to.snapshot.ms,1788967013110000000,1788967073105000000,0
workspaceModel.workspaceFileIndexData.getDirectoriesByPackageName.ms,1788967013110000000,1788967073105000000,0
workspaceModel.updates.ms,1788967013110000000,1788967073105000000,0
workspaceModel.loading.total.ms,1788967013110000000,1788967073105000000,0
workspaceModel.cachedValue.calculated.ms,1788967013110000000,1788967073105000000,0
workspaceModel.cachedValueWithParameters.from.cache.ms,1788967013110000000,1788967073105000000,0
workspaceModel.workspaceFileIndexData.updateDirtyEntities.ms,1788967013110000000,1788967073105000000,0
workspaceModel.cachedValueWithParameters.total.get.ms,1788967013110000000,1788967073105000000,0
workspaceModel.workspaceFileIndexData.onEntitiesChanged.ms,1788967013110000000,1788967073105000000,0
workspaceModel.full.replace.project.model.ms,1788967013110000000,1788967073105000000,0
workspaceModel.workspaceFileIndexContributor.registerFileSets.ms,1788967013110000000,1788967073105000000,0
workspaceModel.workspaceFileIndexData.getFileInfo.ms,1788967013110000000,1788967073105000000,0
workspaceModel.update.unloaded.entities.ms,1788967013110000000,1788967073105000000,0
workspaceModel.updates.precise.ms,1788967013110000000,1788967073105000000,0
Indexes.allKeys.lookupDurationAvgMs,1788967013110000000,1788967073105000000,0.0
Indexes.stubs.lookupDurationAvgMs,1788967013110000000,1788967073105000000,0.0
Indexes.entries.lookupDurationMaxMs,1788967013110000000,1788967073105000000,0.0
IndexesFlusher.totalFlushesRetried,1788967013110000000,1788967073105000000,0
IndexesFlusher.totalFlushes,1788967013110000000,1788967073105000000,58
Indexes.allKeys.lookups,1788967013110000000,1788967073105000000,0.0
Indexes.entries.lookupDurationAvgMs,1788967013110000000,1788967073105000000,0.0
Indexes.allKeys.lookupDurationMaxMs,1788967013110000000,1788967073105000000,0.0
Indexes.allKeys.lookupDuration90PMs,1788967013110000000,1788967073105000000,0.0
Indexes.entries.lookups,1788967013110000000,1788967073105000000,0.0
Indexes.stubs.lookupDurationMaxMs,1788967013110000000,1788967073105000000,0.0
Indexes.entries.lookupDuration90PMs,1788967013110000000,1788967073105000000,0.0
Indexes.stubs.lookupDuration90PMs,1788967013110000000,1788967073105000000,0.0
IndexesFlusher.totalFlushingTimeUs,1788967013110000000,1788967073105000000,266055
IndexesFlusher.totalContentionQuotaSpent,1788967013110000000,1788967073105000000,0
Indexes.stubs.lookups,1788967013110000000,1788967073105000000,0.0
jps.apply.loaded.storage.ms,1788967013110000000,1788967073105000000,0
jps.module.iml.entities.serializer.save.entities.ms,1788967013110000000,1788967073105000000,0
workspaceModel.mutableEntityStorage.replace.by.source.ms,1788967013110000000,1788967073105000000,0
workspaceModel.moduleBridgeLoader.loading.modules.ms,1788967013110000000,1788967073105000000,0
workspaceModel.mutableEntityStorage.referrers.ms,1788967013110000000,1788967073105000000,0
jps.global.handle.before.change.events.ms,1788967013110000000,1788967073105000000,0
workspaceModel.load.cache.from.file.ms,1788967013110000000,1788967073105000000,0
jps.library.entities.serializer.load.entities.ms,1788967013110000000,1788967073105000000,0
workspaceModel.global.apply.state.to.project.builder.ms,1788967013110000000,1788967073105000000,0
jps.global.get.library.by.name.ms,1788967013110000000,1788967073105000000,0
workspaceModel.mutableEntityStorage.modify.entity.ms,1788967013110000000,1788967073105000000,0
workspaceModel.mutableEntityStorage.resolve.ms,1788967013110000000,1788967073105000000,0
workspaceModel.moduleManagerBridge.newModule.ms,1788967013110000000,1788967073105000000,0
workspaceModel.global.updates.ms,1788967013110000000,1788967073105000000,0
workspaceModel.save.cache.to.file.ms,1788967013110000000,1788967073105000000,0
workspaceModel.mutableEntityStorage.apply.changes.from.ms,1788967013110000000,1788967073105000000,0
jps.project.serializers.save.ms,1788967013110000000,1788967073105000000,0
workspaceModel.mutableEntityStorage.entities.by.source.ms,1788967013110000000,1788967073105000000,0
workspaceModel.mutableEntityStorage.instances.count,1788967013110000000,1788967073105000000,0
jps.artifact.entities.serializer.save.entities.ms,1788967013110000000,1788967073105000000,0
jps.global.get.libraries.ms,1788967013110000000,1788967073105000000,0
jps.library.entities.serializer.save.entities.ms,1788967013110000000,1788967073105000000,0
workspaceModel.do.save.caches.ms,1788967013110000000,1788967073105000000,0
jps.facet.change.listener.before.change.events.ms,1788967013110000000,1788967073105000000,0
jps.global.handle.changed.events.ms,1788967013110000000,1788967073105000000,0
workspaceModel.mutableEntityStorage.has.same.entities.ms,1788967013110000000,1788967073105000000,0
jps.project.serializers.load.ms,1788967013110000000,1788967073105000000,0
workspaceModel.mutableEntityStorage.to.snapshot.ms,1788967013110000000,1788967073105000000,0
jps.storage.jps.conf.reader.load.component.ms,1788967013110000000,1788967073105000000,0
workspaceModel.moduleManagerBridge.new.nonPersistent.module.ms,1788967013110000000,1788967073105000000,0
workspaceModel.moduleManagerBridge.build.module.graph.ms,1788967013110000000,1788967073105000000,0
workspaceModel.mutableEntityStorage.entities.ms,1788967013110000000,1788967073105000000,0
workspaceModel.moduleBridge.before.changed.ms,1788967013110000000,1788967073105000000,0
jps.module.iml.entities.serializer.load.entities.ms,1788967013110000000,1788967073105000000,0
jps.load.initial.state.ms,1788967013110000000,1788967073105000000,0
workspaceModel.moduleManagerBridge.create.module.instance.ms,1788967013110000000,1788967073105000000,0
workspaceModel.orphan.listener.update.ms,1788967013110000000,1788967073105000000,0
jps.global.initialize.library.bridges.ms,1788967013110000000,1788967073105000000,0
jps.load.project.to.empty.storage.ms,1788967013110000000,1788967073105000000,0
workspaceModel.moduleBridge.update.option.ms,1788967013110000000,1788967073105000000,0
workspaceModel.moduleBridge.facet.initialization.ms,1788967013110000000,1788967073105000000,0
jps.save.changed.project.entities.ms,1788967013110000000,1788967073105000000,0
workspaceModel.global.apply.state.to.project.ms,1788967013110000000,1788967073105000000,0
jps.artifact.entities.serializer.load.entities.ms,1788967013110000000,1788967073105000000,0
workspaceModel.moduleManagerBridge.load.all.modules.ms,1788967013110000000,1788967073105000000,0
workspaceModel.mutableEntityStorage.mutable.vfurl.index.ms,1788967013110000000,1788967073105000000,0
jps.reload.project.entities.ms,1788967013110000000,1788967073105000000,0
workspaceModel.global.updates.count,1788967013110000000,1788967073105000000,0
workspaceModel.mutableEntityStorage.mutable.ext.mapping.ms,1788967013110000000,1788967073105000000,0
jps.global.get.library.ms,1788967013110000000,1788967073105000000,0
jps.app.storage.content.writer.save.component.ms,1788967013110000000,1788967073105000000,0
jps.facet.change.listener.init.bridge.ms,1788967013110000000,1788967073105000000,0
jps.app.storage.content.reader.load.component.ms,1788967013110000000,1788967073105000000,0
workspaceModel.mutableEntityStorage.put.entity.ms,1788967013110000000,1788967073105000000,0
jps.global.initialize.library.bridges.after.loading.ms,1788967013110000000,1788967073105000000,0
workspaceModel.mutableEntityStorage.collect.changes.ms,1788967013110000000,1788967073105000000,0
workspaceModel.mutableEntityStorage.add.entity.ms,1788967013110000000,1788967073105000000,0
workspaceModel.delayed.project.synchronizer.sync.ms,1788967013110000000,1788967073105000000,0
jps.save.global.entities.ms,1788967013110000000,1788967073105000000,0
workspaceModel.moduleManagerBridge.get.modules.ms,1788967013110000000,1788967073105000000,0
workspaceModel.moduleManagerBridge.set.unloadedModules.ms,1788967013110000000,1788967073105000000,0
workspaceModel.load.cache.metadata.from.file.ms,1788967013110000000,1788967073105000000,0
workspaceModel.mutableEntityStorage.remove.entity.ms,1788967013110000000,1788967073105000000,0
jps.facet.change.listener.process.change.events.ms,1788967013110000000,1788967073105000000,0
workspaceModel.sync.entities.ms,1788967013110000000,1788967073105000000,0
workspaceModel.moduleManagerBridge.load.module.ms,1788967013110000000,1788967073105000000,0
MappedFileStorage.totalPagesMapped,1788967013110000000,1788967073105000000,15
FilePageCache.totalPageDisposalsUs,1788967013110000000,1788967073105000000,0
FilePageCache.pageFastCacheHits,1788967013110000000,1788967073105000000,0
FilePageCacheLockFree.totalPagesHandedOver,1788967013110000000,1788967073105000000,0
StreamlinedBlobStorage.recordsRelocated,1788967013110000000,1788967073105000000,0
StreamlinedBlobStorage.totalLiveRecordsPayloadBytes,1788967013110000000,1788967073105000000,0
DirectByteBufferAllocator.disposed,1788967013110000000,1788967073105000000,0
MappedFileStorage.storages,1788967013110000000,1788967073105000000,15
DirectByteBufferAllocator.totalSizeOfBuffersCachedInBytes,1788967013110000000,1788967073105000000,0
FilePageCacheLockFree.totalNativeBytesReclaimed,1788967013110000000,1788967073105000000,0
FilePageCacheLockFree.nativeBytesInUse,1788967013110000000,1788967073105000000,0
FilePageCacheLockFree.totalPageAllocationsWaited,1788967013110000000,1788967073105000000,0
FilePageCache.maxCacheSizeInBytes,1788967013110000000,1788967073105000000,233848832
FilePageCache.capacityInBytes,1788967013110000000,1788967073105000000,503316478
FilePageCacheLockFree.totalBytesRead,1788967013110000000,1788967073105000000,0
FilePageCache.maxRegisteredFiles,1788967013110000000,1788967073105000000,555
FilePageCacheLockFree.totalHeapBytesReclaimed,1788967013110000000,1788967073105000000,0
FilePageCacheLockFree.totalBytesRequested,1788967013110000000,1788967073105000000,0
FilePageCacheLockFree.totalPagesRequested,1788967013110000000,1788967073105000000,0
FilePageCache.totalPageLoadsUs,1788967013110000000,1788967073105000000,0
FilePageCache.uncachedFileAccess,1788967013110000000,1788967073105000000,0
StorageLockContext.competingThreads.avg,1788967013110000000,1788967073105000000,0.0
FilePageCacheLockFree.housekeeperTurnsSkipped,1788967013110000000,1788967073105000000,0
MappedFileStorage.totalBytesMapped,1788967013110000000,1788967073105000000,198443008
DirectByteBufferAllocator.hits,1788967013110000000,1788967073105000000,0
StreamlinedBlobStorage.recordsAllocated,1788967013110000000,1788967073105000000,0
StreamlinedBlobStorage.totalLiveRecordsCapacityBytes,1788967013110000000,1788967073105000000,0
FilePageCache.pageLoadsAboveSizeThreshold,1788967013110000000,1788967073105000000,0
FilePageCacheLockFree.totalPagesWriteMs,1788967013110000000,1788967073105000000,0
FilePageCache.pageLoads,1788967013110000000,1788967073105000000,0
FileChannelInterruptsRetryer.totalRetriedAttempts,1788967013110000000,1788967073105000000,0
FilePageCacheLockFree.totalClosedStoragesReclaimed,1788967013110000000,1788967073105000000,0
FilePageCacheLockFree.totalPagesReclaimed,1788967013110000000,1788967073105000000,0
FilePageCacheLockFree.totalBytesWritten,1788967013110000000,1788967073105000000,0
FilePageCacheLockFree.totalNativeBytesAllocated,1788967013110000000,1788967073105000000,0
FilePageCache.disposedBuffers,1788967013110000000,1788967073105000000,0
FilePageCacheLockFree.heapBytesInUse,1788967013110000000,1788967073105000000,0
FilePageCacheLockFree.housekeeperTimeSpentMs,1788967013110000000,1788967073105000000,0
FilePageCacheLockFree.totalPagesAllocated,1788967013110000000,1788967073105000000,0
FilePageCacheLockFree.totalHeapBytesAllocated,1788967013110000000,1788967073105000000,0
FilePageCacheLockFree.totalPagesRequestsMs,1788967013110000000,1788967073105000000,0
DirectByteBufferAllocator.reclaimed,1788967013110000000,1788967073105000000,0
FilePageCacheLockFree.totalPagesReadMs,1788967013110000000,1788967073105000000,0
FilePageCache.pageHits,1788967013110000000,1788967073105000000,0
FilePageCacheLockFree.totalPagesWritten,1788967013110000000,1788967073105000000,0
StorageLockContext.competingThreads.90P,1788967013110000000,1788967073105000000,0
FilePageCacheLockFree.housekeeperTurnsDone,1788967013110000000,1788967073105000000,0
StorageLockContext.competingThreads.max,1788967013110000000,1788967073105000000,0
StreamlinedBlobStorage.recordsDeleted,1788967013110000000,1788967073105000000,0
MappedFileStorage.totalTimeSpentOnMappingUs,1788967013110000000,1788967073105000000,9644
DirectByteBufferAllocator.totalSizeOfBuffersAllocatedInBytes,1788967013110000000,1788967073105000000,233848832
DirectByteBufferAllocator.misses,1788967013110000000,1788967073105000000,0
compiler.ArtifactVirtualFileListener.filePathChanged.ms,1788967013110000000,1788967073105000000,0
compiler.ArtifactManagerBridge.commit.ms,1788967013110000000,1788967073105000000,0
compiler.ArtifactManagerBridge.findArtifact.ms,1788967013110000000,1788967073105000000,0
compiler.ArtifactManagerBridge.getArtifacts.ms,1788967013110000000,1788967073105000000,0
compiler.ArtifactManagerBridge.dropMappings.ms,1788967013110000000,1788967073105000000,0
compiler.ArtifactManagerBridge.initBridges.ms,1788967013110000000,1788967073105000000,0
compiler.ArtifactManagerBridge.addArtifact.ms,1788967013110000000,1788967073105000000,0
compiler.ArtifactVirtualFileListener.propertyChanged.ms,1788967013110000000,1788967073105000000,0
compiler.ArtifactManagerBridge.getArtifactsByType.ms,1788967013110000000,1788967073105000000,0
AWTEventQueue.dispatchTimeTotalNS,1788967073105000000,1788967133103000000,340984363
AWTEventQueue.dispatchTimeAvgNs,1788967073105000000,1788967133103000000,0.0
FlushQueue.waitingTimeMaxNs,1788967073105000000,1788967133103000000,0
NonBlockingReadAction.finalizedExecutionTimeUs,1788967073105000000,1788967133103000000,673
FlushQueue.queueSizeAvg,1788967073105000000,1788967133103000000,0.0
NonBlockingReadAction.failedExecutionsCount,1788967073105000000,1788967133103000000,0
ReadAction.executionsCount,1788967073105000000,1788967133103000000,5300
FlushQueue.executionTimeMaxNs,1788967073105000000,1788967133103000000,0
FlushQueue.executionTimeAvgNs,1788967073105000000,1788967133103000000,0.0
FlushQueue.queueSizeMax,1788967073105000000,1788967133103000000,0
WriteAction.executionsCount,1788967073105000000,1788967133103000000,0
FlushQueue.tasksExecuted,1788967073105000000,1788967133103000000,0
FlushQueue.waitingTimeAvgNs,1788967073105000000,1788967133103000000,0.0
AWTEventQueue.dispatchTimeMaxNs,1788967073105000000,1788967133103000000,0
FlushQueue.executionTime90PNs,1788967073105000000,1788967133103000000,0
NonBlockingReadAction.failedExecutionTimeUs,1788967073105000000,1788967133103000000,0
AWTEventQueue.dispatchTime90PNs,1788967073105000000,1788967133103000000,0
FlushQueue.queueSize90P,1788967073105000000,1788967133103000000,0
FlushQueue.waitingTime90PNs,1788967073105000000,1788967133103000000,0
NonBlockingReadAction.finalizedExecutionsCount,1788967073105000000,1788967133103000000,11
AWTEventQueue.eventsDispatched,1788967073105000000,1788967133103000000,0
writeAction.wait.ms,1788967073105000000,1788967133103000000,0
writeAction.median.wait.ms,1788967073105000000,1788967133103000000,0
writeAction.max.wait.ms,1788967073105000000,1788967133103000000,11
writeAction.count,1788967073105000000,1788967133103000000,0
JVM.newThreadsCount,1788967073105000000,1788967133103000000,3
JVM.maxThreadCount,1788967073105000000,1788967133103000000,186
JVM.totalCpuTimeMs,1788967073105000000,1788967133103000000,2086
OS.loadAverage,1788967073105000000,1788967133103000000,2.146484375
JVM.GC.collectionTimesMs,1788967073105000000,1788967133103000000,0
JVM.maxHeapBytes,1788967073105000000,1788967133103000000,2147483648
JVM.GC.collections,1788967073105000000,1788967133103000000,0
JVM.threadCount,1788967073105000000,1788967133103000000,56
JVM.totalBytesAllocated,1788967073105000000,1788967133103000000,25749504
JVM.totalDirectByteBuffersBytes,1788967073105000000,1788967133103000000,234682931
JVM.usedHeapBytes,1788967073105000000,1788967133103000000,235161792
JVM.usedNativeBytes,1788967073105000000,1788967133103000000,329905800
cacheStateStorage.set.counter,1788967073105000000,1788967133103000000,0
cacheStateStorage.set.duration,1788967073105000000,1788967133103000000,0
cacheStateStorage.get.counter,1788967073105000000,1788967133103000000,0
cacheStateStorage.get.duration,1788967073105000000,1788967133103000000,0
VFS.fileByIdCache.misses,1788967073105000000,1788967133103000000,0
FileNameCache.queries,1788967073105000000,1788967133103000000,640
VFS.fileChildByName,1788967073105000000,1788967133103000000,359
FileNameCache.totalMisses,1788967073105000000,1788967133103000000,0
VFS.invertedFileNameIndex.requests,1788967073105000000,1788967133103000000,0
VFS.fileByIdCache.hits,1788967073105000000,1788967133103000000,0
workspaceModel.loading.from.cache.ms,1788967073105000000,1788967133103000000,0
workspaceModel.check.recursive.update.ms,1788967073105000000,1788967133103000000,0
workspaceModel.cachedValue.from.cache.ms,1788967073105000000,1788967133103000000,0
workspaceModel.cachedValue.clear.ms,1788967073105000000,1788967133103000000,0
workspaceModel.workspaceFileIndexData.getPackageName.ms,1788967073105000000,1788967133103000000,0
workspaceModel.replace.project.model.ms,1788967073105000000,1788967133103000000,0
workspaceModel.initializing.ms,1788967073105000000,1788967133103000000,0
workspaceModel.updates.count,1788967073105000000,1788967133103000000,0
workspaceModel.cachedValueWithParameters.clear.ms,1788967073105000000,1788967133103000000,0
workspaceModel.cachedValueWithParameters.calculated.ms,1788967073105000000,1788967133103000000,0
workspaceModel.workspaceFileIndexData.init.ms,1788967073105000000,1788967133103000000,0
workspaceModel.workspaceFileIndexData.instances.count,1788967073105000000,1788967133103000000,0
workspaceModel.pre.handlers.ms,1788967073105000000,1788967133103000000,0
workspaceModel.collect.changes.ms,1788967073105000000,1788967133103000000,0
workspaceModel.cachedValue.total.get.ms,1788967073105000000,1788967133103000000,0
workspaceModel.entityStorageSnapshotImpl.instances.count,1788967073105000000,1788967133103000000,0
workspaceModel.init.bridges.ms,1788967073105000000,1788967133103000000,0
workspaceModel.workspaceFileIndexData.processFileSets.ms,1788967073105000000,1788967133103000000,0
workspaceModel.workspaceFileIndexData.visitFileSets.ms,1788967073105000000,1788967133103000000,0
workspaceModel.workspaceFileIndexData.markDirty.ms,1788967073105000000,1788967133103000000,0
workspaceModel.to.snapshot.ms,1788967073105000000,1788967133103000000,0
workspaceModel.workspaceFileIndexData.getDirectoriesByPackageName.ms,1788967073105000000,1788967133103000000,0
workspaceModel.updates.ms,1788967073105000000,1788967133103000000,0
workspaceModel.loading.total.ms,1788967073105000000,1788967133103000000,0
workspaceModel.cachedValue.calculated.ms,1788967073105000000,1788967133103000000,0
workspaceModel.cachedValueWithParameters.from.cache.ms,1788967073105000000,1788967133103000000,0
workspaceModel.workspaceFileIndexData.updateDirtyEntities.ms,1788967073105000000,1788967133103000000,0
workspaceModel.cachedValueWithParameters.total.get.ms,1788967073105000000,1788967133103000000,0
workspaceModel.workspaceFileIndexData.onEntitiesChanged.ms,1788967073105000000,1788967133103000000,0
workspaceModel.full.replace.project.model.ms,1788967073105000000,1788967133103000000,0
workspaceModel.workspaceFileIndexContributor.registerFileSets.ms,1788967073105000000,1788967133103000000,0
workspaceModel.workspaceFileIndexData.getFileInfo.ms,1788967073105000000,1788967133103000000,0
workspaceModel.update.unloaded.entities.ms,1788967073105000000,1788967133103000000,0
workspaceModel.updates.precise.ms,1788967073105000000,1788967133103000000,0
Indexes.allKeys.lookupDurationAvgMs,1788967073105000000,1788967133103000000,0.0
Indexes.stubs.lookupDurationAvgMs,1788967073105000000,1788967133103000000,0.0
Indexes.entries.lookupDurationMaxMs,1788967073105000000,1788967133103000000,0.0
IndexesFlusher.totalFlushesRetried,1788967073105000000,1788967133103000000,0
IndexesFlusher.totalFlushes,1788967073105000000,1788967133103000000,59
Indexes.allKeys.lookups,1788967073105000000,1788967133103000000,0.0
Indexes.entries.lookupDurationAvgMs,1788967073105000000,1788967133103000000,0.0
Indexes.allKeys.lookupDurationMaxMs,1788967073105000000,1788967133103000000,0.0
Indexes.allKeys.lookupDuration90PMs,1788967073105000000,1788967133103000000,0.0
Indexes.entries.lookups,1788967073105000000,1788967133103000000,0.0
Indexes.stubs.lookupDurationMaxMs,1788967073105000000,1788967133103000000,0.0
Indexes.entries.lookupDuration90PMs,1788967073105000000,1788967133103000000,0.0
Indexes.stubs.lookupDuration90PMs,1788967073105000000,1788967133103000000,0.0
IndexesFlusher.totalFlushingTimeUs,1788967073105000000,1788967133103000000,262587
IndexesFlusher.totalContentionQuotaSpent,1788967073105000000,1788967133103000000,0
Indexes.stubs.lookups,1788967073105000000,1788967133103000000,0.0
jps.apply.loaded.storage.ms,1788967073105000000,1788967133103000000,0
jps.module.iml.entities.serializer.save.entities.ms,1788967073105000000,1788967133103000000,0
workspaceModel.mutableEntityStorage.replace.by.source.ms,1788967073105000000,1788967133103000000,0
workspaceModel.moduleBridgeLoader.loading.modules.ms,1788967073105000000,1788967133103000000,0
workspaceModel.mutableEntityStorage.referrers.ms,1788967073105000000,1788967133103000000,0
jps.global.handle.before.change.events.ms,1788967073105000000,1788967133103000000,0
workspaceModel.load.cache.from.file.ms,1788967073105000000,1788967133103000000,0
jps.library.entities.serializer.load.entities.ms,1788967073105000000,1788967133103000000,0
workspaceModel.global.apply.state.to.project.builder.ms,1788967073105000000,1788967133103000000,0
jps.global.get.library.by.name.ms,1788967073105000000,1788967133103000000,0
workspaceModel.mutableEntityStorage.modify.entity.ms,1788967073105000000,1788967133103000000,0
workspaceModel.mutableEntityStorage.resolve.ms,1788967073105000000,1788967133103000000,0
workspaceModel.moduleManagerBridge.newModule.ms,1788967073105000000,1788967133103000000,0
workspaceModel.global.updates.ms,1788967073105000000,1788967133103000000,0
workspaceModel.save.cache.to.file.ms,1788967073105000000,1788967133103000000,0
workspaceModel.mutableEntityStorage.apply.changes.from.ms,1788967073105000000,1788967133103000000,0
jps.project.serializers.save.ms,1788967073105000000,1788967133103000000,0
workspaceModel.mutableEntityStorage.entities.by.source.ms,1788967073105000000,1788967133103000000,0
workspaceModel.mutableEntityStorage.instances.count,1788967073105000000,1788967133103000000,0
jps.artifact.entities.serializer.save.entities.ms,1788967073105000000,1788967133103000000,0
jps.global.get.libraries.ms,1788967073105000000,1788967133103000000,0
jps.library.entities.serializer.save.entities.ms,1788967073105000000,1788967133103000000,0
workspaceModel.do.save.caches.ms,1788967073105000000,1788967133103000000,0
jps.facet.change.listener.before.change.events.ms,1788967073105000000,1788967133103000000,0
jps.global.handle.changed.events.ms,1788967073105000000,1788967133103000000,0
workspaceModel.mutableEntityStorage.has.same.entities.ms,1788967073105000000,1788967133103000000,0
jps.project.serializers.load.ms,1788967073105000000,1788967133103000000,0
workspaceModel.mutableEntityStorage.to.snapshot.ms,1788967073105000000,1788967133103000000,0
jps.storage.jps.conf.reader.load.component.ms,1788967073105000000,1788967133103000000,0
workspaceModel.moduleManagerBridge.new.nonPersistent.module.ms,1788967073105000000,1788967133103000000,0
workspaceModel.moduleManagerBridge.build.module.graph.ms,1788967073105000000,1788967133103000000,0
workspaceModel.mutableEntityStorage.entities.ms,1788967073105000000,1788967133103000000,0
workspaceModel.moduleBridge.before.changed.ms,1788967073105000000,1788967133103000000,0
jps.module.iml.entities.serializer.load.entities.ms,1788967073105000000,1788967133103000000,0
jps.load.initial.state.ms,1788967073105000000,1788967133103000000,0
workspaceModel.moduleManagerBridge.create.module.instance.ms,1788967073105000000,1788967133103000000,0
workspaceModel.orphan.listener.update.ms,1788967073105000000,1788967133103000000,0
jps.global.initialize.library.bridges.ms,1788967073105000000,1788967133103000000,0
jps.load.project.to.empty.storage.ms,1788967073105000000,1788967133103000000,0
workspaceModel.moduleBridge.update.option.ms,1788967073105000000,1788967133103000000,0
workspaceModel.moduleBridge.facet.initialization.ms,1788967073105000000,1788967133103000000,0
jps.save.changed.project.entities.ms,1788967073105000000,1788967133103000000,0
workspaceModel.global.apply.state.to.project.ms,1788967073105000000,1788967133103000000,0
jps.artifact.entities.serializer.load.entities.ms,1788967073105000000,1788967133103000000,0
workspaceModel.moduleManagerBridge.load.all.modules.ms,1788967073105000000,1788967133103000000,0
workspaceModel.mutableEntityStorage.mutable.vfurl.index.ms,1788967073105000000,1788967133103000000,0
jps.reload.project.entities.ms,1788967073105000000,1788967133103000000,0
workspaceModel.global.updates.count,1788967073105000000,1788967133103000000,0
workspaceModel.mutableEntityStorage.mutable.ext.mapping.ms,1788967073105000000,1788967133103000000,0
jps.global.get.library.ms,1788967073105000000,1788967133103000000,0
jps.app.storage.content.writer.save.component.ms,1788967073105000000,1788967133103000000,0
jps.facet.change.listener.init.bridge.ms,1788967073105000000,1788967133103000000,0
jps.app.storage.content.reader.load.component.ms,1788967073105000000,1788967133103000000,0
workspaceModel.mutableEntityStorage.put.entity.ms,1788967073105000000,1788967133103000000,0
jps.global.initialize.library.bridges.after.loading.ms,1788967073105000000,1788967133103000000,0
workspaceModel.mutableEntityStorage.collect.changes.ms,1788967073105000000,1788967133103000000,0
workspaceModel.mutableEntityStorage.add.entity.ms,1788967073105000000,1788967133103000000,0
workspaceModel.delayed.project.synchronizer.sync.ms,1788967073105000000,1788967133103000000,0
jps.save.global.entities.ms,1788967073105000000,1788967133103000000,0
workspaceModel.moduleManagerBridge.get.modules.ms,1788967073105000000,1788967133103000000,0
workspaceModel.moduleManagerBridge.set.unloadedModules.ms,1788967073105000000,1788967133103000000,0
workspaceModel.load.cache.metadata.from.file.ms,1788967073105000000,1788967133103000000,0
workspaceModel.mutableEntityStorage.remove.entity.ms,1788967073105000000,1788967133103000000,0
jps.facet.change.listener.process.change.events.ms,1788967073105000000,1788967133103000000,0
workspaceModel.sync.entities.ms,1788967073105000000,1788967133103000000,0
workspaceModel.moduleManagerBridge.load.module.ms,1788967073105000000,1788967133103000000,0
MappedFileStorage.totalPagesMapped,1788967073105000000,1788967133103000000,15
FilePageCache.totalPageDisposalsUs,1788967073105000000,1788967133103000000,0
FilePageCache.pageFastCacheHits,1788967073105000000,1788967133103000000,4
FilePageCacheLockFree.totalPagesHandedOver,1788967073105000000,1788967133103000000,0
StreamlinedBlobStorage.recordsRelocated,1788967073105000000,1788967133103000000,0
StreamlinedBlobStorage.totalLiveRecordsPayloadBytes,1788967073105000000,1788967133103000000,0
DirectByteBufferAllocator.disposed,1788967073105000000,1788967133103000000,0
MappedFileStorage.storages,1788967073105000000,1788967133103000000,15
DirectByteBufferAllocator.totalSizeOfBuffersCachedInBytes,1788967073105000000,1788967133103000000,0
FilePageCacheLockFree.totalNativeBytesReclaimed,1788967073105000000,1788967133103000000,0
FilePageCacheLockFree.nativeBytesInUse,1788967073105000000,1788967133103000000,0
FilePageCacheLockFree.totalPageAllocationsWaited,1788967073105000000,1788967133103000000,0
FilePageCache.maxCacheSizeInBytes,1788967073105000000,1788967133103000000,233848832
FilePageCache.capacityInBytes,1788967073105000000,1788967133103000000,503316478
FilePageCacheLockFree.totalBytesRead,1788967073105000000,1788967133103000000,0
FilePageCache.maxRegisteredFiles,1788967073105000000,1788967133103000000,555
FilePageCacheLockFree.totalHeapBytesReclaimed,1788967073105000000,1788967133103000000,0
FilePageCacheLockFree.totalBytesRequested,1788967073105000000,1788967133103000000,0
FilePageCacheLockFree.totalPagesRequested,1788967073105000000,1788967133103000000,0
FilePageCache.totalPageLoadsUs,1788967073105000000,1788967133103000000,0
FilePageCache.uncachedFileAccess,1788967073105000000,1788967133103000000,0
StorageLockContext.competingThreads.avg,1788967073105000000,1788967133103000000,0.0
FilePageCacheLockFree.housekeeperTurnsSkipped,1788967073105000000,1788967133103000000,0
MappedFileStorage.totalBytesMapped,1788967073105000000,1788967133103000000,198443008
DirectByteBufferAllocator.hits,1788967073105000000,1788967133103000000,0
StreamlinedBlobStorage.recordsAllocated,1788967073105000000,1788967133103000000,0
StreamlinedBlobStorage.totalLiveRecordsCapacityBytes,1788967073105000000,1788967133103000000,0
FilePageCache.pageLoadsAboveSizeThreshold,1788967073105000000,1788967133103000000,0
FilePageCacheLockFree.totalPagesWriteMs,1788967073105000000,1788967133103000000,0
FilePageCache.pageLoads,1788967073105000000,1788967133103000000,0
FileChannelInterruptsRetryer.totalRetriedAttempts,1788967073105000000,1788967133103000000,0
FilePageCacheLockFree.totalClosedStoragesReclaimed,1788967073105000000,1788967133103000000,0
FilePageCacheLockFree.totalPagesReclaimed,1788967073105000000,1788967133103000000,0
FilePageCacheLockFree.totalBytesWritten,1788967073105000000,1788967133103000000,0
FilePageCacheLockFree.totalNativeBytesAllocated,1788967073105000000,1788967133103000000,0
FilePageCache.disposedBuffers,1788967073105000000,1788967133103000000,0
FilePageCacheLockFree.heapBytesInUse,1788967073105000000,1788967133103000000,0
FilePageCacheLockFree.housekeeperTimeSpentMs,1788967073105000000,1788967133103000000,0
FilePageCacheLockFree.totalPagesAllocated,1788967073105000000,1788967133103000000,0
FilePageCacheLockFree.totalHeapBytesAllocated,1788967073105000000,1788967133103000000,0
FilePageCacheLockFree.totalPagesRequestsMs,1788967073105000000,1788967133103000000,0
DirectByteBufferAllocator.reclaimed,1788967073105000000,1788967133103000000,0
FilePageCacheLockFree.totalPagesReadMs,1788967073105000000,1788967133103000000,0
FilePageCache.pageHits,1788967073105000000,1788967133103000000,0
FilePageCacheLockFree.totalPagesWritten,1788967073105000000,1788967133103000000,0
StorageLockContext.competingThreads.90P,1788967073105000000,1788967133103000000,0
FilePageCacheLockFree.housekeeperTurnsDone,1788967073105000000,1788967133103000000,0
StorageLockContext.competingThreads.max,1788967073105000000,1788967133103000000,0
StreamlinedBlobStorage.recordsDeleted,1788967073105000000,1788967133103000000,0
MappedFileStorage.totalTimeSpentOnMappingUs,1788967073105000000,1788967133103000000,9644
DirectByteBufferAllocator.totalSizeOfBuffersAllocatedInBytes,1788967073105000000,1788967133103000000,233848832
DirectByteBufferAllocator.misses,1788967073105000000,1788967133103000000,0
compiler.ArtifactVirtualFileListener.filePathChanged.ms,1788967073105000000,1788967133103000000,0
compiler.ArtifactManagerBridge.commit.ms,1788967073105000000,1788967133103000000,0
compiler.ArtifactManagerBridge.findArtifact.ms,1788967073105000000,1788967133103000000,0
compiler.ArtifactManagerBridge.getArtifacts.ms,1788967073105000000,1788967133103000000,0
compiler.ArtifactManagerBridge.dropMappings.ms,1788967073105000000,1788967133103000000,0
compiler.ArtifactManagerBridge.initBridges.ms,1788967073105000000,1788967133103000000,0
compiler.ArtifactManagerBridge.addArtifact.ms,1788967073105000000,1788967133103000000,0
compiler.ArtifactVirtualFileListener.propertyChanged.ms,1788967073105000000,1788967133103000000,0
compiler.ArtifactManagerBridge.getArtifactsByType.ms,1788967073105000000,1788967133103000000,0
AWTEventQueue.dispatchTimeTotalNS,1788967133103000000,1788967193104000000,1200286373
AWTEventQueue.dispatchTimeAvgNs,1788967133103000000,1788967193104000000,0.0
FlushQueue.waitingTimeMaxNs,1788967133103000000,1788967193104000000,0
NonBlockingReadAction.finalizedExecutionTimeUs,1788967133103000000,1788967193104000000,1946
FlushQueue.queueSizeAvg,1788967133103000000,1788967193104000000,0.0
NonBlockingReadAction.failedExecutionsCount,1788967133103000000,1788967193104000000,0
ReadAction.executionsCount,1788967133103000000,1788967193104000000,3794
FlushQueue.executionTimeMaxNs,1788967133103000000,1788967193104000000,0
FlushQueue.executionTimeAvgNs,1788967133103000000,1788967193104000000,0.0
FlushQueue.queueSizeMax,1788967133103000000,1788967193104000000,0
WriteAction.executionsCount,1788967133103000000,1788967193104000000,0
FlushQueue.tasksExecuted,1788967133103000000,1788967193104000000,0
FlushQueue.waitingTimeAvgNs,1788967133103000000,1788967193104000000,0.0
AWTEventQueue.dispatchTimeMaxNs,1788967133103000000,1788967193104000000,0
FlushQueue.executionTime90PNs,1788967133103000000,1788967193104000000,0
NonBlockingReadAction.failedExecutionTimeUs,1788967133103000000,1788967193104000000,0
AWTEventQueue.dispatchTime90PNs,1788967133103000000,1788967193104000000,0
FlushQueue.queueSize90P,1788967133103000000,1788967193104000000,0
FlushQueue.waitingTime90PNs,1788967133103000000,1788967193104000000,0
NonBlockingReadAction.finalizedExecutionsCount,1788967133103000000,1788967193104000000,24
AWTEventQueue.eventsDispatched,1788967133103000000,1788967193104000000,0
writeAction.wait.ms,1788967133103000000,1788967193104000000,0
writeAction.median.wait.ms,1788967133103000000,1788967193104000000,0
writeAction.max.wait.ms,1788967133103000000,1788967193104000000,11
writeAction.count,1788967133103000000,1788967193104000000,0
JVM.newThreadsCount,1788967133103000000,1788967193104000000,0
JVM.maxThreadCount,1788967133103000000,1788967193104000000,186
JVM.totalCpuTimeMs,1788967133103000000,1788967193104000000,1839
OS.loadAverage,1788967133103000000,1788967193104000000,1.6552734375
JVM.GC.collectionTimesMs,1788967133103000000,1788967193104000000,0
JVM.maxHeapBytes,1788967133103000000,1788967193104000000,2147483648
JVM.GC.collections,1788967133103000000,1788967193104000000,0
JVM.threadCount,1788967133103000000,1788967193104000000,55
JVM.totalBytesAllocated,1788967133103000000,1788967193104000000,20759704
JVM.totalDirectByteBuffersBytes,1788967133103000000,1788967193104000000,234682931
JVM.usedHeapBytes,1788967133103000000,1788967193104000000,256133312
JVM.usedNativeBytes,1788967133103000000,1788967193104000000,330608824
cacheStateStorage.set.counter,1788967133103000000,1788967193104000000,0
cacheStateStorage.set.duration,1788967133103000000,1788967193104000000,0
cacheStateStorage.get.counter,1788967133103000000,1788967193104000000,0
cacheStateStorage.get.duration,1788967133103000000,1788967193104000000,0
VFS.fileByIdCache.misses,1788967133103000000,1788967193104000000,0
FileNameCache.queries,1788967133103000000,1788967193104000000,64
VFS.fileChildByName,1788967133103000000,1788967193104000000,9
FileNameCache.totalMisses,1788967133103000000,1788967193104000000,0
VFS.invertedFileNameIndex.requests,1788967133103000000,1788967193104000000,0
VFS.fileByIdCache.hits,1788967133103000000,1788967193104000000,0
workspaceModel.loading.from.cache.ms,1788967133103000000,1788967193104000000,0
workspaceModel.check.recursive.update.ms,1788967133103000000,1788967193104000000,0
workspaceModel.cachedValue.from.cache.ms,1788967133103000000,1788967193104000000,0
workspaceModel.cachedValue.clear.ms,1788967133103000000,1788967193104000000,0
workspaceModel.workspaceFileIndexData.getPackageName.ms,1788967133103000000,1788967193104000000,0
workspaceModel.replace.project.model.ms,1788967133103000000,1788967193104000000,0
workspaceModel.initializing.ms,1788967133103000000,1788967193104000000,0
workspaceModel.updates.count,1788967133103000000,1788967193104000000,0
workspaceModel.cachedValueWithParameters.clear.ms,1788967133103000000,1788967193104000000,0
workspaceModel.cachedValueWithParameters.calculated.ms,1788967133103000000,1788967193104000000,0
workspaceModel.workspaceFileIndexData.init.ms,1788967133103000000,1788967193104000000,0
workspaceModel.workspaceFileIndexData.instances.count,1788967133103000000,1788967193104000000,0
workspaceModel.pre.handlers.ms,1788967133103000000,1788967193104000000,0
workspaceModel.collect.changes.ms,1788967133103000000,1788967193104000000,0
workspaceModel.cachedValue.total.get.ms,1788967133103000000,1788967193104000000,0
workspaceModel.entityStorageSnapshotImpl.instances.count,1788967133103000000,1788967193104000000,0
workspaceModel.init.bridges.ms,1788967133103000000,1788967193104000000,0
workspaceModel.workspaceFileIndexData.processFileSets.ms,1788967133103000000,1788967193104000000,0
workspaceModel.workspaceFileIndexData.visitFileSets.ms,1788967133103000000,1788967193104000000,0
workspaceModel.workspaceFileIndexData.markDirty.ms,1788967133103000000,1788967193104000000,0
workspaceModel.to.snapshot.ms,1788967133103000000,1788967193104000000,0
workspaceModel.workspaceFileIndexData.getDirectoriesByPackageName.ms,1788967133103000000,1788967193104000000,0
workspaceModel.updates.ms,1788967133103000000,1788967193104000000,0
workspaceModel.loading.total.ms,1788967133103000000,1788967193104000000,0
workspaceModel.cachedValue.calculated.ms,1788967133103000000,1788967193104000000,0
workspaceModel.cachedValueWithParameters.from.cache.ms,1788967133103000000,1788967193104000000,0
workspaceModel.workspaceFileIndexData.updateDirtyEntities.ms,1788967133103000000,1788967193104000000,0
workspaceModel.cachedValueWithParameters.total.get.ms,1788967133103000000,1788967193104000000,0
workspaceModel.workspaceFileIndexData.onEntitiesChanged.ms,1788967133103000000,1788967193104000000,0
workspaceModel.full.replace.project.model.ms,1788967133103000000,1788967193104000000,0
workspaceModel.workspaceFileIndexContributor.registerFileSets.ms,1788967133103000000,1788967193104000000,0
workspaceModel.workspaceFileIndexData.getFileInfo.ms,1788967133103000000,1788967193104000000,0
workspaceModel.update.unloaded.entities.ms,1788967133103000000,1788967193104000000,0
workspaceModel.updates.precise.ms,1788967133103000000,1788967193104000000,0
Indexes.allKeys.lookupDurationAvgMs,1788967133103000000,1788967193104000000,0.0
Indexes.stubs.lookupDurationAvgMs,1788967133103000000,1788967193104000000,0.0
Indexes.entries.lookupDurationMaxMs,1788967133103000000,1788967193104000000,0.0
IndexesFlusher.totalFlushesRetried,1788967133103000000,1788967193104000000,0
IndexesFlusher.totalFlushes,1788967133103000000,1788967193104000000,59
Indexes.allKeys.lookups,1788967133103000000,1788967193104000000,0.0
Indexes.entries.lookupDurationAvgMs,1788967133103000000,1788967193104000000,0.0
Indexes.allKeys.lookupDurationMaxMs,1788967133103000000,1788967193104000000,0.0
Indexes.allKeys.lookupDuration90PMs,1788967133103000000,1788967193104000000,0.0
Indexes.entries.lookups,1788967133103000000,1788967193104000000,0.0
Indexes.stubs.lookupDurationMaxMs,1788967133103000000,1788967193104000000,0.0
Indexes.entries.lookupDuration90PMs,1788967133103000000,1788967193104000000,0.0
Indexes.stubs.lookupDuration90PMs,1788967133103000000,1788967193104000000,0.0
IndexesFlusher.totalFlushingTimeUs,1788967133103000000,1788967193104000000,295998
IndexesFlusher.totalContentionQuotaSpent,1788967133103000000,1788967193104000000,0
Indexes.stubs.lookups,1788967133103000000,1788967193104000000,0.0
jps.apply.loaded.storage.ms,1788967133103000000,1788967193104000000,0
jps.module.iml.entities.serializer.save.entities.ms,1788967133103000000,1788967193104000000,0
workspaceModel.mutableEntityStorage.replace.by.source.ms,1788967133103000000,1788967193104000000,0
workspaceModel.moduleBridgeLoader.loading.modules.ms,1788967133103000000,1788967193104000000,0
workspaceModel.mutableEntityStorage.referrers.ms,1788967133103000000,1788967193104000000,0
jps.global.handle.before.change.events.ms,1788967133103000000,1788967193104000000,0
workspaceModel.load.cache.from.file.ms,1788967133103000000,1788967193104000000,0
jps.library.entities.serializer.load.entities.ms,1788967133103000000,1788967193104000000,0
workspaceModel.global.apply.state.to.project.builder.ms,1788967133103000000,1788967193104000000,0
jps.global.get.library.by.name.ms,1788967133103000000,1788967193104000000,0
workspaceModel.mutableEntityStorage.modify.entity.ms,1788967133103000000,1788967193104000000,0
workspaceModel.mutableEntityStorage.resolve.ms,1788967133103000000,1788967193104000000,0
workspaceModel.moduleManagerBridge.newModule.ms,1788967133103000000,1788967193104000000,0
workspaceModel.global.updates.ms,1788967133103000000,1788967193104000000,0
workspaceModel.save.cache.to.file.ms,1788967133103000000,1788967193104000000,0
workspaceModel.mutableEntityStorage.apply.changes.from.ms,1788967133103000000,1788967193104000000,0
jps.project.serializers.save.ms,1788967133103000000,1788967193104000000,0
workspaceModel.mutableEntityStorage.entities.by.source.ms,1788967133103000000,1788967193104000000,0
workspaceModel.mutableEntityStorage.instances.count,1788967133103000000,1788967193104000000,0
jps.artifact.entities.serializer.save.entities.ms,1788967133103000000,1788967193104000000,0
jps.global.get.libraries.ms,1788967133103000000,1788967193104000000,0
jps.library.entities.serializer.save.entities.ms,1788967133103000000,1788967193104000000,0
workspaceModel.do.save.caches.ms,1788967133103000000,1788967193104000000,0
jps.facet.change.listener.before.change.events.ms,1788967133103000000,1788967193104000000,0
jps.global.handle.changed.events.ms,1788967133103000000,1788967193104000000,0
workspaceModel.mutableEntityStorage.has.same.entities.ms,1788967133103000000,1788967193104000000,0
jps.project.serializers.load.ms,1788967133103000000,1788967193104000000,0
workspaceModel.mutableEntityStorage.to.snapshot.ms,1788967133103000000,1788967193104000000,0
jps.storage.jps.conf.reader.load.component.ms,1788967133103000000,1788967193104000000,0
workspaceModel.moduleManagerBridge.new.nonPersistent.module.ms,1788967133103000000,1788967193104000000,0
workspaceModel.moduleManagerBridge.build.module.graph.ms,1788967133103000000,1788967193104000000,0
workspaceModel.mutableEntityStorage.entities.ms,1788967133103000000,1788967193104000000,0
workspaceModel.moduleBridge.before.changed.ms,1788967133103000000,1788967193104000000,0
jps.module.iml.entities.serializer.load.entities.ms,1788967133103000000,1788967193104000000,0
jps.load.initial.state.ms,1788967133103000000,1788967193104000000,0
workspaceModel.moduleManagerBridge.create.module.instance.ms,1788967133103000000,1788967193104000000,0
workspaceModel.orphan.listener.update.ms,1788967133103000000,1788967193104000000,0
jps.global.initialize.library.bridges.ms,1788967133103000000,1788967193104000000,0
jps.load.project.to.empty.storage.ms,1788967133103000000,1788967193104000000,0
workspaceModel.moduleBridge.update.option.ms,1788967133103000000,1788967193104000000,0
workspaceModel.moduleBridge.facet.initialization.ms,1788967133103000000,1788967193104000000,0
jps.save.changed.project.entities.ms,1788967133103000000,1788967193104000000,0
workspaceModel.global.apply.state.to.project.ms,1788967133103000000,1788967193104000000,0
jps.artifact.entities.serializer.load.entities.ms,1788967133103000000,1788967193104000000,0
workspaceModel.moduleManagerBridge.load.all.modules.ms,1788967133103000000,1788967193104000000,0
workspaceModel.mutableEntityStorage.mutable.vfurl.index.ms,1788967133103000000,1788967193104000000,0
jps.reload.project.entities.ms,1788967133103000000,1788967193104000000,0
workspaceModel.global.updates.count,1788967133103000000,1788967193104000000,0
workspaceModel.mutableEntityStorage.mutable.ext.mapping.ms,1788967133103000000,1788967193104000000,0
jps.global.get.library.ms,1788967133103000000,1788967193104000000,0
jps.app.storage.content.writer.save.component.ms,1788967133103000000,1788967193104000000,0
jps.facet.change.listener.init.bridge.ms,1788967133103000000,1788967193104000000,0
jps.app.storage.content.reader.load.component.ms,1788967133103000000,1788967193104000000,0
workspaceModel.mutableEntityStorage.put.entity.ms,1788967133103000000,1788967193104000000,0
jps.global.initialize.library.bridges.after.loading.ms,1788967133103000000,1788967193104000000,0
workspaceModel.mutableEntityStorage.collect.changes.ms,1788967133103000000,1788967193104000000,0
workspaceModel.mutableEntityStorage.add.entity.ms,1788967133103000000,1788967193104000000,0
workspaceModel.delayed.project.synchronizer.sync.ms,1788967133103000000,1788967193104000000,0
jps.save.global.entities.ms,1788967133103000000,1788967193104000000,2
workspaceModel.moduleManagerBridge.get.modules.ms,1788967133103000000,1788967193104000000,0
workspaceModel.moduleManagerBridge.set.unloadedModules.ms,1788967133103000000,1788967193104000000,0
workspaceModel.load.cache.metadata.from.file.ms,1788967133103000000,1788967193104000000,0
workspaceModel.mutableEntityStorage.remove.entity.ms,1788967133103000000,1788967193104000000,0
jps.facet.change.listener.process.change.events.ms,1788967133103000000,1788967193104000000,0
workspaceModel.sync.entities.ms,1788967133103000000,1788967193104000000,0
workspaceModel.moduleManagerBridge.load.module.ms,1788967133103000000,1788967193104000000,0
MappedFileStorage.totalPagesMapped,1788967133103000000,1788967193104000000,15
FilePageCache.totalPageDisposalsUs,1788967133103000000,1788967193104000000,0
FilePageCache.pageFastCacheHits,1788967133103000000,1788967193104000000,0
FilePageCacheLockFree.totalPagesHandedOver,1788967133103000000,1788967193104000000,0
StreamlinedBlobStorage.recordsRelocated,1788967133103000000,1788967193104000000,0
StreamlinedBlobStorage.totalLiveRecordsPayloadBytes,1788967133103000000,1788967193104000000,0
DirectByteBufferAllocator.disposed,1788967133103000000,1788967193104000000,0
MappedFileStorage.storages,1788967133103000000,1788967193104000000,15
DirectByteBufferAllocator.totalSizeOfBuffersCachedInBytes,1788967133103000000,1788967193104000000,0
FilePageCacheLockFree.totalNativeBytesReclaimed,1788967133103000000,1788967193104000000,0
FilePageCacheLockFree.nativeBytesInUse,1788967133103000000,1788967193104000000,0
FilePageCacheLockFree.totalPageAllocationsWaited,1788967133103000000,1788967193104000000,0
FilePageCache.maxCacheSizeInBytes,1788967133103000000,1788967193104000000,233848832
FilePageCache.capacityInBytes,1788967133103000000,1788967193104000000,503316478
FilePageCacheLockFree.totalBytesRead,1788967133103000000,1788967193104000000,0
FilePageCache.maxRegisteredFiles,1788967133103000000,1788967193104000000,555
FilePageCacheLockFree.totalHeapBytesReclaimed,1788967133103000000,1788967193104000000,0
FilePageCacheLockFree.totalBytesRequested,1788967133103000000,1788967193104000000,0
FilePageCacheLockFree.totalPagesRequested,1788967133103000000,1788967193104000000,0
FilePageCache.totalPageLoadsUs,1788967133103000000,1788967193104000000,0
FilePageCache.uncachedFileAccess,1788967133103000000,1788967193104000000,0
StorageLockContext.competingThreads.avg,1788967133103000000,1788967193104000000,0.0
FilePageCacheLockFree.housekeeperTurnsSkipped,1788967133103000000,1788967193104000000,0
MappedFileStorage.totalBytesMapped,1788967133103000000,1788967193104000000,198443008
DirectByteBufferAllocator.hits,1788967133103000000,1788967193104000000,0
StreamlinedBlobStorage.recordsAllocated,1788967133103000000,1788967193104000000,0
StreamlinedBlobStorage.totalLiveRecordsCapacityBytes,1788967133103000000,1788967193104000000,0
FilePageCache.pageLoadsAboveSizeThreshold,1788967133103000000,1788967193104000000,0
FilePageCacheLockFree.totalPagesWriteMs,1788967133103000000,1788967193104000000,0
FilePageCache.pageLoads,1788967133103000000,1788967193104000000,0
FileChannelInterruptsRetryer.totalRetriedAttempts,1788967133103000000,1788967193104000000,0
FilePageCacheLockFree.totalClosedStoragesReclaimed,1788967133103000000,1788967193104000000,0
FilePageCacheLockFree.totalPagesReclaimed,1788967133103000000,1788967193104000000,0
FilePageCacheLockFree.totalBytesWritten,1788967133103000000,1788967193104000000,0
FilePageCacheLockFree.totalNativeBytesAllocated,1788967133103000000,1788967193104000000,0
FilePageCache.disposedBuffers,1788967133103000000,1788967193104000000,0
FilePageCacheLockFree.heapBytesInUse,1788967133103000000,1788967193104000000,0
FilePageCacheLockFree.housekeeperTimeSpentMs,1788967133103000000,1788967193104000000,0
FilePageCacheLockFree.totalPagesAllocated,1788967133103000000,1788967193104000000,0
FilePageCacheLockFree.totalHeapBytesAllocated,1788967133103000000,1788967193104000000,0
FilePageCacheLockFree.totalPagesRequestsMs,1788967133103000000,1788967193104000000,0
DirectByteBufferAllocator.reclaimed,1788967133103000000,1788967193104000000,0
FilePageCacheLockFree.totalPagesReadMs,1788967133103000000,1788967193104000000,0
FilePageCache.pageHits,1788967133103000000,1788967193104000000,0
FilePageCacheLockFree.totalPagesWritten,1788967133103000000,1788967193104000000,0
StorageLockContext.competingThreads.90P,1788967133103000000,1788967193104000000,0
FilePageCacheLockFree.housekeeperTurnsDone,1788967133103000000,1788967193104000000,0
StorageLockContext.competingThreads.max,1788967133103000000,1788967193104000000,0
StreamlinedBlobStorage.recordsDeleted,1788967133103000000,1788967193104000000,0
MappedFileStorage.totalTimeSpentOnMappingUs,1788967133103000000,1788967193104000000,9644
DirectByteBufferAllocator.totalSizeOfBuffersAllocatedInBytes,1788967133103000000,1788967193104000000,233848832
DirectByteBufferAllocator.misses,1788967133103000000,1788967193104000000,0
compiler.ArtifactVirtualFileListener.filePathChanged.ms,1788967133103000000,1788967193104000000,0
compiler.ArtifactManagerBridge.commit.ms,1788967133103000000,1788967193104000000,0
compiler.ArtifactManagerBridge.findArtifact.ms,1788967133103000000,1788967193104000000,0
compiler.ArtifactManagerBridge.getArtifacts.ms,1788967133103000000,1788967193104000000,0
compiler.ArtifactManagerBridge.dropMappings.ms,1788967133103000000,1788967193104000000,0
compiler.ArtifactManagerBridge.initBridges.ms,1788967133103000000,1788967193104000000,0
compiler.ArtifactManagerBridge.addArtifact.ms,1788967133103000000,1788967193104000000,0
compiler.ArtifactVirtualFileListener.propertyChanged.ms,1788967133103000000,1788967193104000000,0
compiler.ArtifactManagerBridge.getArtifactsByType.ms,1788967133103000000,1788967193104000000,0
AWTEventQueue.dispatchTimeTotalNS,1788967193104000000,1788967253106000000,25510516
AWTEventQueue.dispatchTimeAvgNs,1788967193104000000,1788967253106000000,0.0
FlushQueue.waitingTimeMaxNs,1788967193104000000,1788967253106000000,0
NonBlockingReadAction.finalizedExecutionTimeUs,1788967193104000000,1788967253106000000,5073
FlushQueue.queueSizeAvg,1788967193104000000,1788967253106000000,0.0
NonBlockingReadAction.failedExecutionsCount,1788967193104000000,1788967253106000000,0
ReadAction.executionsCount,1788967193104000000,1788967253106000000,26
FlushQueue.executionTimeMaxNs,1788967193104000000,1788967253106000000,0
FlushQueue.executionTimeAvgNs,1788967193104000000,1788967253106000000,0.0
FlushQueue.queueSizeMax,1788967193104000000,1788967253106000000,0
WriteAction.executionsCount,1788967193104000000,1788967253106000000,0
FlushQueue.tasksExecuted,1788967193104000000,1788967253106000000,0
FlushQueue.waitingTimeAvgNs,1788967193104000000,1788967253106000000,0.0
AWTEventQueue.dispatchTimeMaxNs,1788967193104000000,1788967253106000000,0
FlushQueue.executionTime90PNs,1788967193104000000,1788967253106000000,0
NonBlockingReadAction.failedExecutionTimeUs,1788967193104000000,1788967253106000000,0
AWTEventQueue.dispatchTime90PNs,1788967193104000000,1788967253106000000,0
FlushQueue.queueSize90P,1788967193104000000,1788967253106000000,0
FlushQueue.waitingTime90PNs,1788967193104000000,1788967253106000000,0
NonBlockingReadAction.finalizedExecutionsCount,1788967193104000000,1788967253106000000,3
AWTEventQueue.eventsDispatched,1788967193104000000,1788967253106000000,0
writeAction.wait.ms,1788967193104000000,1788967253106000000,0
writeAction.median.wait.ms,1788967193104000000,1788967253106000000,0
writeAction.max.wait.ms,1788967193104000000,1788967253106000000,11
writeAction.count,1788967193104000000,1788967253106000000,0
JVM.newThreadsCount,1788967193104000000,1788967253106000000,0
JVM.maxThreadCount,1788967193104000000,1788967253106000000,186
JVM.totalCpuTimeMs,1788967193104000000,1788967253106000000,809
OS.loadAverage,1788967193104000000,1788967253106000000,3.0791015625
JVM.GC.collectionTimesMs,1788967193104000000,1788967253106000000,0
JVM.maxHeapBytes,1788967193104000000,1788967253106000000,2147483648
JVM.GC.collections,1788967193104000000,1788967253106000000,0
JVM.threadCount,1788967193104000000,1788967253106000000,54
JVM.totalBytesAllocated,1788967193104000000,1788967253106000000,9477296
JVM.totalDirectByteBuffersBytes,1788967193104000000,1788967253106000000,234682931
JVM.usedHeapBytes,1788967193104000000,1788967253106000000,265570496
JVM.usedNativeBytes,1788967193104000000,1788967253106000000,330720008
cacheStateStorage.set.counter,1788967193104000000,1788967253106000000,0
cacheStateStorage.set.duration,1788967193104000000,1788967253106000000,0
cacheStateStorage.get.counter,1788967193104000000,1788967253106000000,0
cacheStateStorage.get.duration,1788967193104000000,1788967253106000000,0
VFS.fileByIdCache.misses,1788967193104000000,1788967253106000000,0
FileNameCache.queries,1788967193104000000,1788967253106000000,64
VFS.fileChildByName,1788967193104000000,1788967253106000000,29
FileNameCache.totalMisses,1788967193104000000,1788967253106000000,0
VFS.invertedFileNameIndex.requests,1788967193104000000,1788967253106000000,0
VFS.fileByIdCache.hits,1788967193104000000,1788967253106000000,0
workspaceModel.loading.from.cache.ms,1788967193104000000,1788967253106000000,0
workspaceModel.check.recursive.update.ms,1788967193104000000,1788967253106000000,0
workspaceModel.cachedValue.from.cache.ms,1788967193104000000,1788967253106000000,0
workspaceModel.cachedValue.clear.ms,1788967193104000000,1788967253106000000,0
workspaceModel.workspaceFileIndexData.getPackageName.ms,1788967193104000000,1788967253106000000,0
workspaceModel.replace.project.model.ms,1788967193104000000,1788967253106000000,0
workspaceModel.initializing.ms,1788967193104000000,1788967253106000000,0
workspaceModel.updates.count,1788967193104000000,1788967253106000000,0
workspaceModel.cachedValueWithParameters.clear.ms,1788967193104000000,1788967253106000000,0
workspaceModel.cachedValueWithParameters.calculated.ms,1788967193104000000,1788967253106000000,0
workspaceModel.workspaceFileIndexData.init.ms,1788967193104000000,1788967253106000000,0
workspaceModel.workspaceFileIndexData.instances.count,1788967193104000000,1788967253106000000,0
workspaceModel.pre.handlers.ms,1788967193104000000,1788967253106000000,0
workspaceModel.collect.changes.ms,1788967193104000000,1788967253106000000,0
workspaceModel.cachedValue.total.get.ms,1788967193104000000,1788967253106000000,0
workspaceModel.entityStorageSnapshotImpl.instances.count,1788967193104000000,1788967253106000000,0
workspaceModel.init.bridges.ms,1788967193104000000,1788967253106000000,0
workspaceModel.workspaceFileIndexData.processFileSets.ms,1788967193104000000,1788967253106000000,0
workspaceModel.workspaceFileIndexData.visitFileSets.ms,1788967193104000000,1788967253106000000,0
workspaceModel.workspaceFileIndexData.markDirty.ms,1788967193104000000,1788967253106000000,0
workspaceModel.to.snapshot.ms,1788967193104000000,1788967253106000000,0
workspaceModel.workspaceFileIndexData.getDirectoriesByPackageName.ms,1788967193104000000,1788967253106000000,0
workspaceModel.updates.ms,1788967193104000000,1788967253106000000,0
workspaceModel.loading.total.ms,1788967193104000000,1788967253106000000,0
workspaceModel.cachedValue.calculated.ms,1788967193104000000,1788967253106000000,0
workspaceModel.cachedValueWithParameters.from.cache.ms,1788967193104000000,1788967253106000000,0
workspaceModel.workspaceFileIndexData.updateDirtyEntities.ms,1788967193104000000,1788967253106000000,0
workspaceModel.cachedValueWithParameters.total.get.ms,1788967193104000000,1788967253106000000,0
workspaceModel.workspaceFileIndexData.onEntitiesChanged.ms,1788967193104000000,1788967253106000000,0
workspaceModel.full.replace.project.model.ms,1788967193104000000,1788967253106000000,0
workspaceModel.workspaceFileIndexContributor.registerFileSets.ms,1788967193104000000,1788967253106000000,0
workspaceModel.workspaceFileIndexData.getFileInfo.ms,1788967193104000000,1788967253106000000,0
workspaceModel.update.unloaded.entities.ms,1788967193104000000,1788967253106000000,0
workspaceModel.updates.precise.ms,1788967193104000000,1788967253106000000,0
Indexes.allKeys.lookupDurationAvgMs,1788967193104000000,1788967253106000000,0.0
Indexes.stubs.lookupDurationAvgMs,1788967193104000000,1788967253106000000,0.0
Indexes.entries.lookupDurationMaxMs,1788967193104000000,1788967253106000000,0.0
IndexesFlusher.totalFlushesRetried,1788967193104000000,1788967253106000000,0
IndexesFlusher.totalFlushes,1788967193104000000,1788967253106000000,59
Indexes.allKeys.lookups,1788967193104000000,1788967253106000000,0.0
Indexes.entries.lookupDurationAvgMs,1788967193104000000,1788967253106000000,0.0
Indexes.allKeys.lookupDurationMaxMs,1788967193104000000,1788967253106000000,0.0
Indexes.allKeys.lookupDuration90PMs,1788967193104000000,1788967253106000000,0.0
Indexes.entries.lookups,1788967193104000000,1788967253106000000,0.0
Indexes.stubs.lookupDurationMaxMs,1788967193104000000,1788967253106000000,0.0
Indexes.entries.lookupDuration90PMs,1788967193104000000,1788967253106000000,0.0
Indexes.stubs.lookupDuration90PMs,1788967193104000000,1788967253106000000,0.0
IndexesFlusher.totalFlushingTimeUs,1788967193104000000,1788967253106000000,285069
IndexesFlusher.totalContentionQuotaSpent,1788967193104000000,1788967253106000000,0
Indexes.stubs.lookups,1788967193104000000,1788967253106000000,0.0
jps.apply.loaded.storage.ms,1788967193104000000,1788967253106000000,0
jps.module.iml.entities.serializer.save.entities.ms,1788967193104000000,1788967253106000000,0
workspaceModel.mutableEntityStorage.replace.by.source.ms,1788967193104000000,1788967253106000000,0
workspaceModel.moduleBridgeLoader.loading.modules.ms,1788967193104000000,1788967253106000000,0
workspaceModel.mutableEntityStorage.referrers.ms,1788967193104000000,1788967253106000000,0
jps.global.handle.before.change.events.ms,1788967193104000000,1788967253106000000,0
workspaceModel.load.cache.from.file.ms,1788967193104000000,1788967253106000000,0
jps.library.entities.serializer.load.entities.ms,1788967193104000000,1788967253106000000,0
workspaceModel.global.apply.state.to.project.builder.ms,1788967193104000000,1788967253106000000,0
jps.global.get.library.by.name.ms,1788967193104000000,1788967253106000000,0
workspaceModel.mutableEntityStorage.modify.entity.ms,1788967193104000000,1788967253106000000,0
workspaceModel.mutableEntityStorage.resolve.ms,1788967193104000000,1788967253106000000,0
workspaceModel.moduleManagerBridge.newModule.ms,1788967193104000000,1788967253106000000,0
workspaceModel.global.updates.ms,1788967193104000000,1788967253106000000,0
workspaceModel.save.cache.to.file.ms,1788967193104000000,1788967253106000000,0
workspaceModel.mutableEntityStorage.apply.changes.from.ms,1788967193104000000,1788967253106000000,0
jps.project.serializers.save.ms,1788967193104000000,1788967253106000000,0
workspaceModel.mutableEntityStorage.entities.by.source.ms,1788967193104000000,1788967253106000000,0
workspaceModel.mutableEntityStorage.instances.count,1788967193104000000,1788967253106000000,0
jps.artifact.entities.serializer.save.entities.ms,1788967193104000000,1788967253106000000,0
jps.global.get.libraries.ms,1788967193104000000,1788967253106000000,0
jps.library.entities.serializer.save.entities.ms,1788967193104000000,1788967253106000000,0
workspaceModel.do.save.caches.ms,1788967193104000000,1788967253106000000,0
jps.facet.change.listener.before.change.events.ms,1788967193104000000,1788967253106000000,0
jps.global.handle.changed.events.ms,1788967193104000000,1788967253106000000,0
workspaceModel.mutableEntityStorage.has.same.entities.ms,1788967193104000000,1788967253106000000,0
jps.project.serializers.load.ms,1788967193104000000,1788967253106000000,0
workspaceModel.mutableEntityStorage.to.snapshot.ms,1788967193104000000,1788967253106000000,0
jps.storage.jps.conf.reader.load.component.ms,1788967193104000000,1788967253106000000,0
workspaceModel.moduleManagerBridge.new.nonPersistent.module.ms,1788967193104000000,1788967253106000000,0
workspaceModel.moduleManagerBridge.build.module.graph.ms,1788967193104000000,1788967253106000000,0
workspaceModel.mutableEntityStorage.entities.ms,1788967193104000000,1788967253106000000,0
workspaceModel.moduleBridge.before.changed.ms,1788967193104000000,1788967253106000000,0
jps.module.iml.entities.serializer.load.entities.ms,1788967193104000000,1788967253106000000,0
jps.load.initial.state.ms,1788967193104000000,1788967253106000000,0
workspaceModel.moduleManagerBridge.create.module.instance.ms,1788967193104000000,1788967253106000000,0
workspaceModel.orphan.listener.update.ms,1788967193104000000,1788967253106000000,0
jps.global.initialize.library.bridges.ms,1788967193104000000,1788967253106000000,0
jps.load.project.to.empty.storage.ms,1788967193104000000,1788967253106000000,0
workspaceModel.moduleBridge.update.option.ms,1788967193104000000,1788967253106000000,0
workspaceModel.moduleBridge.facet.initialization.ms,1788967193104000000,1788967253106000000,0
jps.save.changed.project.entities.ms,1788967193104000000,1788967253106000000,0
workspaceModel.global.apply.state.to.project.ms,1788967193104000000,1788967253106000000,0
jps.artifact.entities.serializer.load.entities.ms,1788967193104000000,1788967253106000000,0
workspaceModel.moduleManagerBridge.load.all.modules.ms,1788967193104000000,1788967253106000000,0
workspaceModel.mutableEntityStorage.mutable.vfurl.index.ms,1788967193104000000,1788967253106000000,0
jps.reload.project.entities.ms,1788967193104000000,1788967253106000000,0
workspaceModel.global.updates.count,1788967193104000000,1788967253106000000,0
workspaceModel.mutableEntityStorage.mutable.ext.mapping.ms,1788967193104000000,1788967253106000000,0
jps.global.get.library.ms,1788967193104000000,1788967253106000000,0
jps.app.storage.content.writer.save.component.ms,1788967193104000000,1788967253106000000,0
jps.facet.change.listener.init.bridge.ms,1788967193104000000,1788967253106000000,0
jps.app.storage.content.reader.load.component.ms,1788967193104000000,1788967253106000000,0
workspaceModel.mutableEntityStorage.put.entity.ms,1788967193104000000,1788967253106000000,0
jps.global.initialize.library.bridges.after.loading.ms,1788967193104000000,1788967253106000000,0
workspaceModel.mutableEntityStorage.collect.changes.ms,1788967193104000000,1788967253106000000,0
workspaceModel.mutableEntityStorage.add.entity.ms,1788967193104000000,1788967253106000000,0
workspaceModel.delayed.project.synchronizer.sync.ms,1788967193104000000,1788967253106000000,0
jps.save.global.entities.ms,1788967193104000000,1788967253106000000,0
workspaceModel.moduleManagerBridge.get.modules.ms,1788967193104000000,1788967253106000000,0
workspaceModel.moduleManagerBridge.set.unloadedModules.ms,1788967193104000000,1788967253106000000,0
workspaceModel.load.cache.metadata.from.file.ms,1788967193104000000,1788967253106000000,0
workspaceModel.mutableEntityStorage.remove.entity.ms,1788967193104000000,1788967253106000000,0
jps.facet.change.listener.process.change.events.ms,1788967193104000000,1788967253106000000,0
workspaceModel.sync.entities.ms,1788967193104000000,1788967253106000000,0
workspaceModel.moduleManagerBridge.load.module.ms,1788967193104000000,1788967253106000000,0
MappedFileStorage.totalPagesMapped,1788967193104000000,1788967253106000000,15
FilePageCache.totalPageDisposalsUs,1788967193104000000,1788967253106000000,0
FilePageCache.pageFastCacheHits,1788967193104000000,1788967253106000000,0
FilePageCacheLockFree.totalPagesHandedOver,1788967193104000000,1788967253106000000,0
StreamlinedBlobStorage.recordsRelocated,1788967193104000000,1788967253106000000,0
StreamlinedBlobStorage.totalLiveRecordsPayloadBytes,1788967193104000000,1788967253106000000,0
DirectByteBufferAllocator.disposed,1788967193104000000,1788967253106000000,0
MappedFileStorage.storages,1788967193104000000,1788967253106000000,15
DirectByteBufferAllocator.totalSizeOfBuffersCachedInBytes,1788967193104000000,1788967253106000000,0
FilePageCacheLockFree.totalNativeBytesReclaimed,1788967193104000000,1788967253106000000,0
FilePageCacheLockFree.nativeBytesInUse,1788967193104000000,1788967253106000000,0
FilePageCacheLockFree.totalPageAllocationsWaited,1788967193104000000,1788967253106000000,0
FilePageCache.maxCacheSizeInBytes,1788967193104000000,1788967253106000000,233848832
FilePageCache.capacityInBytes,1788967193104000000,1788967253106000000,503316478
FilePageCacheLockFree.totalBytesRead,1788967193104000000,1788967253106000000,0
FilePageCache.maxRegisteredFiles,1788967193104000000,1788967253106000000,555
FilePageCacheLockFree.totalHeapBytesReclaimed,1788967193104000000,1788967253106000000,0
FilePageCacheLockFree.totalBytesRequested,1788967193104000000,1788967253106000000,0
FilePageCacheLockFree.totalPagesRequested,1788967193104000000,1788967253106000000,0
FilePageCache.totalPageLoadsUs,1788967193104000000,1788967253106000000,0
FilePageCache.uncachedFileAccess,1788967193104000000,1788967253106000000,0
StorageLockContext.competingThreads.avg,1788967193104000000,1788967253106000000,0.0
FilePageCacheLockFree.housekeeperTurnsSkipped,1788967193104000000,1788967253106000000,0
MappedFileStorage.totalBytesMapped,1788967193104000000,1788967253106000000,198443008
DirectByteBufferAllocator.hits,1788967193104000000,1788967253106000000,0
StreamlinedBlobStorage.recordsAllocated,1788967193104000000,1788967253106000000,0
StreamlinedBlobStorage.totalLiveRecordsCapacityBytes,1788967193104000000,1788967253106000000,0
FilePageCache.pageLoadsAboveSizeThreshold,1788967193104000000,1788967253106000000,0
FilePageCacheLockFree.totalPagesWriteMs,1788967193104000000,1788967253106000000,0
FilePageCache.pageLoads,1788967193104000000,1788967253106000000,0
FileChannelInterruptsRetryer.totalRetriedAttempts,1788967193104000000,1788967253106000000,0
FilePageCacheLockFree.totalClosedStoragesReclaimed,1788967193104000000,1788967253106000000,0
FilePageCacheLockFree.totalPagesReclaimed,1788967193104000000,1788967253106000000,0
FilePageCacheLockFree.totalBytesWritten,1788967193104000000,1788967253106000000,0
FilePageCacheLockFree.totalNativeBytesAllocated,1788967193104000000,1788967253106000000,0
FilePageCache.disposedBuffers,1788967193104000000,1788967253106000000,0
FilePageCacheLockFree.heapBytesInUse,1788967193104000000,1788967253106000000,0
FilePageCacheLockFree.housekeeperTimeSpentMs,1788967193104000000,1788967253106000000,0
FilePageCacheLockFree.totalPagesAllocated,1788967193104000000,1788967253106000000,0
FilePageCacheLockFree.totalHeapBytesAllocated,1788967193104000000,1788967253106000000,0
FilePageCacheLockFree.totalPagesRequestsMs,1788967193104000000,1788967253106000000,0
DirectByteBufferAllocator.reclaimed,1788967193104000000,1788967253106000000,0
FilePageCacheLockFree.totalPagesReadMs,1788967193104000000,1788967253106000000,0
FilePageCache.pageHits,1788967193104000000,1788967253106000000,0
FilePageCacheLockFree.totalPagesWritten,1788967193104000000,1788967253106000000,0
StorageLockContext.competingThreads.90P,1788967193104000000,1788967253106000000,0
FilePageCacheLockFree.housekeeperTurnsDone,1788967193104000000,1788967253106000000,0
StorageLockContext.competingThreads.max,1788967193104000000,1788967253106000000,0
StreamlinedBlobStorage.recordsDeleted,1788967193104000000,1788967253106000000,0
MappedFileStorage.totalTimeSpentOnMappingUs,1788967193104000000,1788967253106000000,9644
DirectByteBufferAllocator.totalSizeOfBuffersAllocatedInBytes,1788967193104000000,1788967253106000000,233848832
DirectByteBufferAllocator.misses,1788967193104000000,1788967253106000000,0
compiler.ArtifactVirtualFileListener.filePathChanged.ms,1788967193104000000,1788967253106000000,0
compiler.ArtifactManagerBridge.commit.ms,1788967193104000000,1788967253106000000,0
compiler.ArtifactManagerBridge.findArtifact.ms,1788967193104000000,1788967253106000000,0
compiler.ArtifactManagerBridge.getArtifacts.ms,1788967193104000000,1788967253106000000,0
compiler.ArtifactManagerBridge.dropMappings.ms,1788967193104000000,1788967253106000000,0
compiler.ArtifactManagerBridge.initBridges.ms,1788967193104000000,1788967253106000000,0
compiler.ArtifactManagerBridge.addArtifact.ms,1788967193104000000,1788967253106000000,0
compiler.ArtifactVirtualFileListener.propertyChanged.ms,1788967193104000000,1788967253106000000,0
compiler.ArtifactManagerBridge.getArtifactsByType.ms,1788967193104000000,1788967253106000000,0
AWTEventQueue.dispatchTimeTotalNS,1788967253106000000,1788967313113000000,24458600
AWTEventQueue.dispatchTimeAvgNs,1788967253106000000,1788967313113000000,0.0
FlushQueue.waitingTimeMaxNs,1788967253106000000,1788967313113000000,0
NonBlockingReadAction.finalizedExecutionTimeUs,1788967253106000000,1788967313113000000,0
FlushQueue.queueSizeAvg,1788967253106000000,1788967313113000000,0.0
NonBlockingReadAction.failedExecutionsCount,1788967253106000000,1788967313113000000,0
ReadAction.executionsCount,1788967253106000000,1788967313113000000,0
FlushQueue.executionTimeMaxNs,1788967253106000000,1788967313113000000,0
FlushQueue.executionTimeAvgNs,1788967253106000000,1788967313113000000,0.0
FlushQueue.queueSizeMax,1788967253106000000,1788967313113000000,0
WriteAction.executionsCount,1788967253106000000,1788967313113000000,0
FlushQueue.tasksExecuted,1788967253106000000,1788967313113000000,0
FlushQueue.waitingTimeAvgNs,1788967253106000000,1788967313113000000,0.0
AWTEventQueue.dispatchTimeMaxNs,1788967253106000000,1788967313113000000,0
FlushQueue.executionTime90PNs,1788967253106000000,1788967313113000000,0
NonBlockingReadAction.failedExecutionTimeUs,1788967253106000000,1788967313113000000,0
AWTEventQueue.dispatchTime90PNs,1788967253106000000,1788967313113000000,0
FlushQueue.queueSize90P,1788967253106000000,1788967313113000000,0
FlushQueue.waitingTime90PNs,1788967253106000000,1788967313113000000,0
NonBlockingReadAction.finalizedExecutionsCount,1788967253106000000,1788967313113000000,0
AWTEventQueue.eventsDispatched,1788967253106000000,1788967313113000000,0
writeAction.wait.ms,1788967253106000000,1788967313113000000,0
writeAction.median.wait.ms,1788967253106000000,1788967313113000000,0
writeAction.max.wait.ms,1788967253106000000,1788967313113000000,11
writeAction.count,1788967253106000000,1788967313113000000,0
JVM.newThreadsCount,1788967253106000000,1788967313113000000,0
JVM.maxThreadCount,1788967253106000000,1788967313113000000,186
JVM.totalCpuTimeMs,1788967253106000000,1788967313113000000,772
OS.loadAverage,1788967253106000000,1788967313113000000,3.25927734375
JVM.GC.collectionTimesMs,1788967253106000000,1788967313113000000,0
JVM.maxHeapBytes,1788967253106000000,1788967313113000000,2147483648
JVM.GC.collections,1788967253106000000,1788967313113000000,0
JVM.threadCount,1788967253106000000,1788967313113000000,53
JVM.totalBytesAllocated,1788967253106000000,1788967313113000000,8952536
JVM.totalDirectByteBuffersBytes,1788967253106000000,1788967313113000000,234674739
JVM.usedHeapBytes,1788967253106000000,1788967313113000000,275007680
JVM.usedNativeBytes,1788967253106000000,1788967313113000000,330755704
cacheStateStorage.set.counter,1788967253106000000,1788967313113000000,0
cacheStateStorage.set.duration,1788967253106000000,1788967313113000000,0
cacheStateStorage.get.counter,1788967253106000000,1788967313113000000,0
cacheStateStorage.get.duration,1788967253106000000,1788967313113000000,0
VFS.fileByIdCache.misses,1788967253106000000,1788967313113000000,0
FileNameCache.queries,1788967253106000000,1788967313113000000,0
VFS.fileChildByName,1788967253106000000,1788967313113000000,0
FileNameCache.totalMisses,1788967253106000000,1788967313113000000,0
VFS.invertedFileNameIndex.requests,1788967253106000000,1788967313113000000,0
VFS.fileByIdCache.hits,1788967253106000000,1788967313113000000,0
workspaceModel.loading.from.cache.ms,1788967253106000000,1788967313113000000,0
workspaceModel.check.recursive.update.ms,1788967253106000000,1788967313113000000,0
workspaceModel.cachedValue.from.cache.ms,1788967253106000000,1788967313113000000,0
workspaceModel.cachedValue.clear.ms,1788967253106000000,1788967313113000000,0
workspaceModel.workspaceFileIndexData.getPackageName.ms,1788967253106000000,1788967313113000000,0
workspaceModel.replace.project.model.ms,1788967253106000000,1788967313113000000,0
workspaceModel.initializing.ms,1788967253106000000,1788967313113000000,0
workspaceModel.updates.count,1788967253106000000,1788967313113000000,0
workspaceModel.cachedValueWithParameters.clear.ms,1788967253106000000,1788967313113000000,0
workspaceModel.cachedValueWithParameters.calculated.ms,1788967253106000000,1788967313113000000,0
workspaceModel.workspaceFileIndexData.init.ms,1788967253106000000,1788967313113000000,0
workspaceModel.workspaceFileIndexData.instances.count,1788967253106000000,1788967313113000000,0
workspaceModel.pre.handlers.ms,1788967253106000000,1788967313113000000,0
workspaceModel.collect.changes.ms,1788967253106000000,1788967313113000000,0
workspaceModel.cachedValue.total.get.ms,1788967253106000000,1788967313113000000,0
workspaceModel.entityStorageSnapshotImpl.instances.count,1788967253106000000,1788967313113000000,0
workspaceModel.init.bridges.ms,1788967253106000000,1788967313113000000,0
workspaceModel.workspaceFileIndexData.processFileSets.ms,1788967253106000000,1788967313113000000,0
workspaceModel.workspaceFileIndexData.visitFileSets.ms,1788967253106000000,1788967313113000000,0
workspaceModel.workspaceFileIndexData.markDirty.ms,1788967253106000000,1788967313113000000,0
workspaceModel.to.snapshot.ms,1788967253106000000,1788967313113000000,0
workspaceModel.workspaceFileIndexData.getDirectoriesByPackageName.ms,1788967253106000000,1788967313113000000,0
workspaceModel.updates.ms,1788967253106000000,1788967313113000000,0
workspaceModel.loading.total.ms,1788967253106000000,1788967313113000000,0
workspaceModel.cachedValue.calculated.ms,1788967253106000000,1788967313113000000,0
workspaceModel.cachedValueWithParameters.from.cache.ms,1788967253106000000,1788967313113000000,0
workspaceModel.workspaceFileIndexData.updateDirtyEntities.ms,1788967253106000000,1788967313113000000,0
workspaceModel.cachedValueWithParameters.total.get.ms,1788967253106000000,1788967313113000000,0
workspaceModel.workspaceFileIndexData.onEntitiesChanged.ms,1788967253106000000,1788967313113000000,0
workspaceModel.full.replace.project.model.ms,1788967253106000000,1788967313113000000,0
workspaceModel.workspaceFileIndexContributor.registerFileSets.ms,1788967253106000000,1788967313113000000,0
workspaceModel.workspaceFileIndexData.getFileInfo.ms,1788967253106000000,1788967313113000000,0
workspaceModel.update.unloaded.entities.ms,1788967253106000000,1788967313113000000,0
workspaceModel.updates.precise.ms,1788967253106000000,1788967313113000000,0
Indexes.allKeys.lookupDurationAvgMs,1788967253106000000,1788967313113000000,0.0
Indexes.stubs.lookupDurationAvgMs,1788967253106000000,1788967313113000000,0.0
Indexes.entries.lookupDurationMaxMs,1788967253106000000,1788967313113000000,0.0
IndexesFlusher.totalFlushesRetried,1788967253106000000,1788967313113000000,0
IndexesFlusher.totalFlushes,1788967253106000000,1788967313113000000,59
Indexes.allKeys.lookups,1788967253106000000,1788967313113000000,0.0
Indexes.entries.lookupDurationAvgMs,1788967253106000000,1788967313113000000,0.0
Indexes.allKeys.lookupDurationMaxMs,1788967253106000000,1788967313113000000,0.0
Indexes.allKeys.lookupDuration90PMs,1788967253106000000,1788967313113000000,0.0
Indexes.entries.lookups,1788967253106000000,1788967313113000000,0.0
Indexes.stubs.lookupDurationMaxMs,1788967253106000000,1788967313113000000,0.0
Indexes.entries.lookupDuration90PMs,1788967253106000000,1788967313113000000,0.0
Indexes.stubs.lookupDuration90PMs,1788967253106000000,1788967313113000000,0.0
IndexesFlusher.totalFlushingTimeUs,1788967253106000000,1788967313113000000,299779
IndexesFlusher.totalContentionQuotaSpent,1788967253106000000,1788967313113000000,0
Indexes.stubs.lookups,1788967253106000000,1788967313113000000,0.0
jps.apply.loaded.storage.ms,1788967253106000000,1788967313113000000,0
jps.module.iml.entities.serializer.save.entities.ms,1788967253106000000,1788967313113000000,0
workspaceModel.mutableEntityStorage.replace.by.source.ms,1788967253106000000,1788967313113000000,0
workspaceModel.moduleBridgeLoader.loading.modules.ms,1788967253106000000,1788967313113000000,0
workspaceModel.mutableEntityStorage.referrers.ms,1788967253106000000,1788967313113000000,0
jps.global.handle.before.change.events.ms,1788967253106000000,1788967313113000000,0
workspaceModel.load.cache.from.file.ms,1788967253106000000,1788967313113000000,0
jps.library.entities.serializer.load.entities.ms,1788967253106000000,1788967313113000000,0
workspaceModel.global.apply.state.to.project.builder.ms,1788967253106000000,1788967313113000000,0
jps.global.get.library.by.name.ms,1788967253106000000,1788967313113000000,0
workspaceModel.mutableEntityStorage.modify.entity.ms,1788967253106000000,1788967313113000000,0
workspaceModel.mutableEntityStorage.resolve.ms,1788967253106000000,1788967313113000000,0
workspaceModel.moduleManagerBridge.newModule.ms,1788967253106000000,1788967313113000000,0
workspaceModel.global.updates.ms,1788967253106000000,1788967313113000000,0
workspaceModel.save.cache.to.file.ms,1788967253106000000,1788967313113000000,0
workspaceModel.mutableEntityStorage.apply.changes.from.ms,1788967253106000000,1788967313113000000,0
jps.project.serializers.save.ms,1788967253106000000,1788967313113000000,0
workspaceModel.mutableEntityStorage.entities.by.source.ms,1788967253106000000,1788967313113000000,0
workspaceModel.mutableEntityStorage.instances.count,1788967253106000000,1788967313113000000,0
jps.artifact.entities.serializer.save.entities.ms,1788967253106000000,1788967313113000000,0
jps.global.get.libraries.ms,1788967253106000000,1788967313113000000,0
jps.library.entities.serializer.save.entities.ms,1788967253106000000,1788967313113000000,0
workspaceModel.do.save.caches.ms,1788967253106000000,1788967313113000000,0
jps.facet.change.listener.before.change.events.ms,1788967253106000000,1788967313113000000,0
jps.global.handle.changed.events.ms,1788967253106000000,1788967313113000000,0
workspaceModel.mutableEntityStorage.has.same.entities.ms,1788967253106000000,1788967313113000000,0
jps.project.serializers.load.ms,1788967253106000000,1788967313113000000,0
workspaceModel.mutableEntityStorage.to.snapshot.ms,1788967253106000000,1788967313113000000,0
jps.storage.jps.conf.reader.load.component.ms,1788967253106000000,1788967313113000000,0
workspaceModel.moduleManagerBridge.new.nonPersistent.module.ms,1788967253106000000,1788967313113000000,0
workspaceModel.moduleManagerBridge.build.module.graph.ms,1788967253106000000,1788967313113000000,0
workspaceModel.mutableEntityStorage.entities.ms,1788967253106000000,1788967313113000000,0
workspaceModel.moduleBridge.before.changed.ms,1788967253106000000,1788967313113000000,0
jps.module.iml.entities.serializer.load.entities.ms,1788967253106000000,1788967313113000000,0
jps.load.initial.state.ms,1788967253106000000,1788967313113000000,0
workspaceModel.moduleManagerBridge.create.module.instance.ms,1788967253106000000,1788967313113000000,0
workspaceModel.orphan.listener.update.ms,1788967253106000000,1788967313113000000,0
jps.global.initialize.library.bridges.ms,1788967253106000000,1788967313113000000,0
jps.load.project.to.empty.storage.ms,1788967253106000000,1788967313113000000,0
workspaceModel.moduleBridge.update.option.ms,1788967253106000000,1788967313113000000,0
workspaceModel.moduleBridge.facet.initialization.ms,1788967253106000000,1788967313113000000,0
jps.save.changed.project.entities.ms,1788967253106000000,1788967313113000000,0
workspaceModel.global.apply.state.to.project.ms,1788967253106000000,1788967313113000000,0
jps.artifact.entities.serializer.load.entities.ms,1788967253106000000,1788967313113000000,0
workspaceModel.moduleManagerBridge.load.all.modules.ms,1788967253106000000,1788967313113000000,0
workspaceModel.mutableEntityStorage.mutable.vfurl.index.ms,1788967253106000000,1788967313113000000,0
jps.reload.project.entities.ms,1788967253106000000,1788967313113000000,0
workspaceModel.global.updates.count,1788967253106000000,1788967313113000000,0
workspaceModel.mutableEntityStorage.mutable.ext.mapping.ms,1788967253106000000,1788967313113000000,0
jps.global.get.library.ms,1788967253106000000,1788967313113000000,0
jps.app.storage.content.writer.save.component.ms,1788967253106000000,1788967313113000000,0
jps.facet.change.listener.init.bridge.ms,1788967253106000000,1788967313113000000,0
jps.app.storage.content.reader.load.component.ms,1788967253106000000,1788967313113000000,0
workspaceModel.mutableEntityStorage.put.entity.ms,1788967253106000000,1788967313113000000,0
jps.global.initialize.library.bridges.after.loading.ms,1788967253106000000,1788967313113000000,0
workspaceModel.mutableEntityStorage.collect.changes.ms,1788967253106000000,1788967313113000000,0
workspaceModel.mutableEntityStorage.add.entity.ms,1788967253106000000,1788967313113000000,0
workspaceModel.delayed.project.synchronizer.sync.ms,1788967253106000000,1788967313113000000,0
jps.save.global.entities.ms,1788967253106000000,1788967313113000000,0
workspaceModel.moduleManagerBridge.get.modules.ms,1788967253106000000,1788967313113000000,0
workspaceModel.moduleManagerBridge.set.unloadedModules.ms,1788967253106000000,1788967313113000000,0
workspaceModel.load.cache.metadata.from.file.ms,1788967253106000000,1788967313113000000,0
workspaceModel.mutableEntityStorage.remove.entity.ms,1788967253106000000,1788967313113000000,0
jps.facet.change.listener.process.change.events.ms,1788967253106000000,1788967313113000000,0
workspaceModel.sync.entities.ms,1788967253106000000,1788967313113000000,0
workspaceModel.moduleManagerBridge.load.module.ms,1788967253106000000,1788967313113000000,0
MappedFileStorage.totalPagesMapped,1788967253106000000,1788967313113000000,15
FilePageCache.totalPageDisposalsUs,1788967253106000000,1788967313113000000,0
FilePageCache.pageFastCacheHits,1788967253106000000,1788967313113000000,0
FilePageCacheLockFree.totalPagesHandedOver,1788967253106000000,1788967313113000000,0
StreamlinedBlobStorage.recordsRelocated,1788967253106000000,1788967313113000000,0
StreamlinedBlobStorage.totalLiveRecordsPayloadBytes,1788967253106000000,1788967313113000000,0
DirectByteBufferAllocator.disposed,1788967253106000000,1788967313113000000,0
MappedFileStorage.storages,1788967253106000000,1788967313113000000,15
DirectByteBufferAllocator.totalSizeOfBuffersCachedInBytes,1788967253106000000,1788967313113000000,0
FilePageCacheLockFree.totalNativeBytesReclaimed,1788967253106000000,1788967313113000000,0
FilePageCacheLockFree.nativeBytesInUse,1788967253106000000,1788967313113000000,0
FilePageCacheLockFree.totalPageAllocationsWaited,1788967253106000000,1788967313113000000,0
FilePageCache.maxCacheSizeInBytes,1788967253106000000,1788967313113000000,233848832
FilePageCache.capacityInBytes,1788967253106000000,1788967313113000000,503316478
FilePageCacheLockFree.totalBytesRead,1788967253106000000,1788967313113000000,0
FilePageCache.maxRegisteredFiles,1788967253106000000,1788967313113000000,555
FilePageCacheLockFree.totalHeapBytesReclaimed,1788967253106000000,1788967313113000000,0
FilePageCacheLockFree.totalBytesRequested,1788967253106000000,1788967313113000000,0
FilePageCacheLockFree.totalPagesRequested,1788967253106000000,1788967313113000000,0
FilePageCache.totalPageLoadsUs,1788967253106000000,1788967313113000000,0
FilePageCache.uncachedFileAccess,1788967253106000000,1788967313113000000,0
StorageLockContext.competingThreads.avg,1788967253106000000,1788967313113000000,0.0
FilePageCacheLockFree.housekeeperTurnsSkipped,1788967253106000000,1788967313113000000,0
MappedFileStorage.totalBytesMapped,1788967253106000000,1788967313113000000,198443008
DirectByteBufferAllocator.hits,1788967253106000000,1788967313113000000,0
StreamlinedBlobStorage.recordsAllocated,1788967253106000000,1788967313113000000,0
StreamlinedBlobStorage.totalLiveRecordsCapacityBytes,1788967253106000000,1788967313113000000,0
FilePageCache.pageLoadsAboveSizeThreshold,1788967253106000000,1788967313113000000,0
FilePageCacheLockFree.totalPagesWriteMs,1788967253106000000,1788967313113000000,0
FilePageCache.pageLoads,1788967253106000000,1788967313113000000,0
FileChannelInterruptsRetryer.totalRetriedAttempts,1788967253106000000,1788967313113000000,0
FilePageCacheLockFree.totalClosedStoragesReclaimed,1788967253106000000,1788967313113000000,0
FilePageCacheLockFree.totalPagesReclaimed,1788967253106000000,1788967313113000000,0
FilePageCacheLockFree.totalBytesWritten,1788967253106000000,1788967313113000000,0
FilePageCacheLockFree.totalNativeBytesAllocated,1788967253106000000,1788967313113000000,0
FilePageCache.disposedBuffers,1788967253106000000,1788967313113000000,0
FilePageCacheLockFree.heapBytesInUse,1788967253106000000,1788967313113000000,0
FilePageCacheLockFree.housekeeperTimeSpentMs,1788967253106000000,1788967313113000000,0
FilePageCacheLockFree.totalPagesAllocated,1788967253106000000,1788967313113000000,0
FilePageCacheLockFree.totalHeapBytesAllocated,1788967253106000000,1788967313113000000,0
FilePageCacheLockFree.totalPagesRequestsMs,1788967253106000000,1788967313113000000,0
DirectByteBufferAllocator.reclaimed,1788967253106000000,1788967313113000000,0
FilePageCacheLockFree.totalPagesReadMs,1788967253106000000,1788967313113000000,0
FilePageCache.pageHits,1788967253106000000,1788967313113000000,0
FilePageCacheLockFree.totalPagesWritten,1788967253106000000,1788967313113000000,0
StorageLockContext.competingThreads.90P,1788967253106000000,1788967313113000000,0
FilePageCacheLockFree.housekeeperTurnsDone,1788967253106000000,1788967313113000000,0
StorageLockContext.competingThreads.max,1788967253106000000,1788967313113000000,0
StreamlinedBlobStorage.recordsDeleted,1788967253106000000,1788967313113000000,0
MappedFileStorage.totalTimeSpentOnMappingUs,1788967253106000000,1788967313113000000,9644
DirectByteBufferAllocator.totalSizeOfBuffersAllocatedInBytes,1788967253106000000,1788967313113000000,233848832
DirectByteBufferAllocator.misses,1788967253106000000,1788967313113000000,0
compiler.ArtifactVirtualFileListener.filePathChanged.ms,1788967253106000000,1788967313113000000,0
compiler.ArtifactManagerBridge.commit.ms,1788967253106000000,1788967313113000000,0
compiler.ArtifactManagerBridge.findArtifact.ms,1788967253106000000,1788967313113000000,0
compiler.ArtifactManagerBridge.getArtifacts.ms,1788967253106000000,1788967313113000000,0
compiler.ArtifactManagerBridge.dropMappings.ms,1788967253106000000,1788967313113000000,0
compiler.ArtifactManagerBridge.initBridges.ms,1788967253106000000,1788967313113000000,0
compiler.ArtifactManagerBridge.addArtifact.ms,1788967253106000000,1788967313113000000,0
compiler.ArtifactVirtualFileListener.propertyChanged.ms,1788967253106000000,1788967313113000000,0
compiler.ArtifactManagerBridge.getArtifactsByType.ms,1788967253106000000,1788967313113000000,0
AWTEventQueue.dispatchTimeTotalNS,1788967313113000000,1788967373109000000,477416045
AWTEventQueue.dispatchTimeAvgNs,1788967313113000000,1788967373109000000,0.0
FlushQueue.waitingTimeMaxNs,1788967313113000000,1788967373109000000,0
NonBlockingReadAction.finalizedExecutionTimeUs,1788967313113000000,1788967373109000000,317
FlushQueue.queueSizeAvg,1788967313113000000,1788967373109000000,0.0
NonBlockingReadAction.failedExecutionsCount,1788967313113000000,1788967373109000000,0
ReadAction.executionsCount,1788967313113000000,1788967373109000000,1026
FlushQueue.executionTimeMaxNs,1788967313113000000,1788967373109000000,0
FlushQueue.executionTimeAvgNs,1788967313113000000,1788967373109000000,0.0
FlushQueue.queueSizeMax,1788967313113000000,1788967373109000000,0
WriteAction.executionsCount,1788967313113000000,1788967373109000000,0
FlushQueue.tasksExecuted,1788967313113000000,1788967373109000000,0
FlushQueue.waitingTimeAvgNs,1788967313113000000,1788967373109000000,0.0
AWTEventQueue.dispatchTimeMaxNs,1788967313113000000,1788967373109000000,0
FlushQueue.executionTime90PNs,1788967313113000000,1788967373109000000,0
NonBlockingReadAction.failedExecutionTimeUs,1788967313113000000,1788967373109000000,0
AWTEventQueue.dispatchTime90PNs,1788967313113000000,1788967373109000000,0
FlushQueue.queueSize90P,1788967313113000000,1788967373109000000,0
FlushQueue.waitingTime90PNs,1788967313113000000,1788967373109000000,0
NonBlockingReadAction.finalizedExecutionsCount,1788967313113000000,1788967373109000000,2
AWTEventQueue.eventsDispatched,1788967313113000000,1788967373109000000,0
writeAction.wait.ms,1788967313113000000,1788967373109000000,0
writeAction.median.wait.ms,1788967313113000000,1788967373109000000,0
writeAction.max.wait.ms,1788967313113000000,1788967373109000000,11
writeAction.count,1788967313113000000,1788967373109000000,0
JVM.newThreadsCount,1788967313113000000,1788967373109000000,5
JVM.maxThreadCount,1788967313113000000,1788967373109000000,186
JVM.totalCpuTimeMs,1788967313113000000,1788967373109000000,1690
OS.loadAverage,1788967313113000000,1788967373109000000,2.5166015625
JVM.GC.collectionTimesMs,1788967313113000000,1788967373109000000,0
JVM.maxHeapBytes,1788967313113000000,1788967373109000000,2147483648
JVM.GC.collections,1788967313113000000,1788967373109000000,0
JVM.threadCount,1788967313113000000,1788967373109000000,56
JVM.totalBytesAllocated,1788967313113000000,1788967373109000000,17495712
JVM.totalDirectByteBuffersBytes,1788967313113000000,1788967373109000000,234125438
JVM.usedHeapBytes,1788967313113000000,1788967373109000000,292833472
JVM.usedNativeBytes,1788967313113000000,1788967373109000000,331866096
cacheStateStorage.set.counter,1788967313113000000,1788967373109000000,1
cacheStateStorage.set.duration,1788967313113000000,1788967373109000000,0
cacheStateStorage.get.counter,1788967313113000000,1788967373109000000,0
cacheStateStorage.get.duration,1788967313113000000,1788967373109000000,0
VFS.fileByIdCache.misses,1788967313113000000,1788967373109000000,0
FileNameCache.queries,1788967313113000000,1788967373109000000,512
VFS.fileChildByName,1788967313113000000,1788967373109000000,125
FileNameCache.totalMisses,1788967313113000000,1788967373109000000,0
VFS.invertedFileNameIndex.requests,1788967313113000000,1788967373109000000,0
VFS.fileByIdCache.hits,1788967313113000000,1788967373109000000,0
workspaceModel.loading.from.cache.ms,1788967313113000000,1788967373109000000,0
workspaceModel.check.recursive.update.ms,1788967313113000000,1788967373109000000,0
workspaceModel.cachedValue.from.cache.ms,1788967313113000000,1788967373109000000,0
workspaceModel.cachedValue.clear.ms,1788967313113000000,1788967373109000000,0
workspaceModel.workspaceFileIndexData.getPackageName.ms,1788967313113000000,1788967373109000000,0
workspaceModel.replace.project.model.ms,1788967313113000000,1788967373109000000,0
workspaceModel.initializing.ms,1788967313113000000,1788967373109000000,0
workspaceModel.updates.count,1788967313113000000,1788967373109000000,0
workspaceModel.cachedValueWithParameters.clear.ms,1788967313113000000,1788967373109000000,0
workspaceModel.cachedValueWithParameters.calculated.ms,1788967313113000000,1788967373109000000,0
workspaceModel.workspaceFileIndexData.init.ms,1788967313113000000,1788967373109000000,0
workspaceModel.workspaceFileIndexData.instances.count,1788967313113000000,1788967373109000000,0
workspaceModel.pre.handlers.ms,1788967313113000000,1788967373109000000,0
workspaceModel.collect.changes.ms,1788967313113000000,1788967373109000000,0
workspaceModel.cachedValue.total.get.ms,1788967313113000000,1788967373109000000,0
workspaceModel.entityStorageSnapshotImpl.instances.count,1788967313113000000,1788967373109000000,0
workspaceModel.init.bridges.ms,1788967313113000000,1788967373109000000,0
workspaceModel.workspaceFileIndexData.processFileSets.ms,1788967313113000000,1788967373109000000,0
workspaceModel.workspaceFileIndexData.visitFileSets.ms,1788967313113000000,1788967373109000000,0
workspaceModel.workspaceFileIndexData.markDirty.ms,1788967313113000000,1788967373109000000,0
workspaceModel.to.snapshot.ms,1788967313113000000,1788967373109000000,0
workspaceModel.workspaceFileIndexData.getDirectoriesByPackageName.ms,1788967313113000000,1788967373109000000,0
workspaceModel.updates.ms,1788967313113000000,1788967373109000000,0
workspaceModel.loading.total.ms,1788967313113000000,1788967373109000000,0
workspaceModel.cachedValue.calculated.ms,1788967313113000000,1788967373109000000,0
workspaceModel.cachedValueWithParameters.from.cache.ms,1788967313113000000,1788967373109000000,0
workspaceModel.workspaceFileIndexData.updateDirtyEntities.ms,1788967313113000000,1788967373109000000,0
workspaceModel.cachedValueWithParameters.total.get.ms,1788967313113000000,1788967373109000000,0
workspaceModel.workspaceFileIndexData.onEntitiesChanged.ms,1788967313113000000,1788967373109000000,0
workspaceModel.full.replace.project.model.ms,1788967313113000000,1788967373109000000,0
workspaceModel.workspaceFileIndexContributor.registerFileSets.ms,1788967313113000000,1788967373109000000,0
workspaceModel.workspaceFileIndexData.getFileInfo.ms,1788967313113000000,1788967373109000000,1
workspaceModel.update.unloaded.entities.ms,1788967313113000000,1788967373109000000,0
workspaceModel.updates.precise.ms,1788967313113000000,1788967373109000000,0
Indexes.allKeys.lookupDurationAvgMs,1788967313113000000,1788967373109000000,0.0
Indexes.stubs.lookupDurationAvgMs,1788967313113000000,1788967373109000000,0.0
Indexes.entries.lookupDurationMaxMs,1788967313113000000,1788967373109000000,0.0
IndexesFlusher.totalFlushesRetried,1788967313113000000,1788967373109000000,0
IndexesFlusher.totalFlushes,1788967313113000000,1788967373109000000,59
Indexes.allKeys.lookups,1788967313113000000,1788967373109000000,0.0
Indexes.entries.lookupDurationAvgMs,1788967313113000000,1788967373109000000,0.0
Indexes.allKeys.lookupDurationMaxMs,1788967313113000000,1788967373109000000,0.0
Indexes.allKeys.lookupDuration90PMs,1788967313113000000,1788967373109000000,0.0
Indexes.entries.lookups,1788967313113000000,1788967373109000000,0.0
Indexes.stubs.lookupDurationMaxMs,1788967313113000000,1788967373109000000,0.0
Indexes.entries.lookupDuration90PMs,1788967313113000000,1788967373109000000,0.0
Indexes.stubs.lookupDuration90PMs,1788967313113000000,1788967373109000000,0.0
IndexesFlusher.totalFlushingTimeUs,1788967313113000000,1788967373109000000,274078
IndexesFlusher.totalContentionQuotaSpent,1788967313113000000,1788967373109000000,0
Indexes.stubs.lookups,1788967313113000000,1788967373109000000,0.0
jps.apply.loaded.storage.ms,1788967313113000000,1788967373109000000,0
jps.module.iml.entities.serializer.save.entities.ms,1788967313113000000,1788967373109000000,0
workspaceModel.mutableEntityStorage.replace.by.source.ms,1788967313113000000,1788967373109000000,0
workspaceModel.moduleBridgeLoader.loading.modules.ms,1788967313113000000,1788967373109000000,0
workspaceModel.mutableEntityStorage.referrers.ms,1788967313113000000,1788967373109000000,0
jps.global.handle.before.change.events.ms,1788967313113000000,1788967373109000000,0
workspaceModel.load.cache.from.file.ms,1788967313113000000,1788967373109000000,0
jps.library.entities.serializer.load.entities.ms,1788967313113000000,1788967373109000000,0
workspaceModel.global.apply.state.to.project.builder.ms,1788967313113000000,1788967373109000000,0
jps.global.get.library.by.name.ms,1788967313113000000,1788967373109000000,0
workspaceModel.mutableEntityStorage.modify.entity.ms,1788967313113000000,1788967373109000000,0
workspaceModel.mutableEntityStorage.resolve.ms,1788967313113000000,1788967373109000000,0
workspaceModel.moduleManagerBridge.newModule.ms,1788967313113000000,1788967373109000000,0
workspaceModel.global.updates.ms,1788967313113000000,1788967373109000000,0
workspaceModel.save.cache.to.file.ms,1788967313113000000,1788967373109000000,0
workspaceModel.mutableEntityStorage.apply.changes.from.ms,1788967313113000000,1788967373109000000,0
jps.project.serializers.save.ms,1788967313113000000,1788967373109000000,0
workspaceModel.mutableEntityStorage.entities.by.source.ms,1788967313113000000,1788967373109000000,0
workspaceModel.mutableEntityStorage.instances.count,1788967313113000000,1788967373109000000,0
jps.artifact.entities.serializer.save.entities.ms,1788967313113000000,1788967373109000000,0
jps.global.get.libraries.ms,1788967313113000000,1788967373109000000,0
jps.library.entities.serializer.save.entities.ms,1788967313113000000,1788967373109000000,0
workspaceModel.do.save.caches.ms,1788967313113000000,1788967373109000000,0
jps.facet.change.listener.before.change.events.ms,1788967313113000000,1788967373109000000,0
jps.global.handle.changed.events.ms,1788967313113000000,1788967373109000000,0
workspaceModel.mutableEntityStorage.has.same.entities.ms,1788967313113000000,1788967373109000000,0
jps.project.serializers.load.ms,1788967313113000000,1788967373109000000,0
workspaceModel.mutableEntityStorage.to.snapshot.ms,1788967313113000000,1788967373109000000,0
jps.storage.jps.conf.reader.load.component.ms,1788967313113000000,1788967373109000000,0
workspaceModel.moduleManagerBridge.new.nonPersistent.module.ms,1788967313113000000,1788967373109000000,0
workspaceModel.moduleManagerBridge.build.module.graph.ms,1788967313113000000,1788967373109000000,0
workspaceModel.mutableEntityStorage.entities.ms,1788967313113000000,1788967373109000000,0
workspaceModel.moduleBridge.before.changed.ms,1788967313113000000,1788967373109000000,0
jps.module.iml.entities.serializer.load.entities.ms,1788967313113000000,1788967373109000000,0
jps.load.initial.state.ms,1788967313113000000,1788967373109000000,0
workspaceModel.moduleManagerBridge.create.module.instance.ms,1788967313113000000,1788967373109000000,0
workspaceModel.orphan.listener.update.ms,1788967313113000000,1788967373109000000,0
jps.global.initialize.library.bridges.ms,1788967313113000000,1788967373109000000,0
jps.load.project.to.empty.storage.ms,1788967313113000000,1788967373109000000,0
workspaceModel.moduleBridge.update.option.ms,1788967313113000000,1788967373109000000,0
workspaceModel.moduleBridge.facet.initialization.ms,1788967313113000000,1788967373109000000,0
jps.save.changed.project.entities.ms,1788967313113000000,1788967373109000000,0
workspaceModel.global.apply.state.to.project.ms,1788967313113000000,1788967373109000000,0
jps.artifact.entities.serializer.load.entities.ms,1788967313113000000,1788967373109000000,0
workspaceModel.moduleManagerBridge.load.all.modules.ms,1788967313113000000,1788967373109000000,0
workspaceModel.mutableEntityStorage.mutable.vfurl.index.ms,1788967313113000000,1788967373109000000,0
jps.reload.project.entities.ms,1788967313113000000,1788967373109000000,0
workspaceModel.global.updates.count,1788967313113000000,1788967373109000000,0
workspaceModel.mutableEntityStorage.mutable.ext.mapping.ms,1788967313113000000,1788967373109000000,0
jps.global.get.library.ms,1788967313113000000,1788967373109000000,0
jps.app.storage.content.writer.save.component.ms,1788967313113000000,1788967373109000000,0
jps.facet.change.listener.init.bridge.ms,1788967313113000000,1788967373109000000,0
jps.app.storage.content.reader.load.component.ms,1788967313113000000,1788967373109000000,0
workspaceModel.mutableEntityStorage.put.entity.ms,1788967313113000000,1788967373109000000,0
jps.global.initialize.library.bridges.after.loading.ms,1788967313113000000,1788967373109000000,0
workspaceModel.mutableEntityStorage.collect.changes.ms,1788967313113000000,1788967373109000000,0
workspaceModel.mutableEntityStorage.add.entity.ms,1788967313113000000,1788967373109000000,0
workspaceModel.delayed.project.synchronizer.sync.ms,1788967313113000000,1788967373109000000,0
jps.save.global.entities.ms,1788967313113000000,1788967373109000000,2
workspaceModel.moduleManagerBridge.get.modules.ms,1788967313113000000,1788967373109000000,0
workspaceModel.moduleManagerBridge.set.unloadedModules.ms,1788967313113000000,1788967373109000000,0
workspaceModel.load.cache.metadata.from.file.ms,1788967313113000000,1788967373109000000,0
workspaceModel.mutableEntityStorage.remove.entity.ms,1788967313113000000,1788967373109000000,0
jps.facet.change.listener.process.change.events.ms,1788967313113000000,1788967373109000000,0
workspaceModel.sync.entities.ms,1788967313113000000,1788967373109000000,0
workspaceModel.moduleManagerBridge.load.module.ms,1788967313113000000,1788967373109000000,0
MappedFileStorage.totalPagesMapped,1788967313113000000,1788967373109000000,15
FilePageCache.totalPageDisposalsUs,1788967313113000000,1788967373109000000,0
FilePageCache.pageFastCacheHits,1788967313113000000,1788967373109000000,0
FilePageCacheLockFree.totalPagesHandedOver,1788967313113000000,1788967373109000000,0
StreamlinedBlobStorage.recordsRelocated,1788967313113000000,1788967373109000000,0
StreamlinedBlobStorage.totalLiveRecordsPayloadBytes,1788967313113000000,1788967373109000000,0
DirectByteBufferAllocator.disposed,1788967313113000000,1788967373109000000,0
MappedFileStorage.storages,1788967313113000000,1788967373109000000,15
DirectByteBufferAllocator.totalSizeOfBuffersCachedInBytes,1788967313113000000,1788967373109000000,0
FilePageCacheLockFree.totalNativeBytesReclaimed,1788967313113000000,1788967373109000000,0
FilePageCacheLockFree.nativeBytesInUse,1788967313113000000,1788967373109000000,0
FilePageCacheLockFree.totalPageAllocationsWaited,1788967313113000000,1788967373109000000,0
FilePageCache.maxCacheSizeInBytes,1788967313113000000,1788967373109000000,233848832
FilePageCache.capacityInBytes,1788967313113000000,1788967373109000000,503316478
FilePageCacheLockFree.totalBytesRead,1788967313113000000,1788967373109000000,0
FilePageCache.maxRegisteredFiles,1788967313113000000,1788967373109000000,555
FilePageCacheLockFree.totalHeapBytesReclaimed,1788967313113000000,1788967373109000000,0
FilePageCacheLockFree.totalBytesRequested,1788967313113000000,1788967373109000000,0
FilePageCacheLockFree.totalPagesRequested,1788967313113000000,1788967373109000000,0
FilePageCache.totalPageLoadsUs,1788967313113000000,1788967373109000000,0
FilePageCache.uncachedFileAccess,1788967313113000000,1788967373109000000,0
StorageLockContext.competingThreads.avg,1788967313113000000,1788967373109000000,0.0
FilePageCacheLockFree.housekeeperTurnsSkipped,1788967313113000000,1788967373109000000,0
MappedFileStorage.totalBytesMapped,1788967313113000000,1788967373109000000,198443008
DirectByteBufferAllocator.hits,1788967313113000000,1788967373109000000,0
StreamlinedBlobStorage.recordsAllocated,1788967313113000000,1788967373109000000,0
StreamlinedBlobStorage.totalLiveRecordsCapacityBytes,1788967313113000000,1788967373109000000,0
FilePageCache.pageLoadsAboveSizeThreshold,1788967313113000000,1788967373109000000,0
FilePageCacheLockFree.totalPagesWriteMs,1788967313113000000,1788967373109000000,0
FilePageCache.pageLoads,1788967313113000000,1788967373109000000,0
FileChannelInterruptsRetryer.totalRetriedAttempts,1788967313113000000,1788967373109000000,0
FilePageCacheLockFree.totalClosedStoragesReclaimed,1788967313113000000,1788967373109000000,0
FilePageCacheLockFree.totalPagesReclaimed,1788967313113000000,1788967373109000000,0
FilePageCacheLockFree.totalBytesWritten,1788967313113000000,1788967373109000000,0
FilePageCacheLockFree.totalNativeBytesAllocated,1788967313113000000,1788967373109000000,0
FilePageCache.disposedBuffers,1788967313113000000,1788967373109000000,0
FilePageCacheLockFree.heapBytesInUse,1788967313113000000,1788967373109000000,0
FilePageCacheLockFree.housekeeperTimeSpentMs,1788967313113000000,1788967373109000000,0
FilePageCacheLockFree.totalPagesAllocated,1788967313113000000,1788967373109000000,0
FilePageCacheLockFree.totalHeapBytesAllocated,1788967313113000000,1788967373109000000,0
FilePageCacheLockFree.totalPagesRequestsMs,1788967313113000000,1788967373109000000,0
DirectByteBufferAllocator.reclaimed,1788967313113000000,1788967373109000000,0
FilePageCacheLockFree.totalPagesReadMs,1788967313113000000,1788967373109000000,0
FilePageCache.pageHits,1788967313113000000,1788967373109000000,0
FilePageCacheLockFree.totalPagesWritten,1788967313113000000,1788967373109000000,0
StorageLockContext.competingThreads.90P,1788967313113000000,1788967373109000000,0
FilePageCacheLockFree.housekeeperTurnsDone,1788967313113000000,1788967373109000000,0
StorageLockContext.competingThreads.max,1788967313113000000,1788967373109000000,0
StreamlinedBlobStorage.recordsDeleted,1788967313113000000,1788967373109000000,0
MappedFileStorage.totalTimeSpentOnMappingUs,1788967313113000000,1788967373109000000,9644
DirectByteBufferAllocator.totalSizeOfBuffersAllocatedInBytes,1788967313113000000,1788967373109000000,233848832
DirectByteBufferAllocator.misses,1788967313113000000,1788967373109000000,0
compiler.ArtifactVirtualFileListener.filePathChanged.ms,1788967313113000000,1788967373109000000,0
compiler.ArtifactManagerBridge.commit.ms,1788967313113000000,1788967373109000000,0
compiler.ArtifactManagerBridge.findArtifact.ms,1788967313113000000,1788967373109000000,0
compiler.ArtifactManagerBridge.getArtifacts.ms,1788967313113000000,1788967373109000000,0
compiler.ArtifactManagerBridge.dropMappings.ms,1788967313113000000,1788967373109000000,0
compiler.ArtifactManagerBridge.initBridges.ms,1788967313113000000,1788967373109000000,0
compiler.ArtifactManagerBridge.addArtifact.ms,1788967313113000000,1788967373109000000,0
compiler.ArtifactVirtualFileListener.propertyChanged.ms,1788967313113000000,1788967373109000000,0
compiler.ArtifactManagerBridge.getArtifactsByType.ms,1788967313113000000,1788967373109000000,0
AWTEventQueue.dispatchTimeTotalNS,1788967373109000000,1788967433108000000,30496372
AWTEventQueue.dispatchTimeAvgNs,1788967373109000000,1788967433108000000,0.0
FlushQueue.waitingTimeMaxNs,1788967373109000000,1788967433108000000,0
NonBlockingReadAction.finalizedExecutionTimeUs,1788967373109000000,1788967433108000000,0
FlushQueue.queueSizeAvg,1788967373109000000,1788967433108000000,0.0
NonBlockingReadAction.failedExecutionsCount,1788967373109000000,1788967433108000000,0
ReadAction.executionsCount,1788967373109000000,1788967433108000000,66
FlushQueue.executionTimeMaxNs,1788967373109000000,1788967433108000000,0
FlushQueue.executionTimeAvgNs,1788967373109000000,1788967433108000000,0.0
FlushQueue.queueSizeMax,1788967373109000000,1788967433108000000,0
WriteAction.executionsCount,1788967373109000000,1788967433108000000,0
FlushQueue.tasksExecuted,1788967373109000000,1788967433108000000,0
FlushQueue.waitingTimeAvgNs,1788967373109000000,1788967433108000000,0.0
AWTEventQueue.dispatchTimeMaxNs,1788967373109000000,1788967433108000000,0
FlushQueue.executionTime90PNs,1788967373109000000,1788967433108000000,0
NonBlockingReadAction.failedExecutionTimeUs,1788967373109000000,1788967433108000000,0
AWTEventQueue.dispatchTime90PNs,1788967373109000000,1788967433108000000,0
FlushQueue.queueSize90P,1788967373109000000,1788967433108000000,0
FlushQueue.waitingTime90PNs,1788967373109000000,1788967433108000000,0
NonBlockingReadAction.finalizedExecutionsCount,1788967373109000000,1788967433108000000,0
AWTEventQueue.eventsDispatched,1788967373109000000,1788967433108000000,0
writeAction.wait.ms,1788967373109000000,1788967433108000000,0
writeAction.median.wait.ms,1788967373109000000,1788967433108000000,0
writeAction.max.wait.ms,1788967373109000000,1788967433108000000,11
writeAction.count,1788967373109000000,1788967433108000000,0
JVM.newThreadsCount,1788967373109000000,1788967433108000000,0
JVM.maxThreadCount,1788967373109000000,1788967433108000000,186
JVM.totalCpuTimeMs,1788967373109000000,1788967433108000000,765
OS.loadAverage,1788967373109000000,1788967433108000000,2.748046875
JVM.GC.collectionTimesMs,1788967373109000000,1788967433108000000,0
JVM.maxHeapBytes,1788967373109000000,1788967433108000000,2147483648
JVM.GC.collections,1788967373109000000,1788967433108000000,0
JVM.threadCount,1788967373109000000,1788967433108000000,54
JVM.totalBytesAllocated,1788967373109000000,1788967433108000000,10153728
JVM.totalDirectByteBuffersBytes,1788967373109000000,1788967433108000000,234125483
JVM.usedHeapBytes,1788967373109000000,1788967433108000000,302270656
JVM.usedNativeBytes,1788967373109000000,1788967433108000000,331981112
cacheStateStorage.set.counter,1788967373109000000,1788967433108000000,0
cacheStateStorage.set.duration,1788967373109000000,1788967433108000000,0
cacheStateStorage.get.counter,1788967373109000000,1788967433108000000,0
cacheStateStorage.get.duration,1788967373109000000,1788967433108000000,0
VFS.fileByIdCache.misses,1788967373109000000,1788967433108000000,0
FileNameCache.queries,1788967373109000000,1788967433108000000,64
VFS.fileChildByName,1788967373109000000,1788967433108000000,9
FileNameCache.totalMisses,1788967373109000000,1788967433108000000,0
VFS.invertedFileNameIndex.requests,1788967373109000000,1788967433108000000,0
VFS.fileByIdCache.hits,1788967373109000000,1788967433108000000,0
workspaceModel.loading.from.cache.ms,1788967373109000000,1788967433108000000,0
workspaceModel.check.recursive.update.ms,1788967373109000000,1788967433108000000,0
workspaceModel.cachedValue.from.cache.ms,1788967373109000000,1788967433108000000,0
workspaceModel.cachedValue.clear.ms,1788967373109000000,1788967433108000000,0
workspaceModel.workspaceFileIndexData.getPackageName.ms,1788967373109000000,1788967433108000000,0
workspaceModel.replace.project.model.ms,1788967373109000000,1788967433108000000,0
workspaceModel.initializing.ms,1788967373109000000,1788967433108000000,0
workspaceModel.updates.count,1788967373109000000,1788967433108000000,0
workspaceModel.cachedValueWithParameters.clear.ms,1788967373109000000,1788967433108000000,0
workspaceModel.cachedValueWithParameters.calculated.ms,1788967373109000000,1788967433108000000,0
workspaceModel.workspaceFileIndexData.init.ms,1788967373109000000,1788967433108000000,0
workspaceModel.workspaceFileIndexData.instances.count,1788967373109000000,1788967433108000000,0
workspaceModel.pre.handlers.ms,1788967373109000000,1788967433108000000,0
workspaceModel.collect.changes.ms,1788967373109000000,1788967433108000000,0
workspaceModel.cachedValue.total.get.ms,1788967373109000000,1788967433108000000,0
workspaceModel.entityStorageSnapshotImpl.instances.count,1788967373109000000,1788967433108000000,0
workspaceModel.init.bridges.ms,1788967373109000000,1788967433108000000,0
workspaceModel.workspaceFileIndexData.processFileSets.ms,1788967373109000000,1788967433108000000,0
workspaceModel.workspaceFileIndexData.visitFileSets.ms,1788967373109000000,1788967433108000000,0
workspaceModel.workspaceFileIndexData.markDirty.ms,1788967373109000000,1788967433108000000,0
workspaceModel.to.snapshot.ms,1788967373109000000,1788967433108000000,0
workspaceModel.workspaceFileIndexData.getDirectoriesByPackageName.ms,1788967373109000000,1788967433108000000,0
workspaceModel.updates.ms,1788967373109000000,1788967433108000000,0
workspaceModel.loading.total.ms,1788967373109000000,1788967433108000000,0
workspaceModel.cachedValue.calculated.ms,1788967373109000000,1788967433108000000,0
workspaceModel.cachedValueWithParameters.from.cache.ms,1788967373109000000,1788967433108000000,0
workspaceModel.workspaceFileIndexData.updateDirtyEntities.ms,1788967373109000000,1788967433108000000,0
workspaceModel.cachedValueWithParameters.total.get.ms,1788967373109000000,1788967433108000000,0
workspaceModel.workspaceFileIndexData.onEntitiesChanged.ms,1788967373109000000,1788967433108000000,0
workspaceModel.full.replace.project.model.ms,1788967373109000000,1788967433108000000,0
workspaceModel.workspaceFileIndexContributor.registerFileSets.ms,1788967373109000000,1788967433108000000,0
workspaceModel.workspaceFileIndexData.getFileInfo.ms,1788967373109000000,1788967433108000000,0
workspaceModel.update.unloaded.entities.ms,1788967373109000000,1788967433108000000,0
workspaceModel.updates.precise.ms,1788967373109000000,1788967433108000000,0
Indexes.allKeys.lookupDurationAvgMs,1788967373109000000,1788967433108000000,0.0
Indexes.stubs.lookupDurationAvgMs,1788967373109000000,1788967433108000000,0.0
Indexes.entries.lookupDurationMaxMs,1788967373109000000,1788967433108000000,0.0
IndexesFlusher.totalFlushesRetried,1788967373109000000,1788967433108000000,0
IndexesFlusher.totalFlushes,1788967373109000000,1788967433108000000,59
Indexes.allKeys.lookups,1788967373109000000,1788967433108000000,0.0
Indexes.entries.lookupDurationAvgMs,1788967373109000000,1788967433108000000,0.0
Indexes.allKeys.lookupDurationMaxMs,1788967373109000000,1788967433108000000,0.0
Indexes.allKeys.lookupDuration90PMs,1788967373109000000,1788967433108000000,0.0
Indexes.entries.lookups,1788967373109000000,1788967433108000000,0.0
Indexes.stubs.lookupDurationMaxMs,1788967373109000000,1788967433108000000,0.0
Indexes.entries.lookupDuration90PMs,1788967373109000000,1788967433108000000,0.0
Indexes.stubs.lookupDuration90PMs,1788967373109000000,1788967433108000000,0.0
IndexesFlusher.totalFlushingTimeUs,1788967373109000000,1788967433108000000,238506
IndexesFlusher.totalContentionQuotaSpent,1788967373109000000,1788967433108000000,0
Indexes.stubs.lookups,1788967373109000000,1788967433108000000,0.0
jps.apply.loaded.storage.ms,1788967373109000000,1788967433108000000,0
jps.module.iml.entities.serializer.save.entities.ms,1788967373109000000,1788967433108000000,0
workspaceModel.mutableEntityStorage.replace.by.source.ms,1788967373109000000,1788967433108000000,0
workspaceModel.moduleBridgeLoader.loading.modules.ms,1788967373109000000,1788967433108000000,0
workspaceModel.mutableEntityStorage.referrers.ms,1788967373109000000,1788967433108000000,0
jps.global.handle.before.change.events.ms,1788967373109000000,1788967433108000000,0
workspaceModel.load.cache.from.file.ms,1788967373109000000,1788967433108000000,0
jps.library.entities.serializer.load.entities.ms,1788967373109000000,1788967433108000000,0
workspaceModel.global.apply.state.to.project.builder.ms,1788967373109000000,1788967433108000000,0
jps.global.get.library.by.name.ms,1788967373109000000,1788967433108000000,0
workspaceModel.mutableEntityStorage.modify.entity.ms,1788967373109000000,1788967433108000000,0
workspaceModel.mutableEntityStorage.resolve.ms,1788967373109000000,1788967433108000000,0
workspaceModel.moduleManagerBridge.newModule.ms,1788967373109000000,1788967433108000000,0
workspaceModel.global.updates.ms,1788967373109000000,1788967433108000000,0
workspaceModel.save.cache.to.file.ms,1788967373109000000,1788967433108000000,0
workspaceModel.mutableEntityStorage.apply.changes.from.ms,1788967373109000000,1788967433108000000,0
jps.project.serializers.save.ms,1788967373109000000,1788967433108000000,0
workspaceModel.mutableEntityStorage.entities.by.source.ms,1788967373109000000,1788967433108000000,0
workspaceModel.mutableEntityStorage.instances.count,1788967373109000000,1788967433108000000,0
jps.artifact.entities.serializer.save.entities.ms,1788967373109000000,1788967433108000000,0
jps.global.get.libraries.ms,1788967373109000000,1788967433108000000,0
jps.library.entities.serializer.save.entities.ms,1788967373109000000,1788967433108000000,0
workspaceModel.do.save.caches.ms,1788967373109000000,1788967433108000000,0
jps.facet.change.listener.before.change.events.ms,1788967373109000000,1788967433108000000,0
jps.global.handle.changed.events.ms,1788967373109000000,1788967433108000000,0
workspaceModel.mutableEntityStorage.has.same.entities.ms,1788967373109000000,1788967433108000000,0
jps.project.serializers.load.ms,1788967373109000000,1788967433108000000,0
workspaceModel.mutableEntityStorage.to.snapshot.ms,1788967373109000000,1788967433108000000,0
jps.storage.jps.conf.reader.load.component.ms,1788967373109000000,1788967433108000000,0
workspaceModel.moduleManagerBridge.new.nonPersistent.module.ms,1788967373109000000,1788967433108000000,0
workspaceModel.moduleManagerBridge.build.module.graph.ms,1788967373109000000,1788967433108000000,0
workspaceModel.mutableEntityStorage.entities.ms,1788967373109000000,1788967433108000000,0
workspaceModel.moduleBridge.before.changed.ms,1788967373109000000,1788967433108000000,0
jps.module.iml.entities.serializer.load.entities.ms,1788967373109000000,1788967433108000000,0
jps.load.initial.state.ms,1788967373109000000,1788967433108000000,0
workspaceModel.moduleManagerBridge.create.module.instance.ms,1788967373109000000,1788967433108000000,0
workspaceModel.orphan.listener.update.ms,1788967373109000000,1788967433108000000,0
jps.global.initialize.library.bridges.ms,1788967373109000000,1788967433108000000,0
jps.load.project.to.empty.storage.ms,1788967373109000000,1788967433108000000,0
workspaceModel.moduleBridge.update.option.ms,1788967373109000000,1788967433108000000,0
workspaceModel.moduleBridge.facet.initialization.ms,1788967373109000000,1788967433108000000,0
jps.save.changed.project.entities.ms,1788967373109000000,1788967433108000000,0
workspaceModel.global.apply.state.to.project.ms,1788967373109000000,1788967433108000000,0
jps.artifact.entities.serializer.load.entities.ms,1788967373109000000,1788967433108000000,0
workspaceModel.moduleManagerBridge.load.all.modules.ms,1788967373109000000,1788967433108000000,0
workspaceModel.mutableEntityStorage.mutable.vfurl.index.ms,1788967373109000000,1788967433108000000,0
jps.reload.project.entities.ms,1788967373109000000,1788967433108000000,0
workspaceModel.global.updates.count,1788967373109000000,1788967433108000000,0
workspaceModel.mutableEntityStorage.mutable.ext.mapping.ms,1788967373109000000,1788967433108000000,0
jps.global.get.library.ms,1788967373109000000,1788967433108000000,0
jps.app.storage.content.writer.save.component.ms,1788967373109000000,1788967433108000000,0
jps.facet.change.listener.init.bridge.ms,1788967373109000000,1788967433108000000,0
jps.app.storage.content.reader.load.component.ms,1788967373109000000,1788967433108000000,0
workspaceModel.mutableEntityStorage.put.entity.ms,1788967373109000000,1788967433108000000,0
jps.global.initialize.library.bridges.after.loading.ms,1788967373109000000,1788967433108000000,0
workspaceModel.mutableEntityStorage.collect.changes.ms,1788967373109000000,1788967433108000000,0
workspaceModel.mutableEntityStorage.add.entity.ms,1788967373109000000,1788967433108000000,0
workspaceModel.delayed.project.synchronizer.sync.ms,1788967373109000000,1788967433108000000,0
jps.save.global.entities.ms,1788967373109000000,1788967433108000000,0
workspaceModel.moduleManagerBridge.get.modules.ms,1788967373109000000,1788967433108000000,0
workspaceModel.moduleManagerBridge.set.unloadedModules.ms,1788967373109000000,1788967433108000000,0
workspaceModel.load.cache.metadata.from.file.ms,1788967373109000000,1788967433108000000,0
workspaceModel.mutableEntityStorage.remove.entity.ms,1788967373109000000,1788967433108000000,0
jps.facet.change.listener.process.change.events.ms,1788967373109000000,1788967433108000000,0
workspaceModel.sync.entities.ms,1788967373109000000,1788967433108000000,0
workspaceModel.moduleManagerBridge.load.module.ms,1788967373109000000,1788967433108000000,0
MappedFileStorage.totalPagesMapped,1788967373109000000,1788967433108000000,15
FilePageCache.totalPageDisposalsUs,1788967373109000000,1788967433108000000,0
FilePageCache.pageFastCacheHits,1788967373109000000,1788967433108000000,0
FilePageCacheLockFree.totalPagesHandedOver,1788967373109000000,1788967433108000000,0
StreamlinedBlobStorage.recordsRelocated,1788967373109000000,1788967433108000000,0
StreamlinedBlobStorage.totalLiveRecordsPayloadBytes,1788967373109000000,1788967433108000000,0
DirectByteBufferAllocator.disposed,1788967373109000000,1788967433108000000,0
MappedFileStorage.storages,1788967373109000000,1788967433108000000,15
DirectByteBufferAllocator.totalSizeOfBuffersCachedInBytes,1788967373109000000,1788967433108000000,0
FilePageCacheLockFree.totalNativeBytesReclaimed,1788967373109000000,1788967433108000000,0
FilePageCacheLockFree.nativeBytesInUse,1788967373109000000,1788967433108000000,0
FilePageCacheLockFree.totalPageAllocationsWaited,1788967373109000000,1788967433108000000,0
FilePageCache.maxCacheSizeInBytes,1788967373109000000,1788967433108000000,233848832
FilePageCache.capacityInBytes,1788967373109000000,1788967433108000000,503316478
FilePageCacheLockFree.totalBytesRead,1788967373109000000,1788967433108000000,0
FilePageCache.maxRegisteredFiles,1788967373109000000,1788967433108000000,555
FilePageCacheLockFree.totalHeapBytesReclaimed,1788967373109000000,1788967433108000000,0
FilePageCacheLockFree.totalBytesRequested,1788967373109000000,1788967433108000000,0
FilePageCacheLockFree.totalPagesRequested,1788967373109000000,1788967433108000000,0
FilePageCache.totalPageLoadsUs,1788967373109000000,1788967433108000000,0
FilePageCache.uncachedFileAccess,1788967373109000000,1788967433108000000,0
StorageLockContext.competingThreads.avg,1788967373109000000,1788967433108000000,0.0
FilePageCacheLockFree.housekeeperTurnsSkipped,1788967373109000000,1788967433108000000,0
MappedFileStorage.totalBytesMapped,1788967373109000000,1788967433108000000,198443008
DirectByteBufferAllocator.hits,1788967373109000000,1788967433108000000,0
StreamlinedBlobStorage.recordsAllocated,1788967373109000000,1788967433108000000,0
StreamlinedBlobStorage.totalLiveRecordsCapacityBytes,1788967373109000000,1788967433108000000,0
FilePageCache.pageLoadsAboveSizeThreshold,1788967373109000000,1788967433108000000,0
FilePageCacheLockFree.totalPagesWriteMs,1788967373109000000,1788967433108000000,0
FilePageCache.pageLoads,1788967373109000000,1788967433108000000,0
FileChannelInterruptsRetryer.totalRetriedAttempts,1788967373109000000,1788967433108000000,0
FilePageCacheLockFree.totalClosedStoragesReclaimed,1788967373109000000,1788967433108000000,0
FilePageCacheLockFree.totalPagesReclaimed,1788967373109000000,1788967433108000000,0
FilePageCacheLockFree.totalBytesWritten,1788967373109000000,1788967433108000000,0
FilePageCacheLockFree.totalNativeBytesAllocated,1788967373109000000,1788967433108000000,0
FilePageCache.disposedBuffers,1788967373109000000,1788967433108000000,0
FilePageCacheLockFree.heapBytesInUse,1788967373109000000,1788967433108000000,0
FilePageCacheLockFree.housekeeperTimeSpentMs,1788967373109000000,1788967433108000000,0
FilePageCacheLockFree.totalPagesAllocated,1788967373109000000,1788967433108000000,0
FilePageCacheLockFree.totalHeapBytesAllocated,1788967373109000000,1788967433108000000,0
FilePageCacheLockFree.totalPagesRequestsMs,1788967373109000000,1788967433108000000,0
DirectByteBufferAllocator.reclaimed,1788967373109000000,1788967433108000000,0
FilePageCacheLockFree.totalPagesReadMs,1788967373109000000,1788967433108000000,0
FilePageCache.pageHits,1788967373109000000,1788967433108000000,0
FilePageCacheLockFree.totalPagesWritten,1788967373109000000,1788967433108000000,0
StorageLockContext.competingThreads.90P,1788967373109000000,1788967433108000000,0
FilePageCacheLockFree.housekeeperTurnsDone,1788967373109000000,1788967433108000000,0
StorageLockContext.competingThreads.max,1788967373109000000,1788967433108000000,0
StreamlinedBlobStorage.recordsDeleted,1788967373109000000,1788967433108000000,0
MappedFileStorage.totalTimeSpentOnMappingUs,1788967373109000000,1788967433108000000,9644
DirectByteBufferAllocator.totalSizeOfBuffersAllocatedInBytes,1788967373109000000,1788967433108000000,233848832
DirectByteBufferAllocator.misses,1788967373109000000,1788967433108000000,0
compiler.ArtifactVirtualFileListener.filePathChanged.ms,1788967373109000000,1788967433108000000,0
compiler.ArtifactManagerBridge.commit.ms,1788967373109000000,1788967433108000000,0
compiler.ArtifactManagerBridge.findArtifact.ms,1788967373109000000,1788967433108000000,0
compiler.ArtifactManagerBridge.getArtifacts.ms,1788967373109000000,1788967433108000000,0
compiler.ArtifactManagerBridge.dropMappings.ms,1788967373109000000,1788967433108000000,0
compiler.ArtifactManagerBridge.initBridges.ms,1788967373109000000,1788967433108000000,0
compiler.ArtifactManagerBridge.addArtifact.ms,1788967373109000000,1788967433108000000,0
compiler.ArtifactVirtualFileListener.propertyChanged.ms,1788967373109000000,1788967433108000000,0
compiler.ArtifactManagerBridge.getArtifactsByType.ms,1788967373109000000,1788967433108000000,0
AWTEventQueue.dispatchTimeTotalNS,1788967433108000000,1788967493103000000,26634042
AWTEventQueue.dispatchTimeAvgNs,1788967433108000000,1788967493103000000,0.0
FlushQueue.waitingTimeMaxNs,1788967433108000000,1788967493103000000,0
NonBlockingReadAction.finalizedExecutionTimeUs,1788967433108000000,1788967493103000000,0
FlushQueue.queueSizeAvg,1788967433108000000,1788967493103000000,0.0
NonBlockingReadAction.failedExecutionsCount,1788967433108000000,1788967493103000000,0
ReadAction.executionsCount,1788967433108000000,1788967493103000000,0
FlushQueue.executionTimeMaxNs,1788967433108000000,1788967493103000000,0
FlushQueue.executionTimeAvgNs,1788967433108000000,1788967493103000000,0.0
FlushQueue.queueSizeMax,1788967433108000000,1788967493103000000,0
WriteAction.executionsCount,1788967433108000000,1788967493103000000,0
FlushQueue.tasksExecuted,1788967433108000000,1788967493103000000,0
FlushQueue.waitingTimeAvgNs,1788967433108000000,1788967493103000000,0.0
AWTEventQueue.dispatchTimeMaxNs,1788967433108000000,1788967493103000000,0
FlushQueue.executionTime90PNs,1788967433108000000,1788967493103000000,0
NonBlockingReadAction.failedExecutionTimeUs,1788967433108000000,1788967493103000000,0
AWTEventQueue.dispatchTime90PNs,1788967433108000000,1788967493103000000,0
FlushQueue.queueSize90P,1788967433108000000,1788967493103000000,0
FlushQueue.waitingTime90PNs,1788967433108000000,1788967493103000000,0
NonBlockingReadAction.finalizedExecutionsCount,1788967433108000000,1788967493103000000,0
AWTEventQueue.eventsDispatched,1788967433108000000,1788967493103000000,0
writeAction.wait.ms,1788967433108000000,1788967493103000000,0
writeAction.median.wait.ms,1788967433108000000,1788967493103000000,0
writeAction.max.wait.ms,1788967433108000000,1788967493103000000,11
writeAction.count,1788967433108000000,1788967493103000000,0
JVM.newThreadsCount,1788967433108000000,1788967493103000000,0
JVM.maxThreadCount,1788967433108000000,1788967493103000000,186
JVM.totalCpuTimeMs,1788967433108000000,1788967493103000000,745
OS.loadAverage,1788967433108000000,1788967493103000000,2.8173828125
JVM.GC.collectionTimesMs,1788967433108000000,1788967493103000000,0
JVM.maxHeapBytes,1788967433108000000,1788967493103000000,2147483648
JVM.GC.collections,1788967433108000000,1788967493103000000,0
JVM.threadCount,1788967433108000000,1788967493103000000,53
JVM.totalBytesAllocated,1788967433108000000,1788967493103000000,8958736
JVM.totalDirectByteBuffersBytes,1788967433108000000,1788967493103000000,234125483
JVM.usedHeapBytes,1788967433108000000,1788967493103000000,311707840
JVM.usedNativeBytes,1788967433108000000,1788967493103000000,332015840
cacheStateStorage.set.counter,1788967433108000000,1788967493103000000,0
cacheStateStorage.set.duration,1788967433108000000,1788967493103000000,0
cacheStateStorage.get.counter,1788967433108000000,1788967493103000000,0
cacheStateStorage.get.duration,1788967433108000000,1788967493103000000,0
VFS.fileByIdCache.misses,1788967433108000000,1788967493103000000,0
FileNameCache.queries,1788967433108000000,1788967493103000000,0
VFS.fileChildByName,1788967433108000000,1788967493103000000,0
FileNameCache.totalMisses,1788967433108000000,1788967493103000000,0
VFS.invertedFileNameIndex.requests,1788967433108000000,1788967493103000000,0
VFS.fileByIdCache.hits,1788967433108000000,1788967493103000000,0
workspaceModel.loading.from.cache.ms,1788967433108000000,1788967493103000000,0
workspaceModel.check.recursive.update.ms,1788967433108000000,1788967493103000000,0
workspaceModel.cachedValue.from.cache.ms,1788967433108000000,1788967493103000000,0
workspaceModel.cachedValue.clear.ms,1788967433108000000,1788967493103000000,0
workspaceModel.workspaceFileIndexData.getPackageName.ms,1788967433108000000,1788967493103000000,0
workspaceModel.replace.project.model.ms,1788967433108000000,1788967493103000000,0
workspaceModel.initializing.ms,1788967433108000000,1788967493103000000,0
workspaceModel.updates.count,1788967433108000000,1788967493103000000,0
workspaceModel.cachedValueWithParameters.clear.ms,1788967433108000000,1788967493103000000,0
workspaceModel.cachedValueWithParameters.calculated.ms,1788967433108000000,1788967493103000000,0
workspaceModel.workspaceFileIndexData.init.ms,1788967433108000000,1788967493103000000,0
workspaceModel.workspaceFileIndexData.instances.count,1788967433108000000,1788967493103000000,0
workspaceModel.pre.handlers.ms,1788967433108000000,1788967493103000000,0
workspaceModel.collect.changes.ms,1788967433108000000,1788967493103000000,0
workspaceModel.cachedValue.total.get.ms,1788967433108000000,1788967493103000000,0
workspaceModel.entityStorageSnapshotImpl.instances.count,1788967433108000000,1788967493103000000,0
workspaceModel.init.bridges.ms,1788967433108000000,1788967493103000000,0
workspaceModel.workspaceFileIndexData.processFileSets.ms,1788967433108000000,1788967493103000000,0
workspaceModel.workspaceFileIndexData.visitFileSets.ms,1788967433108000000,1788967493103000000,0
workspaceModel.workspaceFileIndexData.markDirty.ms,1788967433108000000,1788967493103000000,0
workspaceModel.to.snapshot.ms,1788967433108000000,1788967493103000000,0
workspaceModel.workspaceFileIndexData.getDirectoriesByPackageName.ms,1788967433108000000,1788967493103000000,0
workspaceModel.updates.ms,1788967433108000000,1788967493103000000,0
workspaceModel.loading.total.ms,1788967433108000000,1788967493103000000,0
workspaceModel.cachedValue.calculated.ms,1788967433108000000,1788967493103000000,0
workspaceModel.cachedValueWithParameters.from.cache.ms,1788967433108000000,1788967493103000000,0
workspaceModel.workspaceFileIndexData.updateDirtyEntities.ms,1788967433108000000,1788967493103000000,0
workspaceModel.cachedValueWithParameters.total.get.ms,1788967433108000000,1788967493103000000,0
workspaceModel.workspaceFileIndexData.onEntitiesChanged.ms,1788967433108000000,1788967493103000000,0
workspaceModel.full.replace.project.model.ms,1788967433108000000,1788967493103000000,0
workspaceModel.workspaceFileIndexContributor.registerFileSets.ms,1788967433108000000,1788967493103000000,0
workspaceModel.workspaceFileIndexData.getFileInfo.ms,1788967433108000000,1788967493103000000,0
workspaceModel.update.unloaded.entities.ms,1788967433108000000,1788967493103000000,0
workspaceModel.updates.precise.ms,1788967433108000000,1788967493103000000,0
Indexes.allKeys.lookupDurationAvgMs,1788967433108000000,1788967493103000000,0.0
Indexes.stubs.lookupDurationAvgMs,1788967433108000000,1788967493103000000,0.0
Indexes.entries.lookupDurationMaxMs,1788967433108000000,1788967493103000000,0.0
IndexesFlusher.totalFlushesRetried,1788967433108000000,1788967493103000000,0
IndexesFlusher.totalFlushes,1788967433108000000,1788967493103000000,59
Indexes.allKeys.lookups,1788967433108000000,1788967493103000000,0.0
Indexes.entries.lookupDurationAvgMs,1788967433108000000,1788967493103000000,0.0
Indexes.allKeys.lookupDurationMaxMs,1788967433108000000,1788967493103000000,0.0
Indexes.allKeys.lookupDuration90PMs,1788967433108000000,1788967493103000000,0.0
Indexes.entries.lookups,1788967433108000000,1788967493103000000,0.0
Indexes.stubs.lookupDurationMaxMs,1788967433108000000,1788967493103000000,0.0
Indexes.entries.lookupDuration90PMs,1788967433108000000,1788967493103000000,0.0
Indexes.stubs.lookupDuration90PMs,1788967433108000000,1788967493103000000,0.0
IndexesFlusher.totalFlushingTimeUs,1788967433108000000,1788967493103000000,270693
IndexesFlusher.totalContentionQuotaSpent,1788967433108000000,1788967493103000000,0
Indexes.stubs.lookups,1788967433108000000,1788967493103000000,0.0
jps.apply.loaded.storage.ms,1788967433108000000,1788967493103000000,0
jps.module.iml.entities.serializer.save.entities.ms,1788967433108000000,1788967493103000000,0
workspaceModel.mutableEntityStorage.replace.by.source.ms,1788967433108000000,1788967493103000000,0
workspaceModel.moduleBridgeLoader.loading.modules.ms,1788967433108000000,1788967493103000000,0
workspaceModel.mutableEntityStorage.referrers.ms,1788967433108000000,1788967493103000000,0
jps.global.handle.before.change.events.ms,1788967433108000000,1788967493103000000,0
workspaceModel.load.cache.from.file.ms,1788967433108000000,1788967493103000000,0
jps.library.entities.serializer.load.entities.ms,1788967433108000000,1788967493103000000,0
workspaceModel.global.apply.state.to.project.builder.ms,1788967433108000000,1788967493103000000,0
jps.global.get.library.by.name.ms,1788967433108000000,1788967493103000000,0
workspaceModel.mutableEntityStorage.modify.entity.ms,1788967433108000000,1788967493103000000,0
workspaceModel.mutableEntityStorage.resolve.ms,1788967433108000000,1788967493103000000,0
workspaceModel.moduleManagerBridge.newModule.ms,1788967433108000000,1788967493103000000,0
workspaceModel.global.updates.ms,1788967433108000000,1788967493103000000,0
workspaceModel.save.cache.to.file.ms,1788967433108000000,1788967493103000000,0
workspaceModel.mutableEntityStorage.apply.changes.from.ms,1788967433108000000,1788967493103000000,0
jps.project.serializers.save.ms,1788967433108000000,1788967493103000000,0
workspaceModel.mutableEntityStorage.entities.by.source.ms,1788967433108000000,1788967493103000000,0
workspaceModel.mutableEntityStorage.instances.count,1788967433108000000,1788967493103000000,0
jps.artifact.entities.serializer.save.entities.ms,1788967433108000000,1788967493103000000,0
jps.global.get.libraries.ms,1788967433108000000,1788967493103000000,0
jps.library.entities.serializer.save.entities.ms,1788967433108000000,1788967493103000000,0
workspaceModel.do.save.caches.ms,1788967433108000000,1788967493103000000,0
jps.facet.change.listener.before.change.events.ms,1788967433108000000,1788967493103000000,0
jps.global.handle.changed.events.ms,1788967433108000000,1788967493103000000,0
workspaceModel.mutableEntityStorage.has.same.entities.ms,1788967433108000000,1788967493103000000,0
jps.project.serializers.load.ms,1788967433108000000,1788967493103000000,0
workspaceModel.mutableEntityStorage.to.snapshot.ms,1788967433108000000,1788967493103000000,0
jps.storage.jps.conf.reader.load.component.ms,1788967433108000000,1788967493103000000,0
workspaceModel.moduleManagerBridge.new.nonPersistent.module.ms,1788967433108000000,1788967493103000000,0
workspaceModel.moduleManagerBridge.build.module.graph.ms,1788967433108000000,1788967493103000000,0
workspaceModel.mutableEntityStorage.entities.ms,1788967433108000000,1788967493103000000,0
workspaceModel.moduleBridge.before.changed.ms,1788967433108000000,1788967493103000000,0
jps.module.iml.entities.serializer.load.entities.ms,1788967433108000000,1788967493103000000,0
jps.load.initial.state.ms,1788967433108000000,1788967493103000000,0
workspaceModel.moduleManagerBridge.create.module.instance.ms,1788967433108000000,1788967493103000000,0
workspaceModel.orphan.listener.update.ms,1788967433108000000,1788967493103000000,0
jps.global.initialize.library.bridges.ms,1788967433108000000,1788967493103000000,0
jps.load.project.to.empty.storage.ms,1788967433108000000,1788967493103000000,0
workspaceModel.moduleBridge.update.option.ms,1788967433108000000,1788967493103000000,0
workspaceModel.moduleBridge.facet.initialization.ms,1788967433108000000,1788967493103000000,0
jps.save.changed.project.entities.ms,1788967433108000000,1788967493103000000,0
workspaceModel.global.apply.state.to.project.ms,1788967433108000000,1788967493103000000,0
jps.artifact.entities.serializer.load.entities.ms,1788967433108000000,1788967493103000000,0
workspaceModel.moduleManagerBridge.load.all.modules.ms,1788967433108000000,1788967493103000000,0
workspaceModel.mutableEntityStorage.mutable.vfurl.index.ms,1788967433108000000,1788967493103000000,0
jps.reload.project.entities.ms,1788967433108000000,1788967493103000000,0
workspaceModel.global.updates.count,1788967433108000000,1788967493103000000,0
workspaceModel.mutableEntityStorage.mutable.ext.mapping.ms,1788967433108000000,1788967493103000000,0
jps.global.get.library.ms,1788967433108000000,1788967493103000000,0
jps.app.storage.content.writer.save.component.ms,1788967433108000000,1788967493103000000,0
jps.facet.change.listener.init.bridge.ms,1788967433108000000,1788967493103000000,0
jps.app.storage.content.reader.load.component.ms,1788967433108000000,1788967493103000000,0
workspaceModel.mutableEntityStorage.put.entity.ms,1788967433108000000,1788967493103000000,0
jps.global.initialize.library.bridges.after.loading.ms,1788967433108000000,1788967493103000000,0
workspaceModel.mutableEntityStorage.collect.changes.ms,1788967433108000000,1788967493103000000,0
workspaceModel.mutableEntityStorage.add.entity.ms,1788967433108000000,1788967493103000000,0
workspaceModel.delayed.project.synchronizer.sync.ms,1788967433108000000,1788967493103000000,0
jps.save.global.entities.ms,1788967433108000000,1788967493103000000,0
workspaceModel.moduleManagerBridge.get.modules.ms,1788967433108000000,1788967493103000000,0
workspaceModel.moduleManagerBridge.set.unloadedModules.ms,1788967433108000000,1788967493103000000,0
workspaceModel.load.cache.metadata.from.file.ms,1788967433108000000,1788967493103000000,0
workspaceModel.mutableEntityStorage.remove.entity.ms,1788967433108000000,1788967493103000000,0
jps.facet.change.listener.process.change.events.ms,1788967433108000000,1788967493103000000,0
workspaceModel.sync.entities.ms,1788967433108000000,1788967493103000000,0
workspaceModel.moduleManagerBridge.load.module.ms,1788967433108000000,1788967493103000000,0
MappedFileStorage.totalPagesMapped,1788967433108000000,1788967493103000000,15
FilePageCache.totalPageDisposalsUs,1788967433108000000,1788967493103000000,0
FilePageCache.pageFastCacheHits,1788967433108000000,1788967493103000000,0
FilePageCacheLockFree.totalPagesHandedOver,1788967433108000000,1788967493103000000,0
StreamlinedBlobStorage.recordsRelocated,1788967433108000000,1788967493103000000,0
StreamlinedBlobStorage.totalLiveRecordsPayloadBytes,1788967433108000000,1788967493103000000,0
DirectByteBufferAllocator.disposed,1788967433108000000,1788967493103000000,0
MappedFileStorage.storages,1788967433108000000,1788967493103000000,15
DirectByteBufferAllocator.totalSizeOfBuffersCachedInBytes,1788967433108000000,1788967493103000000,0
FilePageCacheLockFree.totalNativeBytesReclaimed,1788967433108000000,1788967493103000000,0
FilePageCacheLockFree.nativeBytesInUse,1788967433108000000,1788967493103000000,0
FilePageCacheLockFree.totalPageAllocationsWaited,1788967433108000000,1788967493103000000,0
FilePageCache.maxCacheSizeInBytes,1788967433108000000,1788967493103000000,233848832
FilePageCache.capacityInBytes,1788967433108000000,1788967493103000000,503316478
FilePageCacheLockFree.totalBytesRead,1788967433108000000,1788967493103000000,0
FilePageCache.maxRegisteredFiles,1788967433108000000,1788967493103000000,555
FilePageCacheLockFree.totalHeapBytesReclaimed,1788967433108000000,1788967493103000000,0
FilePageCacheLockFree.totalBytesRequested,1788967433108000000,1788967493103000000,0
FilePageCacheLockFree.totalPagesRequested,1788967433108000000,1788967493103000000,0
FilePageCache.totalPageLoadsUs,1788967433108000000,1788967493103000000,0
FilePageCache.uncachedFileAccess,1788967433108000000,1788967493103000000,0
StorageLockContext.competingThreads.avg,1788967433108000000,1788967493103000000,0.0
FilePageCacheLockFree.housekeeperTurnsSkipped,1788967433108000000,1788967493103000000,0
MappedFileStorage.totalBytesMapped,1788967433108000000,1788967493103000000,198443008
DirectByteBufferAllocator.hits,1788967433108000000,1788967493103000000,0
StreamlinedBlobStorage.recordsAllocated,1788967433108000000,1788967493103000000,0
StreamlinedBlobStorage.totalLiveRecordsCapacityBytes,1788967433108000000,1788967493103000000,0
FilePageCache.pageLoadsAboveSizeThreshold,1788967433108000000,1788967493103000000,0
FilePageCacheLockFree.totalPagesWriteMs,1788967433108000000,1788967493103000000,0
FilePageCache.pageLoads,1788967433108000000,1788967493103000000,0
FileChannelInterruptsRetryer.totalRetriedAttempts,1788967433108000000,1788967493103000000,0
FilePageCacheLockFree.totalClosedStoragesReclaimed,1788967433108000000,1788967493103000000,0
FilePageCacheLockFree.totalPagesReclaimed,1788967433108000000,1788967493103000000,0
FilePageCacheLockFree.totalBytesWritten,1788967433108000000,1788967493103000000,0
FilePageCacheLockFree.totalNativeBytesAllocated,1788967433108000000,1788967493103000000,0
FilePageCache.disposedBuffers,1788967433108000000,1788967493103000000,0
FilePageCacheLockFree.heapBytesInUse,1788967433108000000,1788967493103000000,0
FilePageCacheLockFree.housekeeperTimeSpentMs,1788967433108000000,1788967493103000000,0
FilePageCacheLockFree.totalPagesAllocated,1788967433108000000,1788967493103000000,0
FilePageCacheLockFree.totalHeapBytesAllocated,1788967433108000000,1788967493103000000,0
FilePageCacheLockFree.totalPagesRequestsMs,1788967433108000000,1788967493103000000,0
DirectByteBufferAllocator.reclaimed,1788967433108000000,1788967493103000000,0
FilePageCacheLockFree.totalPagesReadMs,1788967433108000000,1788967493103000000,0
FilePageCache.pageHits,1788967433108000000,1788967493103000000,0
FilePageCacheLockFree.totalPagesWritten,1788967433108000000,1788967493103000000,0
StorageLockContext.competingThreads.90P,1788967433108000000,1788967493103000000,0
FilePageCacheLockFree.housekeeperTurnsDone,1788967433108000000,1788967493103000000,0
StorageLockContext.competingThreads.max,1788967433108000000,1788967493103000000,0
StreamlinedBlobStorage.recordsDeleted,1788967433108000000,1788967493103000000,0
MappedFileStorage.totalTimeSpentOnMappingUs,1788967433108000000,1788967493103000000,9644
DirectByteBufferAllocator.totalSizeOfBuffersAllocatedInBytes,1788967433108000000,1788967493103000000,233848832
DirectByteBufferAllocator.misses,1788967433108000000,1788967493103000000,0
compiler.ArtifactVirtualFileListener.filePathChanged.ms,1788967433108000000,1788967493103000000,0
compiler.ArtifactManagerBridge.commit.ms,1788967433108000000,1788967493103000000,0
compiler.ArtifactManagerBridge.findArtifact.ms,1788967433108000000,1788967493103000000,0
compiler.ArtifactManagerBridge.getArtifacts.ms,1788967433108000000,1788967493103000000,0
compiler.ArtifactManagerBridge.dropMappings.ms,1788967433108000000,1788967493103000000,0
compiler.ArtifactManagerBridge.initBridges.ms,1788967433108000000,1788967493103000000,0
compiler.ArtifactManagerBridge.addArtifact.ms,1788967433108000000,1788967493103000000,0
compiler.ArtifactVirtualFileListener.propertyChanged.ms,1788967433108000000,1788967493103000000,0
compiler.ArtifactManagerBridge.getArtifactsByType.ms,1788967433108000000,1788967493103000000,0
AWTEventQueue.dispatchTimeTotalNS,1788967493103000000,1788967553101000000,26609000
AWTEventQueue.dispatchTimeAvgNs,1788967493103000000,1788967553101000000,0.0
FlushQueue.waitingTimeMaxNs,1788967493103000000,1788967553101000000,0
NonBlockingReadAction.finalizedExecutionTimeUs,1788967493103000000,1788967553101000000,4671
FlushQueue.queueSizeAvg,1788967493103000000,1788967553101000000,0.0
NonBlockingReadAction.failedExecutionsCount,1788967493103000000,1788967553101000000,0
ReadAction.executionsCount,1788967493103000000,1788967553101000000,26
FlushQueue.executionTimeMaxNs,1788967493103000000,1788967553101000000,0
FlushQueue.executionTimeAvgNs,1788967493103000000,1788967553101000000,0.0
FlushQueue.queueSizeMax,1788967493103000000,1788967553101000000,0
WriteAction.executionsCount,1788967493103000000,1788967553101000000,0
FlushQueue.tasksExecuted,1788967493103000000,1788967553101000000,0
FlushQueue.waitingTimeAvgNs,1788967493103000000,1788967553101000000,0.0
AWTEventQueue.dispatchTimeMaxNs,1788967493103000000,1788967553101000000,0
FlushQueue.executionTime90PNs,1788967493103000000,1788967553101000000,0
NonBlockingReadAction.failedExecutionTimeUs,1788967493103000000,1788967553101000000,0
AWTEventQueue.dispatchTime90PNs,1788967493103000000,1788967553101000000,0
FlushQueue.queueSize90P,1788967493103000000,1788967553101000000,0
FlushQueue.waitingTime90PNs,1788967493103000000,1788967553101000000,0
NonBlockingReadAction.finalizedExecutionsCount,1788967493103000000,1788967553101000000,3
AWTEventQueue.eventsDispatched,1788967493103000000,1788967553101000000,0
writeAction.wait.ms,1788967493103000000,1788967553101000000,0
writeAction.median.wait.ms,1788967493103000000,1788967553101000000,0
writeAction.max.wait.ms,1788967493103000000,1788967553101000000,11
writeAction.count,1788967493103000000,1788967553101000000,0
JVM.newThreadsCount,1788967493103000000,1788967553101000000,0
JVM.maxThreadCount,1788967493103000000,1788967553101000000,186
JVM.totalCpuTimeMs,1788967493103000000,1788967553101000000,720
OS.loadAverage,1788967493103000000,1788967553101000000,2.33544921875
JVM.GC.collectionTimesMs,1788967493103000000,1788967553101000000,0
JVM.maxHeapBytes,1788967493103000000,1788967553101000000,2147483648
JVM.GC.collections,1788967493103000000,1788967553101000000,0
JVM.threadCount,1788967493103000000,1788967553101000000,52
JVM.totalBytesAllocated,1788967493103000000,1788967553101000000,9521928
JVM.totalDirectByteBuffersBytes,1788967493103000000,1788967553101000000,234133630
JVM.usedHeapBytes,1788967493103000000,1788967553101000000,321145024
JVM.usedNativeBytes,1788967493103000000,1788967553101000000,332071280
cacheStateStorage.set.counter,1788967493103000000,1788967553101000000,0
cacheStateStorage.set.duration,1788967493103000000,1788967553101000000,0
cacheStateStorage.get.counter,1788967493103000000,1788967553101000000,0
cacheStateStorage.get.duration,1788967493103000000,1788967553101000000,0
VFS.fileByIdCache.misses,1788967493103000000,1788967553101000000,0
FileNameCache.queries,1788967493103000000,1788967553101000000,64
VFS.fileChildByName,1788967493103000000,1788967553101000000,29
FileNameCache.totalMisses,1788967493103000000,1788967553101000000,0
VFS.invertedFileNameIndex.requests,1788967493103000000,1788967553101000000,0
VFS.fileByIdCache.hits,1788967493103000000,1788967553101000000,0
workspaceModel.loading.from.cache.ms,1788967493103000000,1788967553101000000,0
workspaceModel.check.recursive.update.ms,1788967493103000000,1788967553101000000,0
workspaceModel.cachedValue.from.cache.ms,1788967493103000000,1788967553101000000,0
workspaceModel.cachedValue.clear.ms,1788967493103000000,1788967553101000000,0
workspaceModel.workspaceFileIndexData.getPackageName.ms,1788967493103000000,1788967553101000000,0
workspaceModel.replace.project.model.ms,1788967493103000000,1788967553101000000,0
workspaceModel.initializing.ms,1788967493103000000,1788967553101000000,0
workspaceModel.updates.count,1788967493103000000,1788967553101000000,0
workspaceModel.cachedValueWithParameters.clear.ms,1788967493103000000,1788967553101000000,0
workspaceModel.cachedValueWithParameters.calculated.ms,1788967493103000000,1788967553101000000,0
workspaceModel.workspaceFileIndexData.init.ms,1788967493103000000,1788967553101000000,0
workspaceModel.workspaceFileIndexData.instances.count,1788967493103000000,1788967553101000000,0
workspaceModel.pre.handlers.ms,1788967493103000000,1788967553101000000,0
workspaceModel.collect.changes.ms,1788967493103000000,1788967553101000000,0
workspaceModel.cachedValue.total.get.ms,1788967493103000000,1788967553101000000,0
workspaceModel.entityStorageSnapshotImpl.instances.count,1788967493103000000,1788967553101000000,0
workspaceModel.init.bridges.ms,1788967493103000000,1788967553101000000,0
workspaceModel.workspaceFileIndexData.processFileSets.ms,1788967493103000000,1788967553101000000,0
workspaceModel.workspaceFileIndexData.visitFileSets.ms,1788967493103000000,1788967553101000000,0
workspaceModel.workspaceFileIndexData.markDirty.ms,1788967493103000000,1788967553101000000,0
workspaceModel.to.snapshot.ms,1788967493103000000,1788967553101000000,0
workspaceModel.workspaceFileIndexData.getDirectoriesByPackageName.ms,1788967493103000000,1788967553101000000,0
workspaceModel.updates.ms,1788967493103000000,1788967553101000000,0
workspaceModel.loading.total.ms,1788967493103000000,1788967553101000000,0
workspaceModel.cachedValue.calculated.ms,1788967493103000000,1788967553101000000,0
workspaceModel.cachedValueWithParameters.from.cache.ms,1788967493103000000,1788967553101000000,0
workspaceModel.workspaceFileIndexData.updateDirtyEntities.ms,1788967493103000000,1788967553101000000,0
workspaceModel.cachedValueWithParameters.total.get.ms,1788967493103000000,1788967553101000000,0
workspaceModel.workspaceFileIndexData.onEntitiesChanged.ms,1788967493103000000,1788967553101000000,0
workspaceModel.full.replace.project.model.ms,1788967493103000000,1788967553101000000,0
workspaceModel.workspaceFileIndexContributor.registerFileSets.ms,1788967493103000000,1788967553101000000,0
workspaceModel.workspaceFileIndexData.getFileInfo.ms,1788967493103000000,1788967553101000000,0
workspaceModel.update.unloaded.entities.ms,1788967493103000000,1788967553101000000,0
workspaceModel.updates.precise.ms,1788967493103000000,1788967553101000000,0
Indexes.allKeys.lookupDurationAvgMs,1788967493103000000,1788967553101000000,0.0
Indexes.stubs.lookupDurationAvgMs,1788967493103000000,1788967553101000000,0.0
Indexes.entries.lookupDurationMaxMs,1788967493103000000,1788967553101000000,0.0
IndexesFlusher.totalFlushesRetried,1788967493103000000,1788967553101000000,0
IndexesFlusher.totalFlushes,1788967493103000000,1788967553101000000,59
Indexes.allKeys.lookups,1788967493103000000,1788967553101000000,0.0
Indexes.entries.lookupDurationAvgMs,1788967493103000000,1788967553101000000,0.0
Indexes.allKeys.lookupDurationMaxMs,1788967493103000000,1788967553101000000,0.0
Indexes.allKeys.lookupDuration90PMs,1788967493103000000,1788967553101000000,0.0
Indexes.entries.lookups,1788967493103000000,1788967553101000000,0.0
Indexes.stubs.lookupDurationMaxMs,1788967493103000000,1788967553101000000,0.0
Indexes.entries.lookupDuration90PMs,1788967493103000000,1788967553101000000,0.0
Indexes.stubs.lookupDuration90PMs,1788967493103000000,1788967553101000000,0.0
IndexesFlusher.totalFlushingTimeUs,1788967493103000000,1788967553101000000,244481
IndexesFlusher.totalContentionQuotaSpent,1788967493103000000,1788967553101000000,0
Indexes.stubs.lookups,1788967493103000000,1788967553101000000,0.0
jps.apply.loaded.storage.ms,1788967493103000000,1788967553101000000,0
jps.module.iml.entities.serializer.save.entities.ms,1788967493103000000,1788967553101000000,0
workspaceModel.mutableEntityStorage.replace.by.source.ms,1788967493103000000,1788967553101000000,0
workspaceModel.moduleBridgeLoader.loading.modules.ms,1788967493103000000,1788967553101000000,0
workspaceModel.mutableEntityStorage.referrers.ms,1788967493103000000,1788967553101000000,0
jps.global.handle.before.change.events.ms,1788967493103000000,1788967553101000000,0
workspaceModel.load.cache.from.file.ms,1788967493103000000,1788967553101000000,0
jps.library.entities.serializer.load.entities.ms,1788967493103000000,1788967553101000000,0
workspaceModel.global.apply.state.to.project.builder.ms,1788967493103000000,1788967553101000000,0
jps.global.get.library.by.name.ms,1788967493103000000,1788967553101000000,0
workspaceModel.mutableEntityStorage.modify.entity.ms,1788967493103000000,1788967553101000000,0
workspaceModel.mutableEntityStorage.resolve.ms,1788967493103000000,1788967553101000000,0
workspaceModel.moduleManagerBridge.newModule.ms,1788967493103000000,1788967553101000000,0
workspaceModel.global.updates.ms,1788967493103000000,1788967553101000000,0
workspaceModel.save.cache.to.file.ms,1788967493103000000,1788967553101000000,0
workspaceModel.mutableEntityStorage.apply.changes.from.ms,1788967493103000000,1788967553101000000,0
jps.project.serializers.save.ms,1788967493103000000,1788967553101000000,0
workspaceModel.mutableEntityStorage.entities.by.source.ms,1788967493103000000,1788967553101000000,0
workspaceModel.mutableEntityStorage.instances.count,1788967493103000000,1788967553101000000,0
jps.artifact.entities.serializer.save.entities.ms,1788967493103000000,1788967553101000000,0
jps.global.get.libraries.ms,1788967493103000000,1788967553101000000,0
jps.library.entities.serializer.save.entities.ms,1788967493103000000,1788967553101000000,0
workspaceModel.do.save.caches.ms,1788967493103000000,1788967553101000000,0
jps.facet.change.listener.before.change.events.ms,1788967493103000000,1788967553101000000,0
jps.global.handle.changed.events.ms,1788967493103000000,1788967553101000000,0
workspaceModel.mutableEntityStorage.has.same.entities.ms,1788967493103000000,1788967553101000000,0
jps.project.serializers.load.ms,1788967493103000000,1788967553101000000,0
workspaceModel.mutableEntityStorage.to.snapshot.ms,1788967493103000000,1788967553101000000,0
jps.storage.jps.conf.reader.load.component.ms,1788967493103000000,1788967553101000000,0
workspaceModel.moduleManagerBridge.new.nonPersistent.module.ms,1788967493103000000,1788967553101000000,0
workspaceModel.moduleManagerBridge.build.module.graph.ms,1788967493103000000,1788967553101000000,0
workspaceModel.mutableEntityStorage.entities.ms,1788967493103000000,1788967553101000000,0
workspaceModel.moduleBridge.before.changed.ms,1788967493103000000,1788967553101000000,0
jps.module.iml.entities.serializer.load.entities.ms,1788967493103000000,1788967553101000000,0
jps.load.initial.state.ms,1788967493103000000,1788967553101000000,0
workspaceModel.moduleManagerBridge.create.module.instance.ms,1788967493103000000,1788967553101000000,0
workspaceModel.orphan.listener.update.ms,1788967493103000000,1788967553101000000,0
jps.global.initialize.library.bridges.ms,1788967493103000000,1788967553101000000,0
jps.load.project.to.empty.storage.ms,1788967493103000000,1788967553101000000,0
workspaceModel.moduleBridge.update.option.ms,1788967493103000000,1788967553101000000,0
workspaceModel.moduleBridge.facet.initialization.ms,1788967493103000000,1788967553101000000,0
jps.save.changed.project.entities.ms,1788967493103000000,1788967553101000000,0
workspaceModel.global.apply.state.to.project.ms,1788967493103000000,1788967553101000000,0
jps.artifact.entities.serializer.load.entities.ms,1788967493103000000,1788967553101000000,0
workspaceModel.moduleManagerBridge.load.all.modules.ms,1788967493103000000,1788967553101000000,0
workspaceModel.mutableEntityStorage.mutable.vfurl.index.ms,1788967493103000000,1788967553101000000,0
jps.reload.project.entities.ms,1788967493103000000,1788967553101000000,0
workspaceModel.global.updates.count,1788967493103000000,1788967553101000000,0
workspaceModel.mutableEntityStorage.mutable.ext.mapping.ms,1788967493103000000,1788967553101000000,0
jps.global.get.library.ms,1788967493103000000,1788967553101000000,0
jps.app.storage.content.writer.save.component.ms,1788967493103000000,1788967553101000000,0
jps.facet.change.listener.init.bridge.ms,1788967493103000000,1788967553101000000,0
jps.app.storage.content.reader.load.component.ms,1788967493103000000,1788967553101000000,0
workspaceModel.mutableEntityStorage.put.entity.ms,1788967493103000000,1788967553101000000,0
jps.global.initialize.library.bridges.after.loading.ms,1788967493103000000,1788967553101000000,0
workspaceModel.mutableEntityStorage.collect.changes.ms,1788967493103000000,1788967553101000000,0
workspaceModel.mutableEntityStorage.add.entity.ms,1788967493103000000,1788967553101000000,0
workspaceModel.delayed.project.synchronizer.sync.ms,1788967493103000000,1788967553101000000,0
jps.save.global.entities.ms,1788967493103000000,1788967553101000000,0
workspaceModel.moduleManagerBridge.get.modules.ms,1788967493103000000,1788967553101000000,0
workspaceModel.moduleManagerBridge.set.unloadedModules.ms,1788967493103000000,1788967553101000000,0
workspaceModel.load.cache.metadata.from.file.ms,1788967493103000000,1788967553101000000,0
workspaceModel.mutableEntityStorage.remove.entity.ms,1788967493103000000,1788967553101000000,0
jps.facet.change.listener.process.change.events.ms,1788967493103000000,1788967553101000000,0
workspaceModel.sync.entities.ms,1788967493103000000,1788967553101000000,0
workspaceModel.moduleManagerBridge.load.module.ms,1788967493103000000,1788967553101000000,0
MappedFileStorage.totalPagesMapped,1788967493103000000,1788967553101000000,15
FilePageCache.totalPageDisposalsUs,1788967493103000000,1788967553101000000,0
FilePageCache.pageFastCacheHits,1788967493103000000,1788967553101000000,0
FilePageCacheLockFree.totalPagesHandedOver,1788967493103000000,1788967553101000000,0
StreamlinedBlobStorage.recordsRelocated,1788967493103000000,1788967553101000000,0
StreamlinedBlobStorage.totalLiveRecordsPayloadBytes,1788967493103000000,1788967553101000000,0
DirectByteBufferAllocator.disposed,1788967493103000000,1788967553101000000,0
MappedFileStorage.storages,1788967493103000000,1788967553101000000,15
DirectByteBufferAllocator.totalSizeOfBuffersCachedInBytes,1788967493103000000,1788967553101000000,0
FilePageCacheLockFree.totalNativeBytesReclaimed,1788967493103000000,1788967553101000000,0
FilePageCacheLockFree.nativeBytesInUse,1788967493103000000,1788967553101000000,0
FilePageCacheLockFree.totalPageAllocationsWaited,1788967493103000000,1788967553101000000,0
FilePageCache.maxCacheSizeInBytes,1788967493103000000,1788967553101000000,233848832
FilePageCache.capacityInBytes,1788967493103000000,1788967553101000000,503316478
FilePageCacheLockFree.totalBytesRead,1788967493103000000,1788967553101000000,0
FilePageCache.maxRegisteredFiles,1788967493103000000,1788967553101000000,555
FilePageCacheLockFree.totalHeapBytesReclaimed,1788967493103000000,1788967553101000000,0
FilePageCacheLockFree.totalBytesRequested,1788967493103000000,1788967553101000000,0
FilePageCacheLockFree.totalPagesRequested,1788967493103000000,1788967553101000000,0
FilePageCache.totalPageLoadsUs,1788967493103000000,1788967553101000000,0
FilePageCache.uncachedFileAccess,1788967493103000000,1788967553101000000,0
StorageLockContext.competingThreads.avg,1788967493103000000,1788967553101000000,0.0
FilePageCacheLockFree.housekeeperTurnsSkipped,1788967493103000000,1788967553101000000,0
MappedFileStorage.totalBytesMapped,1788967493103000000,1788967553101000000,198443008
DirectByteBufferAllocator.hits,1788967493103000000,1788967553101000000,0
StreamlinedBlobStorage.recordsAllocated,1788967493103000000,1788967553101000000,0
StreamlinedBlobStorage.totalLiveRecordsCapacityBytes,1788967493103000000,1788967553101000000,0
FilePageCache.pageLoadsAboveSizeThreshold,1788967493103000000,1788967553101000000,0
FilePageCacheLockFree.totalPagesWriteMs,1788967493103000000,1788967553101000000,0
FilePageCache.pageLoads,1788967493103000000,1788967553101000000,0
FileChannelInterruptsRetryer.totalRetriedAttempts,1788967493103000000,1788967553101000000,0
FilePageCacheLockFree.totalClosedStoragesReclaimed,1788967493103000000,1788967553101000000,0
FilePageCacheLockFree.totalPagesReclaimed,1788967493103000000,1788967553101000000,0
FilePageCacheLockFree.totalBytesWritten,1788967493103000000,1788967553101000000,0
FilePageCacheLockFree.totalNativeBytesAllocated,1788967493103000000,1788967553101000000,0
FilePageCache.disposedBuffers,1788967493103000000,1788967553101000000,0
FilePageCacheLockFree.heapBytesInUse,1788967493103000000,1788967553101000000,0
FilePageCacheLockFree.housekeeperTimeSpentMs,1788967493103000000,1788967553101000000,0
FilePageCacheLockFree.totalPagesAllocated,1788967493103000000,1788967553101000000,0
FilePageCacheLockFree.totalHeapBytesAllocated,1788967493103000000,1788967553101000000,0
FilePageCacheLockFree.totalPagesRequestsMs,1788967493103000000,1788967553101000000,0
DirectByteBufferAllocator.reclaimed,1788967493103000000,1788967553101000000,0
FilePageCacheLockFree.totalPagesReadMs,1788967493103000000,1788967553101000000,0
FilePageCache.pageHits,1788967493103000000,1788967553101000000,0
FilePageCacheLockFree.totalPagesWritten,1788967493103000000,1788967553101000000,0
StorageLockContext.competingThreads.90P,1788967493103000000,1788967553101000000,0
FilePageCacheLockFree.housekeeperTurnsDone,1788967493103000000,1788967553101000000,0
StorageLockContext.competingThreads.max,1788967493103000000,1788967553101000000,0
StreamlinedBlobStorage.recordsDeleted,1788967493103000000,1788967553101000000,0
MappedFileStorage.totalTimeSpentOnMappingUs,1788967493103000000,1788967553101000000,9644
DirectByteBufferAllocator.totalSizeOfBuffersAllocatedInBytes,1788967493103000000,1788967553101000000,233848832
DirectByteBufferAllocator.misses,1788967493103000000,1788967553101000000,0
compiler.ArtifactVirtualFileListener.filePathChanged.ms,1788967493103000000,1788967553101000000,0
compiler.ArtifactManagerBridge.commit.ms,1788967493103000000,1788967553101000000,0
compiler.ArtifactManagerBridge.findArtifact.ms,1788967493103000000,1788967553101000000,0
compiler.ArtifactManagerBridge.getArtifacts.ms,1788967493103000000,1788967553101000000,0
compiler.ArtifactManagerBridge.dropMappings.ms,1788967493103000000,1788967553101000000,0
compiler.ArtifactManagerBridge.initBridges.ms,1788967493103000000,1788967553101000000,0
compiler.ArtifactManagerBridge.addArtifact.ms,1788967493103000000,1788967553101000000,0
compiler.ArtifactVirtualFileListener.propertyChanged.ms,1788967493103000000,1788967553101000000,0
compiler.ArtifactManagerBridge.getArtifactsByType.ms,1788967493103000000,1788967553101000000,0
AWTEventQueue.dispatchTimeTotalNS,1788967553101000000,1788967613099000000,32700033
AWTEventQueue.dispatchTimeAvgNs,1788967553101000000,1788967613099000000,0.0
FlushQueue.waitingTimeMaxNs,1788967553101000000,1788967613099000000,0
NonBlockingReadAction.finalizedExecutionTimeUs,1788967553101000000,1788967613099000000,0
FlushQueue.queueSizeAvg,1788967553101000000,1788967613099000000,0.0
NonBlockingReadAction.failedExecutionsCount,1788967553101000000,1788967613099000000,0
ReadAction.executionsCount,1788967553101000000,1788967613099000000,0
FlushQueue.executionTimeMaxNs,1788967553101000000,1788967613099000000,0
FlushQueue.executionTimeAvgNs,1788967553101000000,1788967613099000000,0.0
FlushQueue.queueSizeMax,1788967553101000000,1788967613099000000,0
WriteAction.executionsCount,1788967553101000000,1788967613099000000,0
FlushQueue.tasksExecuted,1788967553101000000,1788967613099000000,0
FlushQueue.waitingTimeAvgNs,1788967553101000000,1788967613099000000,0.0
AWTEventQueue.dispatchTimeMaxNs,1788967553101000000,1788967613099000000,0
FlushQueue.executionTime90PNs,1788967553101000000,1788967613099000000,0
NonBlockingReadAction.failedExecutionTimeUs,1788967553101000000,1788967613099000000,0
AWTEventQueue.dispatchTime90PNs,1788967553101000000,1788967613099000000,0
FlushQueue.queueSize90P,1788967553101000000,1788967613099000000,0
FlushQueue.waitingTime90PNs,1788967553101000000,1788967613099000000,0
NonBlockingReadAction.finalizedExecutionsCount,1788967553101000000,1788967613099000000,0
AWTEventQueue.eventsDispatched,1788967553101000000,1788967613099000000,0
writeAction.wait.ms,1788967553101000000,1788967613099000000,0
writeAction.median.wait.ms,1788967553101000000,1788967613099000000,0
writeAction.max.wait.ms,1788967553101000000,1788967613099000000,11
writeAction.count,1788967553101000000,1788967613099000000,0
JVM.newThreadsCount,1788967553101000000,1788967613099000000,0
JVM.maxThreadCount,1788967553101000000,1788967613099000000,186
JVM.totalCpuTimeMs,1788967553101000000,1788967613099000000,718
OS.loadAverage,1788967553101000000,1788967613099000000,2.03857421875
JVM.GC.collectionTimesMs,1788967553101000000,1788967613099000000,0
JVM.maxHeapBytes,1788967553101000000,1788967613099000000,2147483648
JVM.GC.collections,1788967553101000000,1788967613099000000,0
JVM.threadCount,1788967553101000000,1788967613099000000,51
JVM.totalBytesAllocated,1788967553101000000,1788967613099000000,9015856
JVM.totalDirectByteBuffersBytes,1788967553101000000,1788967613099000000,234133630
JVM.usedHeapBytes,1788967553101000000,1788967613099000000,330582208
JVM.usedNativeBytes,1788967553101000000,1788967613099000000,332100488
cacheStateStorage.set.counter,1788967553101000000,1788967613099000000,0
cacheStateStorage.set.duration,1788967553101000000,1788967613099000000,0
cacheStateStorage.get.counter,1788967553101000000,1788967613099000000,0
cacheStateStorage.get.duration,1788967553101000000,1788967613099000000,0
VFS.fileByIdCache.misses,1788967553101000000,1788967613099000000,0
FileNameCache.queries,1788967553101000000,1788967613099000000,0
VFS.fileChildByName,1788967553101000000,1788967613099000000,0
FileNameCache.totalMisses,1788967553101000000,1788967613099000000,0
VFS.invertedFileNameIndex.requests,1788967553101000000,1788967613099000000,0
VFS.fileByIdCache.hits,1788967553101000000,1788967613099000000,0
workspaceModel.loading.from.cache.ms,1788967553101000000,1788967613099000000,0
workspaceModel.check.recursive.update.ms,1788967553101000000,1788967613099000000,0
workspaceModel.cachedValue.from.cache.ms,1788967553101000000,1788967613099000000,0
workspaceModel.cachedValue.clear.ms,1788967553101000000,1788967613099000000,0
workspaceModel.workspaceFileIndexData.getPackageName.ms,1788967553101000000,1788967613099000000,0
workspaceModel.replace.project.model.ms,1788967553101000000,1788967613099000000,0
workspaceModel.initializing.ms,1788967553101000000,1788967613099000000,0
workspaceModel.updates.count,1788967553101000000,1788967613099000000,0
workspaceModel.cachedValueWithParameters.clear.ms,1788967553101000000,1788967613099000000,0
workspaceModel.cachedValueWithParameters.calculated.ms,1788967553101000000,1788967613099000000,0
workspaceModel.workspaceFileIndexData.init.ms,1788967553101000000,1788967613099000000,0
workspaceModel.workspaceFileIndexData.instances.count,1788967553101000000,1788967613099000000,0
workspaceModel.pre.handlers.ms,1788967553101000000,1788967613099000000,0
workspaceModel.collect.changes.ms,1788967553101000000,1788967613099000000,0
workspaceModel.cachedValue.total.get.ms,1788967553101000000,1788967613099000000,0
workspaceModel.entityStorageSnapshotImpl.instances.count,1788967553101000000,1788967613099000000,0
workspaceModel.init.bridges.ms,1788967553101000000,1788967613099000000,0
workspaceModel.workspaceFileIndexData.processFileSets.ms,1788967553101000000,1788967613099000000,0
workspaceModel.workspaceFileIndexData.visitFileSets.ms,1788967553101000000,1788967613099000000,0
workspaceModel.workspaceFileIndexData.markDirty.ms,1788967553101000000,1788967613099000000,0
workspaceModel.to.snapshot.ms,1788967553101000000,1788967613099000000,0
workspaceModel.workspaceFileIndexData.getDirectoriesByPackageName.ms,1788967553101000000,1788967613099000000,0
workspaceModel.updates.ms,1788967553101000000,1788967613099000000,0
workspaceModel.loading.total.ms,1788967553101000000,1788967613099000000,0
workspaceModel.cachedValue.calculated.ms,1788967553101000000,1788967613099000000,0
workspaceModel.cachedValueWithParameters.from.cache.ms,1788967553101000000,1788967613099000000,0
workspaceModel.workspaceFileIndexData.updateDirtyEntities.ms,1788967553101000000,1788967613099000000,0
workspaceModel.cachedValueWithParameters.total.get.ms,1788967553101000000,1788967613099000000,0
workspaceModel.workspaceFileIndexData.onEntitiesChanged.ms,1788967553101000000,1788967613099000000,0
workspaceModel.full.replace.project.model.ms,1788967553101000000,1788967613099000000,0
workspaceModel.workspaceFileIndexContributor.registerFileSets.ms,1788967553101000000,1788967613099000000,0
workspaceModel.workspaceFileIndexData.getFileInfo.ms,1788967553101000000,1788967613099000000,0
workspaceModel.update.unloaded.entities.ms,1788967553101000000,1788967613099000000,0
workspaceModel.updates.precise.ms,1788967553101000000,1788967613099000000,0
Indexes.allKeys.lookupDurationAvgMs,1788967553101000000,1788967613099000000,0.0
Indexes.stubs.lookupDurationAvgMs,1788967553101000000,1788967613099000000,0.0
Indexes.entries.lookupDurationMaxMs,1788967553101000000,1788967613099000000,0.0
IndexesFlusher.totalFlushesRetried,1788967553101000000,1788967613099000000,0
IndexesFlusher.totalFlushes,1788967553101000000,1788967613099000000,59
Indexes.allKeys.lookups,1788967553101000000,1788967613099000000,0.0
Indexes.entries.lookupDurationAvgMs,1788967553101000000,1788967613099000000,0.0
Indexes.allKeys.lookupDurationMaxMs,1788967553101000000,1788967613099000000,0.0
Indexes.allKeys.lookupDuration90PMs,1788967553101000000,1788967613099000000,0.0
Indexes.entries.lookups,1788967553101000000,1788967613099000000,0.0
Indexes.stubs.lookupDurationMaxMs,1788967553101000000,1788967613099000000,0.0
Indexes.entries.lookupDuration90PMs,1788967553101000000,1788967613099000000,0.0
Indexes.stubs.lookupDuration90PMs,1788967553101000000,1788967613099000000,0.0
IndexesFlusher.totalFlushingTimeUs,1788967553101000000,1788967613099000000,238797
IndexesFlusher.totalContentionQuotaSpent,1788967553101000000,1788967613099000000,0
Indexes.stubs.lookups,1788967553101000000,1788967613099000000,0.0
jps.apply.loaded.storage.ms,1788967553101000000,1788967613099000000,0
jps.module.iml.entities.serializer.save.entities.ms,1788967553101000000,1788967613099000000,0
workspaceModel.mutableEntityStorage.replace.by.source.ms,1788967553101000000,1788967613099000000,0
workspaceModel.moduleBridgeLoader.loading.modules.ms,1788967553101000000,1788967613099000000,0
workspaceModel.mutableEntityStorage.referrers.ms,1788967553101000000,1788967613099000000,0
jps.global.handle.before.change.events.ms,1788967553101000000,1788967613099000000,0
workspaceModel.load.cache.from.file.ms,1788967553101000000,1788967613099000000,0
jps.library.entities.serializer.load.entities.ms,1788967553101000000,1788967613099000000,0
workspaceModel.global.apply.state.to.project.builder.ms,1788967553101000000,1788967613099000000,0
jps.global.get.library.by.name.ms,1788967553101000000,1788967613099000000,0
workspaceModel.mutableEntityStorage.modify.entity.ms,1788967553101000000,1788967613099000000,0
workspaceModel.mutableEntityStorage.resolve.ms,1788967553101000000,1788967613099000000,0
workspaceModel.moduleManagerBridge.newModule.ms,1788967553101000000,1788967613099000000,0
workspaceModel.global.updates.ms,1788967553101000000,1788967613099000000,0
workspaceModel.save.cache.to.file.ms,1788967553101000000,1788967613099000000,0
workspaceModel.mutableEntityStorage.apply.changes.from.ms,1788967553101000000,1788967613099000000,0
jps.project.serializers.save.ms,1788967553101000000,1788967613099000000,0
workspaceModel.mutableEntityStorage.entities.by.source.ms,1788967553101000000,1788967613099000000,0
workspaceModel.mutableEntityStorage.instances.count,1788967553101000000,1788967613099000000,0
jps.artifact.entities.serializer.save.entities.ms,1788967553101000000,1788967613099000000,0
jps.global.get.libraries.ms,1788967553101000000,1788967613099000000,0
jps.library.entities.serializer.save.entities.ms,1788967553101000000,1788967613099000000,0
workspaceModel.do.save.caches.ms,1788967553101000000,1788967613099000000,0
jps.facet.change.listener.before.change.events.ms,1788967553101000000,1788967613099000000,0
jps.global.handle.changed.events.ms,1788967553101000000,1788967613099000000,0
workspaceModel.mutableEntityStorage.has.same.entities.ms,1788967553101000000,1788967613099000000,0
jps.project.serializers.load.ms,1788967553101000000,1788967613099000000,0
workspaceModel.mutableEntityStorage.to.snapshot.ms,1788967553101000000,1788967613099000000,0
jps.storage.jps.conf.reader.load.component.ms,1788967553101000000,1788967613099000000,0
workspaceModel.moduleManagerBridge.new.nonPersistent.module.ms,1788967553101000000,1788967613099000000,0
workspaceModel.moduleManagerBridge.build.module.graph.ms,1788967553101000000,1788967613099000000,0
workspaceModel.mutableEntityStorage.entities.ms,1788967553101000000,1788967613099000000,0
workspaceModel.moduleBridge.before.changed.ms,1788967553101000000,1788967613099000000,0
jps.module.iml.entities.serializer.load.entities.ms,1788967553101000000,1788967613099000000,0
jps.load.initial.state.ms,1788967553101000000,1788967613099000000,0
workspaceModel.moduleManagerBridge.create.module.instance.ms,1788967553101000000,1788967613099000000,0
workspaceModel.orphan.listener.update.ms,1788967553101000000,1788967613099000000,0
jps.global.initialize.library.bridges.ms,1788967553101000000,1788967613099000000,0
jps.load.project.to.empty.storage.ms,1788967553101000000,1788967613099000000,0
workspaceModel.moduleBridge.update.option.ms,1788967553101000000,1788967613099000000,0
workspaceModel.moduleBridge.facet.initialization.ms,1788967553101000000,1788967613099000000,0
jps.save.changed.project.entities.ms,1788967553101000000,1788967613099000000,0
workspaceModel.global.apply.state.to.project.ms,1788967553101000000,1788967613099000000,0
jps.artifact.entities.serializer.load.entities.ms,1788967553101000000,1788967613099000000,0
workspaceModel.moduleManagerBridge.load.all.modules.ms,1788967553101000000,1788967613099000000,0
workspaceModel.mutableEntityStorage.mutable.vfurl.index.ms,1788967553101000000,1788967613099000000,0
jps.reload.project.entities.ms,1788967553101000000,1788967613099000000,0
workspaceModel.global.updates.count,1788967553101000000,1788967613099000000,0
workspaceModel.mutableEntityStorage.mutable.ext.mapping.ms,1788967553101000000,1788967613099000000,0
jps.global.get.library.ms,1788967553101000000,1788967613099000000,0
jps.app.storage.content.writer.save.component.ms,1788967553101000000,1788967613099000000,0
jps.facet.change.listener.init.bridge.ms,1788967553101000000,1788967613099000000,0
jps.app.storage.content.reader.load.component.ms,1788967553101000000,1788967613099000000,0
workspaceModel.mutableEntityStorage.put.entity.ms,1788967553101000000,1788967613099000000,0
jps.global.initialize.library.bridges.after.loading.ms,1788967553101000000,1788967613099000000,0
workspaceModel.mutableEntityStorage.collect.changes.ms,1788967553101000000,1788967613099000000,0
workspaceModel.mutableEntityStorage.add.entity.ms,1788967553101000000,1788967613099000000,0
workspaceModel.delayed.project.synchronizer.sync.ms,1788967553101000000,1788967613099000000,0
jps.save.global.entities.ms,1788967553101000000,1788967613099000000,0
workspaceModel.moduleManagerBridge.get.modules.ms,1788967553101000000,1788967613099000000,0
workspaceModel.moduleManagerBridge.set.unloadedModules.ms,1788967553101000000,1788967613099000000,0
workspaceModel.load.cache.metadata.from.file.ms,1788967553101000000,1788967613099000000,0
workspaceModel.mutableEntityStorage.remove.entity.ms,1788967553101000000,1788967613099000000,0
jps.facet.change.listener.process.change.events.ms,1788967553101000000,1788967613099000000,0
workspaceModel.sync.entities.ms,1788967553101000000,1788967613099000000,0
workspaceModel.moduleManagerBridge.load.module.ms,1788967553101000000,1788967613099000000,0
MappedFileStorage.totalPagesMapped,1788967553101000000,1788967613099000000,15
FilePageCache.totalPageDisposalsUs,1788967553101000000,1788967613099000000,0
FilePageCache.pageFastCacheHits,1788967553101000000,1788967613099000000,0
FilePageCacheLockFree.totalPagesHandedOver,1788967553101000000,1788967613099000000,0
StreamlinedBlobStorage.recordsRelocated,1788967553101000000,1788967613099000000,0
StreamlinedBlobStorage.totalLiveRecordsPayloadBytes,1788967553101000000,1788967613099000000,0
DirectByteBufferAllocator.disposed,1788967553101000000,1788967613099000000,0
MappedFileStorage.storages,1788967553101000000,1788967613099000000,15
DirectByteBufferAllocator.totalSizeOfBuffersCachedInBytes,1788967553101000000,1788967613099000000,0
FilePageCacheLockFree.totalNativeBytesReclaimed,1788967553101000000,1788967613099000000,0
FilePageCacheLockFree.nativeBytesInUse,1788967553101000000,1788967613099000000,0
FilePageCacheLockFree.totalPageAllocationsWaited,1788967553101000000,1788967613099000000,0
FilePageCache.maxCacheSizeInBytes,1788967553101000000,1788967613099000000,233848832
FilePageCache.capacityInBytes,1788967553101000000,1788967613099000000,503316478
FilePageCacheLockFree.totalBytesRead,1788967553101000000,1788967613099000000,0
FilePageCache.maxRegisteredFiles,1788967553101000000,1788967613099000000,555
FilePageCacheLockFree.totalHeapBytesReclaimed,1788967553101000000,1788967613099000000,0
FilePageCacheLockFree.totalBytesRequested,1788967553101000000,1788967613099000000,0
FilePageCacheLockFree.totalPagesRequested,1788967553101000000,1788967613099000000,0
FilePageCache.totalPageLoadsUs,1788967553101000000,1788967613099000000,0
FilePageCache.uncachedFileAccess,1788967553101000000,1788967613099000000,0
StorageLockContext.competingThreads.avg,1788967553101000000,1788967613099000000,0.0
FilePageCacheLockFree.housekeeperTurnsSkipped,1788967553101000000,1788967613099000000,0
MappedFileStorage.totalBytesMapped,1788967553101000000,1788967613099000000,198443008
DirectByteBufferAllocator.hits,1788967553101000000,1788967613099000000,0
StreamlinedBlobStorage.recordsAllocated,1788967553101000000,1788967613099000000,0
StreamlinedBlobStorage.totalLiveRecordsCapacityBytes,1788967553101000000,1788967613099000000,0
FilePageCache.pageLoadsAboveSizeThreshold,1788967553101000000,1788967613099000000,0
FilePageCacheLockFree.totalPagesWriteMs,1788967553101000000,1788967613099000000,0
FilePageCache.pageLoads,1788967553101000000,1788967613099000000,0
FileChannelInterruptsRetryer.totalRetriedAttempts,1788967553101000000,1788967613099000000,0
FilePageCacheLockFree.totalClosedStoragesReclaimed,1788967553101000000,1788967613099000000,0
FilePageCacheLockFree.totalPagesReclaimed,1788967553101000000,1788967613099000000,0
FilePageCacheLockFree.totalBytesWritten,1788967553101000000,1788967613099000000,0
FilePageCacheLockFree.totalNativeBytesAllocated,1788967553101000000,1788967613099000000,0
FilePageCache.disposedBuffers,1788967553101000000,1788967613099000000,0
FilePageCacheLockFree.heapBytesInUse,1788967553101000000,1788967613099000000,0
FilePageCacheLockFree.housekeeperTimeSpentMs,1788967553101000000,1788967613099000000,0
FilePageCacheLockFree.totalPagesAllocated,1788967553101000000,1788967613099000000,0
FilePageCacheLockFree.totalHeapBytesAllocated,1788967553101000000,1788967613099000000,0
FilePageCacheLockFree.totalPagesRequestsMs,1788967553101000000,1788967613099000000,0
DirectByteBufferAllocator.reclaimed,1788967553101000000,1788967613099000000,0
FilePageCacheLockFree.totalPagesReadMs,1788967553101000000,1788967613099000000,0
FilePageCache.pageHits,1788967553101000000,1788967613099000000,0
FilePageCacheLockFree.totalPagesWritten,1788967553101000000,1788967613099000000,0
StorageLockContext.competingThreads.90P,1788967553101000000,1788967613099000000,0
FilePageCacheLockFree.housekeeperTurnsDone,1788967553101000000,1788967613099000000,0
StorageLockContext.competingThreads.max,1788967553101000000,1788967613099000000,0
StreamlinedBlobStorage.recordsDeleted,1788967553101000000,1788967613099000000,0
MappedFileStorage.totalTimeSpentOnMappingUs,1788967553101000000,1788967613099000000,9644
DirectByteBufferAllocator.totalSizeOfBuffersAllocatedInBytes,1788967553101000000,1788967613099000000,233848832
DirectByteBufferAllocator.misses,1788967553101000000,1788967613099000000,0
compiler.ArtifactVirtualFileListener.filePathChanged.ms,1788967553101000000,1788967613099000000,0
compiler.ArtifactManagerBridge.commit.ms,1788967553101000000,1788967613099000000,0
compiler.ArtifactManagerBridge.findArtifact.ms,1788967553101000000,1788967613099000000,0
compiler.ArtifactManagerBridge.getArtifacts.ms,1788967553101000000,1788967613099000000,0
compiler.ArtifactManagerBridge.dropMappings.ms,1788967553101000000,1788967613099000000,0
compiler.ArtifactManagerBridge.initBridges.ms,1788967553101000000,1788967613099000000,0
compiler.ArtifactManagerBridge.addArtifact.ms,1788967553101000000,1788967613099000000,0
compiler.ArtifactVirtualFileListener.propertyChanged.ms,1788967553101000000,1788967613099000000,0
compiler.ArtifactManagerBridge.getArtifactsByType.ms,1788967553101000000,1788967613099000000,0
AWTEventQueue.dispatchTimeTotalNS,1788967613099000000,1788967673173000000,37923701
AWTEventQueue.dispatchTimeAvgNs,1788967613099000000,1788967673173000000,0.0
FlushQueue.waitingTimeMaxNs,1788967613099000000,1788967673173000000,0
NonBlockingReadAction.finalizedExecutionTimeUs,1788967613099000000,1788967673173000000,0
FlushQueue.queueSizeAvg,1788967613099000000,1788967673173000000,0.0
NonBlockingReadAction.failedExecutionsCount,1788967613099000000,1788967673173000000,0
ReadAction.executionsCount,1788967613099000000,1788967673173000000,132
FlushQueue.executionTimeMaxNs,1788967613099000000,1788967673173000000,0
FlushQueue.executionTimeAvgNs,1788967613099000000,1788967673173000000,0.0
FlushQueue.queueSizeMax,1788967613099000000,1788967673173000000,0
WriteAction.executionsCount,1788967613099000000,1788967673173000000,0
FlushQueue.tasksExecuted,1788967613099000000,1788967673173000000,0
FlushQueue.waitingTimeAvgNs,1788967613099000000,1788967673173000000,0.0
AWTEventQueue.dispatchTimeMaxNs,1788967613099000000,1788967673173000000,0
FlushQueue.executionTime90PNs,1788967613099000000,1788967673173000000,0
NonBlockingReadAction.failedExecutionTimeUs,1788967613099000000,1788967673173000000,0
AWTEventQueue.dispatchTime90PNs,1788967613099000000,1788967673173000000,0
FlushQueue.queueSize90P,1788967613099000000,1788967673173000000,0
FlushQueue.waitingTime90PNs,1788967613099000000,1788967673173000000,0
NonBlockingReadAction.finalizedExecutionsCount,1788967613099000000,1788967673173000000,0
AWTEventQueue.eventsDispatched,1788967613099000000,1788967673173000000,0
writeAction.wait.ms,1788967613099000000,1788967673173000000,0
writeAction.median.wait.ms,1788967613099000000,1788967673173000000,0
writeAction.max.wait.ms,1788967613099000000,1788967673173000000,11
writeAction.count,1788967613099000000,1788967673173000000,0
JVM.newThreadsCount,1788967613099000000,1788967673173000000,6
JVM.maxThreadCount,1788967613099000000,1788967673173000000,186
JVM.totalCpuTimeMs,1788967613099000000,1788967673173000000,851
OS.loadAverage,1788967613099000000,1788967673173000000,1.88330078125
JVM.GC.collectionTimesMs,1788967613099000000,1788967673173000000,0
JVM.maxHeapBytes,1788967613099000000,1788967673173000000,2147483648
JVM.GC.collections,1788967613099000000,1788967673173000000,0
JVM.threadCount,1788967613099000000,1788967673173000000,56
JVM.totalBytesAllocated,1788967613099000000,1788967673173000000,9876576
JVM.totalDirectByteBuffersBytes,1788967613099000000,1788967673173000000,234133630
JVM.usedHeapBytes,1788967613099000000,1788967673173000000,341067968
JVM.usedNativeBytes,1788967613099000000,1788967673173000000,332305680
cacheStateStorage.set.counter,1788967613099000000,1788967673173000000,0
cacheStateStorage.set.duration,1788967613099000000,1788967673173000000,0
cacheStateStorage.get.counter,1788967613099000000,1788967673173000000,0
cacheStateStorage.get.duration,1788967613099000000,1788967673173000000,0
VFS.fileByIdCache.misses,1788967613099000000,1788967673173000000,0
FileNameCache.queries,1788967613099000000,1788967673173000000,768
VFS.fileChildByName,1788967613099000000,1788967673173000000,0
FileNameCache.totalMisses,1788967613099000000,1788967673173000000,0
VFS.invertedFileNameIndex.requests,1788967613099000000,1788967673173000000,0
VFS.fileByIdCache.hits,1788967613099000000,1788967673173000000,0
workspaceModel.loading.from.cache.ms,1788967613099000000,1788967673173000000,0
workspaceModel.check.recursive.update.ms,1788967613099000000,1788967673173000000,0
workspaceModel.cachedValue.from.cache.ms,1788967613099000000,1788967673173000000,0
workspaceModel.cachedValue.clear.ms,1788967613099000000,1788967673173000000,0
workspaceModel.workspaceFileIndexData.getPackageName.ms,1788967613099000000,1788967673173000000,0
workspaceModel.replace.project.model.ms,1788967613099000000,1788967673173000000,0
workspaceModel.initializing.ms,1788967613099000000,1788967673173000000,0
workspaceModel.updates.count,1788967613099000000,1788967673173000000,0
workspaceModel.cachedValueWithParameters.clear.ms,1788967613099000000,1788967673173000000,0
workspaceModel.cachedValueWithParameters.calculated.ms,1788967613099000000,1788967673173000000,0
workspaceModel.workspaceFileIndexData.init.ms,1788967613099000000,1788967673173000000,0
workspaceModel.workspaceFileIndexData.instances.count,1788967613099000000,1788967673173000000,0
workspaceModel.pre.handlers.ms,1788967613099000000,1788967673173000000,0
workspaceModel.collect.changes.ms,1788967613099000000,1788967673173000000,0
workspaceModel.cachedValue.total.get.ms,1788967613099000000,1788967673173000000,0
workspaceModel.entityStorageSnapshotImpl.instances.count,1788967613099000000,1788967673173000000,0
workspaceModel.init.bridges.ms,1788967613099000000,1788967673173000000,0
workspaceModel.workspaceFileIndexData.processFileSets.ms,1788967613099000000,1788967673173000000,0
workspaceModel.workspaceFileIndexData.visitFileSets.ms,1788967613099000000,1788967673173000000,0
workspaceModel.workspaceFileIndexData.markDirty.ms,1788967613099000000,1788967673173000000,0
workspaceModel.to.snapshot.ms,1788967613099000000,1788967673173000000,0
workspaceModel.workspaceFileIndexData.getDirectoriesByPackageName.ms,1788967613099000000,1788967673173000000,0
workspaceModel.updates.ms,1788967613099000000,1788967673173000000,0
workspaceModel.loading.total.ms,1788967613099000000,1788967673173000000,0
workspaceModel.cachedValue.calculated.ms,1788967613099000000,1788967673173000000,0
workspaceModel.cachedValueWithParameters.from.cache.ms,1788967613099000000,1788967673173000000,0
workspaceModel.workspaceFileIndexData.updateDirtyEntities.ms,1788967613099000000,1788967673173000000,0
workspaceModel.cachedValueWithParameters.total.get.ms,1788967613099000000,1788967673173000000,0
workspaceModel.workspaceFileIndexData.onEntitiesChanged.ms,1788967613099000000,1788967673173000000,0
workspaceModel.full.replace.project.model.ms,1788967613099000000,1788967673173000000,0
workspaceModel.workspaceFileIndexContributor.registerFileSets.ms,1788967613099000000,1788967673173000000,0
workspaceModel.workspaceFileIndexData.getFileInfo.ms,1788967613099000000,1788967673173000000,0
workspaceModel.update.unloaded.entities.ms,1788967613099000000,1788967673173000000,0
workspaceModel.updates.precise.ms,1788967613099000000,1788967673173000000,0
Indexes.allKeys.lookupDurationAvgMs,1788967613099000000,1788967673173000000,0.0
Indexes.stubs.lookupDurationAvgMs,1788967613099000000,1788967673173000000,0.0
Indexes.entries.lookupDurationMaxMs,1788967613099000000,1788967673173000000,0.0
IndexesFlusher.totalFlushesRetried,1788967613099000000,1788967673173000000,0
IndexesFlusher.totalFlushes,1788967613099000000,1788967673173000000,59
Indexes.allKeys.lookups,1788967613099000000,1788967673173000000,0.0
Indexes.entries.lookupDurationAvgMs,1788967613099000000,1788967673173000000,0.0
Indexes.allKeys.lookupDurationMaxMs,1788967613099000000,1788967673173000000,0.0
Indexes.allKeys.lookupDuration90PMs,1788967613099000000,1788967673173000000,0.0
Indexes.entries.lookups,1788967613099000000,1788967673173000000,0.0
Indexes.stubs.lookupDurationMaxMs,1788967613099000000,1788967673173000000,0.0
Indexes.entries.lookupDuration90PMs,1788967613099000000,1788967673173000000,0.0
Indexes.stubs.lookupDuration90PMs,1788967613099000000,1788967673173000000,0.0
IndexesFlusher.totalFlushingTimeUs,1788967613099000000,1788967673173000000,259509
IndexesFlusher.totalContentionQuotaSpent,1788967613099000000,1788967673173000000,0
Indexes.stubs.lookups,1788967613099000000,1788967673173000000,0.0
jps.apply.loaded.storage.ms,1788967613099000000,1788967673173000000,0
jps.module.iml.entities.serializer.save.entities.ms,1788967613099000000,1788967673173000000,0
workspaceModel.mutableEntityStorage.replace.by.source.ms,1788967613099000000,1788967673173000000,0
workspaceModel.moduleBridgeLoader.loading.modules.ms,1788967613099000000,1788967673173000000,0
workspaceModel.mutableEntityStorage.referrers.ms,1788967613099000000,1788967673173000000,0
jps.global.handle.before.change.events.ms,1788967613099000000,1788967673173000000,0
workspaceModel.load.cache.from.file.ms,1788967613099000000,1788967673173000000,0
jps.library.entities.serializer.load.entities.ms,1788967613099000000,1788967673173000000,0
workspaceModel.global.apply.state.to.project.builder.ms,1788967613099000000,1788967673173000000,0
jps.global.get.library.by.name.ms,1788967613099000000,1788967673173000000,0
workspaceModel.mutableEntityStorage.modify.entity.ms,1788967613099000000,1788967673173000000,0
workspaceModel.mutableEntityStorage.resolve.ms,1788967613099000000,1788967673173000000,0
workspaceModel.moduleManagerBridge.newModule.ms,1788967613099000000,1788967673173000000,0
workspaceModel.global.updates.ms,1788967613099000000,1788967673173000000,0
workspaceModel.save.cache.to.file.ms,1788967613099000000,1788967673173000000,0
workspaceModel.mutableEntityStorage.apply.changes.from.ms,1788967613099000000,1788967673173000000,0
jps.project.serializers.save.ms,1788967613099000000,1788967673173000000,0
workspaceModel.mutableEntityStorage.entities.by.source.ms,1788967613099000000,1788967673173000000,0
workspaceModel.mutableEntityStorage.instances.count,1788967613099000000,1788967673173000000,0
jps.artifact.entities.serializer.save.entities.ms,1788967613099000000,1788967673173000000,0
jps.global.get.libraries.ms,1788967613099000000,1788967673173000000,0
jps.library.entities.serializer.save.entities.ms,1788967613099000000,1788967673173000000,0
workspaceModel.do.save.caches.ms,1788967613099000000,1788967673173000000,0
jps.facet.change.listener.before.change.events.ms,1788967613099000000,1788967673173000000,0
jps.global.handle.changed.events.ms,1788967613099000000,1788967673173000000,0
workspaceModel.mutableEntityStorage.has.same.entities.ms,1788967613099000000,1788967673173000000,0
jps.project.serializers.load.ms,1788967613099000000,1788967673173000000,0
workspaceModel.mutableEntityStorage.to.snapshot.ms,1788967613099000000,1788967673173000000,0
jps.storage.jps.conf.reader.load.component.ms,1788967613099000000,1788967673173000000,0
workspaceModel.moduleManagerBridge.new.nonPersistent.module.ms,1788967613099000000,1788967673173000000,0
workspaceModel.moduleManagerBridge.build.module.graph.ms,1788967613099000000,1788967673173000000,0
workspaceModel.mutableEntityStorage.entities.ms,1788967613099000000,1788967673173000000,0
workspaceModel.moduleBridge.before.changed.ms,1788967613099000000,1788967673173000000,0
jps.module.iml.entities.serializer.load.entities.ms,1788967613099000000,1788967673173000000,0
jps.load.initial.state.ms,1788967613099000000,1788967673173000000,0
workspaceModel.moduleManagerBridge.create.module.instance.ms,1788967613099000000,1788967673173000000,0
workspaceModel.orphan.listener.update.ms,1788967613099000000,1788967673173000000,0
jps.global.initialize.library.bridges.ms,1788967613099000000,1788967673173000000,0
jps.load.project.to.empty.storage.ms,1788967613099000000,1788967673173000000,0
workspaceModel.moduleBridge.update.option.ms,1788967613099000000,1788967673173000000,0
workspaceModel.moduleBridge.facet.initialization.ms,1788967613099000000,1788967673173000000,0
jps.save.changed.project.entities.ms,1788967613099000000,1788967673173000000,0
workspaceModel.global.apply.state.to.project.ms,1788967613099000000,1788967673173000000,0
jps.artifact.entities.serializer.load.entities.ms,1788967613099000000,1788967673173000000,0
workspaceModel.moduleManagerBridge.load.all.modules.ms,1788967613099000000,1788967673173000000,0
workspaceModel.mutableEntityStorage.mutable.vfurl.index.ms,1788967613099000000,1788967673173000000,0
jps.reload.project.entities.ms,1788967613099000000,1788967673173000000,0
workspaceModel.global.updates.count,1788967613099000000,1788967673173000000,0
workspaceModel.mutableEntityStorage.mutable.ext.mapping.ms,1788967613099000000,1788967673173000000,0
jps.global.get.library.ms,1788967613099000000,1788967673173000000,0
jps.app.storage.content.writer.save.component.ms,1788967613099000000,1788967673173000000,0
jps.facet.change.listener.init.bridge.ms,1788967613099000000,1788967673173000000,0
jps.app.storage.content.reader.load.component.ms,1788967613099000000,1788967673173000000,0
workspaceModel.mutableEntityStorage.put.entity.ms,1788967613099000000,1788967673173000000,0
jps.global.initialize.library.bridges.after.loading.ms,1788967613099000000,1788967673173000000,0
workspaceModel.mutableEntityStorage.collect.changes.ms,1788967613099000000,1788967673173000000,0
workspaceModel.mutableEntityStorage.add.entity.ms,1788967613099000000,1788967673173000000,0
workspaceModel.delayed.project.synchronizer.sync.ms,1788967613099000000,1788967673173000000,0
jps.save.global.entities.ms,1788967613099000000,1788967673173000000,0
workspaceModel.moduleManagerBridge.get.modules.ms,1788967613099000000,1788967673173000000,0
workspaceModel.moduleManagerBridge.set.unloadedModules.ms,1788967613099000000,1788967673173000000,0
workspaceModel.load.cache.metadata.from.file.ms,1788967613099000000,1788967673173000000,0
workspaceModel.mutableEntityStorage.remove.entity.ms,1788967613099000000,1788967673173000000,0
jps.facet.change.listener.process.change.events.ms,1788967613099000000,1788967673173000000,0
workspaceModel.sync.entities.ms,1788967613099000000,1788967673173000000,0
workspaceModel.moduleManagerBridge.load.module.ms,1788967613099000000,1788967673173000000,0
MappedFileStorage.totalPagesMapped,1788967613099000000,1788967673173000000,15
FilePageCache.totalPageDisposalsUs,1788967613099000000,1788967673173000000,0
FilePageCache.pageFastCacheHits,1788967613099000000,1788967673173000000,0
FilePageCacheLockFree.totalPagesHandedOver,1788967613099000000,1788967673173000000,0
StreamlinedBlobStorage.recordsRelocated,1788967613099000000,1788967673173000000,0
StreamlinedBlobStorage.totalLiveRecordsPayloadBytes,1788967613099000000,1788967673173000000,0
DirectByteBufferAllocator.disposed,1788967613099000000,1788967673173000000,0
MappedFileStorage.storages,1788967613099000000,1788967673173000000,15
DirectByteBufferAllocator.totalSizeOfBuffersCachedInBytes,1788967613099000000,1788967673173000000,0
FilePageCacheLockFree.totalNativeBytesReclaimed,1788967613099000000,1788967673173000000,0
FilePageCacheLockFree.nativeBytesInUse,1788967613099000000,1788967673173000000,0
FilePageCacheLockFree.totalPageAllocationsWaited,1788967613099000000,1788967673173000000,0
FilePageCache.maxCacheSizeInBytes,1788967613099000000,1788967673173000000,233848832
FilePageCache.capacityInBytes,1788967613099000000,1788967673173000000,503316478
FilePageCacheLockFree.totalBytesRead,1788967613099000000,1788967673173000000,0
FilePageCache.maxRegisteredFiles,1788967613099000000,1788967673173000000,555
FilePageCacheLockFree.totalHeapBytesReclaimed,1788967613099000000,1788967673173000000,0
FilePageCacheLockFree.totalBytesRequested,1788967613099000000,1788967673173000000,0
FilePageCacheLockFree.totalPagesRequested,1788967613099000000,1788967673173000000,0
FilePageCache.totalPageLoadsUs,1788967613099000000,1788967673173000000,0
FilePageCache.uncachedFileAccess,1788967613099000000,1788967673173000000,0
StorageLockContext.competingThreads.avg,1788967613099000000,1788967673173000000,0.0
FilePageCacheLockFree.housekeeperTurnsSkipped,1788967613099000000,1788967673173000000,0
MappedFileStorage.totalBytesMapped,1788967613099000000,1788967673173000000,198443008
DirectByteBufferAllocator.hits,1788967613099000000,1788967673173000000,0
StreamlinedBlobStorage.recordsAllocated,1788967613099000000,1788967673173000000,0
StreamlinedBlobStorage.totalLiveRecordsCapacityBytes,1788967613099000000,1788967673173000000,0
FilePageCache.pageLoadsAboveSizeThreshold,1788967613099000000,1788967673173000000,0
FilePageCacheLockFree.totalPagesWriteMs,1788967613099000000,1788967673173000000,0
FilePageCache.pageLoads,1788967613099000000,1788967673173000000,0
FileChannelInterruptsRetryer.totalRetriedAttempts,1788967613099000000,1788967673173000000,0
FilePageCacheLockFree.totalClosedStoragesReclaimed,1788967613099000000,1788967673173000000,0
FilePageCacheLockFree.totalPagesReclaimed,1788967613099000000,1788967673173000000,0
FilePageCacheLockFree.totalBytesWritten,1788967613099000000,1788967673173000000,0
FilePageCacheLockFree.totalNativeBytesAllocated,1788967613099000000,1788967673173000000,0
FilePageCache.disposedBuffers,1788967613099000000,1788967673173000000,0
FilePageCacheLockFree.heapBytesInUse,1788967613099000000,1788967673173000000,0
FilePageCacheLockFree.housekeeperTimeSpentMs,1788967613099000000,1788967673173000000,0
FilePageCacheLockFree.totalPagesAllocated,1788967613099000000,1788967673173000000,0
FilePageCacheLockFree.totalHeapBytesAllocated,1788967613099000000,1788967673173000000,0
FilePageCacheLockFree.totalPagesRequestsMs,1788967613099000000,1788967673173000000,0
DirectByteBufferAllocator.reclaimed,1788967613099000000,1788967673173000000,0
FilePageCacheLockFree.totalPagesReadMs,1788967613099000000,1788967673173000000,0
FilePageCache.pageHits,1788967613099000000,1788967673173000000,0
FilePageCacheLockFree.totalPagesWritten,1788967613099000000,1788967673173000000,0
StorageLockContext.competingThreads.90P,1788967613099000000,1788967673173000000,0
FilePageCacheLockFree.housekeeperTurnsDone,1788967613099000000,1788967673173000000,0
StorageLockContext.competingThreads.max,1788967613099000000,1788967673173000000,0
StreamlinedBlobStorage.recordsDeleted,1788967613099000000,1788967673173000000,0
MappedFileStorage.totalTimeSpentOnMappingUs,1788967613099000000,1788967673173000000,9644
DirectByteBufferAllocator.totalSizeOfBuffersAllocatedInBytes,1788967613099000000,1788967673173000000,233848832
DirectByteBufferAllocator.misses,1788967613099000000,1788967673173000000,0
compiler.ArtifactVirtualFileListener.filePathChanged.ms,1788967613099000000,1788967673173000000,0
compiler.ArtifactManagerBridge.commit.ms,1788967613099000000,1788967673173000000,0
compiler.ArtifactManagerBridge.findArtifact.ms,1788967613099000000,1788967673173000000,0
compiler.ArtifactManagerBridge.getArtifacts.ms,1788967613099000000,1788967673173000000,0
compiler.ArtifactManagerBridge.dropMappings.ms,1788967613099000000,1788967673173000000,0
compiler.ArtifactManagerBridge.initBridges.ms,1788967613099000000,1788967673173000000,0
compiler.ArtifactManagerBridge.addArtifact.ms,1788967613099000000,1788967673173000000,0
compiler.ArtifactVirtualFileListener.propertyChanged.ms,1788967613099000000,1788967673173000000,0
compiler.ArtifactManagerBridge.getArtifactsByType.ms,1788967613099000000,1788967673173000000,0
